#pragma once
#include "../WideFont.h"

const uint8_t GoogleSansFlex_SemiBoldSettingsTabBitmaps[] PROGMEM = {
  0x00, 0x7F, 0x3F, 0x9F, 0xCF, 0xE7, 0xF3, 0xF9, 0xFC, 0xFE, 0x7F, 0x1F,
  0x8F, 0xC7, 0xE3, 0xF1, 0xF8, 0xF8, 0x7C, 0x3E, 0x1F, 0x0F, 0x87, 0xC3,
  0xE1, 0xF0, 0xF8, 0x7C, 0x00, 0x00, 0x00, 0x00, 0x03, 0xE3, 0xF9, 0xFF,
  0xFF, 0xFF, 0xBF, 0x8F, 0xC1, 0x00, 0xF8, 0xFF, 0xC7, 0xFE, 0x3F, 0xF1,
  0xFF, 0x8F, 0xFC, 0x7F, 0xE3, 0xFF, 0x1F, 0xF8, 0xFF, 0xC7, 0xFE, 0x3F,
  0xF1, 0xFF, 0x8F, 0x80, 0x00, 0x3E, 0x07, 0xC0, 0x00, 0xF8, 0x3E, 0x00,
  0x03, 0xE0, 0xF8, 0x00, 0x1F, 0x03, 0xE0, 0x00, 0x7C, 0x0F, 0x80, 0x01,
  0xF0, 0x3E, 0x00, 0x07, 0xC0, 0xF8, 0x00, 0x1F, 0x03, 0xE0, 0x00, 0x7C,
  0x1F, 0x00, 0x01, 0xF0, 0x7C, 0x03, 0xFF, 0xFF, 0xFF, 0xCF, 0xFF, 0xFF,
  0xFF, 0x3F, 0xFF, 0xFF, 0xFC, 0xFF, 0xFF, 0xFF, 0xF0, 0x0F, 0x81, 0xF0,
  0x00, 0x3E, 0x0F, 0x80, 0x00, 0xF8, 0x3E, 0x00, 0x07, 0xC0, 0xF8, 0x00,
  0x1F, 0x03, 0xE0, 0x00, 0x7C, 0x0F, 0x80, 0x01, 0xF0, 0x3E, 0x01, 0xFF,
  0xFF, 0xFF, 0xE7, 0xFF, 0xFF, 0xFF, 0x9F, 0xFF, 0xFF, 0xFE, 0xFF, 0xFF,
  0xFF, 0xF3, 0xFF, 0xFF, 0xFF, 0xC0, 0x3E, 0x07, 0xC0, 0x00, 0xF8, 0x1F,
  0x00, 0x03, 0xE0, 0xF8, 0x00, 0x0F, 0x83, 0xE0, 0x00, 0x3E, 0x0F, 0x80,
  0x01, 0xF0, 0x3E, 0x00, 0x07, 0xC0, 0xF8, 0x00, 0x1F, 0x03, 0xE0, 0x00,
  0x7C, 0x0F, 0x80, 0x00, 0x00, 0x0F, 0x00, 0x00, 0x03, 0xC0, 0x00, 0x00,
  0xF0, 0x00, 0x00, 0x3C, 0x00, 0x00, 0x7F, 0xC0, 0x00, 0xFF, 0xFC, 0x00,
  0x7F, 0xFF, 0xC0, 0x3F, 0xFF, 0xF8, 0x1F, 0xFF, 0xFF, 0x0F, 0xFB, 0xFF,
  0xE3, 0xF8, 0xF3, 0xF0, 0xFC, 0x3C, 0x78, 0x3F, 0x0F, 0x08, 0x0F, 0xC3,
  0xC0, 0x03, 0xF0, 0xF0, 0x00, 0xFE, 0x3C, 0x00, 0x3F, 0xCF, 0x00, 0x07,
  0xFF, 0xC0, 0x01, 0xFF, 0xF0, 0x00, 0x3F, 0xFF, 0x00, 0x07, 0xFF, 0xF0,
  0x00, 0x7F, 0xFF, 0x00, 0x07, 0xFF, 0xE0, 0x00, 0x3F, 0xFC, 0x00, 0x0F,
  0xFF, 0x80, 0x03, 0xDF, 0xE0, 0x00, 0xF3, 0xF8, 0x00, 0x3C, 0x7F, 0x0C,
  0x0F, 0x1F, 0xCF, 0x03, 0xC7, 0xFF, 0xE0, 0xF1, 0xFD, 0xFC, 0x3C, 0x7E,
  0x7F, 0x8F, 0x3F, 0x8F, 0xFF, 0xFF, 0xE1, 0xFF, 0xFF, 0xF0, 0x3F, 0xFF,
  0xF8, 0x07, 0xFF, 0xFC, 0x00, 0xFF, 0xFC, 0x00, 0x07, 0xFC, 0x00, 0x00,
  0x3C, 0x00, 0x00, 0x0F, 0x00, 0x00, 0x03, 0xC0, 0x00, 0x00, 0xF0, 0x00,
  0x01, 0xC0, 0x00, 0x06, 0x00, 0x0F, 0xF8, 0x00, 0x07, 0x00, 0x1F, 0xFC,
  0x00, 0x0F, 0x80, 0x3F, 0xFE, 0x00, 0x1F, 0x80, 0x7F, 0xFF, 0x00, 0x1F,
  0x00, 0x7C, 0x1F, 0x80, 0x3E, 0x00, 0xF8, 0x0F, 0x80, 0x7E, 0x00, 0xF8,
  0x07, 0x80, 0x7C, 0x00, 0xF8, 0x07, 0x80, 0xF8, 0x00, 0xF8, 0x07, 0xC1,
  0xF8, 0x00, 0xF8, 0x07, 0x81, 0xF0, 0x00, 0xF8, 0x0F, 0x83, 0xE0, 0x00,
  0x7C, 0x1F, 0x87, 0xE0, 0x00, 0x7F, 0xFF, 0x07, 0xC0, 0x00, 0x3F, 0xFF,
  0x0F, 0x80, 0x00, 0x1F, 0xFE, 0x1F, 0x80, 0x00, 0x0F, 0xF8, 0x1F, 0x00,
  0x00, 0x03, 0xE0, 0x3E, 0x00, 0x00, 0x00, 0x00, 0x7E, 0x00, 0x00, 0x00,
  0x00, 0xFC, 0x07, 0x80, 0x00, 0x00, 0xF8, 0x1F, 0xE0, 0x00, 0x01, 0xF8,
  0x7F, 0xF8, 0x00, 0x03, 0xF0, 0xFF, 0xFC, 0x00, 0x03, 0xE0, 0xFF, 0xFE,
  0x00, 0x07, 0xE1, 0xF8, 0x7E, 0x00, 0x0F, 0xC1, 0xF0, 0x3F, 0x00, 0x0F,
  0x83, 0xE0, 0x1F, 0x00, 0x1F, 0x83, 0xE0, 0x1F, 0x00, 0x3F, 0x03, 0xE0,
  0x1F, 0x00, 0x3E, 0x03, 0xE0, 0x1F, 0x00, 0x7E, 0x01, 0xF0, 0x1F, 0x00,
  0xFC, 0x01, 0xF8, 0x3E, 0x00, 0xF8, 0x01, 0xFF, 0xFE, 0x01, 0xF0, 0x00,
  0xFF, 0xFC, 0x03, 0xF0, 0x00, 0x7F, 0xF8, 0x00, 0xE0, 0x00, 0x3F, 0xF0,
  0x00, 0x40, 0x00, 0x07, 0x80, 0x00, 0x1F, 0x80, 0x00, 0x01, 0xFF, 0xC0,
  0x00, 0x07, 0xFF, 0xC0, 0x00, 0x1F, 0xFF, 0xC0, 0x00, 0x7F, 0xFF, 0xC0,
  0x00, 0xFF, 0x3F, 0xC0, 0x01, 0xFC, 0x3F, 0x80, 0x07, 0xF0, 0x3C, 0x00,
  0x0F, 0xE0, 0x20, 0x00, 0x0F, 0xC0, 0x00, 0x00, 0x1F, 0xC0, 0x00, 0x00,
  0x3F, 0x80, 0x00, 0x00, 0x3F, 0x80, 0x00, 0x00, 0x7F, 0x80, 0x00, 0x00,
  0xFF, 0x80, 0x00, 0x03, 0xFF, 0x80, 0x00, 0x0F, 0xFF, 0x00, 0x00, 0x3F,
  0xFF, 0x00, 0x00, 0xFF, 0xFF, 0x00, 0x01, 0xFC, 0xFF, 0x00, 0x07, 0xF0,
  0xFF, 0x04, 0x0F, 0xE0, 0xFE, 0x0E, 0x3F, 0x80, 0xFE, 0x1F, 0xFF, 0x01,
  0xFE, 0x7E, 0xFE, 0x01, 0xFE, 0xFD, 0xFC, 0x01, 0xFF, 0xF3, 0xF8, 0x01,
  0xFF, 0xE7, 0xF0, 0x01, 0xFF, 0x87, 0xF0, 0x03, 0xFF, 0x0F, 0xF0, 0x03,
  0xFC, 0x1F, 0xF0, 0x0F, 0xFC, 0x1F, 0xFF, 0xFF, 0xFC, 0x1F, 0xFF, 0xFF,
  0xF8, 0x1F, 0xFF, 0xFF, 0xF8, 0x1F, 0xFF, 0xF7, 0xE0, 0x0F, 0xFF, 0x87,
  0x00, 0x03, 0xF8, 0x04, 0x00, 0xFF, 0xFF, 0xFF, 0xFF, 0xFF, 0xFF, 0xFF,
  0xFF, 0xFF, 0xFC, 0x00, 0x40, 0x03, 0x80, 0x0F, 0x80, 0x7F, 0x03, 0xFC,
  0x0F, 0xE0, 0x7F, 0x01, 0xFC, 0x0F, 0xE0, 0x3F, 0x81, 0xFC, 0x07, 0xF0,
  0x3F, 0x80, 0xFE, 0x03, 0xF0, 0x1F, 0xC0, 0x7F, 0x01, 0xFC, 0x07, 0xE0,
  0x1F, 0x80, 0x7E, 0x03, 0xF8, 0x0F, 0xE0, 0x3F, 0x80, 0xFE, 0x01, 0xF8,
  0x07, 0xE0, 0x1F, 0x80, 0x7E, 0x01, 0xF8, 0x07, 0xF0, 0x1F, 0xC0, 0x3F,
  0x00, 0xFE, 0x03, 0xF8, 0x07, 0xE0, 0x1F, 0xC0, 0x7F, 0x00, 0xFE, 0x03,
  0xFC, 0x07, 0xF0, 0x0F, 0xE0, 0x3F, 0x80, 0x7F, 0x01, 0xF8, 0x03, 0x80,
  0x04, 0x00, 0x04, 0x00, 0x70, 0x03, 0xE0, 0x3F, 0x80, 0x7F, 0x01, 0xFE,
  0x03, 0xF8, 0x07, 0xF0, 0x1F, 0xC0, 0x3F, 0x80, 0xFE, 0x01, 0xFC, 0x07,
  0xF0, 0x0F, 0xC0, 0x3F, 0x80, 0xFE, 0x01, 0xF8, 0x07, 0xE0, 0x1F, 0x80,
  0x7F, 0x01, 0xFC, 0x07, 0xF0, 0x1F, 0xC0, 0x7F, 0x01, 0xFC, 0x07, 0xF0,
  0x1F, 0xC0, 0x7F, 0x01, 0xF8, 0x07, 0xE0, 0x1F, 0x80, 0xFE, 0x03, 0xF8,
  0x0F, 0xC0, 0x7F, 0x01, 0xFC, 0x0F, 0xE0, 0x3F, 0x81, 0xFC, 0x07, 0xF0,
  0x3F, 0x80, 0xFE, 0x07, 0xF0, 0x3F, 0x80, 0x7E, 0x00, 0x70, 0x00, 0x40,
  0x00, 0x00, 0xF0, 0x00, 0x0F, 0x00, 0x00, 0xF0, 0x00, 0x0F, 0x00, 0x60,
  0xF0, 0x67, 0xCF, 0x1E, 0x7F, 0xFF, 0xEF, 0xFF, 0xFF, 0x7F, 0xFF, 0xE0,
  0xFF, 0xF0, 0x03, 0xFC, 0x00, 0x3F, 0xE0, 0x07, 0xFE, 0x00, 0xFD, 0xF0,
  0x1F, 0x9F, 0x83, 0xF0, 0xFC, 0x1E, 0x07, 0x80, 0xE0, 0x70, 0x04, 0x02,
  0x00, 0x00, 0xFC, 0x00, 0x01, 0xF8, 0x00, 0x03, 0xF0, 0x00, 0x07, 0xE0,
  0x00, 0x0F, 0xC0, 0x00, 0x1F, 0x80, 0x00, 0x3F, 0x00, 0x00, 0x7E, 0x00,
  0x00, 0xFC, 0x01, 0xFF, 0xFF, 0xFF, 0xFF, 0xFF, 0xFF, 0xFF, 0xFF, 0xFF,
  0xFF, 0xFF, 0xFF, 0xFF, 0xFF, 0xFF, 0xFF, 0xFF, 0x80, 0x7E, 0x00, 0x00,
  0xFC, 0x00, 0x01, 0xF8, 0x00, 0x03, 0xF0, 0x00, 0x07, 0xE0, 0x00, 0x0F,
  0xC0, 0x00, 0x1F, 0x80, 0x00, 0x3F, 0x00, 0x00, 0x1C, 0x3F, 0x9F, 0xDF,
  0xFF, 0xFB, 0xFD, 0xFC, 0x3E, 0x3E, 0x3E, 0x1F, 0x1F, 0x0F, 0x01, 0x80,
  0xFF, 0xFF, 0xFF, 0xFF, 0xFF, 0xFF, 0xFF, 0xFF, 0xFF, 0xFF, 0xFF, 0xC0,
  0x1C, 0x3F, 0x9F, 0xDF, 0xFF, 0xFF, 0xFD, 0xFC, 0x7C, 0x00, 0x1F, 0x80,
  0x0F, 0xC0, 0x07, 0xC0, 0x07, 0xE0, 0x03, 0xF0, 0x01, 0xF8, 0x01, 0xF8,
  0x00, 0xFC, 0x00, 0x7E, 0x00, 0x7E, 0x00, 0x3F, 0x00, 0x1F, 0x80, 0x1F,
  0x80, 0x0F, 0xC0, 0x07, 0xE0, 0x07, 0xE0, 0x03, 0xF0, 0x01, 0xF8, 0x01,
  0xF8, 0x00, 0xFC, 0x00, 0x7E, 0x00, 0x3F, 0x00, 0x3F, 0x00, 0x1F, 0x80,
  0x0F, 0xC0, 0x0F, 0xC0, 0x07, 0xE0, 0x03, 0xF0, 0x03, 0xF0, 0x01, 0xF8,
  0x00, 0xFC, 0x00, 0xFC, 0x00, 0x7E, 0x00, 0x3F, 0x00, 0x3F, 0x00, 0x00,
  0x00, 0x1F, 0x80, 0x00, 0x0F, 0xFF, 0x00, 0x03, 0xFF, 0xFC, 0x00, 0x7F,
  0xFF, 0xE0, 0x0F, 0xFF, 0xFF, 0x00, 0xFF, 0xFF, 0xF0, 0x1F, 0xF9, 0xFF,
  0x83, 0xFC, 0x03, 0xFC, 0x3F, 0x80, 0x1F, 0xC3, 0xF8, 0x01, 0xFC, 0x7F,
  0x00, 0x0F, 0xE7, 0xF0, 0x00, 0xFE, 0x7E, 0x00, 0x07, 0xE7, 0xE0, 0x00,
  0x7F, 0xFE, 0x00, 0x07, 0xFF, 0xE0, 0x00, 0x7F, 0xFE, 0x00, 0x07, 0xFF,
  0xE0, 0x00, 0x7F, 0xFE, 0x00, 0x07, 0xFF, 0xE0, 0x00, 0x7F, 0xFE, 0x00,
  0x07, 0xFF, 0xE0, 0x00, 0x7F, 0xFE, 0x00, 0x07, 0xF7, 0xE0, 0x00, 0x7F,
  0x7E, 0x00, 0x07, 0xE7, 0xF0, 0x00, 0xFE, 0x7F, 0x00, 0x0F, 0xE3, 0xF8,
  0x01, 0xFC, 0x3F, 0x80, 0x1F, 0xC3, 0xFC, 0x03, 0xFC, 0x1F, 0xF9, 0xFF,
  0x80, 0xFF, 0xFF, 0xF0, 0x0F, 0xFF, 0xFF, 0x00, 0x7F, 0xFF, 0xE0, 0x01,
  0xFF, 0xF8, 0x00, 0x0F, 0xFF, 0x00, 0x00, 0x1F, 0x80, 0x00, 0x00, 0x3E,
  0x01, 0xFC, 0x07, 0xF8, 0x1F, 0xF0, 0xFF, 0xE3, 0xFF, 0xDF, 0xFF, 0xFF,
  0xFF, 0x7F, 0xFE, 0x7D, 0xFC, 0xE3, 0xF8, 0x87, 0xF0, 0x0F, 0xE0, 0x1F,
  0xC0, 0x3F, 0x80, 0x7F, 0x00, 0xFE, 0x01, 0xFC, 0x03, 0xF8, 0x07, 0xF0,
  0x0F, 0xE0, 0x1F, 0xC0, 0x3F, 0x80, 0x7F, 0x00, 0xFE, 0x01, 0xFC, 0x03,
  0xF8, 0x07, 0xF0, 0x0F, 0xE0, 0x1F, 0xC0, 0x3F, 0x80, 0x7F, 0x00, 0xFE,
  0x01, 0xFC, 0x03, 0xF8, 0x00, 0xFE, 0x00, 0x0F, 0xFF, 0x00, 0x3F, 0xFF,
  0x80, 0xFF, 0xFF, 0x83, 0xFF, 0xFF, 0x8F, 0xFF, 0xFF, 0x1F, 0xF3, 0xFF,
  0x7F, 0x81, 0xFE, 0xFE, 0x01, 0xFC, 0x78, 0x01, 0xF8, 0x20, 0x03, 0xF0,
  0x00, 0x07, 0xE0, 0x00, 0x0F, 0xC0, 0x00, 0x3F, 0x80, 0x00, 0x7F, 0x00,
  0x01, 0xFC, 0x00, 0x07, 0xF8, 0x00, 0x0F, 0xE0, 0x00, 0x3F, 0x80, 0x00,
  0xFF, 0x00, 0x03, 0xFC, 0x00, 0x0F, 0xF0, 0x00, 0x3F, 0xC0, 0x00, 0xFF,
  0x00, 0x03, 0xFC, 0x00, 0x0F, 0xF0, 0x00, 0x3F, 0xC0, 0x00, 0xFF, 0x00,
  0x03, 0xFC, 0x00, 0x0F, 0xF0, 0x00, 0x3F, 0xFF, 0xFF, 0xFF, 0xFF, 0xFF,
  0xFF, 0xFF, 0xFF, 0xFF, 0xFF, 0xFF, 0xFF, 0xFF, 0xFF, 0xFF, 0xFF, 0xF0,
  0x00, 0x7F, 0x00, 0x01, 0xFF, 0xE0, 0x07, 0xFF, 0xF0, 0x0F, 0xFF, 0xF8,
  0x1F, 0xFF, 0xFC, 0x3F, 0xFF, 0xFC, 0x3F, 0x81, 0xFE, 0x7F, 0x00, 0xFE,
  0x1E, 0x00, 0xFE, 0x06, 0x00, 0x7E, 0x00, 0x00, 0x7E, 0x00, 0x00, 0x7E,
  0x00, 0x00, 0xFE, 0x00, 0x00, 0xFC, 0x00, 0x01, 0xFC, 0x00, 0x7F, 0xF8,
  0x00, 0x7F, 0xF0, 0x00, 0x7F, 0xE0, 0x00, 0x7F, 0xF8, 0x00, 0x7F, 0xFC,
  0x00, 0x07, 0xFE, 0x00, 0x00, 0xFE, 0x00, 0x00, 0x7F, 0x00, 0x00, 0x7F,
  0x00, 0x00, 0x3F, 0x00, 0x00, 0x3F, 0x0C, 0x00, 0x3F, 0x3E, 0x00, 0x3F,
  0xFE, 0x00, 0x7F, 0x7F, 0x00, 0xFF, 0x3F, 0xC1, 0xFF, 0x3F, 0xFF, 0xFE,
  0x1F, 0xFF, 0xFC, 0x0F, 0xFF, 0xF8, 0x07, 0xFF, 0xF0, 0x03, 0xFF, 0xE0,
  0x00, 0x7F, 0x00, 0x00, 0x01, 0xFC, 0x00, 0x00, 0xFF, 0x00, 0x00, 0x7F,
  0xC0, 0x00, 0x1F, 0xF0, 0x00, 0x0F, 0xFC, 0x00, 0x07, 0xFF, 0x00, 0x01,
  0xFF, 0xC0, 0x00, 0xFF, 0xF0, 0x00, 0x7E, 0xFC, 0x00, 0x1F, 0xBF, 0x00,
  0x0F, 0xCF, 0xC0, 0x07, 0xE3, 0xF0, 0x01, 0xF8, 0xFC, 0x00, 0xFC, 0x3F,
  0x00, 0x7E, 0x0F, 0xC0, 0x1F, 0x83, 0xF0, 0x0F, 0xC0, 0xFC, 0x07, 0xE0,
  0x3F, 0x01, 0xF8, 0x0F, 0xC0, 0xFC, 0x03, 0xF0, 0x7E, 0x00, 0xFC, 0x1F,
  0x80, 0x3F, 0x0F, 0xC0, 0x0F, 0xFF, 0xFF, 0xFF, 0xFF, 0xFF, 0xFF, 0xFF,
  0xFF, 0xFF, 0xFF, 0xFF, 0xFF, 0xFF, 0xFF, 0xFF, 0xFF, 0xFF, 0x00, 0x01,
  0xFC, 0x00, 0x00, 0x7F, 0x00, 0x00, 0x1F, 0xC0, 0x00, 0x07, 0xF0, 0x00,
  0x01, 0xFC, 0x00, 0x00, 0x7F, 0x00, 0x00, 0x1F, 0xC0, 0x1F, 0xFF, 0xFC,
  0x1F, 0xFF, 0xFC, 0x1F, 0xFF, 0xFC, 0x1F, 0xFF, 0xFC, 0x1F, 0xFF, 0xFC,
  0x1F, 0xFF, 0xFC, 0x3F, 0x00, 0x00, 0x3F, 0x00, 0x00, 0x3F, 0x00, 0x00,
  0x3F, 0x00, 0x00, 0x3F, 0x00, 0x00, 0x3E, 0x00, 0x00, 0x3E, 0x00, 0x00,
  0x3E, 0x7F, 0xC0, 0x7E, 0xFF, 0xF0, 0x7F, 0xFF, 0xF8, 0x7F, 0xFF, 0xFC,
  0x7F, 0xFF, 0xFE, 0x3F, 0x81, 0xFE, 0x0F, 0x00, 0xFF, 0x02, 0x00, 0x7F,
  0x00, 0x00, 0x7F, 0x00, 0x00, 0x3F, 0x00, 0x00, 0x3F, 0x04, 0x00, 0x3F,
  0x1C, 0x00, 0x3F, 0xFC, 0x00, 0x7F, 0xFE, 0x00, 0x7F, 0xFF, 0x00, 0xFF,
  0x7F, 0xC3, 0xFE, 0x7F, 0xFF, 0xFC, 0x3F, 0xFF, 0xFC, 0x1F, 0xFF, 0xF8,
  0x0F, 0xFF, 0xF0, 0x03, 0xFF, 0xC0, 0x00, 0x7E, 0x00, 0x00, 0x02, 0x00,
  0x00, 0x03, 0xC0, 0x00, 0x03, 0xF0, 0x00, 0x03, 0xFC, 0x00, 0x01, 0xFE,
  0x00, 0x01, 0xFE, 0x00, 0x01, 0xFE, 0x00, 0x01, 0xFE, 0x00, 0x00, 0xFF,
  0x00, 0x00, 0xFF, 0x00, 0x00, 0xFF, 0x00, 0x00, 0x7F, 0x00, 0x00, 0x7F,
  0x80, 0x00, 0x7F, 0xB8, 0x00, 0x7F, 0xFF, 0x80, 0x3F, 0xFF, 0xF0, 0x3F,
  0xFF, 0xFC, 0x1F, 0xFF, 0xFF, 0x1F, 0xFF, 0xFF, 0xCF, 0xF0, 0x1F, 0xEF,
  0xF0, 0x07, 0xFF, 0xF0, 0x01, 0xFF, 0xF8, 0x00, 0xFF, 0xF8, 0x00, 0x3F,
  0xFC, 0x00, 0x1F, 0xFE, 0x00, 0x0F, 0xFF, 0x80, 0x0F, 0xFF, 0xC0, 0x07,
  0xFF, 0xF0, 0x07, 0xF3, 0xFC, 0x07, 0xF9, 0xFF, 0x8F, 0xFC, 0x7F, 0xFF,
  0xFC, 0x1F, 0xFF, 0xFC, 0x0F, 0xFF, 0xFC, 0x01, 0xFF, 0xFC, 0x00, 0x7F,
  0xF8, 0x00, 0x07, 0xE0, 0x00, 0xFF, 0xFF, 0xFF, 0xFF, 0xFF, 0xFF, 0xFF,
  0xFF, 0xFF, 0xFF, 0xFF, 0xFF, 0xFF, 0xFF, 0xFF, 0xFF, 0xFF, 0xC0, 0x00,
  0x3F, 0x80, 0x00, 0xFE, 0x00, 0x01, 0xFC, 0x00, 0x07, 0xF0, 0x00, 0x0F,
  0xE0, 0x00, 0x3F, 0x80, 0x00, 0x7F, 0x00, 0x01, 0xFC, 0x00, 0x03, 0xF8,
  0x00, 0x0F, 0xE0, 0x00, 0x1F, 0xC0, 0x00, 0x7F, 0x00, 0x01, 0xFE, 0x00,
  0x03, 0xF8, 0x00, 0x0F, 0xF0, 0x00, 0x1F, 0xC0, 0x00, 0x7F, 0x80, 0x00,
  0xFE, 0x00, 0x03, 0xFC, 0x00, 0x07, 0xF0, 0x00, 0x1F, 0xC0, 0x00, 0x3F,
  0x80, 0x00, 0xFE, 0x00, 0x03, 0xFC, 0x00, 0x07, 0xF0, 0x00, 0x1F, 0xE0,
  0x00, 0x3F, 0x80, 0x00, 0x3F, 0x00, 0x00, 0x1C, 0x00, 0x00, 0x08, 0x00,
  0x00, 0x00, 0x7E, 0x00, 0x03, 0xFF, 0xC0, 0x07, 0xFF, 0xF0, 0x0F, 0xFF,
  0xF8, 0x1F, 0xFF, 0xF8, 0x3F, 0xFF, 0xFC, 0x3F, 0x81, 0xFC, 0x7F, 0x00,
  0xFE, 0x7F, 0x00, 0x7E, 0x7E, 0x00, 0x7E, 0x7E, 0x00, 0x7E, 0x7E, 0x00,
  0x7E, 0x7F, 0x00, 0x7E, 0x3F, 0x00, 0xFC, 0x3F, 0x81, 0xFC, 0x1F, 0xFF,
  0xF8, 0x0F, 0xFF, 0xF0, 0x03, 0xFF, 0xE0, 0x0F, 0xFF, 0xF0, 0x1F, 0xFF,
  0xF8, 0x3F, 0xE3, 0xFC, 0x7F, 0x00, 0xFE, 0x7E, 0x00, 0x7F, 0xFE, 0x00,
  0x7F, 0xFC, 0x00, 0x3F, 0xFC, 0x00, 0x3F, 0xFC, 0x00, 0x3F, 0xFE, 0x00,
  0x3F, 0xFE, 0x00, 0x7F, 0xFF, 0x00, 0x7F, 0x7F, 0x81, 0xFF, 0x7F, 0xFF,
  0xFE, 0x3F, 0xFF, 0xFC, 0x1F, 0xFF, 0xF8, 0x0F, 0xFF, 0xF0, 0x03, 0xFF,
  0xC0, 0x00, 0x7E, 0x00, 0x00, 0x3F, 0x00, 0x00, 0x7F, 0xF8, 0x00, 0x7F,
  0xFF, 0x80, 0x3F, 0xFF, 0xF0, 0x1F, 0xFF, 0xFE, 0x0F, 0xFF, 0xFF, 0xC3,
  0xFE, 0x1F, 0xF1, 0xFE, 0x01, 0xFE, 0x7F, 0x00, 0x3F, 0x9F, 0x80, 0x07,
  0xEF, 0xE0, 0x01, 0xFF, 0xF8, 0x00, 0x7F, 0xFE, 0x00, 0x1F, 0xFF, 0x80,
  0x07, 0xF7, 0xE0, 0x01, 0xFD, 0xFC, 0x00, 0xFE, 0x7F, 0x00, 0x3F, 0x9F,
  0xF0, 0x3F, 0xE3, 0xFF, 0xFF, 0xF0, 0x7F, 0xFF, 0xFC, 0x0F, 0xFF, 0xFE,
  0x01, 0xFF, 0xFF, 0x80, 0x3F, 0xFF, 0xC0, 0x00, 0xCF, 0xE0, 0x00, 0x07,
  0xF8, 0x00, 0x03, 0xFC, 0x00, 0x01, 0xFE, 0x00, 0x00, 0x7F, 0x00, 0x00,
  0x3F, 0xC0, 0x00, 0x1F, 0xE0, 0x00, 0x0F, 0xF0, 0x00, 0x03, 0xFC, 0x00,
  0x01, 0xFE, 0x00, 0x00, 0xFF, 0x00, 0x00, 0x1F, 0x80, 0x00, 0x01, 0xE0,
  0x00, 0x00, 0x30, 0x00, 0x00, 0x3E, 0x3F, 0xBF, 0xFF, 0xFF, 0xFB, 0xF9,
  0xFC, 0x38, 0x00, 0x00, 0x00, 0x00, 0x00, 0x00, 0x00, 0x00, 0x00, 0x00,
  0x0E, 0x1F, 0xCF, 0xEF, 0xFF, 0xFF, 0xFE, 0xFE, 0x3E, 0x00, 0x3F, 0x3F,
  0xDF, 0xEF, 0xF7, 0xFB, 0xFC, 0xFC, 0x3C, 0x00, 0x00, 0x00, 0x00, 0x00,
  0x00, 0x00, 0x00, 0x00, 0x00, 0x0E, 0x1F, 0xCF, 0xEF, 0xFF, 0xFD, 0xFE,
  0xFE, 0x1F, 0x1F, 0x1F, 0x0F, 0x8F, 0x87, 0x80, 0xC0, 0x00, 0x00, 0x04,
  0x00, 0x00, 0x70, 0x00, 0x07, 0xC0, 0x00, 0xFF, 0x00, 0x0F, 0xFC, 0x01,
  0xFF, 0xF0, 0x1F, 0xFF, 0x83, 0xFF, 0xF0, 0x3F, 0xFE, 0x03, 0xFF, 0xE0,
  0x0F, 0xFC, 0x00, 0x3F, 0x80, 0x00, 0xFF, 0x80, 0x03, 0xFF, 0xC0, 0x07,
  0xFF, 0xC0, 0x07, 0xFF, 0xE0, 0x07, 0xFF, 0xF0, 0x03, 0xFF, 0xF0, 0x03,
  0xFF, 0xC0, 0x01, 0xFF, 0x00, 0x01, 0xFC, 0x00, 0x00, 0xF0, 0x00, 0x00,
  0xC0, 0xFF, 0xFF, 0xFF, 0xFF, 0xFF, 0xFF, 0xFF, 0xFF, 0xFF, 0xFF, 0xFF,
  0xFF, 0xFF, 0xFF, 0xFF, 0xFF, 0xFF, 0xC0, 0x00, 0x00, 0x00, 0x00, 0x00,
  0x00, 0x00, 0x00, 0x00, 0x00, 0x03, 0xFF, 0xFF, 0xFF, 0xFF, 0xFF, 0xFF,
  0xFF, 0xFF, 0xFF, 0xFF, 0xFF, 0xFF, 0xFF, 0xFF, 0xFF, 0xFF, 0xFF, 0x80,
  0x00, 0x03, 0x80, 0x00, 0x0F, 0xC0, 0x00, 0x3F, 0xC0, 0x00, 0xFF, 0xE0,
  0x03, 0xFF, 0xE0, 0x07, 0xFF, 0xF0, 0x03, 0xFF, 0xF0, 0x01, 0xFF, 0xF8,
  0x00, 0xFF, 0xF0, 0x00, 0xFF, 0xC0, 0x00, 0x7F, 0x00, 0x03, 0xFC, 0x00,
  0x7F, 0xF0, 0x0F, 0xFF, 0xC0, 0xFF, 0xF8, 0x1F, 0xFF, 0x83, 0xFF, 0xF0,
  0x0F, 0xFF, 0x00, 0x3F, 0xF0, 0x00, 0xFE, 0x00, 0x03, 0xE0, 0x00, 0x0C,
  0x00, 0x00, 0x00, 0x00, 0xFE, 0x00, 0x1F, 0xFE, 0x00, 0xFF, 0xFE, 0x0F,
  0xFF, 0xFC, 0x3F, 0xFF, 0xF9, 0xFF, 0xFF, 0xEF, 0xF0, 0x3F, 0xFF, 0x80,
  0x7F, 0xFC, 0x01, 0xFC, 0x70, 0x07, 0xF0, 0x00, 0x1F, 0xC0, 0x00, 0x7F,
  0x00, 0x01, 0xFC, 0x00, 0x0F, 0xE0, 0x00, 0x7F, 0x80, 0x07, 0xFC, 0x00,
  0x3F, 0xE0, 0x01, 0xFF, 0x00, 0x07, 0xF8, 0x00, 0x3F, 0xC0, 0x00, 0xFE,
  0x00, 0x03, 0xF0, 0x00, 0x0F, 0xC0, 0x00, 0x3F, 0x00, 0x00, 0xFC, 0x00,
  0x00, 0x00, 0x00, 0x00, 0x00, 0x00, 0x00, 0x00, 0x00, 0xFC, 0x00, 0x07,
  0xF8, 0x00, 0x1F, 0xE0, 0x00, 0xFF, 0xC0, 0x03, 0xFF, 0x00, 0x07, 0xF8,
  0x00, 0x1F, 0xE0, 0x00, 0x3F, 0x00, 0x00, 0x30, 0x00, 0x00, 0x00, 0x7F,
  0x00, 0x00, 0x00, 0x1F, 0xFF, 0xE0, 0x00, 0x00, 0xFF, 0xFF, 0xF0, 0x00,
  0x07, 0xFF, 0xFF, 0xF8, 0x00, 0x1F, 0xF8, 0x1F, 0xF8, 0x00, 0x7F, 0x80,
  0x03, 0xF8, 0x01, 0xFC, 0x00, 0x03, 0xF8, 0x07, 0xE0, 0x00, 0x01, 0xF8,
  0x1F, 0x80, 0x00, 0x01, 0xF0, 0x3E, 0x01, 0xF8, 0x01, 0xF0, 0xF8, 0x0F,
  0xFD, 0xE1, 0xE1, 0xF0, 0x3F, 0xFF, 0xC3, 0xE7, 0xC0, 0xFF, 0xFF, 0x83,
  0xCF, 0x83, 0xF8, 0xFF, 0x07, 0xDE, 0x0F, 0xC0, 0x7E, 0x0F, 0xBC, 0x1F,
  0x00, 0x7C, 0x0F, 0x78, 0x3E, 0x00, 0xF8, 0x1F, 0xF0, 0x78, 0x00, 0xF0,
  0x3F, 0xE0, 0xF0, 0x01, 0xE0, 0x7F, 0xC1, 0xE0, 0x03, 0xC0, 0xFF, 0x83,
  0xC0, 0x07, 0x81, 0xEF, 0x07, 0xC0, 0x1F, 0x03, 0xDE, 0x0F, 0x80, 0x3E,
  0x0F, 0xBC, 0x1F, 0x80, 0xFE, 0x1F, 0x7C, 0x1F, 0x83, 0xFC, 0x7C, 0xF8,
  0x1F, 0xFF, 0xFF, 0xF8, 0xF0, 0x3F, 0xFE, 0x7F, 0xE1, 0xF0, 0x1F, 0xF8,
  0xFF, 0x81, 0xF0, 0x1F, 0xC0, 0x7E, 0x03, 0xF0, 0x00, 0x00, 0x00, 0x03,
  0xF0, 0x00, 0x00, 0x00, 0x03, 0xF0, 0x00, 0x00, 0x00, 0x07, 0xF8, 0x00,
  0x00, 0x00, 0x07, 0xFE, 0x01, 0xC0, 0x00, 0x03, 0xFF, 0xFF, 0x80, 0x00,
  0x03, 0xFF, 0xFF, 0x00, 0x00, 0x01, 0xFF, 0xFF, 0x00, 0x00, 0x00, 0x3F,
  0xE0, 0x00, 0x00, 0x00, 0x03, 0xF0, 0x00, 0x00, 0x03, 0xFC, 0x00, 0x00,
  0x01, 0xFE, 0x00, 0x00, 0x01, 0xFF, 0x00, 0x00, 0x00, 0xFF, 0xC0, 0x00,
  0x00, 0x7F, 0xE0, 0x00, 0x00, 0x7F, 0xF8, 0x00, 0x00, 0x3F, 0xFC, 0x00,
  0x00, 0x1F, 0xFE, 0x00, 0x00, 0x1F, 0xBF, 0x80, 0x00, 0x0F, 0xCF, 0xC0,
  0x00, 0x0F, 0xE7, 0xF0, 0x00, 0x07, 0xE3, 0xF8, 0x00, 0x03, 0xF0, 0xFC,
  0x00, 0x03, 0xF8, 0x7F, 0x00, 0x01, 0xF8, 0x3F, 0x80, 0x00, 0xFC, 0x0F,
  0xC0, 0x00, 0xFE, 0x07, 0xF0, 0x00, 0x7E, 0x01, 0xF8, 0x00, 0x7F, 0x00,
  0xFE, 0x00, 0x3F, 0x80, 0x7F, 0x00, 0x1F, 0x80, 0x1F, 0x80, 0x1F, 0xFF,
  0xFF, 0xE0, 0x0F, 0xFF, 0xFF, 0xF0, 0x0F, 0xFF, 0xFF, 0xF8, 0x07, 0xFF,
  0xFF, 0xFE, 0x03, 0xFF, 0xFF, 0xFF, 0x03, 0xF8, 0x00, 0x1F, 0xC1, 0xFC,
  0x00, 0x0F, 0xE0, 0xFC, 0x00, 0x07, 0xF0, 0xFE, 0x00, 0x01, 0xFC, 0x7F,
  0x00, 0x00, 0xFE, 0x7F, 0x00, 0x00, 0x7F, 0xBF, 0x80, 0x00, 0x1F, 0xFF,
  0xC0, 0x00, 0x0F, 0xE0, 0xFF, 0xFF, 0xC0, 0x7F, 0xFF, 0xF8, 0x3F, 0xFF,
  0xFE, 0x1F, 0xFF, 0xFF, 0x8F, 0xFF, 0xFF, 0xE7, 0xFF, 0xFF, 0xF3, 0xF0,
  0x03, 0xFD, 0xF8, 0x00, 0xFE, 0xFC, 0x00, 0x7F, 0x7E, 0x00, 0x1F, 0xBF,
  0x00, 0x0F, 0xDF, 0x80, 0x07, 0xEF, 0xC0, 0x07, 0xE7, 0xE0, 0x07, 0xF3,
  0xF0, 0x0F, 0xF1, 0xFF, 0xFF, 0xF0, 0xFF, 0xFF, 0xF0, 0x7F, 0xFF, 0xFC,
  0x3F, 0xFF, 0xFF, 0x1F, 0xFF, 0xFF, 0xCF, 0xC0, 0x07, 0xF7, 0xE0, 0x01,
  0xFF, 0xF0, 0x00, 0xFF, 0xF8, 0x00, 0x3F, 0xFC, 0x00, 0x1F, 0xFE, 0x00,
  0x0F, 0xFF, 0x00, 0x0F, 0xFF, 0x80, 0x07, 0xFF, 0xC0, 0x07, 0xFF, 0xE0,
  0x1F, 0xFB, 0xFF, 0xFF, 0xFD, 0xFF, 0xFF, 0xFC, 0xFF, 0xFF, 0xFC, 0x7F,
  0xFF, 0xF8, 0x3F, 0xFF, 0xF0, 0x00, 0x00, 0x03, 0xFC, 0x00, 0x00, 0x1F,
  0xFF, 0x80, 0x00, 0x7F, 0xFF, 0xE0, 0x01, 0xFF, 0xFF, 0xF8, 0x03, 0xFF,
  0xFF, 0xFC, 0x07, 0xFF, 0xFF, 0xFE, 0x0F, 0xFF, 0x9F, 0xFE, 0x1F, 0xF8,
  0x01, 0xFC, 0x3F, 0xE0, 0x00, 0x78, 0x3F, 0xC0, 0x00, 0x30, 0x7F, 0x80,
  0x00, 0x00, 0x7F, 0x00, 0x00, 0x00, 0x7F, 0x00, 0x00, 0x00, 0xFE, 0x00,
  0x00, 0x00, 0xFE, 0x00, 0x00, 0x00, 0xFE, 0x00, 0x00, 0x00, 0xFE, 0x00,
  0x00, 0x00, 0xFC, 0x00, 0x00, 0x00, 0xFC, 0x00, 0x00, 0x00, 0xFC, 0x00,
  0x00, 0x00, 0xFE, 0x00, 0x00, 0x00, 0xFE, 0x00, 0x00, 0x00, 0xFE, 0x00,
  0x00, 0x00, 0xFE, 0x00, 0x00, 0x00, 0x7F, 0x00, 0x00, 0x00, 0x7F, 0x00,
  0x00, 0x00, 0x7F, 0x80, 0x00, 0x10, 0x3F, 0xC0, 0x00, 0x38, 0x1F, 0xE0,
  0x00, 0x7C, 0x1F, 0xF8, 0x01, 0xFE, 0x0F, 0xFF, 0xFF, 0xFF, 0x07, 0xFF,
  0xFF, 0xFE, 0x03, 0xFF, 0xFF, 0xFC, 0x01, 0xFF, 0xFF, 0xF8, 0x00, 0x7F,
  0xFF, 0xE0, 0x00, 0x1F, 0xFF, 0x80, 0x00, 0x03, 0xFC, 0x00, 0xFF, 0xFF,
  0x00, 0x07, 0xFF, 0xFF, 0x80, 0x3F, 0xFF, 0xFE, 0x01, 0xFF, 0xFF, 0xFC,
  0x0F, 0xFF, 0xFF, 0xF0, 0x7F, 0xFF, 0xFF, 0xC3, 0xF0, 0x07, 0xFF, 0x1F,
  0x80, 0x0F, 0xFC, 0xFC, 0x00, 0x1F, 0xE7, 0xE0, 0x00, 0x7F, 0xBF, 0x00,
  0x01, 0xFD, 0xF8, 0x00, 0x0F, 0xEF, 0xC0, 0x00, 0x3F, 0xFE, 0x00, 0x01,
  0xFF, 0xF0, 0x00, 0x0F, 0xFF, 0x80, 0x00, 0x7F, 0xFC, 0x00, 0x01, 0xFF,
  0xE0, 0x00, 0x0F, 0xFF, 0x00, 0x00, 0x7F, 0xF8, 0x00, 0x07, 0xFF, 0xC0,
  0x00, 0x3F, 0xFE, 0x00, 0x01, 0xFF, 0xF0, 0x00, 0x0F, 0xFF, 0x80, 0x00,
  0xFE, 0xFC, 0x00, 0x07, 0xF7, 0xE0, 0x00, 0x7F, 0xBF, 0x00, 0x07, 0xF9,
  0xF8, 0x00, 0x7F, 0xCF, 0xC0, 0x1F, 0xFC, 0x7F, 0xFF, 0xFF, 0xC3, 0xFF,
  0xFF, 0xFC, 0x1F, 0xFF, 0xFF, 0xC0, 0xFF, 0xFF, 0xF8, 0x07, 0xFF, 0xFF,
  0x00, 0x3F, 0xFF, 0xC0, 0x00, 0xFF, 0xFF, 0xFF, 0xFF, 0xFF, 0xFF, 0xFF,
  0xFF, 0xFF, 0xFF, 0xFF, 0xFF, 0xFF, 0xFF, 0xFF, 0xFF, 0xF0, 0x00, 0x1F,
  0x80, 0x00, 0xFC, 0x00, 0x07, 0xE0, 0x00, 0x3F, 0x00, 0x01, 0xF8, 0x00,
  0x0F, 0xC0, 0x00, 0x7E, 0x00, 0x03, 0xF0, 0x00, 0x1F, 0xFF, 0xFE, 0xFF,
  0xFF, 0xF7, 0xFF, 0xFF, 0xBF, 0xFF, 0xFD, 0xFF, 0xFF, 0xEF, 0xC0, 0x00,
  0x7E, 0x00, 0x03, 0xF0, 0x00, 0x1F, 0x80, 0x00, 0xFC, 0x00, 0x07, 0xE0,
  0x00, 0x3F, 0x00, 0x01, 0xF8, 0x00, 0x0F, 0xC0, 0x00, 0x7F, 0xFF, 0xFF,
  0xFF, 0xFF, 0xFF, 0xFF, 0xFF, 0xFF, 0xFF, 0xFF, 0xFF, 0xFF, 0xFF, 0xFF,
  0xFE, 0xFF, 0xFF, 0xFF, 0xFF, 0xFF, 0xFF, 0xFF, 0xFF, 0xFF, 0xFF, 0xFF,
  0xFF, 0xFF, 0xFF, 0xFF, 0xFF, 0xF0, 0x00, 0x1F, 0x80, 0x00, 0xFC, 0x00,
  0x07, 0xE0, 0x00, 0x3F, 0x00, 0x01, 0xF8, 0x00, 0x0F, 0xC0, 0x00, 0x7E,
  0x00, 0x03, 0xF0, 0x00, 0x1F, 0xFF, 0xFE, 0xFF, 0xFF, 0xF7, 0xFF, 0xFF,
  0xBF, 0xFF, 0xFD, 0xFF, 0xFF, 0xEF, 0xFF, 0xFF, 0x7E, 0x00, 0x03, 0xF0,
  0x00, 0x1F, 0x80, 0x00, 0xFC, 0x00, 0x07, 0xE0, 0x00, 0x3F, 0x00, 0x01,
  0xF8, 0x00, 0x0F, 0xC0, 0x00, 0x7E, 0x00, 0x03, 0xF0, 0x00, 0x1F, 0x80,
  0x00, 0xFC, 0x00, 0x07, 0xE0, 0x00, 0x3F, 0x00, 0x00, 0x00, 0x03, 0xFC,
  0x00, 0x00, 0x03, 0xFF, 0xF8, 0x00, 0x01, 0xFF, 0xFF, 0x80, 0x00, 0xFF,
  0xFF, 0xFC, 0x00, 0x3F, 0xFF, 0xFF, 0xC0, 0x0F, 0xFF, 0xFF, 0xFC, 0x03,
  0xFF, 0xC1, 0xFF, 0x00, 0xFF, 0xC0, 0x07, 0xC0, 0x1F, 0xE0, 0x00, 0x70,
  0x07, 0xF8, 0x00, 0x04, 0x01, 0xFE, 0x00, 0x00, 0x00, 0x3F, 0x80, 0x00,
  0x00, 0x07, 0xF0, 0x00, 0x00, 0x01, 0xFC, 0x00, 0x00, 0x00, 0x3F, 0x80,
  0x00, 0x00, 0x07, 0xF0, 0x00, 0x00, 0x00, 0xFE, 0x00, 0x3F, 0xFF, 0xFF,
  0x80, 0x07, 0xFF, 0xFF, 0xF0, 0x00, 0xFF, 0xFF, 0xFE, 0x00, 0x1F, 0xFF,
  0xFF, 0xE0, 0x03, 0xFF, 0xFF, 0xFC, 0x00, 0x7F, 0xFF, 0xFF, 0x80, 0x00,
  0x01, 0xFF, 0xF0, 0x00, 0x00, 0x3F, 0x7F, 0x00, 0x00, 0x0F, 0xEF, 0xE0,
  0x00, 0x01, 0xFD, 0xFE, 0x00, 0x00, 0x7F, 0x1F, 0xE0, 0x00, 0x0F, 0xE1,
  0xFE, 0x00, 0x03, 0xF8, 0x3F, 0xF0, 0x01, 0xFF, 0x03, 0xFF, 0xC1, 0xFF,
  0xC0, 0x3F, 0xFF, 0xFF, 0xF0, 0x03, 0xFF, 0xFF, 0xFC, 0x00, 0x3F, 0xFF,
  0xFF, 0x00, 0x01, 0xFF, 0xFF, 0x80, 0x00, 0x0F, 0xFF, 0xE0, 0x00, 0x00,
  0x3F, 0xC0, 0x00, 0xFC, 0x00, 0x03, 0xFF, 0xC0, 0x00, 0x3F, 0xFC, 0x00,
  0x03, 0xFF, 0xC0, 0x00, 0x3F, 0xFC, 0x00, 0x03, 0xFF, 0xC0, 0x00, 0x3F,
  0xFC, 0x00, 0x03, 0xFF, 0xC0, 0x00, 0x3F, 0xFC, 0x00, 0x03, 0xFF, 0xC0,
  0x00, 0x3F, 0xFC, 0x00, 0x03, 0xFF, 0xC0, 0x00, 0x3F, 0xFC, 0x00, 0x03,
  0xFF, 0xC0, 0x00, 0x3F, 0xFF, 0xFF, 0xFF, 0xFF, 0xFF, 0xFF, 0xFF, 0xFF,
  0xFF, 0xFF, 0xFF, 0xFF, 0xFF, 0xFF, 0xFF, 0xFF, 0xFF, 0xFF, 0xFF, 0xFF,
  0xFF, 0xFC, 0x00, 0x03, 0xFF, 0xC0, 0x00, 0x3F, 0xFC, 0x00, 0x03, 0xFF,
  0xC0, 0x00, 0x3F, 0xFC, 0x00, 0x03, 0xFF, 0xC0, 0x00, 0x3F, 0xFC, 0x00,
  0x03, 0xFF, 0xC0, 0x00, 0x3F, 0xFC, 0x00, 0x03, 0xFF, 0xC0, 0x00, 0x3F,
  0xFC, 0x00, 0x03, 0xFF, 0xC0, 0x00, 0x3F, 0xFC, 0x00, 0x03, 0xFF, 0xC0,
  0x00, 0x3F, 0xFC, 0x00, 0x03, 0xF0, 0xFF, 0xFF, 0xFF, 0xFF, 0xFF, 0xFF,
  0xFF, 0xFF, 0xFF, 0xFF, 0xFF, 0xFF, 0xFF, 0xFF, 0xFF, 0xFF, 0xFF, 0xFF,
  0xFF, 0xFF, 0xFF, 0xFF, 0xFF, 0xFF, 0xFF, 0xFF, 0xC0, 0x00, 0x00, 0x7E,
  0x00, 0x00, 0xFC, 0x00, 0x01, 0xF8, 0x00, 0x03, 0xF0, 0x00, 0x07, 0xE0,
  0x00, 0x0F, 0xC0, 0x00, 0x1F, 0x80, 0x00, 0x3F, 0x00, 0x00, 0x7E, 0x00,
  0x00, 0xFC, 0x00, 0x01, 0xF8, 0x00, 0x03, 0xF0, 0x00, 0x07, 0xE0, 0x00,
  0x0F, 0xC0, 0x00, 0x1F, 0x80, 0x00, 0x3F, 0x00, 0x00, 0x7E, 0x00, 0x00,
  0xFC, 0x00, 0x01, 0xF8, 0x00, 0x03, 0xF0, 0x00, 0x07, 0xE0, 0x00, 0x0F,
  0xC0, 0x00, 0x1F, 0x80, 0x00, 0x3F, 0x00, 0x00, 0xFE, 0x38, 0x01, 0xFD,
  0xF0, 0x03, 0xFF, 0xF0, 0x07, 0xFF, 0xF0, 0x1F, 0xCF, 0xF0, 0xFF, 0x9F,
  0xFF, 0xFE, 0x1F, 0xFF, 0xFC, 0x1F, 0xFF, 0xF0, 0x1F, 0xFF, 0xC0, 0x0F,
  0xFE, 0x00, 0x03, 0xF0, 0x00, 0xFC, 0x00, 0x1F, 0xF7, 0xE0, 0x01, 0xFF,
  0x3F, 0x00, 0x0F, 0xF1, 0xF8, 0x00, 0xFF, 0x0F, 0xC0, 0x0F, 0xF0, 0x7E,
  0x00, 0xFF, 0x03, 0xF0, 0x0F, 0xF0, 0x1F, 0x80, 0xFF, 0x00, 0xFC, 0x07,
  0xF8, 0x07, 0xE0, 0x7F, 0x80, 0x3F, 0x07, 0xF8, 0x01, 0xF8, 0x7F, 0x80,
  0x0F, 0xC7, 0xF8, 0x00, 0x7E, 0x7F, 0x80, 0x03, 0xF3, 0xF8, 0x00, 0x1F,
  0xBF, 0xC0, 0x00, 0xFF, 0xFF, 0x00, 0x07, 0xFF, 0xFC, 0x00, 0x3F, 0xFF,
  0xE0, 0x01, 0xFF, 0xFF, 0x80, 0x0F, 0xFD, 0xFE, 0x00, 0x7F, 0xC7, 0xF0,
  0x03, 0xFC, 0x3F, 0xC0, 0x1F, 0xC0, 0xFF, 0x00, 0xFE, 0x03, 0xF8, 0x07,
  0xE0, 0x1F, 0xE0, 0x3F, 0x00, 0x7F, 0x81, 0xF8, 0x01, 0xFE, 0x0F, 0xC0,
  0x0F, 0xF0, 0x7E, 0x00, 0x3F, 0xC3, 0xF0, 0x00, 0xFF, 0x1F, 0x80, 0x07,
  0xF8, 0xFC, 0x00, 0x1F, 0xE7, 0xE0, 0x00, 0x7F, 0xBF, 0x00, 0x01, 0xFE,
  0xFC, 0x00, 0x07, 0xE0, 0x00, 0x3F, 0x00, 0x01, 0xF8, 0x00, 0x0F, 0xC0,
  0x00, 0x7E, 0x00, 0x03, 0xF0, 0x00, 0x1F, 0x80, 0x00, 0xFC, 0x00, 0x07,
  0xE0, 0x00, 0x3F, 0x00, 0x01, 0xF8, 0x00, 0x0F, 0xC0, 0x00, 0x7E, 0x00,
  0x03, 0xF0, 0x00, 0x1F, 0x80, 0x00, 0xFC, 0x00, 0x07, 0xE0, 0x00, 0x3F,
  0x00, 0x01, 0xF8, 0x00, 0x0F, 0xC0, 0x00, 0x7E, 0x00, 0x03, 0xF0, 0x00,
  0x1F, 0x80, 0x00, 0xFC, 0x00, 0x07, 0xE0, 0x00, 0x3F, 0x00, 0x01, 0xF8,
  0x00, 0x0F, 0xC0, 0x00, 0x7F, 0xFF, 0xFF, 0xFF, 0xFF, 0xFF, 0xFF, 0xFF,
  0xFF, 0xFF, 0xFF, 0xFF, 0xFF, 0xFF, 0xFF, 0xFE, 0xFF, 0x00, 0x00, 0x07,
  0xFF, 0xFC, 0x00, 0x00, 0x7F, 0xFF, 0xE0, 0x00, 0x03, 0xFF, 0xFF, 0x00,
  0x00, 0x1F, 0xFF, 0xFC, 0x00, 0x01, 0xFF, 0xFF, 0xE0, 0x00, 0x0F, 0xFF,
  0xFF, 0x80, 0x00, 0xFF, 0xFF, 0xFC, 0x00, 0x07, 0xFF, 0xFF, 0xE0, 0x00,
  0x3F, 0xFF, 0xFF, 0x80, 0x03, 0xFF, 0xFF, 0xFC, 0x00, 0x1F, 0xFF, 0xFB,
  0xF0, 0x01, 0xFF, 0xFF, 0xDF, 0x80, 0x0F, 0xDF, 0xFE, 0xFC, 0x00, 0x7E,
  0xFF, 0xF3, 0xF0, 0x07, 0xE7, 0xFF, 0x9F, 0x80, 0x3F, 0x3F, 0xFC, 0x7E,
  0x01, 0xF9, 0xFF, 0xE3, 0xF0, 0x1F, 0x8F, 0xFF, 0x1F, 0x80, 0xFC, 0x7F,
  0xF8, 0x7E, 0x0F, 0xC3, 0xFF, 0xC3, 0xF0, 0x7E, 0x1F, 0xFE, 0x0F, 0xC3,
  0xF0, 0xFF, 0xF0, 0x7E, 0x3F, 0x07, 0xFF, 0x83, 0xF1, 0xF8, 0x3F, 0xFC,
  0x0F, 0xDF, 0x81, 0xFF, 0xE0, 0x7E, 0xFC, 0x0F, 0xFF, 0x01, 0xFF, 0xE0,
  0x7F, 0xF8, 0x0F, 0xFE, 0x03, 0xFF, 0xC0, 0x7F, 0xF0, 0x1F, 0xFE, 0x01,
  0xFF, 0x00, 0xFF, 0xF0, 0x0F, 0xF8, 0x07, 0xFF, 0x80, 0x3F, 0xC0, 0x3F,
  0xFC, 0x01, 0xFC, 0x01, 0xFF, 0xE0, 0x0F, 0xE0, 0x0F, 0xFF, 0x00, 0x3E,
  0x00, 0x7E, 0xFE, 0x00, 0x03, 0xFF, 0xF0, 0x00, 0x3F, 0xFF, 0x00, 0x03,
  0xFF, 0xF8, 0x00, 0x3F, 0xFF, 0xC0, 0x03, 0xFF, 0xFC, 0x00, 0x3F, 0xFF,
  0xE0, 0x03, 0xFF, 0xFF, 0x00, 0x3F, 0xFF, 0xF0, 0x03, 0xFF, 0xFF, 0x80,
  0x3F, 0xFF, 0xF8, 0x03, 0xFF, 0xDF, 0xC0, 0x3F, 0xFC, 0xFE, 0x03, 0xFF,
  0xCF, 0xE0, 0x3F, 0xFC, 0x7F, 0x03, 0xFF, 0xC7, 0xF8, 0x3F, 0xFC, 0x3F,
  0x83, 0xFF, 0xC1, 0xFC, 0x3F, 0xFC, 0x1F, 0xC3, 0xFF, 0xC0, 0xFE, 0x3F,
  0xFC, 0x07, 0xF3, 0xFF, 0xC0, 0x7F, 0x3F, 0xFC, 0x03, 0xFB, 0xFF, 0xC0,
  0x1F, 0xFF, 0xFC, 0x01, 0xFF, 0xFF, 0xC0, 0x0F, 0xFF, 0xFC, 0x00, 0x7F,
  0xFF, 0xC0, 0x07, 0xFF, 0xFC, 0x00, 0x3F, 0xFF, 0xC0, 0x03, 0xFF, 0xFC,
  0x00, 0x1F, 0xFF, 0xC0, 0x00, 0xFF, 0xFC, 0x00, 0x0F, 0xFF, 0xC0, 0x00,
  0x7F, 0xFC, 0x00, 0x03, 0xF0, 0x00, 0x03, 0xFC, 0x00, 0x00, 0x01, 0xFF,
  0xF8, 0x00, 0x00, 0x7F, 0xFF, 0xE0, 0x00, 0x1F, 0xFF, 0xFF, 0x80, 0x03,
  0xFF, 0xFF, 0xFC, 0x00, 0x7F, 0xFF, 0xFF, 0xE0, 0x0F, 0xFF, 0x9F, 0xFF,
  0x01, 0xFF, 0x80, 0x1F, 0xF8, 0x1F, 0xE0, 0x00, 0x7F, 0x83, 0xFC, 0x00,
  0x03, 0xFC, 0x7F, 0x80, 0x00, 0x1F, 0xE7, 0xF0, 0x00, 0x00, 0xFE, 0x7F,
  0x00, 0x00, 0x0F, 0xEF, 0xE0, 0x00, 0x00, 0x7F, 0xFE, 0x00, 0x00, 0x07,
  0xFF, 0xE0, 0x00, 0x00, 0x7F, 0xFE, 0x00, 0x00, 0x07, 0xFF, 0xC0, 0x00,
  0x00, 0x3F, 0xFC, 0x00, 0x00, 0x03, 0xFF, 0xC0, 0x00, 0x00, 0x3F, 0xFE,
  0x00, 0x00, 0x07, 0xFF, 0xE0, 0x00, 0x00, 0x7F, 0xFE, 0x00, 0x00, 0x07,
  0xFF, 0xE0, 0x00, 0x00, 0x7F, 0x7F, 0x00, 0x00, 0x0F, 0xE7, 0xF0, 0x00,
  0x00, 0xFE, 0x7F, 0x80, 0x00, 0x1F, 0xC3, 0xFC, 0x00, 0x03, 0xFC, 0x1F,
  0xE0, 0x00, 0x7F, 0x81, 0xFF, 0x80, 0x1F, 0xF8, 0x0F, 0xFF, 0xFF, 0xFF,
  0x00, 0x7F, 0xFF, 0xFF, 0xE0, 0x03, 0xFF, 0xFF, 0xFC, 0x00, 0x1F, 0xFF,
  0xFF, 0x80, 0x00, 0x7F, 0xFF, 0xE0, 0x00, 0x01, 0xFF, 0xF8, 0x00, 0x00,
  0x03, 0xFC, 0x00, 0x00, 0xFF, 0xFF, 0x80, 0x7F, 0xFF, 0xF0, 0x3F, 0xFF,
  0xFE, 0x1F, 0xFF, 0xFF, 0x8F, 0xFF, 0xFF, 0xE7, 0xFF, 0xFF, 0xF3, 0xF0,
  0x07, 0xFD, 0xF8, 0x00, 0xFE, 0xFC, 0x00, 0x7F, 0x7E, 0x00, 0x1F, 0xFF,
  0x00, 0x0F, 0xFF, 0x80, 0x07, 0xFF, 0xC0, 0x03, 0xFF, 0xE0, 0x01, 0xFF,
  0xF0, 0x00, 0xFF, 0xF8, 0x00, 0xFE, 0xFC, 0x00, 0xFF, 0x7E, 0x01, 0xFF,
  0x3F, 0xFF, 0xFF, 0x9F, 0xFF, 0xFF, 0x8F, 0xFF, 0xFF, 0x87, 0xFF, 0xFF,
  0x83, 0xFF, 0xFF, 0x01, 0xF8, 0x00, 0x00, 0xFC, 0x00, 0x00, 0x7E, 0x00,
  0x00, 0x3F, 0x00, 0x00, 0x1F, 0x80, 0x00, 0x0F, 0xC0, 0x00, 0x07, 0xE0,
  0x00, 0x03, 0xF0, 0x00, 0x01, 0xF8, 0x00, 0x00, 0xFC, 0x00, 0x00, 0x7E,
  0x00, 0x00, 0x3F, 0x00, 0x00, 0x00, 0x00, 0x03, 0xFC, 0x00, 0x00, 0x01,
  0xFF, 0xF8, 0x00, 0x00, 0x7F, 0xFF, 0xE0, 0x00, 0x1F, 0xFF, 0xFF, 0x80,
  0x03, 0xFF, 0xFF, 0xFC, 0x00, 0x7F, 0xFF, 0xFF, 0xE0, 0x0F, 0xFF, 0x9F,
  0xFF, 0x01, 0xFF, 0x80, 0x1F, 0xF8, 0x1F, 0xE0, 0x00, 0x7F, 0x83, 0xFC,
  0x00, 0x03, 0xFC, 0x7F, 0x80, 0x00, 0x1F, 0xE7, 0xF0, 0x00, 0x00, 0xFE,
  0x7F, 0x00, 0x00, 0x0F, 0xEF, 0xE0, 0x00, 0x00, 0x7F, 0xFE, 0x00, 0x00,
  0x07, 0xFF, 0xE0, 0x00, 0x00, 0x7F, 0xFE, 0x00, 0x00, 0x07, 0xFF, 0xC0,
  0x00, 0x00, 0x3F, 0xFC, 0x00, 0x00, 0x03, 0xFF, 0xC0, 0x00, 0x00, 0x3F,
  0xFE, 0x00, 0x00, 0x07, 0xFF, 0xE0, 0x00, 0x00, 0x7F, 0xFE, 0x00, 0x00,
  0x07, 0xFF, 0xE0, 0x00, 0x00, 0x7F, 0x7F, 0x00, 0x00, 0x0F, 0xE7, 0xF0,
  0x00, 0x00, 0xFE, 0x7F, 0x80, 0x00, 0x1F, 0xC3, 0xFC, 0x00, 0x03, 0xFC,
  0x1F, 0xE0, 0x00, 0x7F, 0x81, 0xFF, 0x80, 0x1F, 0xF8, 0x0F, 0xFF, 0xFF,
  0xFF, 0x00, 0x7F, 0xFF, 0xFF, 0xE0, 0x03, 0xFF, 0xFF, 0xFE, 0x00, 0x1F,
  0xFF, 0xFF, 0xE0, 0x00, 0x7F, 0xFF, 0xFF, 0x00, 0x01, 0xFF, 0xFF, 0xF8,
  0x00, 0x03, 0xFC, 0x3F, 0x80, 0x00, 0x00, 0x03, 0xF0, 0x00, 0x00, 0x00,
  0x1C, 0x00, 0x00, 0x00, 0x00, 0x80, 0xFF, 0xFF, 0x80, 0x1F, 0xFF, 0xFC,
  0x03, 0xFF, 0xFF, 0xE0, 0x7F, 0xFF, 0xFE, 0x0F, 0xFF, 0xFF, 0xE1, 0xFF,
  0xFF, 0xFC, 0x3F, 0x00, 0x7F, 0xC7, 0xE0, 0x03, 0xF8, 0xFC, 0x00, 0x7F,
  0x1F, 0x80, 0x07, 0xF3, 0xF0, 0x00, 0xFE, 0x7E, 0x00, 0x1F, 0xCF, 0xC0,
  0x03, 0xF9, 0xF8, 0x00, 0x7E, 0x3F, 0x00, 0x1F, 0xC7, 0xE0, 0x07, 0xF8,
  0xFC, 0x03, 0xFE, 0x1F, 0xFF, 0xFF, 0xC3, 0xFF, 0xFF, 0xF0, 0x7F, 0xFF,
  0xF8, 0x0F, 0xFF, 0xFE, 0x01, 0xFF, 0xFF, 0x00, 0x3F, 0x07, 0xF0, 0x07,
  0xE0, 0x7F, 0x00, 0xFC, 0x0F, 0xF0, 0x1F, 0x80, 0xFE, 0x03, 0xF0, 0x0F,
  0xE0, 0x7E, 0x01, 0xFE, 0x0F, 0xC0, 0x1F, 0xC1, 0xF8, 0x03, 0xFC, 0x3F,
  0x00, 0x3F, 0xC7, 0xE0, 0x03, 0xF8, 0xFC, 0x00, 0x7F, 0x9F, 0x80, 0x07,
  0xFB, 0xF0, 0x00, 0x7F, 0x80, 0x00, 0x3F, 0x00, 0x00, 0x7F, 0xF8, 0x00,
  0x7F, 0xFF, 0x80, 0x3F, 0xFF, 0xF0, 0x1F, 0xFF, 0xFE, 0x07, 0xFF, 0xFF,
  0xC3, 0xFC, 0x0F, 0xF0, 0xFE, 0x00, 0xFE, 0x3F, 0x00, 0x1E, 0x1F, 0xC0,
  0x04, 0x07, 0xF0, 0x00, 0x00, 0xFC, 0x00, 0x00, 0x3F, 0x80, 0x00, 0x0F,
  0xF8, 0x00, 0x01, 0xFF, 0xC0, 0x00, 0x7F, 0xFE, 0x00, 0x0F, 0xFF, 0xE0,
  0x00, 0xFF, 0xFE, 0x00, 0x1F, 0xFF, 0xC0, 0x01, 0xFF, 0xF8, 0x00, 0x0F,
  0xFF, 0x00, 0x00, 0x7F, 0xE0, 0x00, 0x07, 0xF8, 0x00, 0x00, 0xFF, 0x00,
  0x00, 0x1F, 0xC1, 0x00, 0x07, 0xF3, 0xE0, 0x01, 0xFF, 0xF8, 0x00, 0x7F,
  0x7F, 0x00, 0x1F, 0xDF, 0xE0, 0x0F, 0xE3, 0xFC, 0x07, 0xF8, 0xFF, 0xFF,
  0xFC, 0x1F, 0xFF, 0xFF, 0x03, 0xFF, 0xFF, 0x80, 0x7F, 0xFF, 0x80, 0x07,
  0xFF, 0xC0, 0x00, 0x3F, 0x00, 0x00, 0xFF, 0xFF, 0xFF, 0xFF, 0xFF, 0xFF,
  0xFF, 0xFF, 0xFF, 0xFF, 0xFF, 0xFF, 0xFF, 0xFF, 0xFF, 0xFF, 0xFF, 0xFF,
  0xFF, 0xF0, 0x03, 0xF0, 0x00, 0x00, 0xFC, 0x00, 0x00, 0x3F, 0x00, 0x00,
  0x0F, 0xC0, 0x00, 0x03, 0xF0, 0x00, 0x00, 0xFC, 0x00, 0x00, 0x3F, 0x00,
  0x00, 0x0F, 0xC0, 0x00, 0x03, 0xF0, 0x00, 0x00, 0xFC, 0x00, 0x00, 0x3F,
  0x00, 0x00, 0x0F, 0xC0, 0x00, 0x03, 0xF0, 0x00, 0x00, 0xFC, 0x00, 0x00,
  0x3F, 0x00, 0x00, 0x0F, 0xC0, 0x00, 0x03, 0xF0, 0x00, 0x00, 0xFC, 0x00,
  0x00, 0x3F, 0x00, 0x00, 0x0F, 0xC0, 0x00, 0x03, 0xF0, 0x00, 0x00, 0xFC,
  0x00, 0x00, 0x3F, 0x00, 0x00, 0x0F, 0xC0, 0x00, 0x03, 0xF0, 0x00, 0x00,
  0xFC, 0x00, 0x00, 0x3F, 0x00, 0x00, 0x0F, 0xC0, 0x00, 0x03, 0xF0, 0x00,
  0xFC, 0x00, 0x07, 0xFF, 0x80, 0x00, 0xFF, 0xF0, 0x00, 0x1F, 0xFE, 0x00,
  0x03, 0xFF, 0xC0, 0x00, 0x7F, 0xF8, 0x00, 0x0F, 0xFF, 0x00, 0x01, 0xFF,
  0xE0, 0x00, 0x3F, 0xFC, 0x00, 0x07, 0xFF, 0x80, 0x00, 0xFF, 0xF0, 0x00,
  0x1F, 0xFE, 0x00, 0x03, 0xFF, 0xC0, 0x00, 0x7F, 0xF8, 0x00, 0x0F, 0xFF,
  0x00, 0x01, 0xFF, 0xE0, 0x00, 0x3F, 0xFC, 0x00, 0x07, 0xFF, 0x80, 0x00,
  0xFF, 0xF0, 0x00, 0x1F, 0xFE, 0x00, 0x03, 0xFF, 0xC0, 0x00, 0x7F, 0xF8,
  0x00, 0x0F, 0xFF, 0x00, 0x01, 0xFF, 0xF0, 0x00, 0x3F, 0xFE, 0x00, 0x0F,
  0xFF, 0xC0, 0x01, 0xFD, 0xF8, 0x00, 0x3F, 0xBF, 0x80, 0x0F, 0xE7, 0xF8,
  0x03, 0xFC, 0x7F, 0xC1, 0xFF, 0x0F, 0xFF, 0xFF, 0xE0, 0xFF, 0xFF, 0xF8,
  0x0F, 0xFF, 0xFE, 0x00, 0xFF, 0xFF, 0x80, 0x07, 0xFF, 0xC0, 0x00, 0x1F,
  0xC0, 0x00, 0xFF, 0x00, 0x00, 0x7F, 0x7F, 0x00, 0x00, 0x7F, 0x7F, 0x00,
  0x00, 0x7E, 0x3F, 0x80, 0x00, 0xFE, 0x3F, 0x80, 0x00, 0xFE, 0x3F, 0x80,
  0x01, 0xFC, 0x1F, 0xC0, 0x01, 0xFC, 0x1F, 0xC0, 0x01, 0xFC, 0x0F, 0xC0,
  0x03, 0xF8, 0x0F, 0xE0, 0x03, 0xF8, 0x0F, 0xE0, 0x03, 0xF0, 0x07, 0xE0,
  0x07, 0xF0, 0x07, 0xF0, 0x07, 0xF0, 0x07, 0xF0, 0x07, 0xE0, 0x03, 0xF0,
  0x0F, 0xE0, 0x03, 0xF8, 0x0F, 0xE0, 0x03, 0xF8, 0x0F, 0xC0, 0x01, 0xF8,
  0x1F, 0xC0, 0x01, 0xFC, 0x1F, 0x80, 0x01, 0xFC, 0x1F, 0x80, 0x00, 0xFC,
  0x3F, 0x80, 0x00, 0xFE, 0x3F, 0x00, 0x00, 0x7E, 0x3F, 0x00, 0x00, 0x7E,
  0x7F, 0x00, 0x00, 0x7F, 0x7E, 0x00, 0x00, 0x3F, 0x7E, 0x00, 0x00, 0x3F,
  0xFC, 0x00, 0x00, 0x3F, 0xFC, 0x00, 0x00, 0x1F, 0xFC, 0x00, 0x00, 0x1F,
  0xF8, 0x00, 0x00, 0x1F, 0xF8, 0x00, 0x00, 0x0F, 0xF8, 0x00, 0x00, 0x0F,
  0xF0, 0x00, 0x00, 0x07, 0xF0, 0x00, 0x00, 0x07, 0xE0, 0x00, 0xFE, 0x00,
  0x0F, 0xC0, 0x00, 0xFF, 0xFC, 0x00, 0x1F, 0xC0, 0x01, 0xFB, 0xF8, 0x00,
  0x3F, 0x80, 0x07, 0xF3, 0xF0, 0x00, 0xFF, 0x00, 0x0F, 0xE7, 0xF0, 0x01,
  0xFF, 0x00, 0x1F, 0x8F, 0xE0, 0x03, 0xFE, 0x00, 0x3F, 0x1F, 0xC0, 0x0F,
  0xFC, 0x00, 0xFE, 0x1F, 0x80, 0x1F, 0xFC, 0x01, 0xFC, 0x3F, 0x80, 0x3F,
  0xF8, 0x03, 0xF0, 0x7F, 0x00, 0x7F, 0xF0, 0x07, 0xE0, 0xFE, 0x01, 0xFB,
  0xE0, 0x1F, 0xC0, 0xFC, 0x03, 0xF7, 0xE0, 0x3F, 0x81, 0xFC, 0x07, 0xCF,
  0xC0, 0x7E, 0x03, 0xF8, 0x1F, 0x9F, 0x80, 0xFC, 0x03, 0xF0, 0x3F, 0x1F,
  0x83, 0xF8, 0x07, 0xE0, 0x7C, 0x3F, 0x07, 0xE0, 0x0F, 0xE1, 0xF8, 0x7E,
  0x0F, 0xC0, 0x1F, 0xC3, 0xF0, 0x7C, 0x1F, 0x80, 0x1F, 0x87, 0xC0, 0xFC,
  0x7F, 0x00, 0x3F, 0x1F, 0x81, 0xF8, 0xFC, 0x00, 0x7F, 0x3F, 0x01, 0xF1,
  0xF8, 0x00, 0xFE, 0x7C, 0x03, 0xF3, 0xF0, 0x00, 0xFC, 0xF8, 0x07, 0xEF,
  0xE0, 0x01, 0xFB, 0xF0, 0x0F, 0xDF, 0x80, 0x03, 0xFF, 0xE0, 0x0F, 0xFF,
  0x00, 0x03, 0xFF, 0x80, 0x1F, 0xFE, 0x00, 0x07, 0xFF, 0x00, 0x3F, 0xFC,
  0x00, 0x0F, 0xFE, 0x00, 0x3F, 0xF0, 0x00, 0x1F, 0xF8, 0x00, 0x7F, 0xE0,
  0x00, 0x1F, 0xF0, 0x00, 0xFF, 0xC0, 0x00, 0x3F, 0xE0, 0x00, 0xFF, 0x00,
  0x00, 0x7F, 0x80, 0x01, 0xFE, 0x00, 0x00, 0xFF, 0x00, 0x03, 0xFC, 0x00,
  0x00, 0xFE, 0x00, 0x07, 0xF8, 0x00, 0x01, 0xF8, 0x00, 0x07, 0xE0, 0x00,
  0x7F, 0x80, 0x00, 0xFF, 0x1F, 0xE0, 0x00, 0xFF, 0x07, 0xF0, 0x00, 0x7F,
  0x03, 0xFC, 0x00, 0x7F, 0x00, 0xFE, 0x00, 0x7F, 0x80, 0x3F, 0x80, 0x3F,
  0x80, 0x1F, 0xE0, 0x3F, 0x80, 0x07, 0xF0, 0x3F, 0xC0, 0x01, 0xFC, 0x1F,
  0xC0, 0x00, 0xFF, 0x1F, 0xC0, 0x00, 0x3F, 0x9F, 0xE0, 0x00, 0x0F, 0xEF,
  0xE0, 0x00, 0x07, 0xFF, 0xE0, 0x00, 0x01, 0xFF, 0xF0, 0x00, 0x00, 0x7F,
  0xF0, 0x00, 0x00, 0x3F, 0xF0, 0x00, 0x00, 0x0F, 0xF8, 0x00, 0x00, 0x07,
  0xFC, 0x00, 0x00, 0x07, 0xFE, 0x00, 0x00, 0x03, 0xFF, 0x80, 0x00, 0x03,
  0xFF, 0xE0, 0x00, 0x03, 0xFF, 0xF8, 0x00, 0x01, 0xFD, 0xFC, 0x00, 0x01,
  0xFC, 0xFF, 0x00, 0x01, 0xFE, 0x3F, 0xC0, 0x00, 0xFE, 0x0F, 0xE0, 0x00,
  0xFE, 0x07, 0xF8, 0x00, 0xFF, 0x01, 0xFE, 0x00, 0x7F, 0x00, 0x7F, 0x00,
  0x7F, 0x00, 0x3F, 0xC0, 0x7F, 0x80, 0x0F, 0xF0, 0x3F, 0x80, 0x03, 0xF8,
  0x3F, 0x80, 0x01, 0xFE, 0x3F, 0xC0, 0x00, 0x7F, 0xBF, 0xC0, 0x00, 0x1F,
  0xE0, 0xFF, 0x00, 0x00, 0xFE, 0xFF, 0x00, 0x03, 0xF8, 0xFE, 0x00, 0x0F,
  0xF0, 0xFE, 0x00, 0x1F, 0xC1, 0xFE, 0x00, 0x7F, 0x01, 0xFC, 0x00, 0xFE,
  0x03, 0xFC, 0x03, 0xF8, 0x03, 0xF8, 0x07, 0xF0, 0x03, 0xF8, 0x1F, 0xC0,
  0x07, 0xF8, 0x7F, 0x00, 0x07, 0xF0, 0xFE, 0x00, 0x07, 0xF3, 0xF8, 0x00,
  0x0F, 0xE7, 0xE0, 0x00, 0x0F, 0xFF, 0xC0, 0x00, 0x1F, 0xFF, 0x00, 0x00,
  0x1F, 0xFE, 0x00, 0x00, 0x1F, 0xF8, 0x00, 0x00, 0x3F, 0xE0, 0x00, 0x00,
  0x3F, 0xC0, 0x00, 0x00, 0x3F, 0x00, 0x00, 0x00, 0x7E, 0x00, 0x00, 0x00,
  0xFC, 0x00, 0x00, 0x01, 0xF8, 0x00, 0x00, 0x03, 0xF0, 0x00, 0x00, 0x07,
  0xE0, 0x00, 0x00, 0x0F, 0xC0, 0x00, 0x00, 0x1F, 0x80, 0x00, 0x00, 0x3F,
  0x00, 0x00, 0x00, 0x7E, 0x00, 0x00, 0x00, 0xFC, 0x00, 0x00, 0x01, 0xF8,
  0x00, 0x00, 0x03, 0xF0, 0x00, 0x00, 0x07, 0xE0, 0x00, 0x00, 0x0F, 0xC0,
  0x00, 0x00, 0x1F, 0x80, 0x00, 0x7F, 0xFF, 0xFF, 0xBF, 0xFF, 0xFF, 0xDF,
  0xFF, 0xFF, 0xEF, 0xFF, 0xFF, 0xF7, 0xFF, 0xFF, 0xFB, 0xFF, 0xFF, 0xFC,
  0x00, 0x03, 0xFC, 0x00, 0x01, 0xFE, 0x00, 0x01, 0xFE, 0x00, 0x01, 0xFE,
  0x00, 0x01, 0xFE, 0x00, 0x00, 0xFF, 0x00, 0x00, 0xFF, 0x00, 0x00, 0xFF,
  0x00, 0x00, 0xFF, 0x00, 0x00, 0x7F, 0x80, 0x00, 0x7F, 0x80, 0x00, 0x7F,
  0x80, 0x00, 0x3F, 0x80, 0x00, 0x3F, 0xC0, 0x00, 0x3F, 0xC0, 0x00, 0x3F,
  0xC0, 0x00, 0x1F, 0xE0, 0x00, 0x1F, 0xE0, 0x00, 0x1F, 0xE0, 0x00, 0x1F,
  0xE0, 0x00, 0x0F, 0xF0, 0x00, 0x0F, 0xF0, 0x00, 0x0F, 0xF0, 0x00, 0x07,
  0xFF, 0xFF, 0xFF, 0xFF, 0xFF, 0xFF, 0xFF, 0xFF, 0xFF, 0xFF, 0xFF, 0xFF,
  0xFF, 0xFF, 0xFF, 0xFF, 0xFF, 0xFF, 0xE0, 0xFF, 0xFF, 0xFF, 0xFF, 0xFF,
  0xFF, 0xFF, 0xFF, 0xFF, 0xFC, 0x0F, 0xC0, 0xFC, 0x0F, 0xC0, 0xFC, 0x0F,
  0xC0, 0xFC, 0x0F, 0xC0, 0xFC, 0x0F, 0xC0, 0xFC, 0x0F, 0xC0, 0xFC, 0x0F,
  0xC0, 0xFC, 0x0F, 0xC0, 0xFC, 0x0F, 0xC0, 0xFC, 0x0F, 0xC0, 0xFC, 0x0F,
  0xC0, 0xFC, 0x0F, 0xC0, 0xFC, 0x0F, 0xC0, 0xFC, 0x0F, 0xC0, 0xFC, 0x0F,
  0xC0, 0xFC, 0x0F, 0xC0, 0xFC, 0x0F, 0xC0, 0xFF, 0xFF, 0xFF, 0xFF, 0xFF,
  0xFF, 0xFF, 0xF0, 0xFC, 0x00, 0x1F, 0x80, 0x07, 0xE0, 0x01, 0xF8, 0x00,
  0x3F, 0x00, 0x0F, 0xC0, 0x03, 0xF0, 0x00, 0x7E, 0x00, 0x1F, 0x80, 0x07,
  0xE0, 0x00, 0xFC, 0x00, 0x3F, 0x00, 0x0F, 0xC0, 0x01, 0xF8, 0x00, 0x7E,
  0x00, 0x0F, 0x80, 0x03, 0xF0, 0x00, 0xFC, 0x00, 0x1F, 0x80, 0x07, 0xE0,
  0x01, 0xF8, 0x00, 0x3F, 0x00, 0x0F, 0xC0, 0x03, 0xF0, 0x00, 0x7E, 0x00,
  0x1F, 0x80, 0x07, 0xE0, 0x00, 0xFC, 0x00, 0x3F, 0x00, 0x0F, 0xC0, 0x01,
  0xF8, 0x00, 0x7E, 0x00, 0x1F, 0x80, 0x03, 0xF0, 0x00, 0xFC, 0xFF, 0xFF,
  0xFF, 0xFF, 0xFF, 0xFF, 0xFF, 0xFF, 0xFF, 0x03, 0xF0, 0x3F, 0x03, 0xF0,
  0x3F, 0x03, 0xF0, 0x3F, 0x03, 0xF0, 0x3F, 0x03, 0xF0, 0x3F, 0x03, 0xF0,
  0x3F, 0x03, 0xF0, 0x3F, 0x03, 0xF0, 0x3F, 0x03, 0xF0, 0x3F, 0x03, 0xF0,
  0x3F, 0x03, 0xF0, 0x3F, 0x03, 0xF0, 0x3F, 0x03, 0xF0, 0x3F, 0x03, 0xF0,
  0x3F, 0x03, 0xF0, 0x3F, 0x03, 0xF0, 0x3F, 0x03, 0xF0, 0x3F, 0xFF, 0xFF,
  0xFF, 0xFF, 0xFF, 0xFF, 0xFF, 0xF0, 0x00, 0xFC, 0x00, 0x01, 0xF8, 0x00,
  0x07, 0xF8, 0x00, 0x0F, 0xF8, 0x00, 0x3F, 0xF0, 0x00, 0xFF, 0xF0, 0x01,
  0xFB, 0xE0, 0x07, 0xE7, 0xE0, 0x0F, 0xC7, 0xE0, 0x3F, 0x0F, 0xC0, 0xFC,
  0x0F, 0xC1, 0xF8, 0x1F, 0xC7, 0xE0, 0x1F, 0x8F, 0xC0, 0x1F, 0xBF, 0x00,
  0x3F, 0x80, 0xFF, 0xFF, 0xFF, 0xFF, 0xFF, 0xFF, 0xFF, 0xFF, 0xFF, 0xFF,
  0xFF, 0xFF, 0xFF, 0xFF, 0xFF, 0xF8, 0xFE, 0x1F, 0x87, 0xE0, 0xFC, 0x1F,
  0x07, 0xE0, 0xF8, 0x3F, 0x00, 0x7F, 0x00, 0x03, 0xFF, 0xF0, 0x0F, 0xFF,
  0xF8, 0x1F, 0xFF, 0xFC, 0x7F, 0xFF, 0xFE, 0x3F, 0x81, 0xFE, 0x1E, 0x00,
  0x7F, 0x08, 0x00, 0x7F, 0x00, 0x00, 0x3F, 0x00, 0x00, 0x3F, 0x00, 0xFC,
  0x3F, 0x07, 0xFF, 0xFF, 0x1F, 0xFF, 0xFF, 0x3F, 0xFF, 0xFF, 0x3F, 0xC0,
  0xFF, 0x7F, 0x00, 0x3F, 0x7E, 0x00, 0x3F, 0x7E, 0x00, 0x3F, 0xFE, 0x00,
  0x7F, 0xFE, 0x00, 0x7F, 0x7F, 0x00, 0xFF, 0x7F, 0x83, 0xFF, 0x7F, 0xFF,
  0xFF, 0x3F, 0xFF, 0xBF, 0x1F, 0xFF, 0x3F, 0x0F, 0xFE, 0x3F, 0x01, 0xF0,
  0x00, 0xFC, 0x00, 0x00, 0x3F, 0x00, 0x00, 0x0F, 0xC0, 0x00, 0x03, 0xF0,
  0x00, 0x00, 0xFC, 0x00, 0x00, 0x3F, 0x00, 0x00, 0x0F, 0xC0, 0x00, 0x03,
  0xF0, 0x00, 0x00, 0xFC, 0x00, 0x00, 0x3F, 0x03, 0xF0, 0x0F, 0xC7, 0xFF,
  0x03, 0xF3, 0xFF, 0xF0, 0xFD, 0xFF, 0xFE, 0x3F, 0xFF, 0xFF, 0xCF, 0xFF,
  0xFF, 0xF3, 0xFF, 0x01, 0xFE, 0xFF, 0x80, 0x3F, 0xBF, 0xC0, 0x07, 0xFF,
  0xE0, 0x01, 0xFF, 0xF8, 0x00, 0x3F, 0xFE, 0x00, 0x0F, 0xFF, 0x00, 0x03,
  0xFF, 0xC0, 0x00, 0xFF, 0xF0, 0x00, 0x3F, 0xFE, 0x00, 0x0F, 0xFF, 0x80,
  0x03, 0xFF, 0xE0, 0x01, 0xFF, 0xFC, 0x00, 0x7F, 0xFF, 0x80, 0x3F, 0xBF,
  0xF0, 0x3F, 0xEF, 0xFF, 0xFF, 0xF3, 0xFF, 0xFF, 0xFC, 0xFD, 0xFF, 0xFE,
  0x3F, 0x3F, 0xFF, 0x0F, 0xC7, 0xFF, 0x00, 0x00, 0x3F, 0x00, 0x00, 0x7F,
  0x00, 0x03, 0xFF, 0xE0, 0x07, 0xFF, 0xF8, 0x0F, 0xFF, 0xFC, 0x1F, 0xFF,
  0xFE, 0x3F, 0xFF, 0xFE, 0x7F, 0x80, 0xFF, 0x7F, 0x00, 0x7F, 0xFE, 0x00,
  0x3C, 0xFE, 0x00, 0x20, 0xFC, 0x00, 0x00, 0xFC, 0x00, 0x00, 0xFC, 0x00,
  0x00, 0xFC, 0x00, 0x00, 0xFC, 0x00, 0x00, 0xFC, 0x00, 0x00, 0xFC, 0x00,
  0x00, 0xFE, 0x00, 0x10, 0xFE, 0x00, 0x3E, 0x7F, 0x00, 0x7F, 0x7F, 0xC0,
  0xFF, 0x3F, 0xFF, 0xFE, 0x1F, 0xFF, 0xFE, 0x0F, 0xFF, 0xFC, 0x07, 0xFF,
  0xF0, 0x01, 0xFF, 0xE0, 0x00, 0x7E, 0x00, 0x00, 0x00, 0x1F, 0xC0, 0x00,
  0x07, 0xF0, 0x00, 0x01, 0xFC, 0x00, 0x00, 0x7F, 0x00, 0x00, 0x1F, 0xC0,
  0x00, 0x07, 0xF0, 0x00, 0x01, 0xFC, 0x00, 0x00, 0x7F, 0x00, 0x00, 0x1F,
  0xC0, 0x3F, 0x07, 0xF0, 0x3F, 0xF9, 0xFC, 0x3F, 0xFF, 0x7F, 0x1F, 0xFF,
  0xFF, 0xCF, 0xFF, 0xFF, 0xF3, 0xFF, 0xFF, 0xFD, 0xFE, 0x03, 0xFF, 0x7F,
  0x00, 0x7F, 0xFF, 0x80, 0x0F, 0xFF, 0xE0, 0x01, 0xFF, 0xF0, 0x00, 0x7F,
  0xFC, 0x00, 0x1F, 0xFF, 0x00, 0x03, 0xFF, 0xC0, 0x00, 0xFF, 0xF0, 0x00,
  0x3F, 0xFC, 0x00, 0x1F, 0xFF, 0x00, 0x07, 0xFF, 0xE0, 0x01, 0xFF, 0xF8,
  0x00, 0xFF, 0x7F, 0x00, 0x7F, 0xDF, 0xE0, 0x3F, 0xF3, 0xFF, 0xFF, 0xFC,
  0xFF, 0xFF, 0xFF, 0x1F, 0xFF, 0xEF, 0xC3, 0xFF, 0xF3, 0xF0, 0x3F, 0xF8,
  0xFC, 0x03, 0xF0, 0x00, 0x00, 0x7F, 0x00, 0x01, 0xFF, 0xE0, 0x01, 0xFF,
  0xFC, 0x01, 0xFF, 0xFF, 0x01, 0xFF, 0xFF, 0xC1, 0xFF, 0x1F, 0xF1, 0xFE,
  0x03, 0xF8, 0xFE, 0x00, 0xFE, 0xFE, 0x00, 0x3F, 0x7E, 0x00, 0x1F, 0xBF,
  0xFF, 0xFF, 0xFF, 0xFF, 0xFF, 0xFF, 0xFF, 0xFF, 0xFF, 0xFF, 0xFF, 0xFF,
  0xFF, 0xFF, 0xFF, 0xF8, 0x00, 0x00, 0xFC, 0x00, 0x00, 0x7F, 0x00, 0x00,
  0x3F, 0x80, 0x02, 0x0F, 0xE0, 0x03, 0x87, 0xF8, 0x03, 0xE1, 0xFF, 0x07,
  0xF8, 0x7F, 0xFF, 0xF8, 0x3F, 0xFF, 0xF8, 0x07, 0xFF, 0xF8, 0x01, 0xFF,
  0xF0, 0x00, 0x1F, 0xC0, 0x00, 0x00, 0x3F, 0x00, 0x7F, 0xC0, 0x7F, 0xE0,
  0x7F, 0xF0, 0x7F, 0xF8, 0x3F, 0xEC, 0x3F, 0xC0, 0x1F, 0xC0, 0x0F, 0xE0,
  0x07, 0xF0, 0x03, 0xF8, 0x1F, 0xFF, 0xEF, 0xFF, 0xF7, 0xFF, 0xFB, 0xFF,
  0xFD, 0xFF, 0xFE, 0x0F, 0xE0, 0x07, 0xF0, 0x03, 0xF8, 0x01, 0xFC, 0x00,
  0xFE, 0x00, 0x7F, 0x00, 0x3F, 0x80, 0x1F, 0xC0, 0x0F, 0xE0, 0x07, 0xF0,
  0x03, 0xF8, 0x01, 0xFC, 0x00, 0xFE, 0x00, 0x7F, 0x00, 0x3F, 0x80, 0x1F,
  0xC0, 0x0F, 0xE0, 0x07, 0xF0, 0x03, 0xF8, 0x01, 0xFC, 0x00, 0x00, 0xFC,
  0x00, 0x00, 0xFF, 0xE7, 0xF0, 0xFF, 0xFD, 0xFC, 0x7F, 0xFF, 0xFF, 0x3F,
  0xFF, 0xFF, 0xCF, 0xFF, 0xFF, 0xF7, 0xF8, 0x0F, 0xFD, 0xFC, 0x01, 0xFF,
  0xFE, 0x00, 0x3F, 0xFF, 0x80, 0x07, 0xFF, 0xC0, 0x01, 0xFF, 0xF0, 0x00,
  0x7F, 0xFC, 0x00, 0x1F, 0xFF, 0x00, 0x07, 0xFF, 0xC0, 0x01, 0xFF, 0xF0,
  0x00, 0x7F, 0xFE, 0x00, 0x1F, 0xFF, 0x80, 0x0F, 0xFF, 0xF0, 0x07, 0xFD,
  0xFE, 0x03, 0xFF, 0x7F, 0xF7, 0xFF, 0xCF, 0xFF, 0xFF, 0xF1, 0xFF, 0xFF,
  0xFC, 0x3F, 0xFF, 0x7F, 0x07, 0xFF, 0x9F, 0xC0, 0x7F, 0x87, 0xE0, 0x00,
  0x01, 0xF8, 0x00, 0x00, 0x7E, 0x0C, 0x00, 0x1F, 0x8F, 0x80, 0x0F, 0xE7,
  0xF0, 0x07, 0xF1, 0xFF, 0x03, 0xFC, 0x3F, 0xFF, 0xFE, 0x07, 0xFF, 0xFF,
  0x80, 0xFF, 0xFF, 0xC0, 0x1F, 0xFF, 0xC0, 0x01, 0xFF, 0xC0, 0x00, 0xFC,
  0x00, 0x00, 0xFC, 0x00, 0x00, 0xFC, 0x00, 0x00, 0xFC, 0x00, 0x00, 0xFC,
  0x00, 0x00, 0xFC, 0x00, 0x00, 0xFC, 0x00, 0x00, 0xFC, 0x00, 0x00, 0xFC,
  0x00, 0x00, 0xFC, 0x0F, 0xC0, 0xFC, 0x3F, 0xF0, 0xFC, 0xFF, 0xF8, 0xFD,
  0xFF, 0xFC, 0xFD, 0xFF, 0xFE, 0xFF, 0xFF, 0xFE, 0xFF, 0x81, 0xFE, 0xFF,
  0x00, 0xFF, 0xFE, 0x00, 0x7F, 0xFE, 0x00, 0x7F, 0xFE, 0x00, 0x7F, 0xFE,
  0x00, 0x7F, 0xFC, 0x00, 0x7F, 0xFC, 0x00, 0x7F, 0xFC, 0x00, 0x7F, 0xFC,
  0x00, 0x7F, 0xFC, 0x00, 0x7F, 0xFC, 0x00, 0x7F, 0xFC, 0x00, 0x7F, 0xFC,
  0x00, 0x7F, 0xFC, 0x00, 0x7F, 0xFC, 0x00, 0x7F, 0xFC, 0x00, 0x7F, 0xFC,
  0x00, 0x7F, 0xFC, 0x00, 0x7F, 0xFC, 0x00, 0x7F, 0x39, 0xFF, 0xFF, 0xFF,
  0xFF, 0xDF, 0x08, 0x00, 0x00, 0x00, 0x0F, 0xFF, 0xFF, 0xFF, 0xFF, 0xFF,
  0xFF, 0xFF, 0xFF, 0xFF, 0xFF, 0xFF, 0xFF, 0xFF, 0xFF, 0xFF, 0xFF, 0xFF,
  0xFF, 0xFF, 0xFF, 0xFF, 0xE0, 0x00, 0xE0, 0x1F, 0xC0, 0xFE, 0x07, 0xF0,
  0x3F, 0x81, 0xFC, 0x07, 0xC0, 0x08, 0x00, 0x00, 0x00, 0x00, 0x00, 0x00,
  0x00, 0x3F, 0x81, 0xFC, 0x0F, 0xE0, 0x7F, 0x03, 0xF8, 0x1F, 0xC0, 0xFE,
  0x07, 0xF0, 0x3F, 0x81, 0xFC, 0x0F, 0xE0, 0x7F, 0x03, 0xF8, 0x1F, 0xC0,
  0xFE, 0x07, 0xF0, 0x3F, 0x81, 0xFC, 0x0F, 0xE0, 0x7F, 0x03, 0xF8, 0x1F,
  0xC0, 0xFE, 0x07, 0xF0, 0x3F, 0x81, 0xFC, 0x0F, 0xE0, 0x7F, 0x03, 0xF8,
  0x1F, 0xE1, 0xFD, 0xFF, 0xEF, 0xFF, 0x7F, 0xF3, 0xFF, 0x1F, 0xE0, 0xFC,
  0x00, 0x00, 0x7E, 0x00, 0x00, 0x3F, 0x00, 0x00, 0x1F, 0x80, 0x00, 0x0F,
  0xC0, 0x00, 0x07, 0xE0, 0x00, 0x03, 0xF0, 0x00, 0x01, 0xF8, 0x00, 0x00,
  0xFC, 0x00, 0x00, 0x7E, 0x00, 0x00, 0x3F, 0x00, 0x3F, 0xDF, 0x80, 0x3F,
  0xCF, 0xC0, 0x3F, 0xC7, 0xE0, 0x3F, 0xC3, 0xF0, 0x3F, 0xC1, 0xF8, 0x3F,
  0xC0, 0xFC, 0x3F, 0xC0, 0x7E, 0x3F, 0xC0, 0x3F, 0x3F, 0xC0, 0x1F, 0xBF,
  0xC0, 0x0F, 0xFF, 0xE0, 0x07, 0xFF, 0xF8, 0x03, 0xFF, 0xFE, 0x01, 0xFF,
  0xFF, 0x00, 0xFF, 0xFF, 0xC0, 0x7F, 0xCF, 0xF0, 0x3F, 0xC3, 0xF8, 0x1F,
  0xC1, 0xFE, 0x0F, 0xC0, 0x7F, 0x07, 0xE0, 0x3F, 0xC3, 0xF0, 0x0F, 0xF1,
  0xF8, 0x03, 0xF8, 0xFC, 0x01, 0xFE, 0x7E, 0x00, 0x7F, 0xBF, 0x00, 0x1F,
  0xE0, 0xFF, 0xFF, 0xFF, 0xFF, 0xFF, 0xFF, 0xFF, 0xFF, 0xFF, 0xFF, 0xFF,
  0xFF, 0xFF, 0xFF, 0xFF, 0xFF, 0xFF, 0xFF, 0xFF, 0xFF, 0xFF, 0xFF, 0xFF,
  0xFF, 0xFF, 0xFF, 0xC0, 0x00, 0x0F, 0x80, 0x0F, 0xC0, 0xFC, 0x7F, 0xE0,
  0x7F, 0xF0, 0xFC, 0xFF, 0xF8, 0xFF, 0xF8, 0xFD, 0xFF, 0xF9, 0xFF, 0xFC,
  0xFF, 0xFF, 0xFF, 0xFF, 0xFE, 0xFF, 0xFF, 0xFF, 0xFF, 0xFE, 0xFF, 0x81,
  0xFF, 0xC0, 0xFE, 0xFF, 0x00, 0xFF, 0x00, 0xFE, 0xFE, 0x00, 0xFF, 0x00,
  0x7F, 0xFE, 0x00, 0xFE, 0x00, 0x7F, 0xFE, 0x00, 0x7E, 0x00, 0x7F, 0xFE,
  0x00, 0x7E, 0x00, 0x7F, 0xFC, 0x00, 0x7E, 0x00, 0x7F, 0xFC, 0x00, 0x7E,
  0x00, 0x7F, 0xFC, 0x00, 0x7E, 0x00, 0x7F, 0xFC, 0x00, 0x7E, 0x00, 0x7F,
  0xFC, 0x00, 0x7E, 0x00, 0x7F, 0xFC, 0x00, 0x7E, 0x00, 0x7F, 0xFC, 0x00,
  0x7E, 0x00, 0x7F, 0xFC, 0x00, 0x7E, 0x00, 0x7F, 0xFC, 0x00, 0x7E, 0x00,
  0x7F, 0xFC, 0x00, 0x7E, 0x00, 0x7F, 0xFC, 0x00, 0x7E, 0x00, 0x7F, 0xFC,
  0x00, 0x7E, 0x00, 0x7F, 0xFC, 0x00, 0x7E, 0x00, 0x7F, 0xFC, 0x00, 0x7E,
  0x00, 0x7F, 0x00, 0x0F, 0xC0, 0xFC, 0x7F, 0xF0, 0xFC, 0xFF, 0xF8, 0xFD,
  0xFF, 0xFC, 0xFF, 0xFF, 0xFE, 0xFF, 0xFF, 0xFE, 0xFF, 0x81, 0xFE, 0xFF,
  0x00, 0xFF, 0xFE, 0x00, 0x7F, 0xFE, 0x00, 0x7F, 0xFE, 0x00, 0x7F, 0xFE,
  0x00, 0x7F, 0xFC, 0x00, 0x7F, 0xFC, 0x00, 0x7F, 0xFC, 0x00, 0x7F, 0xFC,
  0x00, 0x7F, 0xFC, 0x00, 0x7F, 0xFC, 0x00, 0x7F, 0xFC, 0x00, 0x7F, 0xFC,
  0x00, 0x7F, 0xFC, 0x00, 0x7F, 0xFC, 0x00, 0x7F, 0xFC, 0x00, 0x7F, 0xFC,
  0x00, 0x7F, 0xFC, 0x00, 0x7F, 0xFC, 0x00, 0x7F, 0x00, 0x7F, 0x80, 0x00,
  0x7F, 0xF8, 0x00, 0x7F, 0xFF, 0x80, 0x3F, 0xFF, 0xF0, 0x1F, 0xFF, 0xFE,
  0x0F, 0xFF, 0xFF, 0xC7, 0xFC, 0x0F, 0xF9, 0xFC, 0x00, 0xFE, 0xFE, 0x00,
  0x1F, 0xFF, 0x80, 0x07, 0xFF, 0xC0, 0x00, 0xFF, 0xF0, 0x00, 0x3F, 0xFC,
  0x00, 0x0F, 0xFF, 0x00, 0x03, 0xFF, 0xC0, 0x00, 0xFF, 0xF0, 0x00, 0x3F,
  0xFC, 0x00, 0x0F, 0xFF, 0x80, 0x07, 0xFF, 0xE0, 0x01, 0xFD, 0xFC, 0x00,
  0xFE, 0x7F, 0xC0, 0xFF, 0x8F, 0xFF, 0xFF, 0xC1, 0xFF, 0xFF, 0xE0, 0x3F,
  0xFF, 0xF0, 0x07, 0xFF, 0xF8, 0x00, 0x7F, 0xF8, 0x00, 0x03, 0xF0, 0x00,
  0x00, 0x0F, 0xC0, 0x3F, 0x1F, 0xFC, 0x0F, 0xCF, 0xFF, 0xC3, 0xF7, 0xFF,
  0xF8, 0xFF, 0xFF, 0xFF, 0x3F, 0xFF, 0xFF, 0xCF, 0xFC, 0x07, 0xFB, 0xFE,
  0x00, 0xFE, 0xFF, 0x00, 0x1F, 0xFF, 0x80, 0x07, 0xFF, 0xE0, 0x00, 0xFF,
  0xF0, 0x00, 0x3F, 0xFC, 0x00, 0x0F, 0xFF, 0x00, 0x03, 0xFF, 0xC0, 0x00,
  0xFF, 0xF0, 0x00, 0x3F, 0xFE, 0x00, 0x0F, 0xFF, 0x80, 0x07, 0xFF, 0xF0,
  0x01, 0xFF, 0xFE, 0x00, 0xFE, 0xFF, 0xC0, 0xFF, 0xBF, 0xFF, 0xFF, 0xCF,
  0xFF, 0xFF, 0xF3, 0xF7, 0xFF, 0xF8, 0xFC, 0xFF, 0xFC, 0x3F, 0x1F, 0xFC,
  0x0F, 0xC0, 0xFC, 0x03, 0xF0, 0x00, 0x00, 0xFC, 0x00, 0x00, 0x3F, 0x00,
  0x00, 0x0F, 0xC0, 0x00, 0x03, 0xF0, 0x00, 0x00, 0xFC, 0x00, 0x00, 0x3F,
  0x00, 0x00, 0x0F, 0xC0, 0x00, 0x03, 0xF0, 0x00, 0x00, 0xFC, 0x00, 0x00,
  0x00, 0x00, 0xFC, 0x00, 0x00, 0xFF, 0xE3, 0xF0, 0xFF, 0xFC, 0xFC, 0x7F,
  0xFF, 0xBF, 0x3F, 0xFF, 0xFF, 0xCF, 0xFF, 0xFF, 0xF7, 0xF8, 0x0F, 0xFD,
  0xFC, 0x01, 0xFF, 0xFE, 0x00, 0x3F, 0xFF, 0x80, 0x07, 0xFF, 0xC0, 0x01,
  0xFF, 0xF0, 0x00, 0x7F, 0xFC, 0x00, 0x0F, 0xFF, 0x00, 0x03, 0xFF, 0xC0,
  0x00, 0xFF, 0xF0, 0x00, 0x7F, 0xFC, 0x00, 0x1F, 0xFF, 0x80, 0x07, 0xFF,
  0xE0, 0x03, 0xFD, 0xFC, 0x01, 0xFF, 0x7F, 0xC0, 0xFF, 0xCF, 0xFF, 0xFF,
  0xF3, 0xFF, 0xFF, 0xFC, 0x7F, 0xFF, 0xFF, 0x0F, 0xFF, 0xDF, 0xC0, 0xFF,
  0xE7, 0xF0, 0x0F, 0xC1, 0xFC, 0x00, 0x00, 0x7F, 0x00, 0x00, 0x1F, 0xC0,
  0x00, 0x07, 0xF0, 0x00, 0x01, 0xFC, 0x00, 0x00, 0x7F, 0x00, 0x00, 0x1F,
  0xC0, 0x00, 0x07, 0xF0, 0x00, 0x01, 0xFC, 0x00, 0x00, 0x7F, 0x00, 0x00,
  0x1F, 0xC0, 0x00, 0x1F, 0x7E, 0x3F, 0xFF, 0x3F, 0xFF, 0xBF, 0xFF, 0xFF,
  0xFF, 0xFF, 0xFF, 0xFF, 0x07, 0xFF, 0x00, 0xFF, 0x00, 0x7F, 0x00, 0x3F,
  0x80, 0x1F, 0xC0, 0x0F, 0xC0, 0x07, 0xE0, 0x03, 0xF0, 0x01, 0xF8, 0x00,
  0xFC, 0x00, 0x7E, 0x00, 0x3F, 0x00, 0x1F, 0x80, 0x0F, 0xC0, 0x07, 0xE0,
  0x03, 0xF0, 0x01, 0xF8, 0x00, 0xFC, 0x00, 0x7E, 0x00, 0x00, 0x00, 0xFE,
  0x00, 0x1F, 0xFF, 0x01, 0xFF, 0xFE, 0x0F, 0xFF, 0xFC, 0x3F, 0xFF, 0xFD,
  0xFE, 0x0F, 0xE7, 0xE0, 0x0E, 0x1F, 0x80, 0x10, 0x7E, 0x00, 0x01, 0xFC,
  0x00, 0x03, 0xFE, 0x00, 0x0F, 0xFF, 0x80, 0x1F, 0xFF, 0xC0, 0x1F, 0xFF,
  0xC0, 0x1F, 0xFF, 0x80, 0x0F, 0xFE, 0x00, 0x07, 0xFC, 0x00, 0x07, 0xF1,
  0x80, 0x0F, 0xCF, 0x00, 0x3F, 0xFE, 0x00, 0xFF, 0xFE, 0x0F, 0xF7, 0xFF,
  0xFF, 0x8F, 0xFF, 0xFC, 0x1F, 0xFF, 0xE0, 0x1F, 0xFF, 0x00, 0x0F, 0xE0,
  0x00, 0x0F, 0xE0, 0x07, 0xF0, 0x03, 0xF8, 0x01, 0xFC, 0x00, 0xFE, 0x00,
  0x7F, 0x00, 0x3F, 0x81, 0xFF, 0xFF, 0xFF, 0xFF, 0xFF, 0xFF, 0xFF, 0xFF,
  0xFF, 0xFF, 0xF0, 0xFE, 0x00, 0x7F, 0x00, 0x3F, 0x80, 0x1F, 0xC0, 0x0F,
  0xE0, 0x07, 0xF0, 0x03, 0xF8, 0x01, 0xFC, 0x00, 0xFE, 0x00, 0x7F, 0x00,
  0x3F, 0x80, 0x1F, 0xC0, 0x0F, 0xE0, 0x07, 0xF0, 0x03, 0xF8, 0x01, 0xFF,
  0x70, 0x7F, 0xF8, 0x3F, 0xFC, 0x0F, 0xFE, 0x03, 0xFF, 0x00, 0x3E, 0x00,
  0xFC, 0x00, 0x7F, 0xF8, 0x00, 0xFF, 0xF0, 0x01, 0xFF, 0xE0, 0x03, 0xFF,
  0xC0, 0x07, 0xFF, 0x80, 0x0F, 0xFF, 0x00, 0x1F, 0xFE, 0x00, 0x3F, 0xFC,
  0x00, 0x7F, 0xF8, 0x00, 0xFF, 0xF0, 0x01, 0xFF, 0xE0, 0x03, 0xFF, 0xC0,
  0x07, 0xFF, 0x80, 0x0F, 0xFF, 0x00, 0x1F, 0xFE, 0x00, 0x3F, 0xFC, 0x00,
  0x7F, 0xFC, 0x01, 0xFF, 0xF8, 0x03, 0xFF, 0xF8, 0x0F, 0xFF, 0xFC, 0xFF,
  0xEF, 0xFF, 0xFF, 0xCF, 0xFF, 0xFF, 0x9F, 0xFF, 0xBF, 0x0F, 0xFC, 0x7E,
  0x07, 0xE0, 0x00, 0xFE, 0x00, 0x0F, 0xEF, 0xC0, 0x01, 0xF9, 0xFC, 0x00,
  0x7F, 0x1F, 0x80, 0x0F, 0xC3, 0xF0, 0x01, 0xF8, 0x7F, 0x00, 0x7F, 0x07,
  0xE0, 0x0F, 0xC0, 0xFE, 0x03, 0xF8, 0x0F, 0xC0, 0x7E, 0x01, 0xF8, 0x0F,
  0xC0, 0x3F, 0x83, 0xF8, 0x03, 0xF0, 0x7E, 0x00, 0x7E, 0x0F, 0xC0, 0x07,
  0xE3, 0xF0, 0x00, 0xFC, 0x7E, 0x00, 0x1F, 0xCF, 0xC0, 0x01, 0xFB, 0xF0,
  0x00, 0x3F, 0x7E, 0x00, 0x03, 0xFF, 0x80, 0x00, 0x7F, 0xF0, 0x00, 0x0F,
  0xFC, 0x00, 0x00, 0xFF, 0x80, 0x00, 0x1F, 0xF0, 0x00, 0x01, 0xFC, 0x00,
  0x00, 0x3F, 0x80, 0x00, 0xFE, 0x00, 0x7E, 0x00, 0x7E, 0xFC, 0x00, 0xFC,
  0x00, 0xFD, 0xF8, 0x03, 0xF8, 0x03, 0xF3, 0xF8, 0x07, 0xF8, 0x07, 0xE3,
  0xF0, 0x0F, 0xF0, 0x0F, 0xC7, 0xE0, 0x3F, 0xE0, 0x3F, 0x0F, 0xE0, 0x7F,
  0xE0, 0x7E, 0x0F, 0xC0, 0xFF, 0xC0, 0xFC, 0x1F, 0x83, 0xEF, 0x81, 0xF0,
  0x3F, 0x07, 0xDF, 0x87, 0xE0, 0x3F, 0x0F, 0x9F, 0x0F, 0xC0, 0x7E, 0x3E,
  0x3E, 0x1F, 0x00, 0xFC, 0x7C, 0x7E, 0x7E, 0x01, 0xFC, 0xF8, 0x7C, 0xFC,
  0x01, 0xFB, 0xE0, 0xF9, 0xF8, 0x03, 0xF7, 0xC1, 0xF7, 0xE0, 0x07, 0xEF,
  0x83, 0xFF, 0xC0, 0x07, 0xFE, 0x03, 0xFF, 0x80, 0x0F, 0xFC, 0x07, 0xFE,
  0x00, 0x1F, 0xF8, 0x0F, 0xFC, 0x00, 0x1F, 0xF0, 0x0F, 0xF8, 0x00, 0x3F,
  0xC0, 0x1F, 0xE0, 0x00, 0x7F, 0x80, 0x3F, 0xC0, 0x00, 0x7F, 0x00, 0x3F,
  0x80, 0x00, 0xFC, 0x00, 0x7E, 0x00, 0xFF, 0x00, 0x3F, 0xCF, 0xE0, 0x0F,
  0xC3, 0xF8, 0x07, 0xF0, 0x7F, 0x03, 0xF8, 0x0F, 0xE0, 0xFC, 0x03, 0xF8,
  0x7E, 0x00, 0x7F, 0x3F, 0x80, 0x0F, 0xEF, 0xC0, 0x03, 0xFF, 0xE0, 0x00,
  0x7F, 0xF8, 0x00, 0x0F, 0xFC, 0x00, 0x01, 0xFE, 0x00, 0x00, 0x7F, 0x80,
  0x00, 0x3F, 0xE0, 0x00, 0x0F, 0xFC, 0x00, 0x07, 0xFF, 0x80, 0x03, 0xFF,
  0xF0, 0x01, 0xFD, 0xFC, 0x00, 0x7E, 0x3F, 0x80, 0x3F, 0x87, 0xF0, 0x1F,
  0xC1, 0xFC, 0x07, 0xE0, 0x3F, 0x83, 0xF8, 0x07, 0xF1, 0xFC, 0x01, 0xFC,
  0xFE, 0x00, 0x3F, 0xC0, 0xFE, 0x00, 0x0F, 0xEF, 0xC0, 0x03, 0xF9, 0xFC,
  0x00, 0x7F, 0x1F, 0x80, 0x0F, 0xC3, 0xF8, 0x03, 0xF8, 0x3F, 0x00, 0x7E,
  0x07, 0xF0, 0x1F, 0xC0, 0xFE, 0x03, 0xF0, 0x0F, 0xC0, 0x7E, 0x01, 0xFC,
  0x1F, 0xC0, 0x1F, 0x83, 0xF0, 0x03, 0xF8, 0x7E, 0x00, 0x3F, 0x1F, 0x80,
  0x07, 0xE3, 0xF0, 0x00, 0x7E, 0xFC, 0x00, 0x0F, 0xDF, 0x80, 0x01, 0xFB,
  0xF0, 0x00, 0x1F, 0xFC, 0x00, 0x03, 0xFF, 0x80, 0x00, 0x3F, 0xE0, 0x00,
  0x07, 0xFC, 0x00, 0x00, 0x7F, 0x00, 0x00, 0x0F, 0xE0, 0x00, 0x01, 0xFC,
  0x00, 0x00, 0x3F, 0x00, 0x00, 0x0F, 0xE0, 0x00, 0x01, 0xF8, 0x00, 0x00,
  0x7F, 0x00, 0x00, 0x0F, 0xC0, 0x00, 0x03, 0xF8, 0x00, 0x00, 0x7F, 0x00,
  0x00, 0x0F, 0xC0, 0x00, 0x03, 0xF8, 0x00, 0x00, 0x7E, 0x00, 0x00, 0x1F,
  0xC0, 0x00, 0x03, 0xF0, 0x00, 0x00, 0xFF, 0xFF, 0xF7, 0xFF, 0xFF, 0xBF,
  0xFF, 0xFD, 0xFF, 0xFF, 0xEF, 0xFF, 0xFF, 0x00, 0x03, 0xF8, 0x00, 0x3F,
  0x80, 0x03, 0xF8, 0x00, 0x3F, 0x80, 0x03, 0xF8, 0x00, 0x3F, 0x80, 0x03,
  0xFC, 0x00, 0x3F, 0xC0, 0x03, 0xFC, 0x00, 0x1F, 0xC0, 0x01, 0xFC, 0x00,
  0x1F, 0xC0, 0x01, 0xFC, 0x00, 0x1F, 0xC0, 0x01, 0xFC, 0x00, 0x0F, 0xFF,
  0xFF, 0xFF, 0xFF, 0xFF, 0xFF, 0xFF, 0xFF, 0xFF, 0xFF, 0xFF, 0xFF, 0xF8,
  0x00, 0x3C, 0x07, 0xF0, 0x7F, 0xC1, 0xFF, 0x0F, 0xFC, 0x3F, 0x81, 0xFC,
  0x07, 0xE0, 0x1F, 0x80, 0x7E, 0x01, 0xF8, 0x07, 0xE0, 0x1F, 0x80, 0x7E,
  0x01, 0xF8, 0x07, 0xE0, 0x1F, 0x80, 0x7E, 0x01, 0xF8, 0x0F, 0xE0, 0xFF,
  0x03, 0xF8, 0x0F, 0x80, 0x3F, 0x80, 0xFF, 0x01, 0xFE, 0x01, 0xF8, 0x07,
  0xE0, 0x1F, 0x80, 0x7E, 0x01, 0xF8, 0x07, 0xE0, 0x1F, 0x80, 0x7E, 0x01,
  0xF8, 0x07, 0xE0, 0x1F, 0x80, 0x7E, 0x01, 0xFC, 0x07, 0xF0, 0x0F, 0xFC,
  0x3F, 0xF0, 0x7F, 0xC0, 0xFF, 0x00, 0xFC, 0xFF, 0xFF, 0xFF, 0xFF, 0xFF,
  0xFF, 0xFF, 0xFF, 0xFF, 0xFF, 0xFF, 0xFF, 0xFF, 0xFF, 0xFF, 0xFF, 0xFF,
  0xFF, 0xFF, 0xFF, 0xFF, 0xFF, 0xFF, 0xFF, 0xFF, 0xFF, 0xFF, 0xFF, 0xFF,
  0xFF, 0xFF, 0xFF, 0xFF, 0xFF, 0xFF, 0xFF, 0xFC, 0xF0, 0x03, 0xF8, 0x0F,
  0xF0, 0x3F, 0xE0, 0xFF, 0xC0, 0xFF, 0x00, 0xFC, 0x03, 0xF0, 0x07, 0xC0,
  0x1F, 0x00, 0x7C, 0x01, 0xF0, 0x07, 0xC0, 0x1F, 0x00, 0x7C, 0x01, 0xF0,
  0x07, 0xC0, 0x1F, 0x80, 0x7E, 0x01, 0xF8, 0x07, 0xFC, 0x0F, 0xF0, 0x0F,
  0xC0, 0x7F, 0x03, 0xFC, 0x1F, 0xC0, 0x7E, 0x01, 0xF8, 0x07, 0xC0, 0x1F,
  0x00, 0x7C, 0x01, 0xF0, 0x07, 0xC0, 0x1F, 0x00, 0x7C, 0x01, 0xF0, 0x07,
  0xC0, 0x3F, 0x00, 0xFC, 0x07, 0xF0, 0xFF, 0xC3, 0xFE, 0x0F, 0xF8, 0x3F,
  0x80, 0xFC, 0x00, 0x07, 0x80, 0x00, 0x1F, 0xF0, 0x1F, 0x3F, 0xFC, 0x1F,
  0x7F, 0xFF, 0xFF, 0x7F, 0xFF, 0xFF, 0xFF, 0xFF, 0xFE, 0xFC, 0x3F, 0xFC,
  0xFC, 0x07, 0xF8, 0x00, 0x00, 0xE0, 0xFF, 0xFF, 0xFF, 0xFF, 0xFF, 0xFF,
  0xFF, 0xFE, 0x00, 0x07, 0xE0, 0x00, 0x7E, 0x00, 0x07, 0xE0, 0x00, 0x7E,
  0x00, 0x07, 0xE0, 0x00, 0x7E, 0x00, 0x07, 0xE0, 0x00, 0x7E, 0x00, 0x07,
  0xE0, 0x00, 0x7E, 0x00, 0x07, 0xE0, 0x00, 0x7E, 0x00, 0x07, 0xE0, 0x00,
  0x7E, 0x00, 0x07, 0xE0, 0x00, 0x7E, 0x00, 0x07, 0xE0, 0x00, 0x7E, 0x00,
  0x07, 0xE0, 0x00, 0x7E, 0x00, 0x07, 0xE0, 0x00, 0x7E, 0x00, 0x07, 0xE0,
  0x00, 0x7E, 0x00, 0x07, 0xE0, 0x00, 0x7E, 0x00, 0x07, 0xE0, 0x00, 0x7E,
  0x00, 0x07, 0xFF, 0xFF, 0xFF, 0xFF, 0xFF, 0xFF, 0xFF, 0xF0, 0xFF, 0xFF,
  0xFF, 0xFF, 0xFF, 0xFF, 0xFF, 0xFE, 0x00, 0x07, 0xE0, 0x00, 0x7E, 0x00,
  0x07, 0xE0, 0x00, 0x7E, 0x00, 0x07, 0xE0, 0x00, 0x7E, 0x00, 0x07, 0xE0,
  0x00, 0x7E, 0x00, 0x07, 0xE0, 0x00, 0x7E, 0x00, 0x07, 0xE0, 0x00, 0x7E,
  0x00, 0x07, 0xE0, 0x00, 0x7E, 0x00, 0x07, 0xE0, 0x00, 0x7E, 0x00, 0x07,
  0xE0, 0x00, 0x7E, 0x00, 0x07, 0xE0, 0x00, 0x7E, 0x00, 0x07, 0xE0, 0x00,
  0x7E, 0x00, 0x07, 0xE0, 0x00, 0x7E, 0x00, 0x07, 0xE0, 0x00, 0x7E, 0x00,
  0x07, 0xE0, 0x00, 0x7E, 0x00, 0x07, 0xFF, 0xFF, 0xFF, 0xFF, 0xFF, 0xFF,
  0xFF, 0xF0, 0xFF, 0xFF, 0xFF, 0xFF, 0xFF, 0xFF, 0xFF, 0xFE, 0x00, 0x07,
  0xE0, 0x00, 0x7E, 0x00, 0x07, 0xE0, 0x00, 0x7E, 0x00, 0x07, 0xE0, 0x00,
  0x7E, 0x00, 0x07, 0xE0, 0x00, 0x7E, 0x00, 0x07, 0xE0, 0x00, 0x7E, 0x00,
  0x07, 0xE0, 0x00, 0x7E, 0x00, 0x07, 0xE0, 0x00, 0x7E, 0x00, 0x07, 0xE0,
  0x00, 0x7E, 0x00, 0x07, 0xE0, 0x00, 0x7E, 0x00, 0x07, 0xE0, 0x00, 0x7E,
  0x00, 0x07, 0xE0, 0x00, 0x7E, 0x00, 0x07, 0xE0, 0x00, 0x7E, 0x00, 0x07,
  0xE0, 0x00, 0x7E, 0x00, 0x07, 0xE0, 0x00, 0x7E, 0x00, 0x07, 0xFF, 0xFF,
  0xFF, 0xFF, 0xFF, 0xFF, 0xFF, 0xF0, 0xFF, 0xFF, 0xFF, 0xFF, 0xFF, 0xFF,
  0xFF, 0xFE, 0x00, 0x07, 0xE0, 0x00, 0x7E, 0x00, 0x07, 0xE0, 0x00, 0x7E,
  0x00, 0x07, 0xE0, 0x00, 0x7E, 0x00, 0x07, 0xE0, 0x00, 0x7E, 0x00, 0x07,
  0xE0, 0x00, 0x7E, 0x00, 0x07, 0xE0, 0x00, 0x7E, 0x00, 0x07, 0xE0, 0x00,
  0x7E, 0x00, 0x07, 0xE0, 0x00, 0x7E, 0x00, 0x07, 0xE0, 0x00, 0x7E, 0x00,
  0x07, 0xE0, 0x00, 0x7E, 0x00, 0x07, 0xE0, 0x00, 0x7E, 0x00, 0x07, 0xE0,
  0x00, 0x7E, 0x00, 0x07, 0xE0, 0x00, 0x7E, 0x00, 0x07, 0xE0, 0x00, 0x7E,
  0x00, 0x07, 0xFF, 0xFF, 0xFF, 0xFF, 0xFF, 0xFF, 0xFF, 0xF0, 0xFF, 0xFF,
  0xFF, 0xFF, 0xFF, 0xFF, 0xFF, 0xFE, 0x00, 0x07, 0xE0, 0x00, 0x7E, 0x00,
  0x07, 0xE0, 0x00, 0x7E, 0x00, 0x07, 0xE0, 0x00, 0x7E, 0x00, 0x07, 0xE0,
  0x00, 0x7E, 0x00, 0x07, 0xE0, 0x00, 0x7E, 0x00, 0x07, 0xE0, 0x00, 0x7E,
  0x00, 0x07, 0xE0, 0x00, 0x7E, 0x00, 0x07, 0xE0, 0x00, 0x7E, 0x00, 0x07,
  0xE0, 0x00, 0x7E, 0x00, 0x07, 0xE0, 0x00, 0x7E, 0x00, 0x07, 0xE0, 0x00,
  0x7E, 0x00, 0x07, 0xE0, 0x00, 0x7E, 0x00, 0x07, 0xE0, 0x00, 0x7E, 0x00,
  0x07, 0xE0, 0x00, 0x7E, 0x00, 0x07, 0xFF, 0xFF, 0xFF, 0xFF, 0xFF, 0xFF,
  0xFF, 0xF0, 0xFF, 0xFF, 0xFF, 0xFF, 0xFF, 0xFF, 0xFF, 0xFE, 0x00, 0x07,
  0xE0, 0x00, 0x7E, 0x00, 0x07, 0xE0, 0x00, 0x7E, 0x00, 0x07, 0xE0, 0x00,
  0x7E, 0x00, 0x07, 0xE0, 0x00, 0x7E, 0x00, 0x07, 0xE0, 0x00, 0x7E, 0x00,
  0x07, 0xE0, 0x00, 0x7E, 0x00, 0x07, 0xE0, 0x00, 0x7E, 0x00, 0x07, 0xE0,
  0x00, 0x7E, 0x00, 0x07, 0xE0, 0x00, 0x7E, 0x00, 0x07, 0xE0, 0x00, 0x7E,
  0x00, 0x07, 0xE0, 0x00, 0x7E, 0x00, 0x07, 0xE0, 0x00, 0x7E, 0x00, 0x07,
  0xE0, 0x00, 0x7E, 0x00, 0x07, 0xE0, 0x00, 0x7E, 0x00, 0x07, 0xFF, 0xFF,
  0xFF, 0xFF, 0xFF, 0xFF, 0xFF, 0xF0, 0xFF, 0xFF, 0xFF, 0xFF, 0xFF, 0xFF,
  0xFF, 0xFE, 0x00, 0x07, 0xE0, 0x00, 0x7E, 0x00, 0x07, 0xE0, 0x00, 0x7E,
  0x00, 0x07, 0xE0, 0x00, 0x7E, 0x00, 0x07, 0xE0, 0x00, 0x7E, 0x00, 0x07,
  0xE0, 0x00, 0x7E, 0x00, 0x07, 0xE0, 0x00, 0x7E, 0x00, 0x07, 0xE0, 0x00,
  0x7E, 0x00, 0x07, 0xE0, 0x00, 0x7E, 0x00, 0x07, 0xE0, 0x00, 0x7E, 0x00,
  0x07, 0xE0, 0x00, 0x7E, 0x00, 0x07, 0xE0, 0x00, 0x7E, 0x00, 0x07, 0xE0,
  0x00, 0x7E, 0x00, 0x07, 0xE0, 0x00, 0x7E, 0x00, 0x07, 0xE0, 0x00, 0x7E,
  0x00, 0x07, 0xFF, 0xFF, 0xFF, 0xFF, 0xFF, 0xFF, 0xFF, 0xF0, 0xFF, 0xFF,
  0xFF, 0xFF, 0xFF, 0xFF, 0xFF, 0xFE, 0x00, 0x07, 0xE0, 0x00, 0x7E, 0x00,
  0x07, 0xE0, 0x00, 0x7E, 0x00, 0x07, 0xE0, 0x00, 0x7E, 0x00, 0x07, 0xE0,
  0x00, 0x7E, 0x00, 0x07, 0xE0, 0x00, 0x7E, 0x00, 0x07, 0xE0, 0x00, 0x7E,
  0x00, 0x07, 0xE0, 0x00, 0x7E, 0x00, 0x07, 0xE0, 0x00, 0x7E, 0x00, 0x07,
  0xE0, 0x00, 0x7E, 0x00, 0x07, 0xE0, 0x00, 0x7E, 0x00, 0x07, 0xE0, 0x00,
  0x7E, 0x00, 0x07, 0xE0, 0x00, 0x7E, 0x00, 0x07, 0xE0, 0x00, 0x7E, 0x00,
  0x07, 0xE0, 0x00, 0x7E, 0x00, 0x07, 0xFF, 0xFF, 0xFF, 0xFF, 0xFF, 0xFF,
  0xFF, 0xF0, 0xFF, 0xFF, 0xFF, 0xFF, 0xFF, 0xFF, 0xFF, 0xFE, 0x00, 0x07,
  0xE0, 0x00, 0x7E, 0x00, 0x07, 0xE0, 0x00, 0x7E, 0x00, 0x07, 0xE0, 0x00,
  0x7E, 0x00, 0x07, 0xE0, 0x00, 0x7E, 0x00, 0x07, 0xE0, 0x00, 0x7E, 0x00,
  0x07, 0xE0, 0x00, 0x7E, 0x00, 0x07, 0xE0, 0x00, 0x7E, 0x00, 0x07, 0xE0,
  0x00, 0x7E, 0x00, 0x07, 0xE0, 0x00, 0x7E, 0x00, 0x07, 0xE0, 0x00, 0x7E,
  0x00, 0x07, 0xE0, 0x00, 0x7E, 0x00, 0x07, 0xE0, 0x00, 0x7E, 0x00, 0x07,
  0xE0, 0x00, 0x7E, 0x00, 0x07, 0xE0, 0x00, 0x7E, 0x00, 0x07, 0xFF, 0xFF,
  0xFF, 0xFF, 0xFF, 0xFF, 0xFF, 0xF0, 0xFF, 0xFF, 0xFF, 0xFF, 0xFF, 0xFF,
  0xFF, 0xFE, 0x00, 0x07, 0xE0, 0x00, 0x7E, 0x00, 0x07, 0xE0, 0x00, 0x7E,
  0x00, 0x07, 0xE0, 0x00, 0x7E, 0x00, 0x07, 0xE0, 0x00, 0x7E, 0x00, 0x07,
  0xE0, 0x00, 0x7E, 0x00, 0x07, 0xE0, 0x00, 0x7E, 0x00, 0x07, 0xE0, 0x00,
  0x7E, 0x00, 0x07, 0xE0, 0x00, 0x7E, 0x00, 0x07, 0xE0, 0x00, 0x7E, 0x00,
  0x07, 0xE0, 0x00, 0x7E, 0x00, 0x07, 0xE0, 0x00, 0x7E, 0x00, 0x07, 0xE0,
  0x00, 0x7E, 0x00, 0x07, 0xE0, 0x00, 0x7E, 0x00, 0x07, 0xE0, 0x00, 0x7E,
  0x00, 0x07, 0xFF, 0xFF, 0xFF, 0xFF, 0xFF, 0xFF, 0xFF, 0xF0, 0xFF, 0xFF,
  0xFF, 0xFF, 0xFF, 0xFF, 0xFF, 0xFE, 0x00, 0x07, 0xE0, 0x00, 0x7E, 0x00,
  0x07, 0xE0, 0x00, 0x7E, 0x00, 0x07, 0xE0, 0x00, 0x7E, 0x00, 0x07, 0xE0,
  0x00, 0x7E, 0x00, 0x07, 0xE0, 0x00, 0x7E, 0x00, 0x07, 0xE0, 0x00, 0x7E,
  0x00, 0x07, 0xE0, 0x00, 0x7E, 0x00, 0x07, 0xE0, 0x00, 0x7E, 0x00, 0x07,
  0xE0, 0x00, 0x7E, 0x00, 0x07, 0xE0, 0x00, 0x7E, 0x00, 0x07, 0xE0, 0x00,
  0x7E, 0x00, 0x07, 0xE0, 0x00, 0x7E, 0x00, 0x07, 0xE0, 0x00, 0x7E, 0x00,
  0x07, 0xE0, 0x00, 0x7E, 0x00, 0x07, 0xFF, 0xFF, 0xFF, 0xFF, 0xFF, 0xFF,
  0xFF, 0xF0, 0xFF, 0xFF, 0xFF, 0xFF, 0xFF, 0xFF, 0xFF, 0xFE, 0x00, 0x07,
  0xE0, 0x00, 0x7E, 0x00, 0x07, 0xE0, 0x00, 0x7E, 0x00, 0x07, 0xE0, 0x00,
  0x7E, 0x00, 0x07, 0xE0, 0x00, 0x7E, 0x00, 0x07, 0xE0, 0x00, 0x7E, 0x00,
  0x07, 0xE0, 0x00, 0x7E, 0x00, 0x07, 0xE0, 0x00, 0x7E, 0x00, 0x07, 0xE0,
  0x00, 0x7E, 0x00, 0x07, 0xE0, 0x00, 0x7E, 0x00, 0x07, 0xE0, 0x00, 0x7E,
  0x00, 0x07, 0xE0, 0x00, 0x7E, 0x00, 0x07, 0xE0, 0x00, 0x7E, 0x00, 0x07,
  0xE0, 0x00, 0x7E, 0x00, 0x07, 0xE0, 0x00, 0x7E, 0x00, 0x07, 0xFF, 0xFF,
  0xFF, 0xFF, 0xFF, 0xFF, 0xFF, 0xF0, 0xFF, 0xFF, 0xFF, 0xFF, 0xFF, 0xFF,
  0xFF, 0xFE, 0x00, 0x07, 0xE0, 0x00, 0x7E, 0x00, 0x07, 0xE0, 0x00, 0x7E,
  0x00, 0x07, 0xE0, 0x00, 0x7E, 0x00, 0x07, 0xE0, 0x00, 0x7E, 0x00, 0x07,
  0xE0, 0x00, 0x7E, 0x00, 0x07, 0xE0, 0x00, 0x7E, 0x00, 0x07, 0xE0, 0x00,
  0x7E, 0x00, 0x07, 0xE0, 0x00, 0x7E, 0x00, 0x07, 0xE0, 0x00, 0x7E, 0x00,
  0x07, 0xE0, 0x00, 0x7E, 0x00, 0x07, 0xE0, 0x00, 0x7E, 0x00, 0x07, 0xE0,
  0x00, 0x7E, 0x00, 0x07, 0xE0, 0x00, 0x7E, 0x00, 0x07, 0xE0, 0x00, 0x7E,
  0x00, 0x07, 0xFF, 0xFF, 0xFF, 0xFF, 0xFF, 0xFF, 0xFF, 0xF0, 0xFF, 0xFF,
  0xFF, 0xFF, 0xFF, 0xFF, 0xFF, 0xFE, 0x00, 0x07, 0xE0, 0x00, 0x7E, 0x00,
  0x07, 0xE0, 0x00, 0x7E, 0x00, 0x07, 0xE0, 0x00, 0x7E, 0x00, 0x07, 0xE0,
  0x00, 0x7E, 0x00, 0x07, 0xE0, 0x00, 0x7E, 0x00, 0x07, 0xE0, 0x00, 0x7E,
  0x00, 0x07, 0xE0, 0x00, 0x7E, 0x00, 0x07, 0xE0, 0x00, 0x7E, 0x00, 0x07,
  0xE0, 0x00, 0x7E, 0x00, 0x07, 0xE0, 0x00, 0x7E, 0x00, 0x07, 0xE0, 0x00,
  0x7E, 0x00, 0x07, 0xE0, 0x00, 0x7E, 0x00, 0x07, 0xE0, 0x00, 0x7E, 0x00,
  0x07, 0xE0, 0x00, 0x7E, 0x00, 0x07, 0xFF, 0xFF, 0xFF, 0xFF, 0xFF, 0xFF,
  0xFF, 0xF0, 0xFF, 0xFF, 0xFF, 0xFF, 0xFF, 0xFF, 0xFF, 0xFE, 0x00, 0x07,
  0xE0, 0x00, 0x7E, 0x00, 0x07, 0xE0, 0x00, 0x7E, 0x00, 0x07, 0xE0, 0x00,
  0x7E, 0x00, 0x07, 0xE0, 0x00, 0x7E, 0x00, 0x07, 0xE0, 0x00, 0x7E, 0x00,
  0x07, 0xE0, 0x00, 0x7E, 0x00, 0x07, 0xE0, 0x00, 0x7E, 0x00, 0x07, 0xE0,
  0x00, 0x7E, 0x00, 0x07, 0xE0, 0x00, 0x7E, 0x00, 0x07, 0xE0, 0x00, 0x7E,
  0x00, 0x07, 0xE0, 0x00, 0x7E, 0x00, 0x07, 0xE0, 0x00, 0x7E, 0x00, 0x07,
  0xE0, 0x00, 0x7E, 0x00, 0x07, 0xE0, 0x00, 0x7E, 0x00, 0x07, 0xFF, 0xFF,
  0xFF, 0xFF, 0xFF, 0xFF, 0xFF, 0xF0, 0xFF, 0xFF, 0xFF, 0xFF, 0xFF, 0xFF,
  0xFF, 0xFE, 0x00, 0x07, 0xE0, 0x00, 0x7E, 0x00, 0x07, 0xE0, 0x00, 0x7E,
  0x00, 0x07, 0xE0, 0x00, 0x7E, 0x00, 0x07, 0xE0, 0x00, 0x7E, 0x00, 0x07,
  0xE0, 0x00, 0x7E, 0x00, 0x07, 0xE0, 0x00, 0x7E, 0x00, 0x07, 0xE0, 0x00,
  0x7E, 0x00, 0x07, 0xE0, 0x00, 0x7E, 0x00, 0x07, 0xE0, 0x00, 0x7E, 0x00,
  0x07, 0xE0, 0x00, 0x7E, 0x00, 0x07, 0xE0, 0x00, 0x7E, 0x00, 0x07, 0xE0,
  0x00, 0x7E, 0x00, 0x07, 0xE0, 0x00, 0x7E, 0x00, 0x07, 0xE0, 0x00, 0x7E,
  0x00, 0x07, 0xFF, 0xFF, 0xFF, 0xFF, 0xFF, 0xFF, 0xFF, 0xF0, 0xFF, 0xFF,
  0xFF, 0xFF, 0xFF, 0xFF, 0xFF, 0xFE, 0x00, 0x07, 0xE0, 0x00, 0x7E, 0x00,
  0x07, 0xE0, 0x00, 0x7E, 0x00, 0x07, 0xE0, 0x00, 0x7E, 0x00, 0x07, 0xE0,
  0x00, 0x7E, 0x00, 0x07, 0xE0, 0x00, 0x7E, 0x00, 0x07, 0xE0, 0x00, 0x7E,
  0x00, 0x07, 0xE0, 0x00, 0x7E, 0x00, 0x07, 0xE0, 0x00, 0x7E, 0x00, 0x07,
  0xE0, 0x00, 0x7E, 0x00, 0x07, 0xE0, 0x00, 0x7E, 0x00, 0x07, 0xE0, 0x00,
  0x7E, 0x00, 0x07, 0xE0, 0x00, 0x7E, 0x00, 0x07, 0xE0, 0x00, 0x7E, 0x00,
  0x07, 0xE0, 0x00, 0x7E, 0x00, 0x07, 0xFF, 0xFF, 0xFF, 0xFF, 0xFF, 0xFF,
  0xFF, 0xF0, 0xFF, 0xFF, 0xFF, 0xFF, 0xFF, 0xFF, 0xFF, 0xFE, 0x00, 0x07,
  0xE0, 0x00, 0x7E, 0x00, 0x07, 0xE0, 0x00, 0x7E, 0x00, 0x07, 0xE0, 0x00,
  0x7E, 0x00, 0x07, 0xE0, 0x00, 0x7E, 0x00, 0x07, 0xE0, 0x00, 0x7E, 0x00,
  0x07, 0xE0, 0x00, 0x7E, 0x00, 0x07, 0xE0, 0x00, 0x7E, 0x00, 0x07, 0xE0,
  0x00, 0x7E, 0x00, 0x07, 0xE0, 0x00, 0x7E, 0x00, 0x07, 0xE0, 0x00, 0x7E,
  0x00, 0x07, 0xE0, 0x00, 0x7E, 0x00, 0x07, 0xE0, 0x00, 0x7E, 0x00, 0x07,
  0xE0, 0x00, 0x7E, 0x00, 0x07, 0xE0, 0x00, 0x7E, 0x00, 0x07, 0xFF, 0xFF,
  0xFF, 0xFF, 0xFF, 0xFF, 0xFF, 0xF0, 0xFF, 0xFF, 0xFF, 0xFF, 0xFF, 0xFF,
  0xFF, 0xFE, 0x00, 0x07, 0xE0, 0x00, 0x7E, 0x00, 0x07, 0xE0, 0x00, 0x7E,
  0x00, 0x07, 0xE0, 0x00, 0x7E, 0x00, 0x07, 0xE0, 0x00, 0x7E, 0x00, 0x07,
  0xE0, 0x00, 0x7E, 0x00, 0x07, 0xE0, 0x00, 0x7E, 0x00, 0x07, 0xE0, 0x00,
  0x7E, 0x00, 0x07, 0xE0, 0x00, 0x7E, 0x00, 0x07, 0xE0, 0x00, 0x7E, 0x00,
  0x07, 0xE0, 0x00, 0x7E, 0x00, 0x07, 0xE0, 0x00, 0x7E, 0x00, 0x07, 0xE0,
  0x00, 0x7E, 0x00, 0x07, 0xE0, 0x00, 0x7E, 0x00, 0x07, 0xE0, 0x00, 0x7E,
  0x00, 0x07, 0xFF, 0xFF, 0xFF, 0xFF, 0xFF, 0xFF, 0xFF, 0xF0, 0xFF, 0xFF,
  0xFF, 0xFF, 0xFF, 0xFF, 0xFF, 0xFE, 0x00, 0x07, 0xE0, 0x00, 0x7E, 0x00,
  0x07, 0xE0, 0x00, 0x7E, 0x00, 0x07, 0xE0, 0x00, 0x7E, 0x00, 0x07, 0xE0,
  0x00, 0x7E, 0x00, 0x07, 0xE0, 0x00, 0x7E, 0x00, 0x07, 0xE0, 0x00, 0x7E,
  0x00, 0x07, 0xE0, 0x00, 0x7E, 0x00, 0x07, 0xE0, 0x00, 0x7E, 0x00, 0x07,
  0xE0, 0x00, 0x7E, 0x00, 0x07, 0xE0, 0x00, 0x7E, 0x00, 0x07, 0xE0, 0x00,
  0x7E, 0x00, 0x07, 0xE0, 0x00, 0x7E, 0x00, 0x07, 0xE0, 0x00, 0x7E, 0x00,
  0x07, 0xE0, 0x00, 0x7E, 0x00, 0x07, 0xFF, 0xFF, 0xFF, 0xFF, 0xFF, 0xFF,
  0xFF, 0xF0, 0xFF, 0xFF, 0xFF, 0xFF, 0xFF, 0xFF, 0xFF, 0xFE, 0x00, 0x07,
  0xE0, 0x00, 0x7E, 0x00, 0x07, 0xE0, 0x00, 0x7E, 0x00, 0x07, 0xE0, 0x00,
  0x7E, 0x00, 0x07, 0xE0, 0x00, 0x7E, 0x00, 0x07, 0xE0, 0x00, 0x7E, 0x00,
  0x07, 0xE0, 0x00, 0x7E, 0x00, 0x07, 0xE0, 0x00, 0x7E, 0x00, 0x07, 0xE0,
  0x00, 0x7E, 0x00, 0x07, 0xE0, 0x00, 0x7E, 0x00, 0x07, 0xE0, 0x00, 0x7E,
  0x00, 0x07, 0xE0, 0x00, 0x7E, 0x00, 0x07, 0xE0, 0x00, 0x7E, 0x00, 0x07,
  0xE0, 0x00, 0x7E, 0x00, 0x07, 0xE0, 0x00, 0x7E, 0x00, 0x07, 0xFF, 0xFF,
  0xFF, 0xFF, 0xFF, 0xFF, 0xFF, 0xF0, 0xFF, 0xFF, 0xFF, 0xFF, 0xFF, 0xFF,
  0xFF, 0xFE, 0x00, 0x07, 0xE0, 0x00, 0x7E, 0x00, 0x07, 0xE0, 0x00, 0x7E,
  0x00, 0x07, 0xE0, 0x00, 0x7E, 0x00, 0x07, 0xE0, 0x00, 0x7E, 0x00, 0x07,
  0xE0, 0x00, 0x7E, 0x00, 0x07, 0xE0, 0x00, 0x7E, 0x00, 0x07, 0xE0, 0x00,
  0x7E, 0x00, 0x07, 0xE0, 0x00, 0x7E, 0x00, 0x07, 0xE0, 0x00, 0x7E, 0x00,
  0x07, 0xE0, 0x00, 0x7E, 0x00, 0x07, 0xE0, 0x00, 0x7E, 0x00, 0x07, 0xE0,
  0x00, 0x7E, 0x00, 0x07, 0xE0, 0x00, 0x7E, 0x00, 0x07, 0xE0, 0x00, 0x7E,
  0x00, 0x07, 0xFF, 0xFF, 0xFF, 0xFF, 0xFF, 0xFF, 0xFF, 0xF0, 0xFF, 0xFF,
  0xFF, 0xFF, 0xFF, 0xFF, 0xFF, 0xFE, 0x00, 0x07, 0xE0, 0x00, 0x7E, 0x00,
  0x07, 0xE0, 0x00, 0x7E, 0x00, 0x07, 0xE0, 0x00, 0x7E, 0x00, 0x07, 0xE0,
  0x00, 0x7E, 0x00, 0x07, 0xE0, 0x00, 0x7E, 0x00, 0x07, 0xE0, 0x00, 0x7E,
  0x00, 0x07, 0xE0, 0x00, 0x7E, 0x00, 0x07, 0xE0, 0x00, 0x7E, 0x00, 0x07,
  0xE0, 0x00, 0x7E, 0x00, 0x07, 0xE0, 0x00, 0x7E, 0x00, 0x07, 0xE0, 0x00,
  0x7E, 0x00, 0x07, 0xE0, 0x00, 0x7E, 0x00, 0x07, 0xE0, 0x00, 0x7E, 0x00,
  0x07, 0xE0, 0x00, 0x7E, 0x00, 0x07, 0xFF, 0xFF, 0xFF, 0xFF, 0xFF, 0xFF,
  0xFF, 0xF0, 0xFF, 0xFF, 0xFF, 0xFF, 0xFF, 0xFF, 0xFF, 0xFE, 0x00, 0x07,
  0xE0, 0x00, 0x7E, 0x00, 0x07, 0xE0, 0x00, 0x7E, 0x00, 0x07, 0xE0, 0x00,
  0x7E, 0x00, 0x07, 0xE0, 0x00, 0x7E, 0x00, 0x07, 0xE0, 0x00, 0x7E, 0x00,
  0x07, 0xE0, 0x00, 0x7E, 0x00, 0x07, 0xE0, 0x00, 0x7E, 0x00, 0x07, 0xE0,
  0x00, 0x7E, 0x00, 0x07, 0xE0, 0x00, 0x7E, 0x00, 0x07, 0xE0, 0x00, 0x7E,
  0x00, 0x07, 0xE0, 0x00, 0x7E, 0x00, 0x07, 0xE0, 0x00, 0x7E, 0x00, 0x07,
  0xE0, 0x00, 0x7E, 0x00, 0x07, 0xE0, 0x00, 0x7E, 0x00, 0x07, 0xFF, 0xFF,
  0xFF, 0xFF, 0xFF, 0xFF, 0xFF, 0xF0, 0xFF, 0xFF, 0xFF, 0xFF, 0xFF, 0xFF,
  0xFF, 0xFE, 0x00, 0x07, 0xE0, 0x00, 0x7E, 0x00, 0x07, 0xE0, 0x00, 0x7E,
  0x00, 0x07, 0xE0, 0x00, 0x7E, 0x00, 0x07, 0xE0, 0x00, 0x7E, 0x00, 0x07,
  0xE0, 0x00, 0x7E, 0x00, 0x07, 0xE0, 0x00, 0x7E, 0x00, 0x07, 0xE0, 0x00,
  0x7E, 0x00, 0x07, 0xE0, 0x00, 0x7E, 0x00, 0x07, 0xE0, 0x00, 0x7E, 0x00,
  0x07, 0xE0, 0x00, 0x7E, 0x00, 0x07, 0xE0, 0x00, 0x7E, 0x00, 0x07, 0xE0,
  0x00, 0x7E, 0x00, 0x07, 0xE0, 0x00, 0x7E, 0x00, 0x07, 0xE0, 0x00, 0x7E,
  0x00, 0x07, 0xFF, 0xFF, 0xFF, 0xFF, 0xFF, 0xFF, 0xFF, 0xF0, 0xFF, 0xFF,
  0xFF, 0xFF, 0xFF, 0xFF, 0xFF, 0xFE, 0x00, 0x07, 0xE0, 0x00, 0x7E, 0x00,
  0x07, 0xE0, 0x00, 0x7E, 0x00, 0x07, 0xE0, 0x00, 0x7E, 0x00, 0x07, 0xE0,
  0x00, 0x7E, 0x00, 0x07, 0xE0, 0x00, 0x7E, 0x00, 0x07, 0xE0, 0x00, 0x7E,
  0x00, 0x07, 0xE0, 0x00, 0x7E, 0x00, 0x07, 0xE0, 0x00, 0x7E, 0x00, 0x07,
  0xE0, 0x00, 0x7E, 0x00, 0x07, 0xE0, 0x00, 0x7E, 0x00, 0x07, 0xE0, 0x00,
  0x7E, 0x00, 0x07, 0xE0, 0x00, 0x7E, 0x00, 0x07, 0xE0, 0x00, 0x7E, 0x00,
  0x07, 0xE0, 0x00, 0x7E, 0x00, 0x07, 0xFF, 0xFF, 0xFF, 0xFF, 0xFF, 0xFF,
  0xFF, 0xF0, 0xFF, 0xFF, 0xFF, 0xFF, 0xFF, 0xFF, 0xFF, 0xFE, 0x00, 0x07,
  0xE0, 0x00, 0x7E, 0x00, 0x07, 0xE0, 0x00, 0x7E, 0x00, 0x07, 0xE0, 0x00,
  0x7E, 0x00, 0x07, 0xE0, 0x00, 0x7E, 0x00, 0x07, 0xE0, 0x00, 0x7E, 0x00,
  0x07, 0xE0, 0x00, 0x7E, 0x00, 0x07, 0xE0, 0x00, 0x7E, 0x00, 0x07, 0xE0,
  0x00, 0x7E, 0x00, 0x07, 0xE0, 0x00, 0x7E, 0x00, 0x07, 0xE0, 0x00, 0x7E,
  0x00, 0x07, 0xE0, 0x00, 0x7E, 0x00, 0x07, 0xE0, 0x00, 0x7E, 0x00, 0x07,
  0xE0, 0x00, 0x7E, 0x00, 0x07, 0xE0, 0x00, 0x7E, 0x00, 0x07, 0xFF, 0xFF,
  0xFF, 0xFF, 0xFF, 0xFF, 0xFF, 0xF0, 0xFF, 0xFF, 0xFF, 0xFF, 0xFF, 0xFF,
  0xFF, 0xFE, 0x00, 0x07, 0xE0, 0x00, 0x7E, 0x00, 0x07, 0xE0, 0x00, 0x7E,
  0x00, 0x07, 0xE0, 0x00, 0x7E, 0x00, 0x07, 0xE0, 0x00, 0x7E, 0x00, 0x07,
  0xE0, 0x00, 0x7E, 0x00, 0x07, 0xE0, 0x00, 0x7E, 0x00, 0x07, 0xE0, 0x00,
  0x7E, 0x00, 0x07, 0xE0, 0x00, 0x7E, 0x00, 0x07, 0xE0, 0x00, 0x7E, 0x00,
  0x07, 0xE0, 0x00, 0x7E, 0x00, 0x07, 0xE0, 0x00, 0x7E, 0x00, 0x07, 0xE0,
  0x00, 0x7E, 0x00, 0x07, 0xE0, 0x00, 0x7E, 0x00, 0x07, 0xE0, 0x00, 0x7E,
  0x00, 0x07, 0xFF, 0xFF, 0xFF, 0xFF, 0xFF, 0xFF, 0xFF, 0xF0, 0xFF, 0xFF,
  0xFF, 0xFF, 0xFF, 0xFF, 0xFF, 0xFE, 0x00, 0x07, 0xE0, 0x00, 0x7E, 0x00,
  0x07, 0xE0, 0x00, 0x7E, 0x00, 0x07, 0xE0, 0x00, 0x7E, 0x00, 0x07, 0xE0,
  0x00, 0x7E, 0x00, 0x07, 0xE0, 0x00, 0x7E, 0x00, 0x07, 0xE0, 0x00, 0x7E,
  0x00, 0x07, 0xE0, 0x00, 0x7E, 0x00, 0x07, 0xE0, 0x00, 0x7E, 0x00, 0x07,
  0xE0, 0x00, 0x7E, 0x00, 0x07, 0xE0, 0x00, 0x7E, 0x00, 0x07, 0xE0, 0x00,
  0x7E, 0x00, 0x07, 0xE0, 0x00, 0x7E, 0x00, 0x07, 0xE0, 0x00, 0x7E, 0x00,
  0x07, 0xE0, 0x00, 0x7E, 0x00, 0x07, 0xFF, 0xFF, 0xFF, 0xFF, 0xFF, 0xFF,
  0xFF, 0xF0, 0xFF, 0xFF, 0xFF, 0xFF, 0xFF, 0xFF, 0xFF, 0xFE, 0x00, 0x07,
  0xE0, 0x00, 0x7E, 0x00, 0x07, 0xE0, 0x00, 0x7E, 0x00, 0x07, 0xE0, 0x00,
  0x7E, 0x00, 0x07, 0xE0, 0x00, 0x7E, 0x00, 0x07, 0xE0, 0x00, 0x7E, 0x00,
  0x07, 0xE0, 0x00, 0x7E, 0x00, 0x07, 0xE0, 0x00, 0x7E, 0x00, 0x07, 0xE0,
  0x00, 0x7E, 0x00, 0x07, 0xE0, 0x00, 0x7E, 0x00, 0x07, 0xE0, 0x00, 0x7E,
  0x00, 0x07, 0xE0, 0x00, 0x7E, 0x00, 0x07, 0xE0, 0x00, 0x7E, 0x00, 0x07,
  0xE0, 0x00, 0x7E, 0x00, 0x07, 0xE0, 0x00, 0x7E, 0x00, 0x07, 0xFF, 0xFF,
  0xFF, 0xFF, 0xFF, 0xFF, 0xFF, 0xF0, 0xFF, 0xFF, 0xFF, 0xFF, 0xFF, 0xFF,
  0xFF, 0xFE, 0x00, 0x07, 0xE0, 0x00, 0x7E, 0x00, 0x07, 0xE0, 0x00, 0x7E,
  0x00, 0x07, 0xE0, 0x00, 0x7E, 0x00, 0x07, 0xE0, 0x00, 0x7E, 0x00, 0x07,
  0xE0, 0x00, 0x7E, 0x00, 0x07, 0xE0, 0x00, 0x7E, 0x00, 0x07, 0xE0, 0x00,
  0x7E, 0x00, 0x07, 0xE0, 0x00, 0x7E, 0x00, 0x07, 0xE0, 0x00, 0x7E, 0x00,
  0x07, 0xE0, 0x00, 0x7E, 0x00, 0x07, 0xE0, 0x00, 0x7E, 0x00, 0x07, 0xE0,
  0x00, 0x7E, 0x00, 0x07, 0xE0, 0x00, 0x7E, 0x00, 0x07, 0xE0, 0x00, 0x7E,
  0x00, 0x07, 0xFF, 0xFF, 0xFF, 0xFF, 0xFF, 0xFF, 0xFF, 0xF0, 0xFF, 0xFF,
  0xFF, 0xFF, 0xFF, 0xFF, 0xFF, 0xFE, 0x00, 0x07, 0xE0, 0x00, 0x7E, 0x00,
  0x07, 0xE0, 0x00, 0x7E, 0x00, 0x07, 0xE0, 0x00, 0x7E, 0x00, 0x07, 0xE0,
  0x00, 0x7E, 0x00, 0x07, 0xE0, 0x00, 0x7E, 0x00, 0x07, 0xE0, 0x00, 0x7E,
  0x00, 0x07, 0xE0, 0x00, 0x7E, 0x00, 0x07, 0xE0, 0x00, 0x7E, 0x00, 0x07,
  0xE0, 0x00, 0x7E, 0x00, 0x07, 0xE0, 0x00, 0x7E, 0x00, 0x07, 0xE0, 0x00,
  0x7E, 0x00, 0x07, 0xE0, 0x00, 0x7E, 0x00, 0x07, 0xE0, 0x00, 0x7E, 0x00,
  0x07, 0xE0, 0x00, 0x7E, 0x00, 0x07, 0xFF, 0xFF, 0xFF, 0xFF, 0xFF, 0xFF,
  0xFF, 0xF0, 0xFF, 0xFF, 0xFF, 0xFF, 0xFF, 0xFF, 0xFF, 0xFE, 0x00, 0x07,
  0xE0, 0x00, 0x7E, 0x00, 0x07, 0xE0, 0x00, 0x7E, 0x00, 0x07, 0xE0, 0x00,
  0x7E, 0x00, 0x07, 0xE0, 0x00, 0x7E, 0x00, 0x07, 0xE0, 0x00, 0x7E, 0x00,
  0x07, 0xE0, 0x00, 0x7E, 0x00, 0x07, 0xE0, 0x00, 0x7E, 0x00, 0x07, 0xE0,
  0x00, 0x7E, 0x00, 0x07, 0xE0, 0x00, 0x7E, 0x00, 0x07, 0xE0, 0x00, 0x7E,
  0x00, 0x07, 0xE0, 0x00, 0x7E, 0x00, 0x07, 0xE0, 0x00, 0x7E, 0x00, 0x07,
  0xE0, 0x00, 0x7E, 0x00, 0x07, 0xE0, 0x00, 0x7E, 0x00, 0x07, 0xFF, 0xFF,
  0xFF, 0xFF, 0xFF, 0xFF, 0xFF, 0xF0, 0x00, 0x1C, 0x1F, 0x9F, 0xDF, 0xFF,
  0xFB, 0xFD, 0xFC, 0x7C, 0x00, 0x00, 0x00, 0x00, 0x03, 0xE1, 0xF0, 0xF8,
  0x7C, 0x3E, 0x1F, 0x0F, 0x87, 0xC3, 0xE1, 0xF0, 0xFC, 0x7E, 0x3F, 0x1F,
  0x9F, 0xCF, 0xE7, 0xF3, 0xF9, 0xFC, 0xFE, 0x7F, 0x3F, 0x9F, 0xCF, 0xE0,
  0x00, 0x1E, 0x00, 0x00, 0x0F, 0x00, 0x00, 0x07, 0x80, 0x00, 0x03, 0xC0,
  0x00, 0x1F, 0xFE, 0x00, 0x1F, 0xFF, 0x80, 0x3F, 0xFF, 0xF0, 0x3F, 0xFF,
  0xFC, 0x3F, 0xFF, 0xFE, 0x1F, 0xEF, 0x7F, 0x9F, 0xE7, 0x8F, 0xCF, 0xE3,
  0xC7, 0x87, 0xE1, 0xE1, 0x07, 0xF0, 0xF0, 0x03, 0xF8, 0x78, 0x01, 0xF8,
  0x3C, 0x00, 0xFC, 0x1E, 0x00, 0x7E, 0x0F, 0x00, 0x3F, 0x87, 0x80, 0x0F,
  0xC3, 0xC0, 0x07, 0xF1, 0xE1, 0x83, 0xF8, 0xF1, 0xFC, 0xFE, 0x79, 0xFC,
  0x7F, 0xFF, 0xFE, 0x1F, 0xFF, 0xFE, 0x07, 0xFF, 0xFE, 0x01, 0xFF, 0xFE,
  0x00, 0x3F, 0xFC, 0x00, 0x07, 0xF8, 0x00, 0x00, 0xF0, 0x00, 0x00, 0x78,
  0x00, 0x00, 0x3C, 0x00, 0x00, 0x1E, 0x00, 0x00, 0x00, 0xFC, 0x00, 0x01,
  0xFF, 0xC0, 0x03, 0xFF, 0xF8, 0x03, 0xFF, 0xFE, 0x03, 0xFF, 0xFF, 0x83,
  0xFF, 0xFF, 0xC1, 0xFF, 0x9F, 0xF0, 0xFF, 0x03, 0xF8, 0xFF, 0x00, 0xF0,
  0x7F, 0x00, 0x60, 0x3F, 0x80, 0x00, 0x0F, 0xC0, 0x00, 0x07, 0xE0, 0x00,
  0x03, 0xF8, 0x00, 0x01, 0xFC, 0x00, 0x00, 0x7F, 0x00, 0x00, 0x3F, 0x80,
  0x00, 0x0F, 0xE0, 0x00, 0x3F, 0xFF, 0xF0, 0x1F, 0xFF, 0xF8, 0x0F, 0xFF,
  0xFC, 0x07, 0xFF, 0xFE, 0x00, 0x3F, 0x80, 0x00, 0x1F, 0xC0, 0x00, 0x0F,
  0xE0, 0x00, 0x07, 0xF0, 0x00, 0x03, 0xF0, 0x00, 0x03, 0xF8, 0x01, 0x03,
  0xF8, 0x01, 0xE3, 0xFC, 0x01, 0xFF, 0xFF, 0xFF, 0xFF, 0xFF, 0xFF, 0xFE,
  0xFF, 0xFF, 0xFE, 0x7F, 0xFF, 0xFE, 0x3F, 0xFF, 0xFE, 0x1F, 0xFF, 0xFC,
  0x00, 0x10, 0x00, 0x08, 0x38, 0xFF, 0x1C, 0x7F, 0xFF, 0xFE, 0xFF, 0xFF,
  0xFF, 0x3F, 0xFF, 0xFE, 0x1F, 0xFF, 0xFC, 0x1F, 0x81, 0xFC, 0x3F, 0x00,
  0xFC, 0x3E, 0x00, 0x7C, 0x7E, 0x00, 0x7E, 0x7E, 0x00, 0x7E, 0x7E, 0x00,
  0x7E, 0x7E, 0x00, 0x7E, 0x3E, 0x00, 0x7E, 0x3F, 0x00, 0xFC, 0x3F, 0x00,
  0xFC, 0x1F, 0xC3, 0xF8, 0x3F, 0xFF, 0xFC, 0x7F, 0xFF, 0xFE, 0xFF, 0xFF,
  0xFF, 0x7F, 0xFF, 0xFE, 0x38, 0xFF, 0x1C, 0x10, 0x00, 0x08, 0xFF, 0x00,
  0x00, 0xFE, 0xFF, 0x00, 0x03, 0xF8, 0xFE, 0x00, 0x0F, 0xF0, 0xFE, 0x00,
  0x1F, 0xC1, 0xFE, 0x00, 0x7F, 0x81, 0xFC, 0x00, 0xFE, 0x03, 0xFC, 0x03,
  0xF8, 0x03, 0xF8, 0x07, 0xF0, 0x03, 0xF8, 0x1F, 0xC0, 0x07, 0xF0, 0x3F,
  0x00, 0x07, 0xF0, 0xFE, 0x00, 0x07, 0xF3, 0xF8, 0x00, 0x0F, 0xE7, 0xF0,
  0x00, 0x0F, 0xFF, 0xC0, 0x00, 0x1F, 0xFF, 0x00, 0x00, 0x1F, 0xFE, 0x00,
  0x0F, 0xFF, 0xFF, 0xF0, 0x1F, 0xFF, 0xFF, 0xE0, 0x3F, 0xFF, 0xFF, 0xC0,
  0x7F, 0xFF, 0xFF, 0x80, 0x00, 0x7E, 0x00, 0x00, 0x00, 0xFC, 0x00, 0x00,
  0x01, 0xF8, 0x00, 0x00, 0x03, 0xF0, 0x00, 0x0F, 0xFF, 0xFF, 0xF0, 0x1F,
  0xFF, 0xFF, 0xE0, 0x3F, 0xFF, 0xFF, 0xC0, 0x7F, 0xFF, 0xFF, 0x80, 0x00,
  0x7E, 0x00, 0x00, 0x00, 0xFC, 0x00, 0x00, 0x01, 0xF8, 0x00, 0x00, 0x03,
  0xF0, 0x00, 0x00, 0x07, 0xE0, 0x00, 0x00, 0x0F, 0xC0, 0x00, 0x00, 0x1F,
  0x80, 0x00, 0xFF, 0xFF, 0xFF, 0xFF, 0xFF, 0xFF, 0xFF, 0xFF, 0xFF, 0xFF,
  0xFF, 0xFF, 0xFF, 0xFF, 0xC0, 0x00, 0x00, 0x3F, 0xFF, 0xFF, 0xFF, 0xFF,
  0xFF, 0xFF, 0xFF, 0xFF, 0xFF, 0xFF, 0xFF, 0xFF, 0xFF, 0xFF, 0xC0, 0x00,
  0x7E, 0x00, 0x01, 0xFF, 0xE0, 0x01, 0xFF, 0xFC, 0x01, 0xFF, 0xFF, 0x01,
  0xFF, 0xFF, 0xC1, 0xFF, 0xFF, 0xF0, 0xFF, 0x07, 0xF8, 0x7E, 0x00, 0xFE,
  0x3F, 0x00, 0x38, 0x1F, 0x80, 0x10, 0x0F, 0xC0, 0x00, 0x07, 0xF0, 0x00,
  0x03, 0xFE, 0x00, 0x00, 0xFF, 0xC0, 0x00, 0x3F, 0xFC, 0x00, 0x0F, 0xFF,
  0x80, 0x0F, 0xFF, 0xF0, 0x0F, 0xFF, 0xFC, 0x0F, 0xF7, 0xFF, 0x87, 0xE0,
  0x7F, 0xC7, 0xF0, 0x0F, 0xF3, 0xF0, 0x03, 0xF9, 0xF8, 0x00, 0xFE, 0xFE,
  0x00, 0x7F, 0x7F, 0x00, 0x3F, 0x9F, 0xE0, 0x1F, 0xCF, 0xFC, 0x0F, 0xC3,
  0xFF, 0x8F, 0xE0, 0xFF, 0xFF, 0xE0, 0x3F, 0xFF, 0xF0, 0x07, 0xFF, 0xF0,
  0x00, 0xFF, 0xF0, 0x00, 0x0F, 0xFC, 0x00, 0x01, 0xFF, 0x00, 0x00, 0x3F,
  0xC0, 0x00, 0x0F, 0xE0, 0xC0, 0x07, 0xF1, 0xF0, 0x01, 0xFB, 0xF8, 0x00,
  0xFC, 0xFE, 0x00, 0xFE, 0x7F, 0x80, 0x7F, 0x1F, 0xF0, 0xFF, 0x0F, 0xFF,
  0xFF, 0x83, 0xFF, 0xFF, 0x80, 0xFF, 0xFF, 0x80, 0x1F, 0xFF, 0x80, 0x03,
  0xFF, 0x00, 0x00, 0x02, 0x1F, 0x03, 0xEF, 0xE1, 0xFB, 0xF8, 0x7F, 0xFE,
  0x1F, 0x9F, 0x87, 0xE7, 0xC0, 0xF0, 0x00, 0x01, 0xFC, 0x00, 0x00, 0x00,
  0xFF, 0xFE, 0x00, 0x00, 0x1F, 0xFF, 0xFC, 0x00, 0x01, 0xFF, 0xFF, 0xF0,
  0x00, 0x3F, 0x80, 0x0F, 0xC0, 0x03, 0xF0, 0x00, 0x1F, 0x80, 0x3E, 0x00,
  0x00, 0x7C, 0x03, 0xE0, 0x00, 0x01, 0xF0, 0x1E, 0x01, 0xFC, 0x07, 0xC1,
  0xE0, 0x3F, 0xF8, 0x1F, 0x0F, 0x03, 0xFF, 0xF0, 0x78, 0xF0, 0x3F, 0xFF,
  0x83, 0xE7, 0x83, 0xF0, 0x7E, 0x0F, 0x78, 0x3F, 0x00, 0xF8, 0x7B, 0xC1,
  0xF0, 0x07, 0x01, 0xDE, 0x0F, 0x80, 0x00, 0x0F, 0xF0, 0x78, 0x00, 0x00,
  0x7F, 0x87, 0xC0, 0x00, 0x03, 0xFC, 0x3E, 0x00, 0x00, 0x1F, 0xE1, 0xF0,
  0x00, 0x00, 0xFF, 0x07, 0x80, 0x00, 0x07, 0xF8, 0x3E, 0x00, 0x00, 0x3F,
  0xC1, 0xF0, 0x07, 0x01, 0xDE, 0x07, 0xC0, 0x3E, 0x1E, 0x78, 0x3F, 0x87,
  0xE0, 0xF3, 0xC0, 0xFF, 0xFE, 0x0F, 0x8F, 0x03, 0xFF, 0xE0, 0x78, 0x7C,
  0x0F, 0xFE, 0x07, 0xC1, 0xE0, 0x1F, 0xC0, 0x7C, 0x0F, 0x80, 0x00, 0x07,
  0xC0, 0x3F, 0x00, 0x00, 0x7C, 0x00, 0xFC, 0x00, 0x07, 0xC0, 0x03, 0xF8,
  0x01, 0xFC, 0x00, 0x07, 0xFF, 0xFF, 0xC0, 0x00, 0x1F, 0xFF, 0xF8, 0x00,
  0x00, 0x3F, 0xFF, 0x00, 0x00, 0x00, 0x1F, 0xC0, 0x00, 0x00, 0x01, 0xFC,
  0x00, 0xFF, 0xF0, 0x3F, 0xFF, 0xC7, 0xFF, 0xFE, 0xFF, 0xBF, 0xE3, 0x80,
  0x7F, 0x10, 0x03, 0xF0, 0x00, 0x1F, 0x00, 0x01, 0xF0, 0xFF, 0x9F, 0x3F,
  0xFF, 0xF7, 0xFF, 0xFF, 0xFE, 0x03, 0xFF, 0xC0, 0x1F, 0xF8, 0x03, 0xFF,
  0x80, 0x3F, 0xF8, 0x03, 0xFF, 0xC0, 0x7F, 0xFF, 0x1F, 0xF7, 0xFF, 0xFF,
  0x7F, 0xFD, 0xF1, 0xFF, 0x1F, 0x03, 0xC0, 0x00, 0x00, 0xC0, 0x18, 0x03,
  0xC0, 0x78, 0x07, 0xC1, 0xF8, 0x1F, 0x87, 0xE0, 0x7E, 0x1F, 0x81, 0xF8,
  0x7E, 0x07, 0xE0, 0xF8, 0x1F, 0x83, 0xF0, 0x7E, 0x0F, 0xC1, 0xF8, 0x3F,
  0x03, 0xE0, 0x7C, 0x07, 0xE0, 0xFC, 0x07, 0xE0, 0xFC, 0x07, 0xE0, 0xFC,
  0x07, 0xE0, 0xF8, 0x07, 0xE0, 0xF8, 0x07, 0xE1, 0xF8, 0x07, 0xE1, 0xF8,
  0x07, 0xC1, 0xF8, 0x07, 0x01, 0xE0, 0x0C, 0x01, 0x80, 0xFF, 0xFF, 0xFF,
  0xFF, 0xFF, 0xFF, 0xFF, 0xFF, 0xFF, 0xFF, 0xFF, 0xFF, 0xFF, 0xFF, 0xFF,
  0xFF, 0xFF, 0xC0, 0x00, 0x1F, 0x80, 0x00, 0x3F, 0x00, 0x00, 0x7E, 0x00,
  0x00, 0xFC, 0x00, 0x01, 0xF8, 0x00, 0x03, 0xF0, 0x00, 0x07, 0xE0, 0x00,
  0x0F, 0xC0, 0x00, 0x1F, 0x80, 0xFF, 0xFF, 0xFF, 0xFF, 0xFF, 0xFF, 0xFF,
  0xFF, 0xFF, 0xFF, 0xFF, 0xC0, 0x00, 0xFC, 0x00, 0x07, 0xFF, 0x00, 0x3F,
  0xFF, 0x00, 0xF8, 0x0F, 0x83, 0xC0, 0x0F, 0x07, 0x00, 0x07, 0x1C, 0x7F,
  0x0F, 0x38, 0xFF, 0x0E, 0xE1, 0xCF, 0x1D, 0xC3, 0x8E, 0x1F, 0x87, 0x3C,
  0x3F, 0x0F, 0xF0, 0x7E, 0x1F, 0xC0, 0xFC, 0x3B, 0x81, 0xF8, 0x73, 0x87,
  0x38, 0xE3, 0x8E, 0x71, 0xC7, 0xBC, 0x70, 0x00, 0xF0, 0xF0, 0x03, 0xC0,
  0xFC, 0x1F, 0x00, 0xFF, 0xFC, 0x00, 0x7F, 0xF0, 0x00, 0x1E, 0x00, 0x00,
  0xFF, 0xFF, 0xFF, 0xFF, 0xFF, 0xFF, 0xFF, 0xF0, 0x07, 0xC0, 0x3F, 0xE0,
  0xFF, 0xE3, 0xFF, 0xE7, 0xC7, 0xDF, 0x07, 0xBC, 0x07, 0x78, 0x0F, 0xF0,
  0x3C, 0xF0, 0x79, 0xFF, 0xF1, 0xFF, 0xC1, 0xFF, 0x01, 0xF8, 0x00, 0x00,
  0xFC, 0x00, 0x01, 0xF8, 0x00, 0x03, 0xF0, 0x00, 0x07, 0xE0, 0x00, 0x0F,
  0xC0, 0x00, 0x1F, 0x80, 0x00, 0x3F, 0x00, 0x00, 0x7E, 0x00, 0xFF, 0xFF,
  0xFF, 0xFF, 0xFF, 0xFF, 0xFF, 0xFF, 0xFF, 0xFF, 0xFF, 0xFF, 0xFF, 0xFF,
  0xE0, 0x1F, 0x80, 0x00, 0x3F, 0x00, 0x00, 0x7E, 0x00, 0x00, 0xFC, 0x00,
  0x01, 0xF8, 0x00, 0x03, 0xF0, 0x00, 0x07, 0xE0, 0x00, 0x0F, 0xC0, 0x00,
  0x00, 0x00, 0x00, 0x00, 0x00, 0x7F, 0xFF, 0xFF, 0xFF, 0xFF, 0xFF, 0xFF,
  0xFF, 0xFF, 0xFF, 0xFF, 0xFF, 0xFF, 0xFF, 0xF0, 0x00, 0x80, 0x0F, 0xF8,
  0x1F, 0xFC, 0x3F, 0xFE, 0x7F, 0xFE, 0xFC, 0x3F, 0x18, 0x3F, 0x00, 0x3F,
  0x00, 0x3E, 0x00, 0x7E, 0x00, 0x7E, 0x00, 0xFC, 0x01, 0xF8, 0x03, 0xF0,
  0x07, 0xE0, 0x0F, 0xC0, 0x3F, 0x80, 0x7F, 0x00, 0xFF, 0xFF, 0xFF, 0xFF,
  0xFF, 0xFF, 0xFF, 0xFF, 0x00, 0x80, 0x0F, 0xF8, 0x1F, 0xFC, 0x3F, 0xFE,
  0x7F, 0xFE, 0x3C, 0x3E, 0x18, 0x3F, 0x00, 0x3E, 0x00, 0x3E, 0x03, 0xFC,
  0x03, 0xF8, 0x03, 0xFC, 0x03, 0xFE, 0x00, 0x3F, 0x00, 0x1F, 0x08, 0x1F,
  0x38, 0x1F, 0xFC, 0x3F, 0x7F, 0xFF, 0x7F, 0xFE, 0x3F, 0xFC, 0x0F, 0xF8,
  0x01, 0x80, 0x1F, 0xC7, 0xE3, 0xF0, 0xFC, 0x3E, 0x1F, 0x87, 0xC3, 0xE0,
  0xFC, 0x00, 0x7F, 0x07, 0xE0, 0x03, 0xF8, 0x3F, 0x00, 0x1F, 0xC1, 0xF8,
  0x00, 0xFE, 0x0F, 0xC0, 0x07, 0xF0, 0x7E, 0x00, 0x3F, 0x83, 0xF0, 0x01,
  0xFC, 0x1F, 0x80, 0x0F, 0xE0, 0xFC, 0x00, 0x7F, 0x07, 0xE0, 0x03, 0xF8,
  0x3F, 0x00, 0x1F, 0xC1, 0xF8, 0x00, 0xFE, 0x0F, 0xC0, 0x07, 0xF0, 0x7E,
  0x00, 0x3F, 0x83, 0xF0, 0x01, 0xFC, 0x1F, 0x80, 0x0F, 0xE0, 0xFE, 0x00,
  0x7F, 0x07, 0xF0, 0x03, 0xF8, 0x3F, 0x80, 0x3F, 0xC1, 0xFE, 0x03, 0xFE,
  0x0F, 0xFF, 0xFF, 0xFF, 0xFF, 0xFF, 0xFF, 0xFF, 0xFF, 0xFF, 0xFF, 0xFF,
  0xBF, 0xF3, 0xFF, 0xFC, 0xFF, 0x0F, 0xFF, 0xE1, 0xE0, 0x1F, 0x3F, 0x00,
  0x00, 0x01, 0xF8, 0x00, 0x00, 0x0F, 0xC0, 0x00, 0x00, 0x7E, 0x00, 0x00,
  0x03, 0xF0, 0x00, 0x00, 0x1F, 0x80, 0x00, 0x00, 0xFC, 0x00, 0x00, 0x07,
  0xE0, 0x00, 0x00, 0x3F, 0x00, 0x00, 0x01, 0xF8, 0x00, 0x00, 0x00, 0x00,
  0xFF, 0xFF, 0xF0, 0x7F, 0xFF, 0xFF, 0x0F, 0xFF, 0xFF, 0xF1, 0xFF, 0xFF,
  0xFF, 0x3F, 0xFF, 0xFF, 0xF7, 0xFF, 0xFF, 0xFF, 0x7F, 0xFF, 0xC3, 0xF7,
  0xFF, 0xFC, 0x3F, 0xFF, 0xFF, 0xC3, 0xFF, 0xFF, 0xFC, 0x3F, 0xFF, 0xFF,
  0xC3, 0xFF, 0xFF, 0xFC, 0x3F, 0xFF, 0xFF, 0xC3, 0xF7, 0xFF, 0xFC, 0x3F,
  0x7F, 0xFF, 0xC3, 0xF7, 0xFF, 0xFC, 0x3F, 0x3F, 0xFF, 0xC3, 0xF1, 0xFF,
  0xFC, 0x3F, 0x0F, 0xFF, 0xC3, 0xF0, 0x7F, 0xFC, 0x3F, 0x00, 0xFF, 0xC3,
  0xF0, 0x00, 0x7C, 0x3F, 0x00, 0x07, 0xC3, 0xF0, 0x00, 0x7C, 0x3F, 0x00,
  0x07, 0xC3, 0xF0, 0x00, 0x7C, 0x3F, 0x00, 0x07, 0xC3, 0xF0, 0x00, 0x7C,
  0x3F, 0x00, 0x07, 0xC3, 0xF0, 0x00, 0x7C, 0x3F, 0x00, 0x07, 0xC3, 0xF0,
  0x00, 0x7C, 0x3F, 0x00, 0x07, 0xC3, 0xF0, 0x00, 0x7C, 0x3F, 0x00, 0x07,
  0xC3, 0xF0, 0x00, 0x7C, 0x3F, 0x00, 0x07, 0xC3, 0xF0, 0x00, 0x7C, 0x3F,
  0x00, 0x07, 0xC3, 0xF0, 0x00, 0x7C, 0x3F, 0x00, 0x07, 0xC3, 0xF0, 0x00,
  0x7C, 0x3F, 0x00, 0x07, 0xC3, 0xF0, 0x00, 0x7C, 0x3F, 0x00, 0x07, 0xC3,
  0xF0, 0x00, 0x7C, 0x3F, 0x1C, 0x3F, 0x9F, 0xDF, 0xFF, 0xFF, 0xFD, 0xFC,
  0x7C, 0x1E, 0x07, 0x80, 0xFE, 0x3F, 0xE7, 0xFE, 0x37, 0xC0, 0x78, 0x0F,
  0x31, 0xFF, 0xFD, 0xFF, 0x1F, 0xC0, 0x60, 0x03, 0xC3, 0xF1, 0xFD, 0xFF,
  0xFF, 0xFF, 0xF7, 0xFC, 0xDF, 0x07, 0xC1, 0xF0, 0x7C, 0x1F, 0x07, 0xC1,
  0xF0, 0x7C, 0x1F, 0x07, 0xC1, 0xF0, 0x7C, 0x1F, 0x07, 0xC0, 0x00, 0xFC,
  0x00, 0x07, 0xFF, 0x00, 0x3F, 0xFF, 0x00, 0xFF, 0xFF, 0x83, 0xFF, 0xFF,
  0x07, 0xF0, 0x7F, 0x1F, 0xC0, 0x7F, 0x3F, 0x00, 0x7E, 0xFC, 0x00, 0x7D,
  0xF8, 0x00, 0xFF, 0xF0, 0x01, 0xFF, 0xE0, 0x03, 0xFF, 0xC0, 0x07, 0xFF,
  0x80, 0x0F, 0xFF, 0x00, 0x3F, 0x3F, 0x00, 0x7E, 0x7F, 0x01, 0xFC, 0x7F,
  0x0F, 0xF0, 0xFF, 0xFF, 0xC0, 0xFF, 0xFF, 0x80, 0xFF, 0xFC, 0x00, 0x7F,
  0xF0, 0x00, 0x1F, 0x00, 0x00, 0x10, 0x06, 0x00, 0x78, 0x0F, 0x00, 0xFC,
  0x1F, 0x80, 0x7E, 0x0F, 0xC0, 0x3F, 0x07, 0xE0, 0x1F, 0x83, 0xF0, 0x0F,
  0xC1, 0xF8, 0x07, 0xE0, 0xF8, 0x03, 0xF0, 0x7C, 0x01, 0xF8, 0x7E, 0x00,
  0xF8, 0x3F, 0x01, 0xF8, 0x7E, 0x03, 0xF0, 0xFC, 0x07, 0xE0, 0xF8, 0x0F,
  0xC1, 0xF0, 0x1F, 0x83, 0xF0, 0x3F, 0x07, 0xE0, 0x7E, 0x0F, 0xC0, 0xFC,
  0x1F, 0x80, 0x78, 0x0F, 0x00, 0x10, 0x06, 0x00, 0x00, 0x00, 0x00, 0x0C,
  0x00, 0x03, 0xC0, 0x00, 0x0E, 0x00, 0x0F, 0xC0, 0x00, 0x1F, 0x80, 0x1F,
  0xC0, 0x00, 0x3F, 0x00, 0x7F, 0xC0, 0x00, 0x3E, 0x00, 0xFF, 0xC0, 0x00,
  0x7C, 0x00, 0xFF, 0xC0, 0x00, 0xFC, 0x00, 0x7F, 0xC0, 0x00, 0xF8, 0x00,
  0x37, 0xC0, 0x01, 0xF0, 0x00, 0x07, 0xC0, 0x03, 0xF0, 0x00, 0x07, 0xC0,
  0x03, 0xE0, 0x00, 0x07, 0xC0, 0x07, 0xC0, 0x00, 0x07, 0xC0, 0x0F, 0xC0,
  0x00, 0x07, 0xC0, 0x0F, 0x80, 0x00, 0x07, 0xC0, 0x1F, 0x00, 0x00, 0x07,
  0xC0, 0x3F, 0x00, 0xFC, 0x07, 0xC0, 0x3E, 0x01, 0xFC, 0x07, 0xC0, 0x7C,
  0x03, 0xFC, 0x07, 0xC0, 0xFC, 0x03, 0xFC, 0x07, 0xC0, 0xF8, 0x07, 0xFC,
  0x07, 0xC1, 0xF0, 0x0F, 0xFC, 0x07, 0xC3, 0xF0, 0x0F, 0x7C, 0x00, 0x03,
  0xE0, 0x1F, 0x7C, 0x00, 0x07, 0xC0, 0x3E, 0x7C, 0x00, 0x0F, 0xC0, 0x7C,
  0x7C, 0x00, 0x0F, 0x80, 0x78, 0x7C, 0x00, 0x1F, 0x00, 0xF8, 0x7C, 0x00,
  0x3F, 0x01, 0xF0, 0x7C, 0x00, 0x3E, 0x01, 0xFF, 0xFF, 0x00, 0x7C, 0x01,
  0xFF, 0xFF, 0x00, 0xFC, 0x01, 0xFF, 0xFF, 0x00, 0xF8, 0x01, 0xFF, 0xFF,
  0x01, 0xF0, 0x00, 0x00, 0x7C, 0x03, 0xF0, 0x00, 0x00, 0x7C, 0x03, 0xE0,
  0x00, 0x00, 0x7C, 0x01, 0xC0, 0x00, 0x00, 0x7C, 0x00, 0xC0, 0x00, 0x00,
  0x00, 0x00, 0x00, 0x00, 0x0C, 0x00, 0x01, 0xE0, 0x00, 0x07, 0x00, 0x03,
  0xF0, 0x00, 0x07, 0xE0, 0x03, 0xF8, 0x00, 0x07, 0xE0, 0x07, 0xFC, 0x00,
  0x03, 0xE0, 0x07, 0xFE, 0x00, 0x03, 0xE0, 0x03, 0xFF, 0x00, 0x03, 0xF0,
  0x00, 0xFF, 0x80, 0x01, 0xF0, 0x00, 0x37, 0xC0, 0x01, 0xF0, 0x00, 0x03,
  0xE0, 0x01, 0xF8, 0x00, 0x01, 0xF0, 0x00, 0xF8, 0x00, 0x00, 0xF8, 0x00,
  0xF8, 0x00, 0x00, 0x7C, 0x00, 0xFC, 0x00, 0x00, 0x3E, 0x00, 0x7C, 0x00,
  0x00, 0x1F, 0x00, 0x7C, 0x01, 0x80, 0x0F, 0x80, 0x7E, 0x0F, 0xF8, 0x07,
  0xC0, 0x3E, 0x0F, 0xFF, 0x03, 0xE0, 0x3E, 0x0F, 0xFF, 0x81, 0xF0, 0x3F,
  0x0F, 0xFF, 0xE0, 0xF8, 0x1F, 0x07, 0xE3, 0xF0, 0x7C, 0x1F, 0x00, 0xE0,
  0xF8, 0x3E, 0x1F, 0x80, 0x00, 0x7C, 0x00, 0x0F, 0x80, 0x00, 0x7E, 0x00,
  0x0F, 0x80, 0x00, 0x3F, 0x00, 0x0F, 0xC0, 0x00, 0x3F, 0x00, 0x07, 0xC0,
  0x00, 0x3F, 0x00, 0x07, 0xC0, 0x00, 0x3F, 0x80, 0x07, 0xE0, 0x00, 0x3F,
  0x80, 0x03, 0xE0, 0x00, 0x3F, 0x00, 0x03, 0xE0, 0x00, 0x3F, 0x00, 0x03,
  0xF0, 0x00, 0x3F, 0x00, 0x01, 0xF0, 0x00, 0x3F, 0x00, 0x01, 0xF0, 0x00,
  0x3F, 0xFF, 0x81, 0xF8, 0x00, 0x1F, 0xFF, 0xC0, 0xF8, 0x00, 0x0F, 0xFF,
  0xE0, 0x38, 0x00, 0x07, 0xFF, 0xF0, 0x0C, 0x00, 0x00, 0x00, 0x00, 0x00,
  0x80, 0x00, 0x00, 0xC0, 0x00, 0xFF, 0x80, 0x00, 0x0E, 0x00, 0x1F, 0xFC,
  0x00, 0x01, 0xF0, 0x03, 0xFF, 0xE0, 0x00, 0x3F, 0x00, 0x7F, 0xFE, 0x00,
  0x03, 0xE0, 0x03, 0xC3, 0xE0, 0x00, 0x7C, 0x00, 0x18, 0x3F, 0x00, 0x0F,
  0xC0, 0x00, 0x03, 0xE0, 0x00, 0xF8, 0x00, 0x00, 0x3E, 0x00, 0x1F, 0x00,
  0x00, 0x3F, 0xC0, 0x03, 0xF0, 0x00, 0x03, 0xF8, 0x00, 0x3E, 0x00, 0x00,
  0x3F, 0xC0, 0x07, 0xC0, 0x00, 0x03, 0xFE, 0x00, 0xFC, 0x00, 0x00, 0x03,
  0xF0, 0x0F, 0x80, 0x00, 0x00, 0x1F, 0x01, 0xF0, 0x00, 0x00, 0x81, 0xF0,
  0x3F, 0x00, 0xFC, 0x38, 0x1F, 0x03, 0xE0, 0x1F, 0xCF, 0xC3, 0xF0, 0x7C,
  0x03, 0xFC, 0x7F, 0xFF, 0x0F, 0xC0, 0x3F, 0xC7, 0xFF, 0xE0, 0xF8, 0x07,
  0xFC, 0x3F, 0xFC, 0x1F, 0x00, 0xFF, 0xC0, 0xFF, 0x83, 0xF0, 0x1F, 0x7C,
  0x01, 0x80, 0x3E, 0x01, 0xE7, 0xC0, 0x00, 0x07, 0xC0, 0x3E, 0x7C, 0x00,
  0x00, 0xFC, 0x07, 0xC7, 0xC0, 0x00, 0x0F, 0x80, 0x78, 0x7C, 0x00, 0x01,
  0xF0, 0x0F, 0x87, 0xC0, 0x00, 0x3F, 0x01, 0xF0, 0x7C, 0x00, 0x03, 0xE0,
  0x1F, 0xFF, 0xF0, 0x00, 0x7C, 0x01, 0xFF, 0xFF, 0x00, 0x0F, 0xC0, 0x1F,
  0xFF, 0xF0, 0x00, 0xF8, 0x01, 0xFF, 0xFF, 0x00, 0x1F, 0x00, 0x00, 0x0F,
  0xC0, 0x03, 0xF0, 0x00, 0x00, 0xFC, 0x00, 0x7E, 0x00, 0x00, 0x0F, 0xC0,
  0x01, 0xC0, 0x00, 0x00, 0xFC, 0x00, 0x0C, 0x00, 0x00, 0x00, 0x00, 0x00,
  0x30, 0x00, 0x03, 0xF0, 0x00, 0x1F, 0xE0, 0x00, 0xFF, 0x80, 0x03, 0xFF,
  0x00, 0x0F, 0xFC, 0x00, 0x1F, 0xE0, 0x00, 0x7F, 0x80, 0x00, 0x78, 0x00,
  0x00, 0x00, 0x00, 0x00, 0x00, 0x00, 0x00, 0x00, 0x00, 0xFC, 0x00, 0x03,
  0xF0, 0x00, 0x0F, 0xC0, 0x00, 0x3F, 0x00, 0x01, 0xFC, 0x00, 0x0F, 0xF0,
  0x00, 0x7F, 0x80, 0x03, 0xFC, 0x00, 0x1F, 0xE0, 0x00, 0xFF, 0x00, 0x07,
  0xF8, 0x00, 0x1F, 0xC0, 0x00, 0xFE, 0x00, 0x03, 0xF8, 0x00, 0x0F, 0xE0,
  0x00, 0x3F, 0x80, 0x38, 0xFE, 0x00, 0xFF, 0xF8, 0x07, 0xFF, 0xF0, 0x3F,
  0xDF, 0xFF, 0xFE, 0x7F, 0xFF, 0xF0, 0xFF, 0xFF, 0x81, 0xFF, 0xFC, 0x01,
  0xFF, 0xE0, 0x01, 0xFC, 0x00, 0x00, 0x3F, 0x80, 0x00, 0x00, 0x0F, 0xC0,
  0x00, 0x00, 0x03, 0xF0, 0x00, 0x00, 0x01, 0xF8, 0x00, 0x00, 0x00, 0x7C,
  0x00, 0x00, 0x00, 0x3F, 0x00, 0x00, 0x00, 0x0F, 0x80, 0x00, 0x00, 0x07,
  0xE0, 0x00, 0x00, 0x00, 0x00, 0x00, 0x00, 0x00, 0x00, 0x00, 0x00, 0x00,
  0x00, 0x00, 0x00, 0x00, 0x00, 0x00, 0x00, 0x00, 0x3F, 0x00, 0x00, 0x00,
  0x3F, 0xC0, 0x00, 0x00, 0x1F, 0xE0, 0x00, 0x00, 0x1F, 0xF0, 0x00, 0x00,
  0x0F, 0xFC, 0x00, 0x00, 0x07, 0xFE, 0x00, 0x00, 0x07, 0xFF, 0x80, 0x00,
  0x03, 0xFF, 0xC0, 0x00, 0x01, 0xFF, 0xE0, 0x00, 0x01, 0xFB, 0xF8, 0x00,
  0x00, 0xFC, 0xFC, 0x00, 0x00, 0xFE, 0x7F, 0x00, 0x00, 0x7E, 0x3F, 0x80,
  0x00, 0x3F, 0x0F, 0xC0, 0x00, 0x3F, 0x87, 0xF0, 0x00, 0x1F, 0x83, 0xF8,
  0x00, 0x0F, 0xC0, 0xFC, 0x00, 0x0F, 0xE0, 0x7F, 0x00, 0x07, 0xE0, 0x1F,
  0x80, 0x07, 0xF0, 0x0F, 0xE0, 0x03, 0xF8, 0x07, 0xF0, 0x01, 0xF8, 0x01,
  0xF8, 0x01, 0xFF, 0xFF, 0xFE, 0x00, 0xFF, 0xFF, 0xFF, 0x00, 0xFF, 0xFF,
  0xFF, 0x80, 0x7F, 0xFF, 0xFF, 0xE0, 0x3F, 0xFF, 0xFF, 0xF0, 0x3F, 0x80,
  0x01, 0xFC, 0x1F, 0xC0, 0x00, 0xFE, 0x0F, 0xC0, 0x00, 0x7F, 0x0F, 0xE0,
  0x00, 0x1F, 0xC7, 0xF0, 0x00, 0x0F, 0xE7, 0xF0, 0x00, 0x07, 0xFB, 0xF8,
  0x00, 0x01, 0xFF, 0xFC, 0x00, 0x00, 0xFE, 0x00, 0x00, 0x7F, 0x00, 0x00,
  0x00, 0x3F, 0x00, 0x00, 0x00, 0x3F, 0x00, 0x00, 0x00, 0x1F, 0x80, 0x00,
  0x00, 0x0F, 0x80, 0x00, 0x00, 0x0F, 0xC0, 0x00, 0x00, 0x07, 0xC0, 0x00,
  0x00, 0x07, 0xE0, 0x00, 0x00, 0x00, 0x00, 0x00, 0x00, 0x00, 0x00, 0x00,
  0x00, 0x00, 0x00, 0x00, 0x00, 0x00, 0x00, 0x00, 0x00, 0x00, 0x3F, 0x00,
  0x00, 0x00, 0x3F, 0xC0, 0x00, 0x00, 0x1F, 0xE0, 0x00, 0x00, 0x1F, 0xF0,
  0x00, 0x00, 0x0F, 0xFC, 0x00, 0x00, 0x07, 0xFE, 0x00, 0x00, 0x07, 0xFF,
  0x80, 0x00, 0x03, 0xFF, 0xC0, 0x00, 0x01, 0xFF, 0xE0, 0x00, 0x01, 0xFB,
  0xF8, 0x00, 0x00, 0xFC, 0xFC, 0x00, 0x00, 0xFE, 0x7F, 0x00, 0x00, 0x7E,
  0x3F, 0x80, 0x00, 0x3F, 0x0F, 0xC0, 0x00, 0x3F, 0x87, 0xF0, 0x00, 0x1F,
  0x83, 0xF8, 0x00, 0x0F, 0xC0, 0xFC, 0x00, 0x0F, 0xE0, 0x7F, 0x00, 0x07,
  0xE0, 0x1F, 0x80, 0x07, 0xF0, 0x0F, 0xE0, 0x03, 0xF8, 0x07, 0xF0, 0x01,
  0xF8, 0x01, 0xF8, 0x01, 0xFF, 0xFF, 0xFE, 0x00, 0xFF, 0xFF, 0xFF, 0x00,
  0xFF, 0xFF, 0xFF, 0x80, 0x7F, 0xFF, 0xFF, 0xE0, 0x3F, 0xFF, 0xFF, 0xF0,
  0x3F, 0x80, 0x01, 0xFC, 0x1F, 0xC0, 0x00, 0xFE, 0x0F, 0xC0, 0x00, 0x7F,
  0x0F, 0xE0, 0x00, 0x1F, 0xC7, 0xF0, 0x00, 0x0F, 0xE7, 0xF0, 0x00, 0x07,
  0xFB, 0xF8, 0x00, 0x01, 0xFF, 0xFC, 0x00, 0x00, 0xFE, 0x00, 0x03, 0xF0,
  0x00, 0x00, 0x03, 0xFC, 0x00, 0x00, 0x03, 0xFF, 0x00, 0x00, 0x03, 0xFF,
  0xC0, 0x00, 0x01, 0xF3, 0xE0, 0x00, 0x01, 0xF0, 0xF8, 0x00, 0x01, 0xF8,
  0x7E, 0x00, 0x01, 0xF8, 0x1F, 0x80, 0x00, 0x00, 0x00, 0x00, 0x00, 0x00,
  0x00, 0x00, 0x00, 0x00, 0x00, 0x00, 0x00, 0x00, 0x00, 0x00, 0x00, 0x00,
  0x3F, 0x00, 0x00, 0x00, 0x3F, 0xC0, 0x00, 0x00, 0x1F, 0xE0, 0x00, 0x00,
  0x1F, 0xF0, 0x00, 0x00, 0x0F, 0xFC, 0x00, 0x00, 0x07, 0xFE, 0x00, 0x00,
  0x07, 0xFF, 0x80, 0x00, 0x03, 0xFF, 0xC0, 0x00, 0x01, 0xFF, 0xE0, 0x00,
  0x01, 0xFB, 0xF8, 0x00, 0x00, 0xFC, 0xFC, 0x00, 0x00, 0xFE, 0x7F, 0x00,
  0x00, 0x7E, 0x3F, 0x80, 0x00, 0x3F, 0x0F, 0xC0, 0x00, 0x3F, 0x87, 0xF0,
  0x00, 0x1F, 0x83, 0xF8, 0x00, 0x0F, 0xC0, 0xFC, 0x00, 0x0F, 0xE0, 0x7F,
  0x00, 0x07, 0xE0, 0x1F, 0x80, 0x07, 0xF0, 0x0F, 0xE0, 0x03, 0xF8, 0x07,
  0xF0, 0x01, 0xF8, 0x01, 0xF8, 0x01, 0xFF, 0xFF, 0xFE, 0x00, 0xFF, 0xFF,
  0xFF, 0x00, 0xFF, 0xFF, 0xFF, 0x80, 0x7F, 0xFF, 0xFF, 0xE0, 0x3F, 0xFF,
  0xFF, 0xF0, 0x3F, 0x80, 0x01, 0xFC, 0x1F, 0xC0, 0x00, 0xFE, 0x0F, 0xC0,
  0x00, 0x7F, 0x0F, 0xE0, 0x00, 0x1F, 0xC7, 0xF0, 0x00, 0x0F, 0xE7, 0xF0,
  0x00, 0x07, 0xFB, 0xF8, 0x00, 0x01, 0xFF, 0xFC, 0x00, 0x00, 0xFE, 0x00,
  0x3F, 0x03, 0xC0, 0x00, 0x3F, 0xE1, 0xE0, 0x00, 0x1F, 0xFF, 0xF0, 0x00,
  0x1F, 0xFF, 0xF8, 0x00, 0x0F, 0x9F, 0xF8, 0x00, 0x07, 0x87, 0xF8, 0x00,
  0x03, 0xC0, 0xF8, 0x00, 0x00, 0x00, 0x00, 0x00, 0x00, 0x00, 0x00, 0x00,
  0x00, 0x00, 0x00, 0x00, 0x00, 0x00, 0x00, 0x00, 0x00, 0x00, 0x7E, 0x00,
  0x00, 0x00, 0x7F, 0x80, 0x00, 0x00, 0x3F, 0xC0, 0x00, 0x00, 0x3F, 0xE0,
  0x00, 0x00, 0x1F, 0xF8, 0x00, 0x00, 0x0F, 0xFC, 0x00, 0x00, 0x0F, 0xFF,
  0x00, 0x00, 0x07, 0xFF, 0x80, 0x00, 0x03, 0xFF, 0xC0, 0x00, 0x03, 0xF7,
  0xF0, 0x00, 0x01, 0xF9, 0xF8, 0x00, 0x01, 0xFC, 0xFE, 0x00, 0x00, 0xFC,
  0x7F, 0x00, 0x00, 0x7E, 0x1F, 0x80, 0x00, 0x7F, 0x0F, 0xE0, 0x00, 0x3F,
  0x07, 0xF0, 0x00, 0x1F, 0x81, 0xF8, 0x00, 0x1F, 0xC0, 0xFE, 0x00, 0x0F,
  0xC0, 0x3F, 0x00, 0x0F, 0xE0, 0x1F, 0xC0, 0x07, 0xF0, 0x0F, 0xE0, 0x03,
  0xF0, 0x03, 0xF0, 0x03, 0xFF, 0xFF, 0xFC, 0x01, 0xFF, 0xFF, 0xFE, 0x01,
  0xFF, 0xFF, 0xFF, 0x00, 0xFF, 0xFF, 0xFF, 0xC0, 0x7F, 0xFF, 0xFF, 0xE0,
  0x7F, 0x00, 0x03, 0xF8, 0x3F, 0x80, 0x01, 0xFC, 0x1F, 0x80, 0x00, 0xFE,
  0x1F, 0xC0, 0x00, 0x3F, 0x8F, 0xE0, 0x00, 0x1F, 0xCF, 0xE0, 0x00, 0x0F,
  0xF7, 0xF0, 0x00, 0x03, 0xFF, 0xF8, 0x00, 0x01, 0xFC, 0x00, 0x00, 0x02,
  0x00, 0x00, 0x3E, 0x07, 0xC0, 0x00, 0x1F, 0x87, 0xE0, 0x00, 0x1F, 0xC3,
  0xF8, 0x00, 0x0F, 0xE1, 0xFC, 0x00, 0x03, 0xF0, 0xFC, 0x00, 0x01, 0xF0,
  0x3C, 0x00, 0x00, 0x00, 0x00, 0x00, 0x00, 0x00, 0x00, 0x00, 0x00, 0x00,
  0x00, 0x00, 0x00, 0x00, 0x00, 0x00, 0x00, 0x00, 0x00, 0x00, 0x00, 0x00,
  0x3F, 0x00, 0x00, 0x00, 0x3F, 0xC0, 0x00, 0x00, 0x1F, 0xE0, 0x00, 0x00,
  0x1F, 0xF0, 0x00, 0x00, 0x0F, 0xFC, 0x00, 0x00, 0x07, 0xFE, 0x00, 0x00,
  0x07, 0xFF, 0x80, 0x00, 0x03, 0xFF, 0xC0, 0x00, 0x01, 0xFF, 0xE0, 0x00,
  0x01, 0xFB, 0xF8, 0x00, 0x00, 0xFC, 0xFC, 0x00, 0x00, 0xFE, 0x7F, 0x00,
  0x00, 0x7E, 0x3F, 0x80, 0x00, 0x3F, 0x0F, 0xC0, 0x00, 0x3F, 0x87, 0xF0,
  0x00, 0x1F, 0x83, 0xF8, 0x00, 0x0F, 0xC0, 0xFC, 0x00, 0x0F, 0xE0, 0x7F,
  0x00, 0x07, 0xE0, 0x1F, 0x80, 0x07, 0xF0, 0x0F, 0xE0, 0x03, 0xF8, 0x07,
  0xF0, 0x01, 0xF8, 0x01, 0xF8, 0x01, 0xFF, 0xFF, 0xFE, 0x00, 0xFF, 0xFF,
  0xFF, 0x00, 0xFF, 0xFF, 0xFF, 0x80, 0x7F, 0xFF, 0xFF, 0xE0, 0x3F, 0xFF,
  0xFF, 0xF0, 0x3F, 0x80, 0x01, 0xFC, 0x1F, 0xC0, 0x00, 0xFE, 0x0F, 0xC0,
  0x00, 0x7F, 0x0F, 0xE0, 0x00, 0x1F, 0xC7, 0xF0, 0x00, 0x0F, 0xE7, 0xF0,
  0x00, 0x07, 0xFB, 0xF8, 0x00, 0x01, 0xFF, 0xFC, 0x00, 0x00, 0xFE, 0x00,
  0x01, 0xE0, 0x00, 0x00, 0x03, 0xFC, 0x00, 0x00, 0x03, 0xFF, 0x00, 0x00,
  0x01, 0xFF, 0x80, 0x00, 0x01, 0xE1, 0xE0, 0x00, 0x00, 0xF0, 0xF0, 0x00,
  0x00, 0x78, 0x78, 0x00, 0x00, 0x3C, 0x3C, 0x00, 0x00, 0x0F, 0xFC, 0x00,
  0x00, 0x07, 0xFE, 0x00, 0x00, 0x01, 0xFE, 0x00, 0x00, 0x00, 0x38, 0x00,
  0x00, 0x00, 0x00, 0x00, 0x00, 0x00, 0x00, 0x00, 0x00, 0x00, 0x00, 0x00,
  0x00, 0x00, 0x07, 0xE0, 0x00, 0x00, 0x07, 0xF8, 0x00, 0x00, 0x03, 0xFC,
  0x00, 0x00, 0x03, 0xFE, 0x00, 0x00, 0x01, 0xFF, 0x80, 0x00, 0x00, 0xFF,
  0xC0, 0x00, 0x00, 0xFF, 0xF0, 0x00, 0x00, 0x7F, 0xF8, 0x00, 0x00, 0x3F,
  0xFC, 0x00, 0x00, 0x3F, 0x7F, 0x00, 0x00, 0x1F, 0x9F, 0x80, 0x00, 0x1F,
  0xCF, 0xE0, 0x00, 0x0F, 0xC7, 0xF0, 0x00, 0x07, 0xE1, 0xF8, 0x00, 0x07,
  0xF0, 0xFE, 0x00, 0x03, 0xF0, 0x7F, 0x00, 0x01, 0xF8, 0x1F, 0x80, 0x01,
  0xFC, 0x0F, 0xE0, 0x00, 0xFC, 0x03, 0xF0, 0x00, 0xFE, 0x01, 0xFC, 0x00,
  0x7F, 0x00, 0xFE, 0x00, 0x3F, 0x00, 0x3F, 0x00, 0x3F, 0xFF, 0xFF, 0xC0,
  0x1F, 0xFF, 0xFF, 0xE0, 0x1F, 0xFF, 0xFF, 0xF0, 0x0F, 0xFF, 0xFF, 0xFC,
  0x07, 0xFF, 0xFF, 0xFE, 0x07, 0xF0, 0x00, 0x3F, 0x83, 0xF8, 0x00, 0x1F,
  0xC1, 0xF8, 0x00, 0x0F, 0xE1, 0xFC, 0x00, 0x03, 0xF8, 0xFE, 0x00, 0x01,
  0xFC, 0xFE, 0x00, 0x00, 0xFF, 0x7F, 0x00, 0x00, 0x3F, 0xFF, 0x80, 0x00,
  0x1F, 0xC0, 0x00, 0x00, 0x03, 0xFF, 0xFF, 0xFC, 0x00, 0x00, 0x1F, 0xFF,
  0xFF, 0xF0, 0x00, 0x00, 0x7F, 0xFF, 0xFF, 0xC0, 0x00, 0x03, 0xFF, 0xFF,
  0xFF, 0x00, 0x00, 0x1F, 0xFF, 0xFF, 0xFC, 0x00, 0x00, 0x7F, 0xFF, 0xFF,
  0xF0, 0x00, 0x03, 0xFF, 0xE0, 0x00, 0x00, 0x00, 0x0F, 0xFF, 0x80, 0x00,
  0x00, 0x00, 0x7F, 0xFE, 0x00, 0x00, 0x00, 0x03, 0xFB, 0xF8, 0x00, 0x00,
  0x00, 0x0F, 0xEF, 0xE0, 0x00, 0x00, 0x00, 0x7F, 0x3F, 0x80, 0x00, 0x00,
  0x03, 0xF8, 0xFE, 0x00, 0x00, 0x00, 0x0F, 0xE3, 0xF8, 0x00, 0x00, 0x00,
  0x7F, 0x0F, 0xE0, 0x00, 0x00, 0x01, 0xFC, 0x3F, 0xFF, 0xFE, 0x00, 0x0F,
  0xE0, 0xFF, 0xFF, 0xF8, 0x00, 0x7F, 0x03, 0xFF, 0xFF, 0xE0, 0x01, 0xFC,
  0x0F, 0xFF, 0xFF, 0x80, 0x0F, 0xE0, 0x3F, 0xFF, 0xFE, 0x00, 0x7F, 0x80,
  0xFE, 0x00, 0x00, 0x01, 0xFC, 0x03, 0xF8, 0x00, 0x00, 0x0F, 0xFF, 0xFF,
  0xE0, 0x00, 0x00, 0x3F, 0xFF, 0xFF, 0x80, 0x00, 0x01, 0xFF, 0xFF, 0xFE,
  0x00, 0x00, 0x0F, 0xFF, 0xFF, 0xF8, 0x00, 0x00, 0x3F, 0xFF, 0xFF, 0xE0,
  0x00, 0x01, 0xFC, 0x00, 0x3F, 0x80, 0x00, 0x0F, 0xF0, 0x00, 0xFE, 0x00,
  0x00, 0x3F, 0x80, 0x03, 0xFF, 0xFF, 0xF1, 0xFE, 0x00, 0x0F, 0xFF, 0xFF,
  0xCF, 0xF0, 0x00, 0x3F, 0xFF, 0xFF, 0x3F, 0x80, 0x00, 0xFF, 0xFF, 0xFD,
  0xFE, 0x00, 0x03, 0xFF, 0xFF, 0xFF, 0xF0, 0x00, 0x0F, 0xFF, 0xFF, 0xC0,
  0x00, 0x03, 0xFC, 0x00, 0x00, 0x1F, 0xFF, 0x80, 0x00, 0x7F, 0xFF, 0xE0,
  0x01, 0xFF, 0xFF, 0xF8, 0x03, 0xFF, 0xFF, 0xFC, 0x07, 0xFF, 0xFF, 0xFE,
  0x0F, 0xFF, 0x9F, 0xFE, 0x1F, 0xF8, 0x01, 0xFC, 0x3F, 0xE0, 0x00, 0x78,
  0x3F, 0xC0, 0x00, 0x30, 0x7F, 0x80, 0x00, 0x00, 0x7F, 0x00, 0x00, 0x00,
  0x7F, 0x00, 0x00, 0x00, 0xFE, 0x00, 0x00, 0x00, 0xFE, 0x00, 0x00, 0x00,
  0xFE, 0x00, 0x00, 0x00, 0xFE, 0x00, 0x00, 0x00, 0xFC, 0x00, 0x00, 0x00,
  0xFC, 0x00, 0x00, 0x00, 0xFC, 0x00, 0x00, 0x00, 0xFE, 0x00, 0x00, 0x00,
  0xFE, 0x00, 0x00, 0x00, 0xFE, 0x00, 0x00, 0x00, 0xFE, 0x00, 0x00, 0x00,
  0x7F, 0x00, 0x00, 0x00, 0x7F, 0x00, 0x00, 0x00, 0x7F, 0x80, 0x00, 0x10,
  0x3F, 0xC0, 0x00, 0x38, 0x1F, 0xE0, 0x00, 0x7C, 0x1F, 0xF8, 0x01, 0xFE,
  0x0F, 0xFF, 0xFF, 0xFF, 0x07, 0xFF, 0xFF, 0xFE, 0x03, 0xFF, 0xFF, 0xFC,
  0x01, 0xFF, 0xFF, 0xF8, 0x00, 0x7F, 0xFF, 0xE0, 0x00, 0x1F, 0xFF, 0x80,
  0x00, 0x03, 0xFC, 0x00, 0x00, 0x03, 0x80, 0x00, 0x00, 0x07, 0xF0, 0x00,
  0x00, 0x07, 0xF8, 0x00, 0x00, 0x0F, 0xFC, 0x00, 0x00, 0x03, 0x3E, 0x00,
  0x00, 0x00, 0x1E, 0x00, 0x00, 0x00, 0x1E, 0x00, 0x00, 0x07, 0x3E, 0x00,
  0x00, 0x0F, 0xFC, 0x00, 0x00, 0x07, 0xFC, 0x00, 0x00, 0x03, 0xF8, 0x00,
  0x00, 0x00, 0x40, 0x00, 0x0F, 0xE0, 0x00, 0x3F, 0x00, 0x01, 0xF8, 0x00,
  0x07, 0xE0, 0x00, 0x1F, 0x00, 0x00, 0xFC, 0x00, 0x03, 0xE0, 0x00, 0x1F,
  0x80, 0x00, 0x00, 0x00, 0x00, 0x00, 0x00, 0x00, 0x00, 0x00, 0x00, 0x0F,
  0xFF, 0xFF, 0xFF, 0xFF, 0xFF, 0xFF, 0xFF, 0xFF, 0xFF, 0xFF, 0xFF, 0xFF,
  0xFF, 0xFF, 0xFF, 0xFF, 0x00, 0x01, 0xF8, 0x00, 0x0F, 0xC0, 0x00, 0x7E,
  0x00, 0x03, 0xF0, 0x00, 0x1F, 0x80, 0x00, 0xFC, 0x00, 0x07, 0xE0, 0x00,
  0x3F, 0x00, 0x01, 0xFF, 0xFF, 0xEF, 0xFF, 0xFF, 0x7F, 0xFF, 0xFB, 0xFF,
  0xFF, 0xDF, 0xFF, 0xFE, 0xFC, 0x00, 0x07, 0xE0, 0x00, 0x3F, 0x00, 0x01,
  0xF8, 0x00, 0x0F, 0xC0, 0x00, 0x7E, 0x00, 0x03, 0xF0, 0x00, 0x1F, 0x80,
  0x00, 0xFC, 0x00, 0x07, 0xFF, 0xFF, 0xFF, 0xFF, 0xFF, 0xFF, 0xFF, 0xFF,
  0xFF, 0xFF, 0xFF, 0xFF, 0xFF, 0xFF, 0xFF, 0xE0, 0x00, 0x1F, 0xC0, 0x00,
  0xFC, 0x00, 0x0F, 0xC0, 0x00, 0x7E, 0x00, 0x07, 0xE0, 0x00, 0x3F, 0x00,
  0x01, 0xF0, 0x00, 0x1F, 0x00, 0x00, 0x00, 0x00, 0x00, 0x00, 0x00, 0x00,
  0x00, 0x00, 0x00, 0x0F, 0xFF, 0xFF, 0xFF, 0xFF, 0xFF, 0xFF, 0xFF, 0xFF,
  0xFF, 0xFF, 0xFF, 0xFF, 0xFF, 0xFF, 0xFF, 0xFF, 0x00, 0x01, 0xF8, 0x00,
  0x0F, 0xC0, 0x00, 0x7E, 0x00, 0x03, 0xF0, 0x00, 0x1F, 0x80, 0x00, 0xFC,
  0x00, 0x07, 0xE0, 0x00, 0x3F, 0x00, 0x01, 0xFF, 0xFF, 0xEF, 0xFF, 0xFF,
  0x7F, 0xFF, 0xFB, 0xFF, 0xFF, 0xDF, 0xFF, 0xFE, 0xFC, 0x00, 0x07, 0xE0,
  0x00, 0x3F, 0x00, 0x01, 0xF8, 0x00, 0x0F, 0xC0, 0x00, 0x7E, 0x00, 0x03,
  0xF0, 0x00, 0x1F, 0x80, 0x00, 0xFC, 0x00, 0x07, 0xFF, 0xFF, 0xFF, 0xFF,
  0xFF, 0xFF, 0xFF, 0xFF, 0xFF, 0xFF, 0xFF, 0xFF, 0xFF, 0xFF, 0xFF, 0xE0,
  0x00, 0xFC, 0x00, 0x0F, 0xF0, 0x00, 0xFF, 0xC0, 0x0F, 0xFE, 0x00, 0xFC,
  0xF8, 0x07, 0xC7, 0xE0, 0x7C, 0x1F, 0x87, 0xE0, 0x7E, 0x00, 0x00, 0x00,
  0x00, 0x00, 0x00, 0x00, 0x00, 0x00, 0x00, 0x0F, 0xFF, 0xFF, 0xFF, 0xFF,
  0xFF, 0xFF, 0xFF, 0xFF, 0xFF, 0xFF, 0xFF, 0xFF, 0xFF, 0xFF, 0xFF, 0xFF,
  0x00, 0x01, 0xF8, 0x00, 0x0F, 0xC0, 0x00, 0x7E, 0x00, 0x03, 0xF0, 0x00,
  0x1F, 0x80, 0x00, 0xFC, 0x00, 0x07, 0xE0, 0x00, 0x3F, 0x00, 0x01, 0xFF,
  0xFF, 0xEF, 0xFF, 0xFF, 0x7F, 0xFF, 0xFB, 0xFF, 0xFF, 0xDF, 0xFF, 0xFE,
  0xFC, 0x00, 0x07, 0xE0, 0x00, 0x3F, 0x00, 0x01, 0xF8, 0x00, 0x0F, 0xC0,
  0x00, 0x7E, 0x00, 0x03, 0xF0, 0x00, 0x1F, 0x80, 0x00, 0xFC, 0x00, 0x07,
  0xFF, 0xFF, 0xFF, 0xFF, 0xFF, 0xFF, 0xFF, 0xFF, 0xFF, 0xFF, 0xFF, 0xFF,
  0xFF, 0xFF, 0xFF, 0xE0, 0x00, 0x00, 0x80, 0xF8, 0x1F, 0x0F, 0xE1, 0xF8,
  0x7F, 0x0F, 0xE3, 0xF8, 0x7E, 0x1F, 0xC3, 0xF0, 0x7C, 0x0F, 0x00, 0x00,
  0x00, 0x00, 0x00, 0x00, 0x00, 0x00, 0x00, 0x00, 0x00, 0x00, 0x00, 0x0F,
  0xFF, 0xFF, 0xFF, 0xFF, 0xFF, 0xFF, 0xFF, 0xFF, 0xFF, 0xFF, 0xFF, 0xFF,
  0xFF, 0xFF, 0xFF, 0xFF, 0x00, 0x01, 0xF8, 0x00, 0x0F, 0xC0, 0x00, 0x7E,
  0x00, 0x03, 0xF0, 0x00, 0x1F, 0x80, 0x00, 0xFC, 0x00, 0x07, 0xE0, 0x00,
  0x3F, 0x00, 0x01, 0xFF, 0xFF, 0xEF, 0xFF, 0xFF, 0x7F, 0xFF, 0xFB, 0xFF,
  0xFF, 0xDF, 0xFF, 0xFE, 0xFC, 0x00, 0x07, 0xE0, 0x00, 0x3F, 0x00, 0x01,
  0xF8, 0x00, 0x0F, 0xC0, 0x00, 0x7E, 0x00, 0x03, 0xF0, 0x00, 0x1F, 0x80,
  0x00, 0xFC, 0x00, 0x07, 0xFF, 0xFF, 0xFF, 0xFF, 0xFF, 0xFF, 0xFF, 0xFF,
  0xFF, 0xFF, 0xFF, 0xFF, 0xFF, 0xFF, 0xFF, 0xE0, 0xFE, 0x1F, 0x83, 0xF0,
  0xFC, 0x1F, 0x07, 0xE0, 0xF8, 0x3F, 0x00, 0x00, 0x00, 0x00, 0x00, 0x0F,
  0xC3, 0xF0, 0xFC, 0x3F, 0x0F, 0xC3, 0xF0, 0xFC, 0x3F, 0x0F, 0xC3, 0xF0,
  0xFC, 0x3F, 0x0F, 0xC3, 0xF0, 0xFC, 0x3F, 0x0F, 0xC3, 0xF0, 0xFC, 0x3F,
  0x0F, 0xC3, 0xF0, 0xFC, 0x3F, 0x0F, 0xC3, 0xF0, 0xFC, 0x3F, 0x0F, 0xC3,
  0xF0, 0xFC, 0x3F, 0x0F, 0xC3, 0xF0, 0xFC, 0x1F, 0xC7, 0xE3, 0xF0, 0xFC,
  0x3E, 0x1F, 0x87, 0xC3, 0xF0, 0x00, 0x00, 0x00, 0x00, 0x00, 0xFC, 0x3F,
  0x0F, 0xC3, 0xF0, 0xFC, 0x3F, 0x0F, 0xC3, 0xF0, 0xFC, 0x3F, 0x0F, 0xC3,
  0xF0, 0xFC, 0x3F, 0x0F, 0xC3, 0xF0, 0xFC, 0x3F, 0x0F, 0xC3, 0xF0, 0xFC,
  0x3F, 0x0F, 0xC3, 0xF0, 0xFC, 0x3F, 0x0F, 0xC3, 0xF0, 0xFC, 0x3F, 0x0F,
  0xC3, 0xF0, 0xFC, 0x3F, 0x0F, 0xC0, 0x03, 0xF0, 0x01, 0xFE, 0x00, 0xFF,
  0xC0, 0x7F, 0xF8, 0x1F, 0x3E, 0x0F, 0x87, 0xC7, 0xE1, 0xFB, 0xF0, 0x3F,
  0x00, 0x00, 0x00, 0x00, 0x00, 0x00, 0x00, 0x00, 0x00, 0x03, 0xF0, 0x00,
  0xFC, 0x00, 0x3F, 0x00, 0x0F, 0xC0, 0x03, 0xF0, 0x00, 0xFC, 0x00, 0x3F,
  0x00, 0x0F, 0xC0, 0x03, 0xF0, 0x00, 0xFC, 0x00, 0x3F, 0x00, 0x0F, 0xC0,
  0x03, 0xF0, 0x00, 0xFC, 0x00, 0x3F, 0x00, 0x0F, 0xC0, 0x03, 0xF0, 0x00,
  0xFC, 0x00, 0x3F, 0x00, 0x0F, 0xC0, 0x03, 0xF0, 0x00, 0xFC, 0x00, 0x3F,
  0x00, 0x0F, 0xC0, 0x03, 0xF0, 0x00, 0xFC, 0x00, 0x3F, 0x00, 0x0F, 0xC0,
  0x03, 0xF0, 0x00, 0xFC, 0x00, 0x3F, 0x00, 0x0F, 0xC0, 0x03, 0xF0, 0x00,
  0xFC, 0x00, 0x3F, 0x00, 0x00, 0x02, 0x1F, 0x03, 0xE7, 0xE1, 0xFB, 0xF8,
  0x7F, 0xFE, 0x1F, 0xDF, 0x87, 0xE7, 0xC0, 0xF8, 0x00, 0x00, 0x00, 0x00,
  0x00, 0x00, 0x00, 0x00, 0x00, 0x00, 0x00, 0x03, 0xF0, 0x00, 0xFC, 0x00,
  0x3F, 0x00, 0x0F, 0xC0, 0x03, 0xF0, 0x00, 0xFC, 0x00, 0x3F, 0x00, 0x0F,
  0xC0, 0x03, 0xF0, 0x00, 0xFC, 0x00, 0x3F, 0x00, 0x0F, 0xC0, 0x03, 0xF0,
  0x00, 0xFC, 0x00, 0x3F, 0x00, 0x0F, 0xC0, 0x03, 0xF0, 0x00, 0xFC, 0x00,
  0x3F, 0x00, 0x0F, 0xC0, 0x03, 0xF0, 0x00, 0xFC, 0x00, 0x3F, 0x00, 0x0F,
  0xC0, 0x03, 0xF0, 0x00, 0xFC, 0x00, 0x3F, 0x00, 0x0F, 0xC0, 0x03, 0xF0,
  0x00, 0xFC, 0x00, 0x3F, 0x00, 0x0F, 0xC0, 0x03, 0xF0, 0x00, 0xFC, 0x00,
  0x3F, 0x00, 0x0F, 0xFF, 0xF0, 0x00, 0x07, 0xFF, 0xFF, 0x80, 0x03, 0xFF,
  0xFF, 0xE0, 0x01, 0xFF, 0xFF, 0xFC, 0x00, 0xFF, 0xFF, 0xFF, 0x00, 0x7F,
  0xFF, 0xFF, 0xC0, 0x3F, 0x00, 0x7F, 0xF0, 0x1F, 0x80, 0x0F, 0xFC, 0x0F,
  0xC0, 0x01, 0xFE, 0x07, 0xE0, 0x00, 0x7F, 0x83, 0xF0, 0x00, 0x1F, 0xC1,
  0xF8, 0x00, 0x0F, 0xE0, 0xFC, 0x00, 0x03, 0xF8, 0x7E, 0x00, 0x01, 0xFC,
  0x3F, 0x00, 0x00, 0xFF, 0xFF, 0xFF, 0x80, 0x7F, 0xFF, 0xFF, 0xC0, 0x1F,
  0xFF, 0xFF, 0xE0, 0x0F, 0xFF, 0xFF, 0xF0, 0x07, 0xFF, 0xFF, 0xF8, 0x07,
  0xF0, 0xFC, 0x00, 0x03, 0xF8, 0x7E, 0x00, 0x01, 0xFC, 0x3F, 0x00, 0x00,
  0xFE, 0x1F, 0x80, 0x00, 0xFE, 0x0F, 0xC0, 0x00, 0x7F, 0x07, 0xE0, 0x00,
  0x7F, 0x83, 0xF0, 0x00, 0x7F, 0x81, 0xF8, 0x00, 0x7F, 0xC0, 0xFC, 0x01,
  0xFF, 0xC0, 0x7F, 0xFF, 0xFF, 0xC0, 0x3F, 0xFF, 0xFF, 0xC0, 0x1F, 0xFF,
  0xFF, 0xC0, 0x0F, 0xFF, 0xFF, 0x80, 0x07, 0xFF, 0xFF, 0x00, 0x03, 0xFF,
  0xFC, 0x00, 0x00, 0x01, 0xF8, 0x1E, 0x00, 0x3F, 0xE1, 0xE0, 0x03, 0xFF,
  0xFE, 0x00, 0x7F, 0xFF, 0xE0, 0x07, 0xCF, 0xFC, 0x00, 0x78, 0x7F, 0x80,
  0x07, 0x81, 0xF0, 0x00, 0x00, 0x00, 0x00, 0x00, 0x00, 0x00, 0x00, 0x00,
  0x00, 0x00, 0x00, 0x00, 0x00, 0x0F, 0xE0, 0x00, 0x3F, 0xFF, 0x00, 0x03,
  0xFF, 0xF0, 0x00, 0x3F, 0xFF, 0x80, 0x03, 0xFF, 0xFC, 0x00, 0x3F, 0xFF,
  0xC0, 0x03, 0xFF, 0xFE, 0x00, 0x3F, 0xFF, 0xF0, 0x03, 0xFF, 0xFF, 0x00,
  0x3F, 0xFF, 0xF8, 0x03, 0xFF, 0xFF, 0x80, 0x3F, 0xFD, 0xFC, 0x03, 0xFF,
  0xCF, 0xE0, 0x3F, 0xFC, 0xFE, 0x03, 0xFF, 0xC7, 0xF0, 0x3F, 0xFC, 0x7F,
  0x83, 0xFF, 0xC3, 0xF8, 0x3F, 0xFC, 0x1F, 0xC3, 0xFF, 0xC1, 0xFC, 0x3F,
  0xFC, 0x0F, 0xE3, 0xFF, 0xC0, 0x7F, 0x3F, 0xFC, 0x07, 0xF3, 0xFF, 0xC0,
  0x3F, 0xBF, 0xFC, 0x01, 0xFF, 0xFF, 0xC0, 0x1F, 0xFF, 0xFC, 0x00, 0xFF,
  0xFF, 0xC0, 0x07, 0xFF, 0xFC, 0x00, 0x7F, 0xFF, 0xC0, 0x03, 0xFF, 0xFC,
  0x00, 0x3F, 0xFF, 0xC0, 0x01, 0xFF, 0xFC, 0x00, 0x0F, 0xFF, 0xC0, 0x00,
  0xFF, 0xFC, 0x00, 0x07, 0xFF, 0xC0, 0x00, 0x3F, 0x00, 0x1F, 0xC0, 0x00,
  0x00, 0x00, 0xFC, 0x00, 0x00, 0x00, 0x07, 0xE0, 0x00, 0x00, 0x00, 0x7E,
  0x00, 0x00, 0x00, 0x03, 0xE0, 0x00, 0x00, 0x00, 0x3F, 0x00, 0x00, 0x00,
  0x01, 0xF0, 0x00, 0x00, 0x00, 0x1F, 0x80, 0x00, 0x00, 0x00, 0x00, 0x00,
  0x00, 0x00, 0x00, 0x00, 0x00, 0x00, 0x00, 0x00, 0x00, 0x00, 0x00, 0x3F,
  0xC0, 0x00, 0x00, 0x1F, 0xFF, 0x80, 0x00, 0x07, 0xFF, 0xFE, 0x00, 0x01,
  0xFF, 0xFF, 0xF8, 0x00, 0x3F, 0xFF, 0xFF, 0xC0, 0x07, 0xFF, 0xFF, 0xFE,
  0x00, 0xFF, 0xF9, 0xFF, 0xF0, 0x1F, 0xF8, 0x01, 0xFF, 0x81, 0xFE, 0x00,
  0x07, 0xF8, 0x3F, 0xC0, 0x00, 0x3F, 0xC7, 0xF8, 0x00, 0x01, 0xFE, 0x7F,
  0x00, 0x00, 0x0F, 0xE7, 0xF0, 0x00, 0x00, 0xFE, 0xFE, 0x00, 0x00, 0x07,
  0xFF, 0xE0, 0x00, 0x00, 0x7F, 0xFE, 0x00, 0x00, 0x07, 0xFF, 0xE0, 0x00,
  0x00, 0x7F, 0xFC, 0x00, 0x00, 0x03, 0xFF, 0xC0, 0x00, 0x00, 0x3F, 0xFC,
  0x00, 0x00, 0x03, 0xFF, 0xE0, 0x00, 0x00, 0x7F, 0xFE, 0x00, 0x00, 0x07,
  0xFF, 0xE0, 0x00, 0x00, 0x7F, 0xFE, 0x00, 0x00, 0x07, 0xF7, 0xF0, 0x00,
  0x00, 0xFE, 0x7F, 0x00, 0x00, 0x0F, 0xE7, 0xF8, 0x00, 0x01, 0xFC, 0x3F,
  0xC0, 0x00, 0x3F, 0xC1, 0xFE, 0x00, 0x07, 0xF8, 0x1F, 0xF8, 0x01, 0xFF,
  0x80, 0xFF, 0xFF, 0xFF, 0xF0, 0x07, 0xFF, 0xFF, 0xFE, 0x00, 0x3F, 0xFF,
  0xFF, 0xC0, 0x01, 0xFF, 0xFF, 0xF8, 0x00, 0x07, 0xFF, 0xFE, 0x00, 0x00,
  0x1F, 0xFF, 0x80, 0x00, 0x00, 0x3F, 0xC0, 0x00, 0x00, 0x00, 0x3F, 0x80,
  0x00, 0x00, 0x03, 0xF0, 0x00, 0x00, 0x00, 0x7E, 0x00, 0x00, 0x00, 0x07,
  0xE0, 0x00, 0x00, 0x00, 0x7C, 0x00, 0x00, 0x00, 0x0F, 0xC0, 0x00, 0x00,
  0x00, 0xF8, 0x00, 0x00, 0x00, 0x1F, 0x80, 0x00, 0x00, 0x00, 0x00, 0x00,
  0x00, 0x00, 0x00, 0x00, 0x00, 0x00, 0x00, 0x00, 0x00, 0x00, 0x00, 0x3F,
  0xC0, 0x00, 0x00, 0x1F, 0xFF, 0x80, 0x00, 0x07, 0xFF, 0xFE, 0x00, 0x01,
  0xFF, 0xFF, 0xF8, 0x00, 0x3F, 0xFF, 0xFF, 0xC0, 0x07, 0xFF, 0xFF, 0xFE,
  0x00, 0xFF, 0xF9, 0xFF, 0xF0, 0x1F, 0xF8, 0x01, 0xFF, 0x81, 0xFE, 0x00,
  0x07, 0xF8, 0x3F, 0xC0, 0x00, 0x3F, 0xC7, 0xF8, 0x00, 0x01, 0xFE, 0x7F,
  0x00, 0x00, 0x0F, 0xE7, 0xF0, 0x00, 0x00, 0xFE, 0xFE, 0x00, 0x00, 0x07,
  0xFF, 0xE0, 0x00, 0x00, 0x7F, 0xFE, 0x00, 0x00, 0x07, 0xFF, 0xE0, 0x00,
  0x00, 0x7F, 0xFC, 0x00, 0x00, 0x03, 0xFF, 0xC0, 0x00, 0x00, 0x3F, 0xFC,
  0x00, 0x00, 0x03, 0xFF, 0xE0, 0x00, 0x00, 0x7F, 0xFE, 0x00, 0x00, 0x07,
  0xFF, 0xE0, 0x00, 0x00, 0x7F, 0xFE, 0x00, 0x00, 0x07, 0xF7, 0xF0, 0x00,
  0x00, 0xFE, 0x7F, 0x00, 0x00, 0x0F, 0xE7, 0xF8, 0x00, 0x01, 0xFC, 0x3F,
  0xC0, 0x00, 0x3F, 0xC1, 0xFE, 0x00, 0x07, 0xF8, 0x1F, 0xF8, 0x01, 0xFF,
  0x80, 0xFF, 0xFF, 0xFF, 0xF0, 0x07, 0xFF, 0xFF, 0xFE, 0x00, 0x3F, 0xFF,
  0xFF, 0xC0, 0x01, 0xFF, 0xFF, 0xF8, 0x00, 0x07, 0xFF, 0xFE, 0x00, 0x00,
  0x1F, 0xFF, 0x80, 0x00, 0x00, 0x3F, 0xC0, 0x00, 0x00, 0x01, 0xF8, 0x00,
  0x00, 0x00, 0x3F, 0xC0, 0x00, 0x00, 0x07, 0xFE, 0x00, 0x00, 0x00, 0xFF,
  0xF0, 0x00, 0x00, 0x0F, 0x9F, 0x00, 0x00, 0x01, 0xF0, 0xF8, 0x00, 0x00,
  0x3F, 0x0F, 0xC0, 0x00, 0x07, 0xE0, 0x7E, 0x00, 0x00, 0x00, 0x00, 0x00,
  0x00, 0x00, 0x00, 0x00, 0x00, 0x00, 0x00, 0x00, 0x00, 0x00, 0x00, 0x3F,
  0xC0, 0x00, 0x00, 0x1F, 0xFF, 0x80, 0x00, 0x07, 0xFF, 0xFE, 0x00, 0x01,
  0xFF, 0xFF, 0xF8, 0x00, 0x3F, 0xFF, 0xFF, 0xC0, 0x07, 0xFF, 0xFF, 0xFE,
  0x00, 0xFF, 0xF9, 0xFF, 0xF0, 0x1F, 0xF8, 0x01, 0xFF, 0x81, 0xFE, 0x00,
  0x07, 0xF8, 0x3F, 0xC0, 0x00, 0x3F, 0xC7, 0xF8, 0x00, 0x01, 0xFE, 0x7F,
  0x00, 0x00, 0x0F, 0xE7, 0xF0, 0x00, 0x00, 0xFE, 0xFE, 0x00, 0x00, 0x07,
  0xFF, 0xE0, 0x00, 0x00, 0x7F, 0xFE, 0x00, 0x00, 0x07, 0xFF, 0xE0, 0x00,
  0x00, 0x7F, 0xFC, 0x00, 0x00, 0x03, 0xFF, 0xC0, 0x00, 0x00, 0x3F, 0xFC,
  0x00, 0x00, 0x03, 0xFF, 0xE0, 0x00, 0x00, 0x7F, 0xFE, 0x00, 0x00, 0x07,
  0xFF, 0xE0, 0x00, 0x00, 0x7F, 0xFE, 0x00, 0x00, 0x07, 0xF7, 0xF0, 0x00,
  0x00, 0xFE, 0x7F, 0x00, 0x00, 0x0F, 0xE7, 0xF8, 0x00, 0x01, 0xFC, 0x3F,
  0xC0, 0x00, 0x3F, 0xC1, 0xFE, 0x00, 0x07, 0xF8, 0x1F, 0xF8, 0x01, 0xFF,
  0x80, 0xFF, 0xFF, 0xFF, 0xF0, 0x07, 0xFF, 0xFF, 0xFE, 0x00, 0x3F, 0xFF,
  0xFF, 0xC0, 0x01, 0xFF, 0xFF, 0xF8, 0x00, 0x07, 0xFF, 0xFE, 0x00, 0x00,
  0x1F, 0xFF, 0x80, 0x00, 0x00, 0x3F, 0xC0, 0x00, 0x00, 0x1F, 0x81, 0xE0,
  0x00, 0x03, 0xFE, 0x1E, 0x00, 0x00, 0x3F, 0xFF, 0xE0, 0x00, 0x07, 0xFF,
  0xFE, 0x00, 0x00, 0x7C, 0xFF, 0xC0, 0x00, 0x07, 0x87, 0xF8, 0x00, 0x00,
  0x78, 0x1F, 0x00, 0x00, 0x00, 0x00, 0x00, 0x00, 0x00, 0x00, 0x00, 0x00,
  0x00, 0x00, 0x00, 0x00, 0x00, 0x00, 0x03, 0xFC, 0x00, 0x00, 0x01, 0xFF,
  0xF8, 0x00, 0x00, 0x7F, 0xFF, 0xE0, 0x00, 0x1F, 0xFF, 0xFF, 0x80, 0x03,
  0xFF, 0xFF, 0xFC, 0x00, 0x7F, 0xFF, 0xFF, 0xE0, 0x0F, 0xFF, 0x9F, 0xFF,
  0x01, 0xFF, 0x80, 0x1F, 0xF8, 0x1F, 0xE0, 0x00, 0x7F, 0x83, 0xFC, 0x00,
  0x03, 0xFC, 0x7F, 0x80, 0x00, 0x1F, 0xE7, 0xF0, 0x00, 0x00, 0xFE, 0x7F,
  0x00, 0x00, 0x0F, 0xEF, 0xE0, 0x00, 0x00, 0x7F, 0xFE, 0x00, 0x00, 0x07,
  0xFF, 0xE0, 0x00, 0x00, 0x7F, 0xFE, 0x00, 0x00, 0x07, 0xFF, 0xC0, 0x00,
  0x00, 0x3F, 0xFC, 0x00, 0x00, 0x03, 0xFF, 0xC0, 0x00, 0x00, 0x3F, 0xFE,
  0x00, 0x00, 0x07, 0xFF, 0xE0, 0x00, 0x00, 0x7F, 0xFE, 0x00, 0x00, 0x07,
  0xFF, 0xE0, 0x00, 0x00, 0x7F, 0x7F, 0x00, 0x00, 0x0F, 0xE7, 0xF0, 0x00,
  0x00, 0xFE, 0x7F, 0x80, 0x00, 0x1F, 0xC3, 0xFC, 0x00, 0x03, 0xFC, 0x1F,
  0xE0, 0x00, 0x7F, 0x81, 0xFF, 0x80, 0x1F, 0xF8, 0x0F, 0xFF, 0xFF, 0xFF,
  0x00, 0x7F, 0xFF, 0xFF, 0xE0, 0x03, 0xFF, 0xFF, 0xFC, 0x00, 0x1F, 0xFF,
  0xFF, 0x80, 0x00, 0x7F, 0xFF, 0xE0, 0x00, 0x01, 0xFF, 0xF8, 0x00, 0x00,
  0x03, 0xFC, 0x00, 0x00, 0x00, 0x00, 0x01, 0x00, 0x00, 0x03, 0xE0, 0x7C,
  0x00, 0x00, 0x3F, 0x0F, 0xC0, 0x00, 0x07, 0xF0, 0xFE, 0x00, 0x00, 0x7F,
  0x0F, 0xE0, 0x00, 0x03, 0xF0, 0xFC, 0x00, 0x00, 0x3E, 0x07, 0xC0, 0x00,
  0x00, 0x00, 0x00, 0x00, 0x00, 0x00, 0x00, 0x00, 0x00, 0x00, 0x00, 0x00,
  0x00, 0x00, 0x00, 0x00, 0x00, 0x00, 0x00, 0x3F, 0xC0, 0x00, 0x00, 0x1F,
  0xFF, 0x80, 0x00, 0x07, 0xFF, 0xFE, 0x00, 0x01, 0xFF, 0xFF, 0xF8, 0x00,
  0x3F, 0xFF, 0xFF, 0xC0, 0x07, 0xFF, 0xFF, 0xFE, 0x00, 0xFF, 0xF9, 0xFF,
  0xF0, 0x1F, 0xF8, 0x01, 0xFF, 0x81, 0xFE, 0x00, 0x07, 0xF8, 0x3F, 0xC0,
  0x00, 0x3F, 0xC7, 0xF8, 0x00, 0x01, 0xFE, 0x7F, 0x00, 0x00, 0x0F, 0xE7,
  0xF0, 0x00, 0x00, 0xFE, 0xFE, 0x00, 0x00, 0x07, 0xFF, 0xE0, 0x00, 0x00,
  0x7F, 0xFE, 0x00, 0x00, 0x07, 0xFF, 0xE0, 0x00, 0x00, 0x7F, 0xFC, 0x00,
  0x00, 0x03, 0xFF, 0xC0, 0x00, 0x00, 0x3F, 0xFC, 0x00, 0x00, 0x03, 0xFF,
  0xE0, 0x00, 0x00, 0x7F, 0xFE, 0x00, 0x00, 0x07, 0xFF, 0xE0, 0x00, 0x00,
  0x7F, 0xFE, 0x00, 0x00, 0x07, 0xF7, 0xF0, 0x00, 0x00, 0xFE, 0x7F, 0x00,
  0x00, 0x0F, 0xE7, 0xF8, 0x00, 0x01, 0xFC, 0x3F, 0xC0, 0x00, 0x3F, 0xC1,
  0xFE, 0x00, 0x07, 0xF8, 0x1F, 0xF8, 0x01, 0xFF, 0x80, 0xFF, 0xFF, 0xFF,
  0xF0, 0x07, 0xFF, 0xFF, 0xFE, 0x00, 0x3F, 0xFF, 0xFF, 0xC0, 0x01, 0xFF,
  0xFF, 0xF8, 0x00, 0x07, 0xFF, 0xFE, 0x00, 0x00, 0x1F, 0xFF, 0x80, 0x00,
  0x00, 0x3F, 0xC0, 0x00, 0x18, 0x00, 0x20, 0x78, 0x00, 0xF1, 0xF8, 0x03,
  0xF7, 0xF8, 0x0F, 0xF7, 0xF8, 0x3F, 0xC7, 0xF8, 0xFF, 0x07, 0xFB, 0xFC,
  0x07, 0xFF, 0xF0, 0x07, 0xFF, 0xC0, 0x07, 0xFE, 0x00, 0x07, 0xF8, 0x00,
  0x1F, 0xF8, 0x00, 0x7F, 0xF8, 0x01, 0xFF, 0xF8, 0x07, 0xFF, 0xF8, 0x1F,
  0xE7, 0xF8, 0x7F, 0x87, 0xF9, 0xFE, 0x07, 0xFF, 0xF8, 0x07, 0xF3, 0xE0,
  0x07, 0xC1, 0x80, 0x07, 0x02, 0x00, 0x04, 0x00, 0x00, 0x03, 0xFC, 0x04,
  0x00, 0x01, 0xFF, 0xF8, 0xF0, 0x00, 0x7F, 0xFF, 0xFF, 0x80, 0x1F, 0xFF,
  0xFF, 0xF0, 0x03, 0xFF, 0xFF, 0xFE, 0x00, 0x7F, 0xFF, 0xFF, 0xE0, 0x0F,
  0xFF, 0x9F, 0xFF, 0x01, 0xFF, 0x80, 0x1F, 0xF8, 0x1F, 0xE0, 0x01, 0xFF,
  0x83, 0xFC, 0x00, 0x3F, 0xFC, 0x7F, 0x80, 0x07, 0xFF, 0xE7, 0xF0, 0x00,
  0xFC, 0xFE, 0x7F, 0x00, 0x0F, 0x8F, 0xEF, 0xE0, 0x01, 0xF0, 0x7F, 0xFE,
  0x00, 0x3F, 0x07, 0xFF, 0xE0, 0x03, 0xE0, 0x7F, 0xFE, 0x00, 0x7C, 0x07,
  0xFF, 0xC0, 0x0F, 0x80, 0x3F, 0xFC, 0x01, 0xF8, 0x03, 0xFF, 0xC0, 0x1F,
  0x00, 0x3F, 0xFE, 0x03, 0xE0, 0x07, 0xFF, 0xE0, 0x7E, 0x00, 0x7F, 0xFE,
  0x07, 0xC0, 0x07, 0xFF, 0xE0, 0xF8, 0x00, 0x7F, 0x7F, 0x1F, 0x00, 0x0F,
  0xE7, 0xF3, 0xF0, 0x00, 0xFE, 0x7F, 0xBE, 0x00, 0x1F, 0xC3, 0xFF, 0xC0,
  0x03, 0xFC, 0x1F, 0xFC, 0x00, 0x7F, 0x81, 0xFF, 0x80, 0x1F, 0xF8, 0x0F,
  0xFF, 0xFF, 0xFF, 0x00, 0x7F, 0xFF, 0xFF, 0xE0, 0x07, 0xFF, 0xFF, 0xFC,
  0x00, 0xFF, 0xFF, 0xFF, 0x80, 0x1F, 0xFF, 0xFF, 0xE0, 0x00, 0xF1, 0xFF,
  0xF8, 0x00, 0x02, 0x03, 0xFC, 0x00, 0x00, 0x01, 0xF8, 0x00, 0x00, 0x1F,
  0x80, 0x00, 0x03, 0xF0, 0x00, 0x00, 0x3F, 0x00, 0x00, 0x07, 0xE0, 0x00,
  0x00, 0x7C, 0x00, 0x00, 0x07, 0xC0, 0x00, 0x00, 0xF8, 0x00, 0x00, 0x00,
  0x00, 0x00, 0x00, 0x00, 0x00, 0x00, 0x00, 0x00, 0x00, 0x00, 0x00, 0x0F,
  0xC0, 0x00, 0x7F, 0xF8, 0x00, 0x0F, 0xFF, 0x00, 0x01, 0xFF, 0xE0, 0x00,
  0x3F, 0xFC, 0x00, 0x07, 0xFF, 0x80, 0x00, 0xFF, 0xF0, 0x00, 0x1F, 0xFE,
  0x00, 0x03, 0xFF, 0xC0, 0x00, 0x7F, 0xF8, 0x00, 0x0F, 0xFF, 0x00, 0x01,
  0xFF, 0xE0, 0x00, 0x3F, 0xFC, 0x00, 0x07, 0xFF, 0x80, 0x00, 0xFF, 0xF0,
  0x00, 0x1F, 0xFE, 0x00, 0x03, 0xFF, 0xC0, 0x00, 0x7F, 0xF8, 0x00, 0x0F,
  0xFF, 0x00, 0x01, 0xFF, 0xE0, 0x00, 0x3F, 0xFC, 0x00, 0x07, 0xFF, 0x80,
  0x00, 0xFF, 0xF0, 0x00, 0x1F, 0xFF, 0x00, 0x03, 0xFF, 0xE0, 0x00, 0xFF,
  0xFC, 0x00, 0x1F, 0xDF, 0x80, 0x03, 0xFB, 0xF8, 0x00, 0xFE, 0x7F, 0x80,
  0x3F, 0xC7, 0xFC, 0x1F, 0xF0, 0xFF, 0xFF, 0xFE, 0x0F, 0xFF, 0xFF, 0x80,
  0xFF, 0xFF, 0xE0, 0x0F, 0xFF, 0xF8, 0x00, 0x7F, 0xFC, 0x00, 0x01, 0xFC,
  0x00, 0x00, 0x03, 0xF0, 0x00, 0x00, 0x7E, 0x00, 0x00, 0x1F, 0x80, 0x00,
  0x03, 0xE0, 0x00, 0x00, 0xFC, 0x00, 0x00, 0x1F, 0x00, 0x00, 0x07, 0xE0,
  0x00, 0x00, 0xF8, 0x00, 0x00, 0x00, 0x00, 0x00, 0x00, 0x00, 0x00, 0x00,
  0x00, 0x00, 0x00, 0x00, 0x00, 0x0F, 0xC0, 0x00, 0x7F, 0xF8, 0x00, 0x0F,
  0xFF, 0x00, 0x01, 0xFF, 0xE0, 0x00, 0x3F, 0xFC, 0x00, 0x07, 0xFF, 0x80,
  0x00, 0xFF, 0xF0, 0x00, 0x1F, 0xFE, 0x00, 0x03, 0xFF, 0xC0, 0x00, 0x7F,
  0xF8, 0x00, 0x0F, 0xFF, 0x00, 0x01, 0xFF, 0xE0, 0x00, 0x3F, 0xFC, 0x00,
  0x07, 0xFF, 0x80, 0x00, 0xFF, 0xF0, 0x00, 0x1F, 0xFE, 0x00, 0x03, 0xFF,
  0xC0, 0x00, 0x7F, 0xF8, 0x00, 0x0F, 0xFF, 0x00, 0x01, 0xFF, 0xE0, 0x00,
  0x3F, 0xFC, 0x00, 0x07, 0xFF, 0x80, 0x00, 0xFF, 0xF0, 0x00, 0x1F, 0xFF,
  0x00, 0x03, 0xFF, 0xE0, 0x00, 0xFF, 0xFC, 0x00, 0x1F, 0xDF, 0x80, 0x03,
  0xFB, 0xF8, 0x00, 0xFE, 0x7F, 0x80, 0x3F, 0xC7, 0xFC, 0x1F, 0xF0, 0xFF,
  0xFF, 0xFE, 0x0F, 0xFF, 0xFF, 0x80, 0xFF, 0xFF, 0xE0, 0x0F, 0xFF, 0xF8,
  0x00, 0x7F, 0xFC, 0x00, 0x01, 0xFC, 0x00, 0x00, 0x1F, 0x80, 0x00, 0x07,
  0xF8, 0x00, 0x01, 0xFF, 0x00, 0x00, 0x7F, 0xF0, 0x00, 0x1F, 0xBF, 0x00,
  0x07, 0xE3, 0xF0, 0x00, 0xF8, 0x3F, 0x00, 0x7E, 0x03, 0xF0, 0x00, 0x00,
  0x00, 0x00, 0x00, 0x00, 0x00, 0x00, 0x00, 0x00, 0x00, 0x00, 0x00, 0x0F,
  0xC0, 0x00, 0x7F, 0xF8, 0x00, 0x0F, 0xFF, 0x00, 0x01, 0xFF, 0xE0, 0x00,
  0x3F, 0xFC, 0x00, 0x07, 0xFF, 0x80, 0x00, 0xFF, 0xF0, 0x00, 0x1F, 0xFE,
  0x00, 0x03, 0xFF, 0xC0, 0x00, 0x7F, 0xF8, 0x00, 0x0F, 0xFF, 0x00, 0x01,
  0xFF, 0xE0, 0x00, 0x3F, 0xFC, 0x00, 0x07, 0xFF, 0x80, 0x00, 0xFF, 0xF0,
  0x00, 0x1F, 0xFE, 0x00, 0x03, 0xFF, 0xC0, 0x00, 0x7F, 0xF8, 0x00, 0x0F,
  0xFF, 0x00, 0x01, 0xFF, 0xE0, 0x00, 0x3F, 0xFC, 0x00, 0x07, 0xFF, 0x80,
  0x00, 0xFF, 0xF0, 0x00, 0x1F, 0xFF, 0x00, 0x03, 0xFF, 0xE0, 0x00, 0xFF,
  0xFC, 0x00, 0x1F, 0xDF, 0x80, 0x03, 0xFB, 0xF8, 0x00, 0xFE, 0x7F, 0x80,
  0x3F, 0xC7, 0xFC, 0x1F, 0xF0, 0xFF, 0xFF, 0xFE, 0x0F, 0xFF, 0xFF, 0x80,
  0xFF, 0xFF, 0xE0, 0x0F, 0xFF, 0xF8, 0x00, 0x7F, 0xFC, 0x00, 0x01, 0xFC,
  0x00, 0x00, 0x00, 0x20, 0x00, 0x7C, 0x0F, 0x00, 0x1F, 0x83, 0xF0, 0x03,
  0xF8, 0x7E, 0x00, 0x7F, 0x0F, 0xC0, 0x0F, 0xC1, 0xF8, 0x00, 0xF8, 0x1E,
  0x00, 0x00, 0x00, 0x00, 0x00, 0x00, 0x00, 0x00, 0x00, 0x00, 0x00, 0x00,
  0x00, 0x00, 0x00, 0x00, 0x00, 0x0F, 0xC0, 0x00, 0x7F, 0xF8, 0x00, 0x0F,
  0xFF, 0x00, 0x01, 0xFF, 0xE0, 0x00, 0x3F, 0xFC, 0x00, 0x07, 0xFF, 0x80,
  0x00, 0xFF, 0xF0, 0x00, 0x1F, 0xFE, 0x00, 0x03, 0xFF, 0xC0, 0x00, 0x7F,
  0xF8, 0x00, 0x0F, 0xFF, 0x00, 0x01, 0xFF, 0xE0, 0x00, 0x3F, 0xFC, 0x00,
  0x07, 0xFF, 0x80, 0x00, 0xFF, 0xF0, 0x00, 0x1F, 0xFE, 0x00, 0x03, 0xFF,
  0xC0, 0x00, 0x7F, 0xF8, 0x00, 0x0F, 0xFF, 0x00, 0x01, 0xFF, 0xE0, 0x00,
  0x3F, 0xFC, 0x00, 0x07, 0xFF, 0x80, 0x00, 0xFF, 0xF0, 0x00, 0x1F, 0xFF,
  0x00, 0x03, 0xFF, 0xE0, 0x00, 0xFF, 0xFC, 0x00, 0x1F, 0xDF, 0x80, 0x03,
  0xFB, 0xF8, 0x00, 0xFE, 0x7F, 0x80, 0x3F, 0xC7, 0xFC, 0x1F, 0xF0, 0xFF,
  0xFF, 0xFE, 0x0F, 0xFF, 0xFF, 0x80, 0xFF, 0xFF, 0xE0, 0x0F, 0xFF, 0xF8,
  0x00, 0x7F, 0xFC, 0x00, 0x01, 0xFC, 0x00, 0x00, 0x00, 0xFE, 0x00, 0x00,
  0x01, 0xF8, 0x00, 0x00, 0x07, 0xE0, 0x00, 0x00, 0x0F, 0xC0, 0x00, 0x00,
  0x3F, 0x00, 0x00, 0x00, 0x7E, 0x00, 0x00, 0x00, 0xF8, 0x00, 0x00, 0x03,
  0xE0, 0x00, 0x00, 0x00, 0x00, 0x00, 0x00, 0x00, 0x00, 0x00, 0x00, 0x00,
  0x00, 0x00, 0x00, 0x00, 0x00, 0x0F, 0xF0, 0x00, 0x0F, 0xEF, 0xF0, 0x00,
  0x3F, 0x8F, 0xE0, 0x00, 0xFF, 0x0F, 0xE0, 0x01, 0xFC, 0x1F, 0xE0, 0x07,
  0xF0, 0x1F, 0xC0, 0x0F, 0xE0, 0x3F, 0xC0, 0x3F, 0x80, 0x3F, 0x80, 0x7F,
  0x00, 0x3F, 0x81, 0xFC, 0x00, 0x7F, 0x87, 0xF0, 0x00, 0x7F, 0x0F, 0xE0,
  0x00, 0x7F, 0x3F, 0x80, 0x00, 0xFE, 0x7E, 0x00, 0x00, 0xFF, 0xFC, 0x00,
  0x01, 0xFF, 0xF0, 0x00, 0x01, 0xFF, 0xE0, 0x00, 0x01, 0xFF, 0x80, 0x00,
  0x03, 0xFE, 0x00, 0x00, 0x03, 0xFC, 0x00, 0x00, 0x03, 0xF0, 0x00, 0x00,
  0x07, 0xE0, 0x00, 0x00, 0x0F, 0xC0, 0x00, 0x00, 0x1F, 0x80, 0x00, 0x00,
  0x3F, 0x00, 0x00, 0x00, 0x7E, 0x00, 0x00, 0x00, 0xFC, 0x00, 0x00, 0x01,
  0xF8, 0x00, 0x00, 0x03, 0xF0, 0x00, 0x00, 0x07, 0xE0, 0x00, 0x00, 0x0F,
  0xC0, 0x00, 0x00, 0x1F, 0x80, 0x00, 0x00, 0x3F, 0x00, 0x00, 0x00, 0x7E,
  0x00, 0x00, 0x00, 0xFC, 0x00, 0x00, 0x01, 0xF8, 0x00, 0x00, 0xFC, 0x00,
  0x00, 0x7E, 0x00, 0x00, 0x3F, 0x00, 0x00, 0x1F, 0x80, 0x00, 0x0F, 0xC0,
  0x00, 0x07, 0xFF, 0xFC, 0x03, 0xFF, 0xFF, 0x81, 0xFF, 0xFF, 0xF0, 0xFF,
  0xFF, 0xFC, 0x7F, 0xFF, 0xFF, 0x3F, 0xFF, 0xFF, 0x9F, 0x80, 0x1F, 0xEF,
  0xC0, 0x07, 0xF7, 0xE0, 0x03, 0xFB, 0xF0, 0x00, 0xFF, 0xF8, 0x00, 0x7F,
  0xFC, 0x00, 0x3F, 0xFE, 0x00, 0x1F, 0xFF, 0x00, 0x0F, 0xFF, 0x80, 0x07,
  0xEF, 0xC0, 0x07, 0xF7, 0xE0, 0x07, 0xFB, 0xFF, 0xFF, 0xF9, 0xFF, 0xFF,
  0xFC, 0xFF, 0xFF, 0xFC, 0x7F, 0xFF, 0xFC, 0x3F, 0xFF, 0xF8, 0x1F, 0xFF,
  0xF0, 0x0F, 0xC0, 0x00, 0x07, 0xE0, 0x00, 0x03, 0xF0, 0x00, 0x01, 0xF8,
  0x00, 0x00, 0xFC, 0x00, 0x00, 0x7E, 0x00, 0x00, 0x3F, 0x00, 0x00, 0x00,
  0x00, 0x7E, 0x00, 0x01, 0xFF, 0xE0, 0x03, 0xFF, 0xFC, 0x03, 0xFF, 0xFF,
  0x03, 0xFF, 0xFF, 0xC1, 0xFF, 0xFF, 0xF1, 0xFE, 0x07, 0xF8, 0xFE, 0x01,
  0xFC, 0xFE, 0x00, 0x7F, 0x7F, 0x00, 0x3F, 0xBF, 0x80, 0x1F, 0xDF, 0xC0,
  0x0F, 0xCF, 0xE0, 0x07, 0xE7, 0xF0, 0x07, 0xF3, 0xF8, 0x07, 0xF1, 0xFC,
  0x3F, 0xF0, 0xFE, 0x1F, 0xF0, 0x7F, 0x0F, 0xF0, 0x3F, 0x87, 0xFE, 0x1F,
  0xC3, 0xFF, 0x8F, 0xE0, 0x1F, 0xE7, 0xF0, 0x03, 0xFB, 0xF8, 0x00, 0xFD,
  0xFC, 0x00, 0x7F, 0xFE, 0x00, 0x1F, 0xFF, 0x00, 0x0F, 0xFF, 0x80, 0x07,
  0xFF, 0xC0, 0x07, 0xFF, 0xE0, 0x03, 0xFF, 0xF0, 0x03, 0xFF, 0xF8, 0x07,
  0xFD, 0xFC, 0xFF, 0xFE, 0xFE, 0x7F, 0xFE, 0x7F, 0x3F, 0xFE, 0x3F, 0x9F,
  0xFE, 0x1F, 0xCF, 0xFC, 0x00, 0x00, 0xC0, 0x00, 0x03, 0xF8, 0x00, 0x01,
  0xF8, 0x00, 0x00, 0xF8, 0x00, 0x00, 0xFC, 0x00, 0x00, 0x7C, 0x00, 0x00,
  0x7E, 0x00, 0x00, 0x3E, 0x00, 0x00, 0x3F, 0x00, 0x00, 0x00, 0x00, 0x00,
  0x00, 0x00, 0x00, 0x00, 0x00, 0x00, 0x7F, 0x00, 0x03, 0xFF, 0xF0, 0x0F,
  0xFF, 0xF8, 0x1F, 0xFF, 0xFC, 0x7F, 0xFF, 0xFE, 0x3F, 0x81, 0xFE, 0x1E,
  0x00, 0x7F, 0x08, 0x00, 0x7F, 0x00, 0x00, 0x3F, 0x00, 0x00, 0x3F, 0x00,
  0xFC, 0x3F, 0x07, 0xFF, 0xFF, 0x1F, 0xFF, 0xFF, 0x3F, 0xFF, 0xFF, 0x3F,
  0xC0, 0xFF, 0x7F, 0x00, 0x3F, 0x7E, 0x00, 0x3F, 0x7E, 0x00, 0x3F, 0xFE,
  0x00, 0x7F, 0xFE, 0x00, 0x7F, 0x7F, 0x00, 0xFF, 0x7F, 0x83, 0xFF, 0x7F,
  0xFF, 0xFF, 0x3F, 0xFF, 0xBF, 0x1F, 0xFF, 0x3F, 0x0F, 0xFE, 0x3F, 0x01,
  0xF0, 0x00, 0x00, 0x07, 0xF0, 0x00, 0x07, 0xE0, 0x00, 0x0F, 0xC0, 0x00,
  0x0F, 0xC0, 0x00, 0x0F, 0x80, 0x00, 0x1F, 0x80, 0x00, 0x1F, 0x00, 0x00,
  0x3E, 0x00, 0x00, 0x00, 0x00, 0x00, 0x00, 0x00, 0x00, 0x00, 0x00, 0x00,
  0x7F, 0x00, 0x03, 0xFF, 0xF0, 0x0F, 0xFF, 0xF8, 0x1F, 0xFF, 0xFC, 0x7F,
  0xFF, 0xFE, 0x3F, 0x81, 0xFE, 0x1E, 0x00, 0x7F, 0x08, 0x00, 0x7F, 0x00,
  0x00, 0x3F, 0x00, 0x00, 0x3F, 0x00, 0xFC, 0x3F, 0x07, 0xFF, 0xFF, 0x1F,
  0xFF, 0xFF, 0x3F, 0xFF, 0xFF, 0x3F, 0xC0, 0xFF, 0x7F, 0x00, 0x3F, 0x7E,
  0x00, 0x3F, 0x7E, 0x00, 0x3F, 0xFE, 0x00, 0x7F, 0xFE, 0x00, 0x7F, 0x7F,
  0x00, 0xFF, 0x7F, 0x83, 0xFF, 0x7F, 0xFF, 0xFF, 0x3F, 0xFF, 0xBF, 0x1F,
  0xFF, 0x3F, 0x0F, 0xFE, 0x3F, 0x01, 0xF0, 0x00, 0x00, 0x3F, 0x00, 0x00,
  0x7F, 0x80, 0x00, 0xFF, 0xC0, 0x01, 0xFF, 0xE0, 0x01, 0xF3, 0xE0, 0x03,
  0xE1, 0xF0, 0x07, 0xE1, 0xF8, 0x0F, 0xC0, 0xFC, 0x00, 0x00, 0x00, 0x00,
  0x00, 0x00, 0x00, 0x00, 0x00, 0x00, 0x7F, 0x00, 0x03, 0xFF, 0xF0, 0x0F,
  0xFF, 0xF8, 0x1F, 0xFF, 0xFC, 0x7F, 0xFF, 0xFE, 0x3F, 0x81, 0xFE, 0x1E,
  0x00, 0x7F, 0x08, 0x00, 0x7F, 0x00, 0x00, 0x3F, 0x00, 0x00, 0x3F, 0x00,
  0xFC, 0x3F, 0x07, 0xFF, 0xFF, 0x1F, 0xFF, 0xFF, 0x3F, 0xFF, 0xFF, 0x3F,
  0xC0, 0xFF, 0x7F, 0x00, 0x3F, 0x7E, 0x00, 0x3F, 0x7E, 0x00, 0x3F, 0xFE,
  0x00, 0x7F, 0xFE, 0x00, 0x7F, 0x7F, 0x00, 0xFF, 0x7F, 0x83, 0xFF, 0x7F,
  0xFF, 0xFF, 0x3F, 0xFF, 0xBF, 0x1F, 0xFF, 0x3F, 0x0F, 0xFE, 0x3F, 0x01,
  0xF0, 0x00, 0x03, 0xF0, 0x3C, 0x07, 0xFC, 0x3C, 0x07, 0xFF, 0xFC, 0x0F,
  0xFF, 0xF8, 0x0F, 0x9F, 0xF8, 0x0F, 0x0F, 0xF0, 0x0F, 0x03, 0xE0, 0x00,
  0x00, 0x00, 0x00, 0x00, 0x00, 0x00, 0x00, 0x00, 0x00, 0x7F, 0x00, 0x03,
  0xFF, 0xF0, 0x0F, 0xFF, 0xF8, 0x1F, 0xFF, 0xFC, 0x7F, 0xFF, 0xFE, 0x3F,
  0x81, 0xFE, 0x1E, 0x00, 0x7F, 0x08, 0x00, 0x7F, 0x00, 0x00, 0x3F, 0x00,
  0x00, 0x3F, 0x00, 0xFC, 0x3F, 0x07, 0xFF, 0xFF, 0x1F, 0xFF, 0xFF, 0x3F,
  0xFF, 0xFF, 0x3F, 0xC0, 0xFF, 0x7F, 0x00, 0x3F, 0x7E, 0x00, 0x3F, 0x7E,
  0x00, 0x3F, 0xFE, 0x00, 0x7F, 0xFE, 0x00, 0x7F, 0x7F, 0x00, 0xFF, 0x7F,
  0x83, 0xFF, 0x7F, 0xFF, 0xFF, 0x3F, 0xFF, 0xBF, 0x1F, 0xFF, 0x3F, 0x0F,
  0xFE, 0x3F, 0x01, 0xF0, 0x00, 0x00, 0x00, 0x20, 0x07, 0xC0, 0xF8, 0x07,
  0xE1, 0xF8, 0x0F, 0xE1, 0xFC, 0x0F, 0xE1, 0xFC, 0x07, 0xE1, 0xF8, 0x07,
  0xC0, 0xF0, 0x00, 0x00, 0x00, 0x00, 0x00, 0x00, 0x00, 0x00, 0x00, 0x00,
  0x00, 0x00, 0x00, 0x7F, 0x00, 0x03, 0xFF, 0xF0, 0x0F, 0xFF, 0xF8, 0x1F,
  0xFF, 0xFC, 0x7F, 0xFF, 0xFE, 0x3F, 0x81, 0xFE, 0x1E, 0x00, 0x7F, 0x08,
  0x00, 0x7F, 0x00, 0x00, 0x3F, 0x00, 0x00, 0x3F, 0x00, 0xFC, 0x3F, 0x07,
  0xFF, 0xFF, 0x1F, 0xFF, 0xFF, 0x3F, 0xFF, 0xFF, 0x3F, 0xC0, 0xFF, 0x7F,
  0x00, 0x3F, 0x7E, 0x00, 0x3F, 0x7E, 0x00, 0x3F, 0xFE, 0x00, 0x7F, 0xFE,
  0x00, 0x7F, 0x7F, 0x00, 0xFF, 0x7F, 0x83, 0xFF, 0x7F, 0xFF, 0xFF, 0x3F,
  0xFF, 0xBF, 0x1F, 0xFF, 0x3F, 0x0F, 0xFE, 0x3F, 0x01, 0xF0, 0x00, 0x00,
  0x1E, 0x00, 0x00, 0x7F, 0x80, 0x00, 0xFF, 0xC0, 0x00, 0xFF, 0xC0, 0x01,
  0xE1, 0xE0, 0x01, 0xE1, 0xE0, 0x01, 0xE1, 0xE0, 0x01, 0xE1, 0xE0, 0x00,
  0xFF, 0xC0, 0x00, 0xFF, 0xC0, 0x00, 0x7F, 0x80, 0x00, 0x1C, 0x00, 0x00,
  0x00, 0x00, 0x00, 0x00, 0x00, 0x00, 0x7F, 0x00, 0x03, 0xFF, 0xF0, 0x0F,
  0xFF, 0xF8, 0x1F, 0xFF, 0xFC, 0x7F, 0xFF, 0xFE, 0x3F, 0x81, 0xFE, 0x1E,
  0x00, 0x7F, 0x08, 0x00, 0x7F, 0x00, 0x00, 0x3F, 0x00, 0x00, 0x3F, 0x00,
  0xFC, 0x3F, 0x07, 0xFF, 0xFF, 0x1F, 0xFF, 0xFF, 0x3F, 0xFF, 0xFF, 0x3F,
  0xC0, 0xFF, 0x7F, 0x00, 0x3F, 0x7E, 0x00, 0x3F, 0x7E, 0x00, 0x3F, 0xFE,
  0x00, 0x7F, 0xFE, 0x00, 0x7F, 0x7F, 0x00, 0xFF, 0x7F, 0x83, 0xFF, 0x7F,
  0xFF, 0xFF, 0x3F, 0xFF, 0xBF, 0x1F, 0xFF, 0x3F, 0x0F, 0xFE, 0x3F, 0x01,
  0xF0, 0x00, 0x00, 0xFF, 0x00, 0x0F, 0xE0, 0x00, 0x3F, 0xFE, 0x07, 0xFF,
  0x80, 0x0F, 0xFF, 0xF0, 0xFF, 0xFE, 0x01, 0xFF, 0xFF, 0xDF, 0xFF, 0xF0,
  0x7F, 0xFF, 0xFF, 0xFF, 0xFF, 0x83, 0xF8, 0x1F, 0xFF, 0xCF, 0xFC, 0x1E,
  0x00, 0xFF, 0xE0, 0x1F, 0xC0, 0xC0, 0x07, 0xFC, 0x00, 0xFE, 0x00, 0x00,
  0x3F, 0xC0, 0x07, 0xE0, 0x00, 0x03, 0xF8, 0x00, 0x7E, 0x00, 0xF8, 0x3F,
  0x80, 0x07, 0xE0, 0x7F, 0xFB, 0xFF, 0xFF, 0xFF, 0x1F, 0xFF, 0xFF, 0xFF,
  0xFF, 0xF3, 0xFF, 0xFF, 0xFF, 0xFF, 0xFF, 0x3F, 0x80, 0xFF, 0xFF, 0xFF,
  0xE7, 0xF0, 0x03, 0xF8, 0x00, 0x00, 0x7E, 0x00, 0x3F, 0x80, 0x00, 0x0F,
  0xE0, 0x03, 0xF8, 0x00, 0x00, 0xFE, 0x00, 0x7F, 0xC0, 0x03, 0x0F, 0xE0,
  0x07, 0xFE, 0x00, 0x38, 0x7E, 0x00, 0xFF, 0xF0, 0x0F, 0xC7, 0xF0, 0x3F,
  0x7F, 0xC3, 0xFE, 0x7F, 0xFF, 0xE7, 0xFF, 0xFF, 0xC3, 0xFF, 0xFC, 0x3F,
  0xFF, 0xF8, 0x1F, 0xFF, 0x80, 0xFF, 0xFF, 0x00, 0xFF, 0xE0, 0x07, 0xFF,
  0xC0, 0x01, 0xF8, 0x00, 0x0F, 0xE0, 0x00, 0x00, 0x7F, 0x00, 0x03, 0xFF,
  0xE0, 0x07, 0xFF, 0xF8, 0x0F, 0xFF, 0xFC, 0x1F, 0xFF, 0xFE, 0x3F, 0xFF,
  0xFE, 0x7F, 0x80, 0xFF, 0x7F, 0x00, 0x7F, 0xFE, 0x00, 0x3C, 0xFE, 0x00,
  0x20, 0xFC, 0x00, 0x00, 0xFC, 0x00, 0x00, 0xFC, 0x00, 0x00, 0xFC, 0x00,
  0x00, 0xFC, 0x00, 0x00, 0xFC, 0x00, 0x00, 0xFC, 0x00, 0x00, 0xFE, 0x00,
  0x10, 0xFE, 0x00, 0x3E, 0x7F, 0x00, 0x7F, 0x7F, 0xC0, 0xFF, 0x3F, 0xFF,
  0xFE, 0x1F, 0xFF, 0xFE, 0x0F, 0xFF, 0xFC, 0x07, 0xFF, 0xF0, 0x01, 0xFF,
  0xE0, 0x00, 0x7E, 0x00, 0x00, 0x70, 0x00, 0x00, 0xFE, 0x00, 0x00, 0xFF,
  0x80, 0x01, 0xFF, 0x80, 0x00, 0x77, 0xC0, 0x00, 0x03, 0xC0, 0x00, 0x03,
  0xC0, 0x00, 0xE7, 0xC0, 0x01, 0xFF, 0xC0, 0x00, 0xFF, 0x80, 0x00, 0x7F,
  0x00, 0x00, 0x08, 0x00, 0x03, 0xF0, 0x00, 0x00, 0xFC, 0x00, 0x00, 0x7E,
  0x00, 0x00, 0x1F, 0x00, 0x00, 0x0F, 0xC0, 0x00, 0x03, 0xE0, 0x00, 0x01,
  0xF8, 0x00, 0x00, 0x7C, 0x00, 0x00, 0x00, 0x00, 0x00, 0x00, 0x00, 0x00,
  0x00, 0x00, 0x00, 0x0F, 0xE0, 0x00, 0x3F, 0xFC, 0x00, 0x3F, 0xFF, 0x80,
  0x3F, 0xFF, 0xE0, 0x3F, 0xFF, 0xF8, 0x3F, 0xE3, 0xFE, 0x3F, 0xC0, 0x7F,
  0x1F, 0xC0, 0x1F, 0xDF, 0xC0, 0x07, 0xEF, 0xC0, 0x03, 0xF7, 0xFF, 0xFF,
  0xFF, 0xFF, 0xFF, 0xFF, 0xFF, 0xFF, 0xFF, 0xFF, 0xFF, 0xFF, 0xFF, 0xFF,
  0xFF, 0xFF, 0x00, 0x00, 0x1F, 0x80, 0x00, 0x0F, 0xE0, 0x00, 0x07, 0xF0,
  0x00, 0x41, 0xFC, 0x00, 0x70, 0xFF, 0x00, 0x7C, 0x3F, 0xE0, 0xFF, 0x0F,
  0xFF, 0xFF, 0x07, 0xFF, 0xFF, 0x00, 0xFF, 0xFF, 0x00, 0x3F, 0xFE, 0x00,
  0x03, 0xF8, 0x00, 0x00, 0x07, 0xE0, 0x00, 0x07, 0xE0, 0x00, 0x03, 0xF0,
  0x00, 0x01, 0xF0, 0x00, 0x01, 0xF8, 0x00, 0x00, 0xF8, 0x00, 0x00, 0xFC,
  0x00, 0x00, 0x7C, 0x00, 0x00, 0x00, 0x00, 0x00, 0x00, 0x00, 0x00, 0x00,
  0x00, 0x00, 0x0F, 0xE0, 0x00, 0x3F, 0xFC, 0x00, 0x3F, 0xFF, 0x80, 0x3F,
  0xFF, 0xE0, 0x3F, 0xFF, 0xF8, 0x3F, 0xE3, 0xFE, 0x3F, 0xC0, 0x7F, 0x1F,
  0xC0, 0x1F, 0xDF, 0xC0, 0x07, 0xEF, 0xC0, 0x03, 0xF7, 0xFF, 0xFF, 0xFF,
  0xFF, 0xFF, 0xFF, 0xFF, 0xFF, 0xFF, 0xFF, 0xFF, 0xFF, 0xFF, 0xFF, 0xFF,
  0xFF, 0x00, 0x00, 0x1F, 0x80, 0x00, 0x0F, 0xE0, 0x00, 0x07, 0xF0, 0x00,
  0x41, 0xFC, 0x00, 0x70, 0xFF, 0x00, 0x7C, 0x3F, 0xE0, 0xFF, 0x0F, 0xFF,
  0xFF, 0x07, 0xFF, 0xFF, 0x00, 0xFF, 0xFF, 0x00, 0x3F, 0xFE, 0x00, 0x03,
  0xF8, 0x00, 0x00, 0x7F, 0x00, 0x00, 0x3F, 0x80, 0x00, 0x3F, 0xE0, 0x00,
  0x3F, 0xF8, 0x00, 0x3F, 0x7E, 0x00, 0x3F, 0x1F, 0x80, 0x3F, 0x07, 0xE0,
  0x3F, 0x01, 0xF8, 0x00, 0x00, 0x00, 0x00, 0x00, 0x00, 0x00, 0x00, 0x00,
  0x00, 0x0F, 0xE0, 0x00, 0x3F, 0xFC, 0x00, 0x3F, 0xFF, 0x80, 0x3F, 0xFF,
  0xE0, 0x3F, 0xFF, 0xF8, 0x3F, 0xE3, 0xFE, 0x3F, 0xC0, 0x7F, 0x1F, 0xC0,
  0x1F, 0xDF, 0xC0, 0x07, 0xEF, 0xC0, 0x03, 0xF7, 0xFF, 0xFF, 0xFF, 0xFF,
  0xFF, 0xFF, 0xFF, 0xFF, 0xFF, 0xFF, 0xFF, 0xFF, 0xFF, 0xFF, 0xFF, 0xFF,
  0x00, 0x00, 0x1F, 0x80, 0x00, 0x0F, 0xE0, 0x00, 0x07, 0xF0, 0x00, 0x41,
  0xFC, 0x00, 0x70, 0xFF, 0x00, 0x7C, 0x3F, 0xE0, 0xFF, 0x0F, 0xFF, 0xFF,
  0x07, 0xFF, 0xFF, 0x00, 0xFF, 0xFF, 0x00, 0x3F, 0xFE, 0x00, 0x03, 0xF8,
  0x00, 0x00, 0x00, 0x40, 0x03, 0xE0, 0xF8, 0x03, 0xF0, 0x7E, 0x01, 0xFC,
  0x7F, 0x00, 0xFE, 0x3F, 0x80, 0x7E, 0x0F, 0xC0, 0x1F, 0x03, 0xC0, 0x00,
  0x00, 0x00, 0x00, 0x00, 0x00, 0x00, 0x00, 0x00, 0x00, 0x00, 0x00, 0x00,
  0x0F, 0xE0, 0x00, 0x3F, 0xFC, 0x00, 0x3F, 0xFF, 0x80, 0x3F, 0xFF, 0xE0,
  0x3F, 0xFF, 0xF8, 0x3F, 0xE3, 0xFE, 0x3F, 0xC0, 0x7F, 0x1F, 0xC0, 0x1F,
  0xDF, 0xC0, 0x07, 0xEF, 0xC0, 0x03, 0xF7, 0xFF, 0xFF, 0xFF, 0xFF, 0xFF,
  0xFF, 0xFF, 0xFF, 0xFF, 0xFF, 0xFF, 0xFF, 0xFF, 0xFF, 0xFF, 0xFF, 0x00,
  0x00, 0x1F, 0x80, 0x00, 0x0F, 0xE0, 0x00, 0x07, 0xF0, 0x00, 0x41, 0xFC,
  0x00, 0x70, 0xFF, 0x00, 0x7C, 0x3F, 0xE0, 0xFF, 0x0F, 0xFF, 0xFF, 0x07,
  0xFF, 0xFF, 0x00, 0xFF, 0xFF, 0x00, 0x3F, 0xFE, 0x00, 0x03, 0xF8, 0x00,
  0xFC, 0x1F, 0x87, 0xE0, 0xF8, 0x3F, 0x07, 0xC1, 0xF8, 0x3E, 0x00, 0x00,
  0x00, 0x00, 0x00, 0x1F, 0xC7, 0xF1, 0xFC, 0x7F, 0x1F, 0xC7, 0xF1, 0xFC,
  0x7F, 0x1F, 0xC7, 0xF1, 0xFC, 0x7F, 0x1F, 0xC7, 0xF1, 0xFC, 0x7F, 0x1F,
  0xC7, 0xF1, 0xFC, 0x7F, 0x1F, 0xC7, 0xF1, 0xFC, 0x7F, 0x1F, 0xC0, 0x0F,
  0xC7, 0xE1, 0xF8, 0x7C, 0x3F, 0x0F, 0x87, 0xE1, 0xF0, 0x00, 0x00, 0x00,
  0x00, 0x00, 0xFE, 0x3F, 0x8F, 0xE3, 0xF8, 0xFE, 0x3F, 0x8F, 0xE3, 0xF8,
  0xFE, 0x3F, 0x8F, 0xE3, 0xF8, 0xFE, 0x3F, 0x8F, 0xE3, 0xF8, 0xFE, 0x3F,
  0x8F, 0xE3, 0xF8, 0xFE, 0x3F, 0x8F, 0xE3, 0xF8, 0xFE, 0x00, 0x03, 0xF8,
  0x00, 0x7F, 0x00, 0x1F, 0xF0, 0x07, 0xFF, 0x01, 0xFB, 0xF0, 0x7E, 0x3F,
  0x1F, 0x83, 0xF7, 0xE0, 0x3F, 0x00, 0x00, 0x00, 0x00, 0x00, 0x00, 0x00,
  0x00, 0x00, 0x00, 0x3F, 0x80, 0x07, 0xF0, 0x00, 0xFE, 0x00, 0x1F, 0xC0,
  0x03, 0xF8, 0x00, 0x7F, 0x00, 0x0F, 0xE0, 0x01, 0xFC, 0x00, 0x3F, 0x80,
  0x07, 0xF0, 0x00, 0xFE, 0x00, 0x1F, 0xC0, 0x03, 0xF8, 0x00, 0x7F, 0x00,
  0x0F, 0xE0, 0x01, 0xFC, 0x00, 0x3F, 0x80, 0x07, 0xF0, 0x00, 0xFE, 0x00,
  0x1F, 0xC0, 0x03, 0xF8, 0x00, 0x7F, 0x00, 0x0F, 0xE0, 0x01, 0xFC, 0x00,
  0x3F, 0x80, 0x00, 0x04, 0x3E, 0x0F, 0xBF, 0x07, 0xFF, 0xC7, 0xFF, 0xE3,
  0xFF, 0xE0, 0xFD, 0xF0, 0x3C, 0x00, 0x00, 0x00, 0x00, 0x00, 0x00, 0x00,
  0x00, 0x00, 0x00, 0x00, 0x7F, 0x00, 0x3F, 0x80, 0x1F, 0xC0, 0x0F, 0xE0,
  0x07, 0xF0, 0x03, 0xF8, 0x01, 0xFC, 0x00, 0xFE, 0x00, 0x7F, 0x00, 0x3F,
  0x80, 0x1F, 0xC0, 0x0F, 0xE0, 0x07, 0xF0, 0x03, 0xF8, 0x01, 0xFC, 0x00,
  0xFE, 0x00, 0x7F, 0x00, 0x3F, 0x80, 0x1F, 0xC0, 0x0F, 0xE0, 0x07, 0xF0,
  0x03, 0xF8, 0x01, 0xFC, 0x00, 0xFE, 0x00, 0x7F, 0x00, 0x01, 0x00, 0x00,
  0x01, 0xF0, 0x04, 0x00, 0xFE, 0x0E, 0x00, 0x7F, 0xDF, 0x80, 0x7F, 0xFF,
  0xC0, 0x3F, 0xFF, 0xC0, 0x03, 0xFF, 0x80, 0x00, 0x7F, 0xE0, 0x00, 0x0F,
  0xF8, 0x00, 0x01, 0xFE, 0x00, 0x00, 0x7F, 0x00, 0x00, 0x1F, 0xC0, 0x1F,
  0xCF, 0xE0, 0x3F, 0xFB, 0xF8, 0x3F, 0xFF, 0xFC, 0x3F, 0xFF, 0xFE, 0x3F,
  0xFF, 0xFF, 0xBF, 0xF1, 0xFF, 0xDF, 0xC0, 0x1F, 0xFF, 0xC0, 0x07, 0xFF,
  0xE0, 0x03, 0xFF, 0xE0, 0x00, 0xFF, 0xF0, 0x00, 0x7F, 0xF8, 0x00, 0x3F,
  0xFC, 0x00, 0x1F, 0xFE, 0x00, 0x0F, 0xFF, 0x00, 0x07, 0xFF, 0x80, 0x07,
  0xFF, 0xE0, 0x03, 0xFF, 0xF8, 0x03, 0xF9, 0xFE, 0x03, 0xFC, 0xFF, 0xFF,
  0xFC, 0x3F, 0xFF, 0xFC, 0x0F, 0xFF, 0xFC, 0x03, 0xFF, 0xFC, 0x00, 0x7F,
  0xFC, 0x00, 0x07, 0xE0, 0x00, 0x07, 0xE0, 0x78, 0x0F, 0xF8, 0x78, 0x0F,
  0xFF, 0xF8, 0x1F, 0xFF, 0xF8, 0x1F, 0x3F, 0xF0, 0x1E, 0x1F, 0xE0, 0x1E,
  0x07, 0xC0, 0x00, 0x00, 0x00, 0x00, 0x00, 0x00, 0x00, 0x00, 0x00, 0x00,
  0x0F, 0xC0, 0xFC, 0x7F, 0xF0, 0xFC, 0xFF, 0xF8, 0xFD, 0xFF, 0xFC, 0xFF,
  0xFF, 0xFE, 0xFF, 0xFF, 0xFE, 0xFF, 0x81, 0xFE, 0xFF, 0x00, 0xFF, 0xFE,
  0x00, 0x7F, 0xFE, 0x00, 0x7F, 0xFE, 0x00, 0x7F, 0xFE, 0x00, 0x7F, 0xFC,
  0x00, 0x7F, 0xFC, 0x00, 0x7F, 0xFC, 0x00, 0x7F, 0xFC, 0x00, 0x7F, 0xFC,
  0x00, 0x7F, 0xFC, 0x00, 0x7F, 0xFC, 0x00, 0x7F, 0xFC, 0x00, 0x7F, 0xFC,
  0x00, 0x7F, 0xFC, 0x00, 0x7F, 0xFC, 0x00, 0x7F, 0xFC, 0x00, 0x7F, 0xFC,
  0x00, 0x7F, 0xFC, 0x00, 0x7F, 0x03, 0xF8, 0x00, 0x00, 0x7E, 0x00, 0x00,
  0x0F, 0xC0, 0x00, 0x03, 0xF0, 0x00, 0x00, 0x7C, 0x00, 0x00, 0x1F, 0x80,
  0x00, 0x03, 0xE0, 0x00, 0x00, 0xFC, 0x00, 0x00, 0x00, 0x00, 0x00, 0x00,
  0x00, 0x00, 0x00, 0x00, 0x00, 0x01, 0xFE, 0x00, 0x01, 0xFF, 0xE0, 0x01,
  0xFF, 0xFE, 0x00, 0xFF, 0xFF, 0xC0, 0x7F, 0xFF, 0xF8, 0x3F, 0xFF, 0xFF,
  0x1F, 0xF0, 0x3F, 0xE7, 0xF0, 0x03, 0xFB, 0xF8, 0x00, 0x7F, 0xFE, 0x00,
  0x1F, 0xFF, 0x00, 0x03, 0xFF, 0xC0, 0x00, 0xFF, 0xF0, 0x00, 0x3F, 0xFC,
  0x00, 0x0F, 0xFF, 0x00, 0x03, 0xFF, 0xC0, 0x00, 0xFF, 0xF0, 0x00, 0x3F,
  0xFE, 0x00, 0x1F, 0xFF, 0x80, 0x07, 0xF7, 0xF0, 0x03, 0xF9, 0xFF, 0x03,
  0xFE, 0x3F, 0xFF, 0xFF, 0x07, 0xFF, 0xFF, 0x80, 0xFF, 0xFF, 0xC0, 0x1F,
  0xFF, 0xE0, 0x01, 0xFF, 0xE0, 0x00, 0x0F, 0xC0, 0x00, 0x00, 0x07, 0xF0,
  0x00, 0x01, 0xF8, 0x00, 0x00, 0xFC, 0x00, 0x00, 0x3F, 0x00, 0x00, 0x0F,
  0x80, 0x00, 0x07, 0xE0, 0x00, 0x01, 0xF0, 0x00, 0x00, 0xFC, 0x00, 0x00,
  0x00, 0x00, 0x00, 0x00, 0x00, 0x00, 0x00, 0x00, 0x00, 0x01, 0xFE, 0x00,
  0x01, 0xFF, 0xE0, 0x01, 0xFF, 0xFE, 0x00, 0xFF, 0xFF, 0xC0, 0x7F, 0xFF,
  0xF8, 0x3F, 0xFF, 0xFF, 0x1F, 0xF0, 0x3F, 0xE7, 0xF0, 0x03, 0xFB, 0xF8,
  0x00, 0x7F, 0xFE, 0x00, 0x1F, 0xFF, 0x00, 0x03, 0xFF, 0xC0, 0x00, 0xFF,
  0xF0, 0x00, 0x3F, 0xFC, 0x00, 0x0F, 0xFF, 0x00, 0x03, 0xFF, 0xC0, 0x00,
  0xFF, 0xF0, 0x00, 0x3F, 0xFE, 0x00, 0x1F, 0xFF, 0x80, 0x07, 0xF7, 0xF0,
  0x03, 0xF9, 0xFF, 0x03, 0xFE, 0x3F, 0xFF, 0xFF, 0x07, 0xFF, 0xFF, 0x80,
  0xFF, 0xFF, 0xC0, 0x1F, 0xFF, 0xE0, 0x01, 0xFF, 0xE0, 0x00, 0x0F, 0xC0,
  0x00, 0x00, 0x3F, 0x00, 0x00, 0x1F, 0xE0, 0x00, 0x0F, 0xFC, 0x00, 0x07,
  0xFF, 0x80, 0x01, 0xF3, 0xE0, 0x00, 0xF8, 0x7C, 0x00, 0x7E, 0x1F, 0x80,
  0x3F, 0x03, 0xF0, 0x00, 0x00, 0x00, 0x00, 0x00, 0x00, 0x00, 0x00, 0x00,
  0x00, 0x01, 0xFE, 0x00, 0x01, 0xFF, 0xE0, 0x01, 0xFF, 0xFE, 0x00, 0xFF,
  0xFF, 0xC0, 0x7F, 0xFF, 0xF8, 0x3F, 0xFF, 0xFF, 0x1F, 0xF0, 0x3F, 0xE7,
  0xF0, 0x03, 0xFB, 0xF8, 0x00, 0x7F, 0xFE, 0x00, 0x1F, 0xFF, 0x00, 0x03,
  0xFF, 0xC0, 0x00, 0xFF, 0xF0, 0x00, 0x3F, 0xFC, 0x00, 0x0F, 0xFF, 0x00,
  0x03, 0xFF, 0xC0, 0x00, 0xFF, 0xF0, 0x00, 0x3F, 0xFE, 0x00, 0x1F, 0xFF,
  0x80, 0x07, 0xF7, 0xF0, 0x03, 0xF9, 0xFF, 0x03, 0xFE, 0x3F, 0xFF, 0xFF,
  0x07, 0xFF, 0xFF, 0x80, 0xFF, 0xFF, 0xC0, 0x1F, 0xFF, 0xE0, 0x01, 0xFF,
  0xE0, 0x00, 0x0F, 0xC0, 0x00, 0x03, 0xF0, 0x3C, 0x01, 0xFF, 0x0F, 0x00,
  0x7F, 0xFF, 0xC0, 0x3F, 0xFF, 0xF0, 0x0F, 0x9F, 0xF8, 0x03, 0xC3, 0xFC,
  0x00, 0xF0, 0x3E, 0x00, 0x00, 0x00, 0x00, 0x00, 0x00, 0x00, 0x00, 0x00,
  0x00, 0x00, 0x07, 0xF8, 0x00, 0x07, 0xFF, 0x80, 0x07, 0xFF, 0xF8, 0x03,
  0xFF, 0xFF, 0x01, 0xFF, 0xFF, 0xE0, 0xFF, 0xFF, 0xFC, 0x7F, 0xC0, 0xFF,
  0x9F, 0xC0, 0x0F, 0xEF, 0xE0, 0x01, 0xFF, 0xF8, 0x00, 0x7F, 0xFC, 0x00,
  0x0F, 0xFF, 0x00, 0x03, 0xFF, 0xC0, 0x00, 0xFF, 0xF0, 0x00, 0x3F, 0xFC,
  0x00, 0x0F, 0xFF, 0x00, 0x03, 0xFF, 0xC0, 0x00, 0xFF, 0xF8, 0x00, 0x7F,
  0xFE, 0x00, 0x1F, 0xDF, 0xC0, 0x0F, 0xE7, 0xFC, 0x0F, 0xF8, 0xFF, 0xFF,
  0xFC, 0x1F, 0xFF, 0xFE, 0x03, 0xFF, 0xFF, 0x00, 0x7F, 0xFF, 0x80, 0x07,
  0xFF, 0x80, 0x00, 0x3F, 0x00, 0x00, 0x00, 0x00, 0x20, 0x01, 0xF0, 0x3E,
  0x00, 0x7E, 0x1F, 0x80, 0x3F, 0x87, 0xF0, 0x0F, 0xE1, 0xFC, 0x01, 0xF8,
  0x7E, 0x00, 0x7C, 0x0F, 0x00, 0x00, 0x00, 0x00, 0x00, 0x00, 0x00, 0x00,
  0x00, 0x00, 0x00, 0x00, 0x00, 0x00, 0x01, 0xFE, 0x00, 0x01, 0xFF, 0xE0,
  0x01, 0xFF, 0xFE, 0x00, 0xFF, 0xFF, 0xC0, 0x7F, 0xFF, 0xF8, 0x3F, 0xFF,
  0xFF, 0x1F, 0xF0, 0x3F, 0xE7, 0xF0, 0x03, 0xFB, 0xF8, 0x00, 0x7F, 0xFE,
  0x00, 0x1F, 0xFF, 0x00, 0x03, 0xFF, 0xC0, 0x00, 0xFF, 0xF0, 0x00, 0x3F,
  0xFC, 0x00, 0x0F, 0xFF, 0x00, 0x03, 0xFF, 0xC0, 0x00, 0xFF, 0xF0, 0x00,
  0x3F, 0xFE, 0x00, 0x1F, 0xFF, 0x80, 0x07, 0xF7, 0xF0, 0x03, 0xF9, 0xFF,
  0x03, 0xFE, 0x3F, 0xFF, 0xFF, 0x07, 0xFF, 0xFF, 0x80, 0xFF, 0xFF, 0xC0,
  0x1F, 0xFF, 0xE0, 0x01, 0xFF, 0xE0, 0x00, 0x0F, 0xC0, 0x00, 0x00, 0x7C,
  0x00, 0x01, 0xFC, 0x00, 0x07, 0xF8, 0x00, 0x0F, 0xF0, 0x00, 0x1F, 0xE0,
  0x00, 0x1F, 0xC0, 0x00, 0x1F, 0x00, 0x00, 0x00, 0x00, 0x00, 0x00, 0x00,
  0x00, 0x00, 0x03, 0xFF, 0xFF, 0xFF, 0xFF, 0xFF, 0xFF, 0xFF, 0xFF, 0xFF,
  0xFF, 0xFF, 0xFF, 0xFF, 0xFF, 0xFF, 0xFF, 0xFF, 0x00, 0x00, 0x00, 0x00,
  0x00, 0x00, 0x00, 0xE0, 0x00, 0x07, 0xE0, 0x00, 0x0F, 0xE0, 0x00, 0x3F,
  0xC0, 0x00, 0x7F, 0x80, 0x00, 0x7F, 0x00, 0x00, 0xFC, 0x00, 0x00, 0xF0,
  0x00, 0x00, 0x7F, 0x86, 0x00, 0x7F, 0xFB, 0xC0, 0x7F, 0xFF, 0xF0, 0x3F,
  0xFF, 0xF8, 0x1F, 0xFF, 0xFE, 0x0F, 0xFF, 0xFF, 0xC7, 0xF8, 0x0F, 0xF9,
  0xFC, 0x07, 0xFE, 0xFE, 0x03, 0xFF, 0xFF, 0x80, 0xF7, 0xFF, 0xC0, 0x78,
  0xFF, 0xF0, 0x3E, 0x3F, 0xFC, 0x1F, 0x0F, 0xFF, 0x07, 0x83, 0xFF, 0xC3,
  0xC0, 0xFF, 0xF1, 0xF0, 0x3F, 0xFC, 0x78, 0x0F, 0xFF, 0xBC, 0x07, 0xFF,
  0xFF, 0x01, 0xFD, 0xFF, 0x80, 0xFE, 0x7F, 0xC0, 0xFF, 0x8F, 0xFF, 0xFF,
  0xC1, 0xFF, 0xFF, 0xE0, 0x7F, 0xFF, 0xF0, 0x3F, 0xFF, 0xF8, 0x0F, 0x7F,
  0xF8, 0x00, 0x83, 0xF0, 0x00, 0x07, 0xE0, 0x00, 0x07, 0xE0, 0x00, 0x0F,
  0xC0, 0x00, 0x0F, 0xC0, 0x00, 0x1F, 0x80, 0x00, 0x1F, 0x00, 0x00, 0x3F,
  0x00, 0x00, 0x3E, 0x00, 0x00, 0x00, 0x00, 0x00, 0x00, 0x00, 0x00, 0x00,
  0x00, 0x00, 0x00, 0x0F, 0xC0, 0x07, 0xFF, 0x80, 0x0F, 0xFF, 0x00, 0x1F,
  0xFE, 0x00, 0x3F, 0xFC, 0x00, 0x7F, 0xF8, 0x00, 0xFF, 0xF0, 0x01, 0xFF,
  0xE0, 0x03, 0xFF, 0xC0, 0x07, 0xFF, 0x80, 0x0F, 0xFF, 0x00, 0x1F, 0xFE,
  0x00, 0x3F, 0xFC, 0x00, 0x7F, 0xF8, 0x00, 0xFF, 0xF0, 0x01, 0xFF, 0xE0,
  0x03, 0xFF, 0xC0, 0x07, 0xFF, 0xC0, 0x1F, 0xFF, 0x80, 0x3F, 0xFF, 0x80,
  0xFF, 0xFF, 0xCF, 0xFE, 0xFF, 0xFF, 0xFC, 0xFF, 0xFF, 0xF9, 0xFF, 0xFB,
  0xF0, 0xFF, 0xC7, 0xE0, 0x7E, 0x00, 0x00, 0x00, 0x0F, 0xC0, 0x00, 0x3F,
  0x80, 0x00, 0x7E, 0x00, 0x00, 0xF8, 0x00, 0x03, 0xF0, 0x00, 0x07, 0xC0,
  0x00, 0x1F, 0x80, 0x00, 0x3E, 0x00, 0x00, 0x00, 0x00, 0x00, 0x00, 0x00,
  0x00, 0x00, 0x00, 0x00, 0x00, 0x0F, 0xC0, 0x07, 0xFF, 0x80, 0x0F, 0xFF,
  0x00, 0x1F, 0xFE, 0x00, 0x3F, 0xFC, 0x00, 0x7F, 0xF8, 0x00, 0xFF, 0xF0,
  0x01, 0xFF, 0xE0, 0x03, 0xFF, 0xC0, 0x07, 0xFF, 0x80, 0x0F, 0xFF, 0x00,
  0x1F, 0xFE, 0x00, 0x3F, 0xFC, 0x00, 0x7F, 0xF8, 0x00, 0xFF, 0xF0, 0x01,
  0xFF, 0xE0, 0x03, 0xFF, 0xC0, 0x07, 0xFF, 0xC0, 0x1F, 0xFF, 0x80, 0x3F,
  0xFF, 0x80, 0xFF, 0xFF, 0xCF, 0xFE, 0xFF, 0xFF, 0xFC, 0xFF, 0xFF, 0xF9,
  0xFF, 0xFB, 0xF0, 0xFF, 0xC7, 0xE0, 0x7E, 0x00, 0x00, 0x00, 0x7E, 0x00,
  0x01, 0xFE, 0x00, 0x07, 0xFC, 0x00, 0x1F, 0xFC, 0x00, 0x7E, 0xFC, 0x01,
  0xF8, 0xFC, 0x03, 0xE0, 0xFC, 0x1F, 0x80, 0xFC, 0x00, 0x00, 0x00, 0x00,
  0x00, 0x00, 0x00, 0x00, 0x00, 0x00, 0x00, 0x0F, 0xC0, 0x07, 0xFF, 0x80,
  0x0F, 0xFF, 0x00, 0x1F, 0xFE, 0x00, 0x3F, 0xFC, 0x00, 0x7F, 0xF8, 0x00,
  0xFF, 0xF0, 0x01, 0xFF, 0xE0, 0x03, 0xFF, 0xC0, 0x07, 0xFF, 0x80, 0x0F,
  0xFF, 0x00, 0x1F, 0xFE, 0x00, 0x3F, 0xFC, 0x00, 0x7F, 0xF8, 0x00, 0xFF,
  0xF0, 0x01, 0xFF, 0xE0, 0x03, 0xFF, 0xC0, 0x07, 0xFF, 0xC0, 0x1F, 0xFF,
  0x80, 0x3F, 0xFF, 0x80, 0xFF, 0xFF, 0xCF, 0xFE, 0xFF, 0xFF, 0xFC, 0xFF,
  0xFF, 0xF9, 0xFF, 0xFB, 0xF0, 0xFF, 0xC7, 0xE0, 0x7E, 0x00, 0x00, 0x00,
  0x00, 0x80, 0x1F, 0x03, 0xC0, 0x7E, 0x0F, 0xC0, 0xFE, 0x1F, 0x81, 0xFC,
  0x3F, 0x03, 0xF0, 0x7E, 0x03, 0xE0, 0x78, 0x00, 0x00, 0x00, 0x00, 0x00,
  0x00, 0x00, 0x00, 0x00, 0x00, 0x00, 0x00, 0x00, 0x00, 0x0F, 0xC0, 0x07,
  0xFF, 0x80, 0x0F, 0xFF, 0x00, 0x1F, 0xFE, 0x00, 0x3F, 0xFC, 0x00, 0x7F,
  0xF8, 0x00, 0xFF, 0xF0, 0x01, 0xFF, 0xE0, 0x03, 0xFF, 0xC0, 0x07, 0xFF,
  0x80, 0x0F, 0xFF, 0x00, 0x1F, 0xFE, 0x00, 0x3F, 0xFC, 0x00, 0x7F, 0xF8,
  0x00, 0xFF, 0xF0, 0x01, 0xFF, 0xE0, 0x03, 0xFF, 0xC0, 0x07, 0xFF, 0xC0,
  0x1F, 0xFF, 0x80, 0x3F, 0xFF, 0x80, 0xFF, 0xFF, 0xCF, 0xFE, 0xFF, 0xFF,
  0xFC, 0xFF, 0xFF, 0xF9, 0xFF, 0xFB, 0xF0, 0xFF, 0xC7, 0xE0, 0x7E, 0x00,
  0x00, 0x00, 0x03, 0xF0, 0x00, 0x00, 0xFC, 0x00, 0x00, 0x1F, 0x80, 0x00,
  0x07, 0xE0, 0x00, 0x00, 0xFC, 0x00, 0x00, 0x1F, 0x00, 0x00, 0x07, 0xE0,
  0x00, 0x00, 0xF8, 0x00, 0x00, 0x00, 0x00, 0x00, 0x00, 0x00, 0x00, 0x00,
  0x00, 0x00, 0x00, 0x00, 0x00, 0x0F, 0xE0, 0x00, 0xFE, 0xFC, 0x00, 0x3F,
  0x9F, 0xC0, 0x07, 0xF1, 0xF8, 0x00, 0xFC, 0x3F, 0x80, 0x3F, 0x83, 0xF0,
  0x07, 0xE0, 0x7F, 0x01, 0xFC, 0x0F, 0xE0, 0x3F, 0x00, 0xFC, 0x07, 0xE0,
  0x1F, 0xC1, 0xFC, 0x01, 0xF8, 0x3F, 0x00, 0x3F, 0x87, 0xE0, 0x03, 0xF1,
  0xF8, 0x00, 0x7E, 0x3F, 0x00, 0x07, 0xEF, 0xC0, 0x00, 0xFD, 0xF8, 0x00,
  0x1F, 0xBF, 0x00, 0x01, 0xFF, 0xC0, 0x00, 0x3F, 0xF8, 0x00, 0x03, 0xFE,
  0x00, 0x00, 0x7F, 0xC0, 0x00, 0x07, 0xF0, 0x00, 0x00, 0xFE, 0x00, 0x00,
  0x1F, 0xC0, 0x00, 0x03, 0xF0, 0x00, 0x00, 0xFE, 0x00, 0x00, 0x1F, 0x80,
  0x00, 0x07, 0xF0, 0x00, 0x00, 0xFC, 0x00, 0x00, 0x3F, 0x80, 0x00, 0x07,
  0xF0, 0x00, 0x00, 0xFC, 0x00, 0x00, 0x3F, 0x80, 0x00, 0x07, 0xE0, 0x00,
  0x01, 0xFC, 0x00, 0x00, 0x3F, 0x00, 0x00, 0xFC, 0x00, 0x00, 0x3F, 0x00,
  0x00, 0x0F, 0xC0, 0x00, 0x03, 0xF0, 0x00, 0x00, 0xFC, 0x00, 0x00, 0x3F,
  0x00, 0x00, 0x0F, 0xC0, 0x00, 0x03, 0xF0, 0x00, 0x00, 0xFC, 0x00, 0x00,
  0x3F, 0x03, 0xF0, 0x0F, 0xC7, 0xFF, 0x03, 0xF3, 0xFF, 0xF0, 0xFD, 0xFF,
  0xFE, 0x3F, 0xFF, 0xFF, 0xCF, 0xFF, 0xFF, 0xF3, 0xFF, 0x01, 0xFE, 0xFF,
  0x80, 0x3F, 0xBF, 0xC0, 0x07, 0xFF, 0xE0, 0x01, 0xFF, 0xF8, 0x00, 0x3F,
  0xFC, 0x00, 0x0F, 0xFF, 0x00, 0x03, 0xFF, 0xC0, 0x00, 0xFF, 0xF0, 0x00,
  0x3F, 0xFC, 0x00, 0x0F, 0xFF, 0x80, 0x03, 0xFF, 0xE0, 0x01, 0xFF, 0xFC,
  0x00, 0x7F, 0xFF, 0x80, 0x3F, 0xBF, 0xF0, 0x3F, 0xEF, 0xFF, 0xFF, 0xF3,
  0xFF, 0xFF, 0xFC, 0xFD, 0xFF, 0xFE, 0x3F, 0x3F, 0xFF, 0x0F, 0xC7, 0xFF,
  0x03, 0xF0, 0x3F, 0x00, 0xFC, 0x00, 0x00, 0x3F, 0x00, 0x00, 0x0F, 0xC0,
  0x00, 0x03, 0xF0, 0x00, 0x00, 0xFC, 0x00, 0x00, 0x3F, 0x00, 0x00, 0x0F,
  0xC0, 0x00, 0x03, 0xF0, 0x00, 0x00, 0xFC, 0x00, 0x00, 0x3F, 0x00, 0x00,
  0x00, 0x00, 0x00, 0x20, 0x00, 0x7C, 0x1F, 0x00, 0x1F, 0x83, 0xF0, 0x03,
  0xF8, 0xFE, 0x00, 0x7F, 0x1F, 0xC0, 0x0F, 0xC1, 0xF8, 0x00, 0xF8, 0x1E,
  0x00, 0x00, 0x00, 0x00, 0x00, 0x00, 0x00, 0x00, 0x00, 0x00, 0x00, 0x00,
  0x00, 0x00, 0x00, 0x00, 0x00, 0x0F, 0xE0, 0x00, 0xFE, 0xFC, 0x00, 0x3F,
  0x9F, 0xC0, 0x07, 0xF1, 0xF8, 0x00, 0xFC, 0x3F, 0x80, 0x3F, 0x83, 0xF0,
  0x07, 0xE0, 0x7F, 0x01, 0xFC, 0x0F, 0xE0, 0x3F, 0x00, 0xFC, 0x07, 0xE0,
  0x1F, 0xC1, 0xFC, 0x01, 0xF8, 0x3F, 0x00, 0x3F, 0x87, 0xE0, 0x03, 0xF1,
  0xF8, 0x00, 0x7E, 0x3F, 0x00, 0x07, 0xEF, 0xC0, 0x00, 0xFD, 0xF8, 0x00,
  0x1F, 0xBF, 0x00, 0x01, 0xFF, 0xC0, 0x00, 0x3F, 0xF8, 0x00, 0x03, 0xFE,
  0x00, 0x00, 0x7F, 0xC0, 0x00, 0x07, 0xF0, 0x00, 0x00, 0xFE, 0x00, 0x00,
  0x1F, 0xC0, 0x00, 0x03, 0xF0, 0x00, 0x00, 0xFE, 0x00, 0x00, 0x1F, 0x80,
  0x00, 0x07, 0xF0, 0x00, 0x00, 0xFC, 0x00, 0x00, 0x3F, 0x80, 0x00, 0x07,
  0xF0, 0x00, 0x00, 0xFC, 0x00, 0x00, 0x3F, 0x80, 0x00, 0x07, 0xE0, 0x00
};

const WideGlyph GoogleSansFlex_SemiBoldSettingsTabGlyphs[] PROGMEM = {
  {     0,   1,   1,  11,    0,    0 },   // 0x20 ' '
  {     1,   9,  36,  17,    4,  -34 },   // 0x21 '!'
  {    42,  13,  13,  19,    3,  -34 },   // 0x22 '"'
  {    64,  30,  35,  33,    1,  -34 },   // 0x23 '#'
  {   196,  26,  43,  30,    2,  -38 },   // 0x24 '$'
  {   336,  40,  37,  42,    1,  -35 },   // 0x25 '%'
  {   521,  31,  37,  33,    2,  -35 },   // 0x26 '&'
  {   665,   6,  13,  11,    3,  -34 },   // 0x27 '''
  {   675,  14,  47,  17,    2,  -39 },   // 0x28 '('
  {   758,  14,  47,  17,    1,  -39 },   // 0x29 ')'
  {   841,  20,  19,  22,    1,  -35 },   // 0x2A '*'
  {   889,  23,  23,  28,    3,  -26 },   // 0x2B '+'
  {   956,   9,  14,  13,    2,   -7 },   // 0x2C ','
  {   972,  15,   6,  16,    1,  -18 },   // 0x2D '-'
  {   984,   9,   8,  13,    2,   -7 },   // 0x2E '.'
  {   993,  17,  35,  18,    0,  -34 },   // 0x2F '/'
  {  1068,  28,  37,  32,    2,  -35 },   // 0x30 '0'
  {  1198,  15,  35,  20,    1,  -34 },   // 0x31 '1'
  {  1264,  23,  36,  27,    2,  -35 },   // 0x32 '2'
  {  1368,  24,  37,  27,    1,  -35 },   // 0x33 '3'
  {  1479,  26,  35,  30,    2,  -34 },   // 0x34 '4'
  {  1593,  24,  36,  28,    2,  -34 },   // 0x35 '5'
  {  1701,  25,  37,  28,    2,  -35 },   // 0x36 '6'
  {  1817,  23,  36,  25,    1,  -34 },   // 0x37 '7'
  {  1921,  24,  37,  28,    2,  -35 },   // 0x38 '8'
  {  2032,  26,  37,  28,    1,  -35 },   // 0x39 '9'
  {  2153,   9,  25,  13,    2,  -24 },   // 0x3A ':'
  {  2182,   9,  31,  13,    2,  -24 },   // 0x3B ';'
  {  2217,  22,  23,  28,    3,  -26 },   // 0x3C '<'
  {  2281,  23,  16,  28,    3,  -22 },   // 0x3D '='
  {  2327,  22,  23,  28,    3,  -26 },   // 0x3E '>'
  {  2391,  22,  37,  26,    2,  -35 },   // 0x3F '?'
  {  2493,  39,  38,  44,    2,  -33 },   // 0x40 '@'
  {  2679,  33,  35,  34,    0,  -34 },   // 0x41 'A'
  {  2824,  25,  35,  31,    4,  -34 },   // 0x42 'B'
  {  2934,  32,  37,  35,    2,  -35 },   // 0x43 'C'
  {  3082,  29,  35,  35,    4,  -34 },   // 0x44 'D'
  {  3209,  21,  35,  28,    4,  -34 },   // 0x45 'E'
  {  3301,  21,  35,  27,    4,  -34 },   // 0x46 'F'
  {  3393,  35,  37,  39,    2,  -35 },   // 0x47 'G'
  {  3555,  28,  35,  36,    4,  -34 },   // 0x48 'H'
  {  3678,   6,  35,  14,    4,  -34 },   // 0x49 'I'
  {  3705,  23,  36,  27,    1,  -34 },   // 0x4A 'J'
  {  3809,  29,  35,  33,    4,  -34 },   // 0x4B 'K'
  {  3936,  21,  35,  26,    4,  -34 },   // 0x4C 'L'
  {  4028,  37,  35,  45,    4,  -34 },   // 0x4D 'M'
  {  4190,  28,  35,  36,    4,  -34 },   // 0x4E 'N'
  {  4313,  36,  37,  40,    2,  -35 },   // 0x4F 'O'
  {  4480,  25,  35,  30,    4,  -34 },   // 0x50 'P'
  {  4590,  36,  40,  40,    2,  -35 },   // 0x51 'Q'
  {  4770,  27,  35,  31,    4,  -34 },   // 0x52 'R'
  {  4889,  26,  37,  28,    1,  -35 },   // 0x53 'S'
  {  5010,  26,  35,  28,    1,  -34 },   // 0x54 'T'
  {  5124,  27,  36,  33,    3,  -34 },   // 0x55 'U'
  {  5246,  32,  35,  33,    0,  -34 },   // 0x56 'V'
  {  5386,  47,  35,  48,    1,  -34 },   // 0x57 'W'
  {  5592,  33,  35,  33,    0,  -34 },   // 0x58 'X'
  {  5737,  31,  35,  32,    0,  -34 },   // 0x59 'Y'
  {  5873,  25,  35,  29,    2,  -34 },   // 0x5A 'Z'
  {  5983,  12,  45,  20,    5,  -38 },   // 0x5B '['
  {  6051,  18,  35,  18,    0,  -34 },   // 0x5C '\'
  {  6130,  12,  45,  20,    3,  -38 },   // 0x5D ']'
  {  6198,  23,  15,  24,    1,  -34 },   // 0x5E '^'
  {  6242,  25,   5,  27,    1,    5 },   // 0x5F '_'
  {  6258,  10,   8,  22,    6,  -36 },   // 0x60 '`'
  {  6268,  24,  27,  28,    1,  -25 },   // 0x61 'a'
  {  6349,  26,  36,  31,    3,  -34 },   // 0x62 'b'
  {  6466,  24,  27,  28,    2,  -25 },   // 0x63 'c'
  {  6547,  26,  36,  31,    2,  -34 },   // 0x64 'd'
  {  6664,  25,  27,  28,    2,  -25 },   // 0x65 'e'
  {  6749,  17,  36,  19,    1,  -35 },   // 0x66 'f'
  {  6826,  26,  37,  31,    2,  -25 },   // 0x67 'g'
  {  6947,  24,  35,  29,    3,  -34 },   // 0x68 'h'
  {  7052,   7,  37,  13,    3,  -36 },   // 0x69 'i'
  {  7085,  13,  48,  13,   -3,  -36 },   // 0x6A 'j'
  {  7163,  25,  35,  28,    3,  -34 },   // 0x6B 'k'
  {  7273,   6,  35,  12,    3,  -34 },   // 0x6C 'l'
  {  7300,  40,  26,  45,    3,  -25 },   // 0x6D 'm'
  {  7430,  24,  26,  29,    3,  -25 },   // 0x6E 'n'
  {  7508,  26,  27,  30,    2,  -25 },   // 0x6F 'o'
  {  7596,  26,  37,  31,    3,  -25 },   // 0x70 'p'
  {  7717,  26,  37,  31,    2,  -25 },   // 0x71 'q'
  {  7838,  17,  26,  20,    3,  -25 },   // 0x72 'r'
  {  7894,  22,  27,  24,    1,  -25 },   // 0x73 's'
  {  7969,  17,  33,  19,    1,  -31 },   // 0x74 't'
  {  8040,  23,  26,  29,    3,  -24 },   // 0x75 'u'
  {  8115,  27,  25,  27,    0,  -24 },   // 0x76 'v'
  {  8200,  39,  25,  39,    0,  -24 },   // 0x77 'w'
  {  8322,  26,  25,  26,    0,  -24 },   // 0x78 'x'
  {  8404,  27,  36,  27,    0,  -24 },   // 0x79 'y'
  {  8526,  21,  25,  25,    2,  -24 },   // 0x7A 'z'
  {  8592,  14,  45,  20,    3,  -38 },   // 0x7B '{'
  {  8671,   6,  49,  14,    4,  -37 },   // 0x7C '|'
  {  8708,  14,  45,  20,    3,  -38 },   // 0x7D '}'
  {  8787,  24,   9,  28,    2,  -19 },   // 0x7E '~'
  {  8814,  20,  35,  28,    4,  -34 },   // 0x7F
  {  8902,  20,  35,  28,    4,  -34 },   // 0x80
  {  8990,  20,  35,  28,    4,  -34 },   // 0x81
  {  9078,  20,  35,  28,    4,  -34 },   // 0x82
  {  9166,  20,  35,  28,    4,  -34 },   // 0x83
  {  9254,  20,  35,  28,    4,  -34 },   // 0x84
  {  9342,  20,  35,  28,    4,  -34 },   // 0x85
  {  9430,  20,  35,  28,    4,  -34 },   // 0x86
  {  9518,  20,  35,  28,    4,  -34 },   // 0x87
  {  9606,  20,  35,  28,    4,  -34 },   // 0x88
  {  9694,  20,  35,  28,    4,  -34 },   // 0x89
  {  9782,  20,  35,  28,    4,  -34 },   // 0x8A
  {  9870,  20,  35,  28,    4,  -34 },   // 0x8B
  {  9958,  20,  35,  28,    4,  -34 },   // 0x8C
  { 10046,  20,  35,  28,    4,  -34 },   // 0x8D
  { 10134,  20,  35,  28,    4,  -34 },   // 0x8E
  { 10222,  20,  35,  28,    4,  -34 },   // 0x8F
  { 10310,  20,  35,  28,    4,  -34 },   // 0x90
  { 10398,  20,  35,  28,    4,  -34 },   // 0x91
  { 10486,  20,  35,  28,    4,  -34 },   // 0x92
  { 10574,  20,  35,  28,    4,  -34 },   // 0x93
  { 10662,  20,  35,  28,    4,  -34 },   // 0x94
  { 10750,  20,  35,  28,    4,  -34 },   // 0x95
  { 10838,  20,  35,  28,    4,  -34 },   // 0x96
  { 10926,  20,  35,  28,    4,  -34 },   // 0x97
  { 11014,  20,  35,  28,    4,  -34 },   // 0x98
  { 11102,  20,  35,  28,    4,  -34 },   // 0x99
  { 11190,  20,  35,  28,    4,  -34 },   // 0x9A
  { 11278,  20,  35,  28,    4,  -34 },   // 0x9B
  { 11366,  20,  35,  28,    4,  -34 },   // 0x9C
  { 11454,  20,  35,  28,    4,  -34 },   // 0x9D
  { 11542,  20,  35,  28,    4,  -34 },   // 0x9E
  { 11630,  20,  35,  28,    4,  -34 },   // 0x9F
  { 11718,   1,   1,  11,    0,    0 },   // 0xA0
  { 11719,   9,  36,  17,    4,  -25 },   // 0xA1
  { 11760,  25,  33,  30,    3,  -32 },   // 0xA2
  { 11864,  25,  36,  28,    3,  -35 },   // 0xA3
  { 11977,  24,  23,  30,    3,  -24 },   // 0xA4
  { 12046,  31,  35,  32,    0,  -34 },   // 0xA5
  { 12182,   6,  43,  14,    4,  -36 },   // 0xA6
  { 12215,  25,  47,  29,    2,  -35 },   // 0xA7
  { 12362,  18,   7,  22,    2,  -36 },   // 0xA8
  { 12378,  37,  37,  41,    2,  -35 },   // 0xA9
  { 12550,  20,  23,  24,    2,  -35 },   // 0xAA
  { 12608,  23,  21,  27,    2,  -22 },   // 0xAB
  { 12669,  23,  15,  28,    3,  -17 },   // 0xAC
  { 12713,  15,   6,  16,    1,  -18 },   // 0xAD
  { 12725,  23,  23,  27,    2,  -35 },   // 0xAE
  { 12792,  15,   4,  22,    3,  -34 },   // 0xAF
  { 12800,  15,  14,  17,    1,  -35 },   // 0xB0
  { 12827,  23,  28,  28,    3,  -27 },   // 0xB1
  { 12908,  16,  22,  19,    1,  -44 },   // 0xB2
  { 12952,  16,  23,  19,    1,  -44 },   // 0xB3
  { 12998,  10,   8,  22,    6,  -36 },   // 0xB4
  { 13008,  29,  36,  33,    3,  -24 },   // 0xB5
  { 13139,  28,  46,  33,    1,  -34 },   // 0xB6
  { 13300,   9,   8,  13,    2,  -18 },   // 0xB7
  { 13309,  11,  13,  22,    5,    1 },   // 0xB8
  { 13327,  10,  21,  14,    1,  -43 },   // 0xB9
  { 13354,  23,  23,  27,    2,  -35 },   // 0xBA
  { 13421,  24,  21,  27,    2,  -22 },   // 0xBB
  { 13484,  40,  37,  42,    1,  -35 },   // 0xBC
  { 13669,  41,  37,  44,    1,  -35 },   // 0xBD
  { 13859,  44,  37,  46,    1,  -35 },   // 0xBE
  { 14063,  22,  37,  26,    2,  -25 },   // 0xBF
  { 14165,  33,  47,  34,    0,  -46 },   // 0xC0
  { 14359,  33,  47,  34,    0,  -46 },   // 0xC1
  { 14553,  33,  47,  34,    0,  -46 },   // 0xC2
  { 14747,  33,  46,  34,    0,  -45 },   // 0xC3
  { 14937,  33,  47,  34,    0,  -46 },   // 0xC4
  { 15131,  33,  50,  34,    0,  -49 },   // 0xC5
  { 15338,  46,  35,  49,    0,  -34 },   // 0xC6
  { 15540,  32,  49,  35,    2,  -35 },   // 0xC7
  { 15736,  21,  47,  28,    4,  -46 },   // 0xC8
  { 15860,  21,  47,  28,    4,  -46 },   // 0xC9
  { 15984,  21,  47,  28,    4,  -46 },   // 0xCA
  { 16108,  21,  47,  28,    4,  -46 },   // 0xCB
  { 16232,  10,  47,  14,    0,  -46 },   // 0xCC
  { 16291,  10,  47,  14,    4,  -46 },   // 0xCD
  { 16350,  18,  47,  14,   -2,  -46 },   // 0xCE
  { 16456,  18,  47,  14,   -2,  -46 },   // 0xCF
  { 16562,  33,  35,  35,    0,  -34 },   // 0xD0
  { 16707,  28,  46,  36,    4,  -45 },   // 0xD1
  { 16868,  36,  48,  40,    2,  -46 },   // 0xD2
  { 17084,  36,  48,  40,    2,  -46 },   // 0xD3
  { 17300,  36,  48,  40,    2,  -46 },   // 0xD4
  { 17516,  36,  47,  40,    2,  -45 },   // 0xD5
  { 17728,  36,  48,  40,    2,  -46 },   // 0xD6
  { 17944,  23,  22,  28,    3,  -25 },   // 0xD7
  { 18008,  36,  37,  40,    2,  -35 },   // 0xD8
  { 18175,  27,  48,  33,    3,  -46 },   // 0xD9
  { 18337,  27,  48,  33,    3,  -46 },   // 0xDA
  { 18499,  27,  48,  33,    3,  -46 },   // 0xDB
  { 18661,  27,  48,  33,    3,  -46 },   // 0xDC
  { 18823,  31,  47,  32,    0,  -46 },   // 0xDD
  { 19006,  25,  35,  30,    4,  -34 },   // 0xDE
  { 19116,  25,  37,  30,    3,  -35 },   // 0xDF
  { 19232,  24,  38,  28,    1,  -36 },   // 0xE0
  { 19346,  24,  38,  28,    1,  -36 },   // 0xE1
  { 19460,  24,  38,  28,    1,  -36 },   // 0xE2
  { 19574,  24,  37,  28,    1,  -35 },   // 0xE3
  { 19685,  24,  38,  28,    1,  -36 },   // 0xE4
  { 19799,  24,  41,  28,    1,  -39 },   // 0xE5
  { 19922,  44,  27,  46,    1,  -25 },   // 0xE6
  { 20071,  24,  39,  28,    2,  -25 },   // 0xE7
  { 20188,  25,  38,  28,    2,  -36 },   // 0xE8
  { 20307,  25,  38,  28,    2,  -36 },   // 0xE9
  { 20426,  25,  38,  28,    2,  -36 },   // 0xEA
  { 20545,  25,  38,  28,    2,  -36 },   // 0xEB
  { 20664,  10,  37,  13,    0,  -36 },   // 0xEC
  { 20711,  10,  37,  13,    3,  -36 },   // 0xED
  { 20758,  19,  37,  13,   -3,  -36 },   // 0xEE
  { 20846,  17,  37,  13,   -2,  -36 },   // 0xEF
  { 20925,  25,  37,  29,    2,  -35 },   // 0xF0
  { 21041,  24,  36,  29,    3,  -35 },   // 0xF1
  { 21149,  26,  38,  30,    2,  -36 },   // 0xF2
  { 21273,  26,  38,  30,    2,  -36 },   // 0xF3
  { 21397,  26,  38,  30,    2,  -36 },   // 0xF4
  { 21521,  26,  37,  30,    2,  -35 },   // 0xF5
  { 21642,  26,  38,  30,    2,  -36 },   // 0xF6
  { 21766,  23,  26,  28,    3,  -27 },   // 0xF7
  { 21841,  26,  27,  30,    2,  -25 },   // 0xF8
  { 21929,  23,  38,  29,    3,  -36 },   // 0xF9
  { 22039,  23,  38,  29,    3,  -36 },   // 0xFA
  { 22149,  23,  38,  29,    3,  -36 },   // 0xFB
  { 22259,  23,  38,  29,    3,  -36 },   // 0xFC
  { 22369,  27,  48,  27,    0,  -36 },   // 0xFD
  { 22531,  26,  46,  31,    3,  -34 },   // 0xFE
  { 22681,  27,  48,  27,    0,  -36 }   // 0xFF // 0xFF
};

const WideFont GoogleSansFlex_SemiBoldSettingsTab PROGMEM = {
  (uint8_t  *)GoogleSansFlex_SemiBoldSettingsTabBitmaps,
  (WideGlyph *)GoogleSansFlex_SemiBoldSettingsTabGlyphs,
  0x20, 0xFF, 61 };

// Approx. 24418 bytes
