#pragma once
#include "../WideFont.h"

const uint8_t GoogleSansFlex_MediumWakeSubtitleBitmaps[] PROGMEM = {
  0x00, 0x79, 0xE7, 0x9E, 0x79, 0xE7, 0x9E, 0x79, 0xE7, 0x9E, 0x79, 0xE7,
  0x9E, 0x79, 0xE7, 0x9E, 0x00, 0x00, 0x00, 0x7B, 0xFF, 0xFF, 0x78, 0xF1,
  0xFE, 0x3F, 0xC7, 0xF8, 0xFF, 0x1F, 0xE3, 0xFC, 0x7F, 0x8F, 0xF1, 0xFE,
  0x3C, 0x00, 0xF0, 0x78, 0x00, 0x78, 0x3C, 0x00, 0x38, 0x1C, 0x00, 0x1C,
  0x0E, 0x00, 0x0E, 0x0F, 0x00, 0x0F, 0x07, 0x80, 0x07, 0x83, 0xC0, 0x03,
  0xC1, 0xE0, 0x3F, 0xFF, 0xFF, 0x9F, 0xFF, 0xFF, 0xCF, 0xFF, 0xFF, 0xCF,
  0xFF, 0xFF, 0xE0, 0x3C, 0x1E, 0x00, 0x1E, 0x0F, 0x00, 0x0F, 0x07, 0x80,
  0x07, 0x83, 0xC0, 0x03, 0x81, 0xC0, 0x01, 0xC0, 0xE0, 0x1F, 0xFF, 0xFF,
  0x9F, 0xFF, 0xFF, 0xCF, 0xFF, 0xFF, 0xE0, 0x3C, 0x1E, 0x00, 0x1E, 0x0F,
  0x00, 0x0E, 0x07, 0x00, 0x07, 0x03, 0x80, 0x07, 0x83, 0xC0, 0x03, 0xC1,
  0xE0, 0x01, 0xE0, 0xF0, 0x00, 0xF0, 0x78, 0x00, 0x00, 0x70, 0x00, 0x03,
  0x80, 0x00, 0x1C, 0x00, 0x00, 0xE0, 0x00, 0x3F, 0xF0, 0x07, 0xFF, 0xC0,
  0x7F, 0xFF, 0x07, 0xFF, 0xFC, 0x3E, 0x71, 0xF3, 0xE3, 0x87, 0x1F, 0x1C,
  0x20, 0xF8, 0xE0, 0x07, 0xC7, 0x00, 0x1F, 0x38, 0x00, 0xFD, 0xC0, 0x03,
  0xFE, 0x00, 0x0F, 0xFC, 0x00, 0x3F, 0xF8, 0x00, 0x7F, 0xE0, 0x00, 0xFF,
  0xC0, 0x07, 0xFE, 0x00, 0x39, 0xF8, 0x01, 0xC3, 0xC0, 0x0E, 0x1F, 0x30,
  0x70, 0xFF, 0xC3, 0x87, 0xDE, 0x1C, 0x3E, 0xF8, 0xE3, 0xE3, 0xF7, 0x3F,
  0x1F, 0xFF, 0xF0, 0x7F, 0xFF, 0x00, 0xFF, 0xF0, 0x01, 0xFE, 0x00, 0x03,
  0x80, 0x00, 0x1C, 0x00, 0x00, 0xE0, 0x00, 0x07, 0x80, 0x00, 0xC0, 0x0F,
  0xF0, 0x00, 0x78, 0x0F, 0xFC, 0x00, 0x78, 0x0F, 0xFF, 0x00, 0x78, 0x07,
  0x83, 0xC0, 0x7C, 0x07, 0x81, 0xE0, 0x3C, 0x03, 0xC0, 0x70, 0x3C, 0x01,
  0xE0, 0x38, 0x3E, 0x00, 0xF0, 0x1C, 0x1E, 0x00, 0x78, 0x1E, 0x1E, 0x00,
  0x1E, 0x0F, 0x1F, 0x00, 0x0F, 0xFF, 0x0F, 0x00, 0x03, 0xFF, 0x0F, 0x00,
  0x00, 0xFF, 0x0F, 0x80, 0x00, 0x0E, 0x07, 0x80, 0x00, 0x00, 0x07, 0x80,
  0x00, 0x00, 0x07, 0xC0, 0xE0, 0x00, 0x03, 0xC3, 0xFC, 0x00, 0x03, 0xC3,
  0xFF, 0x80, 0x03, 0xE3, 0xFF, 0xC0, 0x01, 0xE1, 0xE0, 0xF0, 0x01, 0xE1,
  0xE0, 0x38, 0x01, 0xF0, 0xF0, 0x1E, 0x00, 0xF0, 0x78, 0x0F, 0x00, 0xF0,
  0x3C, 0x07, 0x80, 0xF0, 0x0E, 0x03, 0x80, 0x78, 0x07, 0x83, 0xC0, 0x78,
  0x03, 0xFF, 0xC0, 0x78, 0x00, 0xFF, 0xE0, 0x1C, 0x00, 0x3F, 0xC0, 0x04,
  0x00, 0x03, 0x80, 0x01, 0xFC, 0x00, 0x03, 0xFF, 0x00, 0x07, 0xFF, 0x80,
  0x0F, 0xFF, 0x80, 0x0F, 0x87, 0xC0, 0x1F, 0x03, 0x80, 0x1F, 0x02, 0x00,
  0x1F, 0x00, 0x00, 0x0F, 0x00, 0x00, 0x0F, 0x80, 0x00, 0x07, 0xC0, 0x00,
  0x07, 0xE0, 0x00, 0x0F, 0xE0, 0x00, 0x1F, 0xF0, 0x00, 0x3F, 0xF8, 0x00,
  0x7E, 0x7C, 0x00, 0x7C, 0x7E, 0x00, 0xF8, 0x3E, 0x08, 0xF8, 0x1F, 0x0E,
  0xF8, 0x0F, 0x8F, 0xF0, 0x07, 0xDF, 0xF0, 0x07, 0xFE, 0xF8, 0x03, 0xFE,
  0xF8, 0x01, 0xFC, 0x7C, 0x00, 0xFC, 0x7E, 0x01, 0xFC, 0x3F, 0xC7, 0xFE,
  0x3F, 0xFF, 0xFE, 0x1F, 0xFF, 0xDF, 0x07, 0xFF, 0x0C, 0x00, 0xF8, 0x08,
  0xFF, 0xFF, 0xFF, 0xFF, 0xFF, 0x01, 0x80, 0x38, 0x0F, 0x83, 0xE0, 0x7C,
  0x1F, 0x07, 0xC0, 0xF8, 0x1E, 0x07, 0xC0, 0xF0, 0x3E, 0x07, 0xC0, 0xF0,
  0x1E, 0x03, 0xC0, 0xF8, 0x1F, 0x03, 0xE0, 0x7C, 0x0F, 0x81, 0xF0, 0x3E,
  0x03, 0xC0, 0x78, 0x0F, 0x81, 0xF0, 0x1E, 0x03, 0xE0, 0x7C, 0x07, 0xC0,
  0xF8, 0x0F, 0x81, 0xF0, 0x1F, 0x03, 0xF0, 0x3E, 0x03, 0x00, 0x40, 0x30,
  0x0E, 0x03, 0xE0, 0x3E, 0x07, 0xC0, 0x7C, 0x07, 0xC0, 0xF8, 0x0F, 0x01,
  0xF0, 0x1E, 0x03, 0xE0, 0x7C, 0x07, 0x80, 0xF0, 0x1E, 0x03, 0xE0, 0x7C,
  0x0F, 0x81, 0xF0, 0x3E, 0x07, 0xC0, 0xF0, 0x1E, 0x03, 0xC0, 0xF8, 0x1F,
  0x03, 0xC0, 0xF8, 0x1F, 0x07, 0xC0, 0xF8, 0x3E, 0x07, 0xC1, 0xF0, 0x7C,
  0x0F, 0x80, 0x60, 0x04, 0x00, 0x03, 0xC0, 0x03, 0xC0, 0x03, 0xC0, 0x43,
  0xC2, 0x7B, 0xDE, 0xFF, 0xFF, 0xFF, 0xFF, 0x0F, 0xF0, 0x07, 0xE0, 0x0F,
  0xF0, 0x0F, 0x78, 0x1E, 0x78, 0x3C, 0x3C, 0x1C, 0x18, 0x08, 0x10, 0x00,
  0xF0, 0x00, 0x1E, 0x00, 0x03, 0xC0, 0x00, 0x78, 0x00, 0x0F, 0x00, 0x01,
  0xE0, 0x00, 0x3C, 0x07, 0xFF, 0xFF, 0xFF, 0xFF, 0xFF, 0xFF, 0xFF, 0xFF,
  0xFF, 0x80, 0x78, 0x00, 0x0F, 0x00, 0x01, 0xE0, 0x00, 0x3C, 0x00, 0x07,
  0x80, 0x00, 0xF0, 0x00, 0x1E, 0x00, 0x03, 0xC0, 0x00, 0x39, 0xFF, 0xFF,
  0xFD, 0xF3, 0x9C, 0xF3, 0x84, 0x00, 0xFF, 0xFF, 0xFF, 0xFF, 0xF0, 0x39,
  0xFF, 0xFF, 0xFD, 0xE0, 0x00, 0x78, 0x03, 0xC0, 0x3C, 0x01, 0xE0, 0x0F,
  0x00, 0xF8, 0x07, 0x80, 0x3C, 0x01, 0xE0, 0x1E, 0x00, 0xF0, 0x07, 0x80,
  0x78, 0x03, 0xC0, 0x1E, 0x01, 0xE0, 0x0F, 0x00, 0x78, 0x07, 0xC0, 0x3C,
  0x01, 0xE0, 0x1F, 0x00, 0xF0, 0x07, 0x80, 0x3C, 0x03, 0xC0, 0x1E, 0x00,
  0xF0, 0x0F, 0x00, 0x00, 0x00, 0xFE, 0x00, 0x07, 0xFF, 0x00, 0x3F, 0xFF,
  0x00, 0xFF, 0xFF, 0x01, 0xF8, 0x7F, 0x07, 0xE0, 0x3F, 0x0F, 0x80, 0x3E,
  0x3E, 0x00, 0x3E, 0x7C, 0x00, 0x7C, 0xF0, 0x00, 0x7B, 0xE0, 0x00, 0xF7,
  0xC0, 0x01, 0xFF, 0x80, 0x03, 0xFF, 0x00, 0x07, 0xFC, 0x00, 0x0F, 0xF8,
  0x00, 0x1F, 0xF0, 0x00, 0x3F, 0xF0, 0x00, 0x7F, 0xE0, 0x00, 0xFF, 0xC0,
  0x01, 0xEF, 0x80, 0x03, 0xCF, 0x00, 0x0F, 0x9F, 0x00, 0x1F, 0x3E, 0x00,
  0x7C, 0x3E, 0x00, 0xF8, 0x7E, 0x03, 0xE0, 0x7F, 0xFF, 0xC0, 0x7F, 0xFF,
  0x00, 0x7F, 0xFC, 0x00, 0x7F, 0xE0, 0x00, 0x0E, 0x00, 0x00, 0x01, 0xE0,
  0x7C, 0x3F, 0x8F, 0xF3, 0xFF, 0xFF, 0xDF, 0x79, 0x8F, 0x21, 0xE0, 0x3C,
  0x07, 0x80, 0xF0, 0x1E, 0x03, 0xC0, 0x78, 0x0F, 0x01, 0xE0, 0x3C, 0x07,
  0x80, 0xF0, 0x1E, 0x03, 0xC0, 0x78, 0x0F, 0x01, 0xE0, 0x3C, 0x07, 0x80,
  0xF0, 0x1E, 0x07, 0xF8, 0x07, 0xFF, 0x83, 0xFF, 0xF1, 0xFF, 0xFE, 0x7E,
  0x1F, 0xBE, 0x03, 0xFF, 0x00, 0x7C, 0xC0, 0x1F, 0x00, 0x07, 0xC0, 0x01,
  0xF0, 0x00, 0x7C, 0x00, 0x1E, 0x00, 0x0F, 0x80, 0x07, 0xC0, 0x03, 0xF0,
  0x00, 0xF8, 0x00, 0x7C, 0x00, 0x3E, 0x00, 0x1F, 0x00, 0x0F, 0x80, 0x07,
  0xC0, 0x03, 0xF0, 0x01, 0xF8, 0x00, 0xFC, 0x00, 0x7E, 0x00, 0x3F, 0x00,
  0x0F, 0xFF, 0xFF, 0xFF, 0xFF, 0xFF, 0xFF, 0xFF, 0xFF, 0xF0, 0x03, 0xFC,
  0x00, 0x7F, 0xF0, 0x1F, 0xFF, 0x81, 0xFF, 0xFC, 0x3F, 0x0F, 0xC7, 0xC0,
  0x7E, 0x3C, 0x03, 0xE0, 0x80, 0x3E, 0x00, 0x03, 0xE0, 0x00, 0x3E, 0x00,
  0x03, 0xC0, 0x00, 0x7C, 0x00, 0x1F, 0x80, 0x1F, 0xF0, 0x01, 0xFE, 0x00,
  0x1F, 0xF8, 0x01, 0xFF, 0xC0, 0x00, 0x7E, 0x00, 0x03, 0xE0, 0x00, 0x1E,
  0x00, 0x01, 0xF0, 0x00, 0x1F, 0x38, 0x01, 0xFF, 0x80, 0x1F, 0x7C, 0x03,
  0xE7, 0xE0, 0x7E, 0x3F, 0x9F, 0xC1, 0xFF, 0xFC, 0x0F, 0xFF, 0x80, 0x7F,
  0xE0, 0x00, 0xF0, 0x00, 0x00, 0x0F, 0xC0, 0x00, 0x7E, 0x00, 0x07, 0xF0,
  0x00, 0x7F, 0x80, 0x07, 0xFC, 0x00, 0x3F, 0xE0, 0x03, 0xFF, 0x00, 0x3E,
  0xF8, 0x01, 0xE7, 0xC0, 0x1F, 0x3E, 0x01, 0xF1, 0xF0, 0x0F, 0x0F, 0x80,
  0xF8, 0x7C, 0x0F, 0x83, 0xE0, 0x78, 0x1F, 0x07, 0x80, 0xF8, 0x7C, 0x07,
  0xC3, 0xC0, 0x3E, 0x3C, 0x01, 0xF1, 0xFF, 0xFF, 0xFF, 0xFF, 0xFF, 0xFF,
  0xFF, 0xFF, 0xFF, 0xFF, 0xE0, 0x00, 0xF8, 0x00, 0x07, 0xC0, 0x00, 0x3E,
  0x00, 0x01, 0xF0, 0x00, 0x0F, 0x80, 0x00, 0x7C, 0x00, 0x3F, 0xFF, 0xC3,
  0xFF, 0xFC, 0x3F, 0xFF, 0xC3, 0xFF, 0xFC, 0x3C, 0x00, 0x03, 0xC0, 0x00,
  0x3C, 0x00, 0x03, 0xC0, 0x00, 0x78, 0x00, 0x07, 0x80, 0x00, 0x78, 0x78,
  0x07, 0xBF, 0xE0, 0x7F, 0xFF, 0x87, 0xFF, 0xFC, 0x7F, 0x0F, 0xC3, 0xC0,
  0x7E, 0x08, 0x03, 0xE0, 0x00, 0x1E, 0x00, 0x01, 0xF0, 0x00, 0x1F, 0x10,
  0x01, 0xF7, 0x00, 0x1F, 0xF8, 0x01, 0xEF, 0x80, 0x3E, 0x7C, 0x07, 0xE7,
  0xFB, 0xFC, 0x3F, 0xFF, 0x81, 0xFF, 0xF0, 0x07, 0xFE, 0x00, 0x0F, 0x00,
  0x00, 0x18, 0x00, 0x03, 0xC0, 0x00, 0x3E, 0x00, 0x07, 0xC0, 0x00, 0xFC,
  0x00, 0x1F, 0x80, 0x01, 0xF0, 0x00, 0x3E, 0x00, 0x07, 0xE0, 0x00, 0x7C,
  0x00, 0x0F, 0x80, 0x01, 0xF7, 0x80, 0x1F, 0xFF, 0x03, 0xFF, 0xF8, 0x7F,
  0xFF, 0xC7, 0xF0, 0xFE, 0xFC, 0x03, 0xEF, 0x80, 0x1F, 0xF8, 0x01, 0xFF,
  0x00, 0x0F, 0xF0, 0x00, 0xFF, 0x00, 0x0F, 0xF0, 0x01, 0xFF, 0x80, 0x1F,
  0xF8, 0x03, 0xE7, 0xE0, 0x7E, 0x7F, 0xFF, 0xC3, 0xFF, 0xF8, 0x1F, 0xFF,
  0x00, 0x7F, 0xE0, 0x00, 0xF0, 0x00, 0xFF, 0xFF, 0xFF, 0xFF, 0xFF, 0xFF,
  0xFF, 0xFF, 0xFF, 0xF0, 0x00, 0x3E, 0x00, 0x0F, 0x80, 0x01, 0xF0, 0x00,
  0x7C, 0x00, 0x0F, 0x00, 0x03, 0xE0, 0x00, 0x78, 0x00, 0x1F, 0x00, 0x07,
  0xC0, 0x00, 0xF8, 0x00, 0x3E, 0x00, 0x07, 0xC0, 0x01, 0xF0, 0x00, 0x3E,
  0x00, 0x0F, 0x80, 0x01, 0xF0, 0x00, 0x7C, 0x00, 0x0F, 0x80, 0x03, 0xE0,
  0x00, 0x7C, 0x00, 0x1F, 0x00, 0x07, 0xE0, 0x00, 0xF8, 0x00, 0x3F, 0x00,
  0x01, 0xC0, 0x00, 0x08, 0x00, 0x00, 0x03, 0xF8, 0x00, 0xFF, 0xE0, 0x1F,
  0xFF, 0x03, 0xFF, 0xF8, 0x3E, 0x0F, 0xC7, 0xC0, 0x7C, 0x78, 0x03, 0xC7,
  0x80, 0x3C, 0x78, 0x03, 0xC7, 0x80, 0x3C, 0x7C, 0x03, 0xC3, 0xC0, 0x7C,
  0x3F, 0x1F, 0x81, 0xFF, 0xF0, 0x07, 0xFE, 0x01, 0xFF, 0xF0, 0x3F, 0xFF,
  0x87, 0xC0, 0x7C, 0xF8, 0x03, 0xEF, 0x80, 0x1E, 0xF0, 0x01, 0xEF, 0x00,
  0x1E, 0xF0, 0x01, 0xFF, 0x80, 0x1E, 0xF8, 0x03, 0xEF, 0xC0, 0x7E, 0x7F,
  0x9F, 0xC3, 0xFF, 0xF8, 0x1F, 0xFF, 0x00, 0xFF, 0xE0, 0x01, 0xF0, 0x00,
  0x01, 0xFC, 0x00, 0x3F, 0xF8, 0x07, 0xFF, 0xF0, 0x3F, 0xFF, 0xC3, 0xF0,
  0x7E, 0x3F, 0x01, 0xF9, 0xF0, 0x07, 0xCF, 0x00, 0x1E, 0xF8, 0x00, 0xFF,
  0xC0, 0x07, 0xFE, 0x00, 0x3F, 0xF0, 0x01, 0xF7, 0x80, 0x0F, 0x3E, 0x00,
  0xF9, 0xF8, 0x0F, 0xC7, 0xFF, 0xFC, 0x1F, 0xFF, 0xE0, 0x7F, 0xFE, 0x00,
  0xFF, 0xF0, 0x00, 0x1F, 0x00, 0x01, 0xF0, 0x00, 0x1F, 0x80, 0x01, 0xF8,
  0x00, 0x0F, 0x80, 0x00, 0xF8, 0x00, 0x0F, 0xC0, 0x00, 0x7C, 0x00, 0x07,
  0xC0, 0x00, 0x7E, 0x00, 0x00, 0xE0, 0x00, 0x02, 0x00, 0x00, 0x7B, 0xFF,
  0xFF, 0x7C, 0xE0, 0x00, 0x00, 0x00, 0x00, 0x00, 0x00, 0x0E, 0x7F, 0xFF,
  0xFF, 0x78, 0x3C, 0xF9, 0xFB, 0xF7, 0xC7, 0x00, 0x00, 0x00, 0x00, 0x00,
  0x00, 0x00, 0x00, 0x1C, 0x7D, 0xFB, 0xF7, 0xE7, 0xC7, 0x1C, 0x78, 0xE0,
  0x80, 0x00, 0x00, 0xC0, 0x00, 0xF0, 0x00, 0xFC, 0x01, 0xFF, 0x01, 0xFF,
  0x03, 0xFF, 0x03, 0xFE, 0x03, 0xFE, 0x00, 0xFC, 0x00, 0x3E, 0x00, 0x0F,
  0xF0, 0x01, 0xFF, 0x00, 0x1F, 0xF8, 0x00, 0xFF, 0x80, 0x0F, 0xFC, 0x00,
  0xFF, 0x00, 0x07, 0xC0, 0x00, 0x70, 0xFF, 0xFF, 0xFF, 0xFF, 0xFF, 0xFF,
  0xFF, 0xFF, 0xFF, 0xF0, 0x00, 0x00, 0x00, 0x00, 0x00, 0x00, 0x00, 0x00,
  0x00, 0xFF, 0xFF, 0xFF, 0xFF, 0xFF, 0xFF, 0xFF, 0xFF, 0xFF, 0xF0, 0x80,
  0x00, 0x3C, 0x00, 0x0F, 0xC0, 0x03, 0xFC, 0x00, 0x7F, 0xE0, 0x03, 0xFE,
  0x00, 0x3F, 0xE0, 0x01, 0xFF, 0x00, 0x1F, 0xC0, 0x01, 0xF0, 0x03, 0xFC,
  0x07, 0xFC, 0x07, 0xFC, 0x0F, 0xFC, 0x0F, 0xF8, 0x03, 0xF8, 0x00, 0xF8,
  0x00, 0x30, 0x00, 0x00, 0x03, 0xF8, 0x03, 0xFF, 0x81, 0xFF, 0xF0, 0xFF,
  0xFE, 0x7E, 0x0F, 0xDF, 0x01, 0xFF, 0x80, 0x7C, 0x20, 0x0F, 0x00, 0x07,
  0xC0, 0x01, 0xF0, 0x00, 0x7C, 0x00, 0x3E, 0x00, 0x1F, 0x00, 0x1F, 0x80,
  0x07, 0xC0, 0x03, 0xE0, 0x01, 0xF0, 0x00, 0x7C, 0x00, 0x1F, 0x00, 0x07,
  0xC0, 0x01, 0xF0, 0x00, 0x00, 0x00, 0x00, 0x00, 0x00, 0x00, 0x01, 0xF0,
  0x00, 0xFE, 0x00, 0x3F, 0x80, 0x0F, 0xE0, 0x03, 0xF8, 0x00, 0x7C, 0x00,
  0x00, 0x1F, 0xFC, 0x00, 0x00, 0xFF, 0xFF, 0x80, 0x01, 0xFF, 0xFF, 0xC0,
  0x07, 0xF0, 0x07, 0xE0, 0x0F, 0xC0, 0x01, 0xF0, 0x1F, 0x00, 0x00, 0x78,
  0x1E, 0x00, 0x00, 0x3C, 0x3C, 0x07, 0xC0, 0x1E, 0x38, 0x1F, 0xF7, 0x1E,
  0x78, 0x3F, 0xFF, 0x0E, 0x70, 0x7C, 0x3F, 0x0F, 0x70, 0x78, 0x1F, 0x07,
  0xF0, 0xF0, 0x0F, 0x07, 0xF0, 0xE0, 0x0F, 0x07, 0xE0, 0xE0, 0x07, 0x07,
  0xE0, 0xE0, 0x07, 0x07, 0xE0, 0xE0, 0x07, 0x07, 0xE0, 0xE0, 0x0F, 0x07,
  0xF0, 0xF0, 0x0F, 0x07, 0xF0, 0x78, 0x1F, 0x0F, 0x70, 0x7C, 0x3F, 0x9E,
  0x78, 0x3F, 0xFB, 0xFE, 0x78, 0x1F, 0xF1, 0xFC, 0x3C, 0x07, 0xC0, 0xF0,
  0x1E, 0x00, 0x00, 0x00, 0x1F, 0x00, 0x00, 0x00, 0x0F, 0x80, 0x00, 0x00,
  0x07, 0xE0, 0x04, 0x00, 0x03, 0xFF, 0xFC, 0x00, 0x00, 0xFF, 0xFE, 0x00,
  0x00, 0x3F, 0xFC, 0x00, 0x00, 0x1F, 0x80, 0x00, 0x01, 0xF8, 0x00, 0x00,
  0x1F, 0x80, 0x00, 0x03, 0xFC, 0x00, 0x00, 0x3F, 0xC0, 0x00, 0x07, 0xFE,
  0x00, 0x00, 0x79, 0xE0, 0x00, 0x07, 0x9E, 0x00, 0x00, 0xF9, 0xF0, 0x00,
  0x0F, 0x0F, 0x00, 0x00, 0xF0, 0xF8, 0x00, 0x1F, 0x0F, 0x80, 0x01, 0xE0,
  0x78, 0x00, 0x3E, 0x07, 0xC0, 0x03, 0xE0, 0x7C, 0x00, 0x3C, 0x03, 0xC0,
  0x07, 0xC0, 0x3E, 0x00, 0x7C, 0x03, 0xE0, 0x0F, 0xFF, 0xFF, 0x00, 0xFF,
  0xFF, 0xF0, 0x0F, 0xFF, 0xFF, 0x01, 0xFF, 0xFF, 0xF8, 0x1F, 0x00, 0x0F,
  0x81, 0xE0, 0x00, 0x78, 0x3E, 0x00, 0x07, 0xC3, 0xE0, 0x00, 0x7C, 0x7C,
  0x00, 0x03, 0xE7, 0xC0, 0x00, 0x3E, 0xFC, 0x00, 0x03, 0xF0, 0xFF, 0xFF,
  0x07, 0xFF, 0xFC, 0x3F, 0xFF, 0xF1, 0xFF, 0xFF, 0xCF, 0x80, 0x3E, 0x7C,
  0x00, 0xFB, 0xE0, 0x07, 0xDF, 0x00, 0x1E, 0xF8, 0x01, 0xF7, 0xC0, 0x0F,
  0xBE, 0x00, 0x79, 0xF0, 0x0F, 0xCF, 0xFF, 0xFC, 0x7F, 0xFF, 0x83, 0xFF,
  0xFE, 0x1F, 0xFF, 0xFC, 0xF8, 0x03, 0xF7, 0xC0, 0x0F, 0xBE, 0x00, 0x3F,
  0xF0, 0x01, 0xFF, 0x80, 0x0F, 0xFC, 0x00, 0x7F, 0xE0, 0x03, 0xFF, 0x00,
  0x3E, 0xF8, 0x03, 0xF7, 0xFF, 0xFF, 0x3F, 0xFF, 0xF1, 0xFF, 0xFF, 0x0F,
  0xFF, 0xE0, 0x00, 0x00, 0x3F, 0xE0, 0x00, 0x1F, 0xFF, 0x80, 0x0F, 0xFF,
  0xF8, 0x03, 0xFF, 0xFF, 0xC0, 0xFF, 0x03, 0xFC, 0x3F, 0x80, 0x1F, 0x0F,
  0xC0, 0x01, 0xC1, 0xF0, 0x00, 0x10, 0x7C, 0x00, 0x00, 0x0F, 0x80, 0x00,
  0x03, 0xE0, 0x00, 0x00, 0x7C, 0x00, 0x00, 0x0F, 0x00, 0x00, 0x01, 0xE0,
  0x00, 0x00, 0x3C, 0x00, 0x00, 0x07, 0x80, 0x00, 0x00, 0xF0, 0x00, 0x00,
  0x1E, 0x00, 0x00, 0x03, 0xE0, 0x00, 0x00, 0x7C, 0x00, 0x00, 0x0F, 0x80,
  0x00, 0x00, 0xF8, 0x00, 0x00, 0x1F, 0x80, 0x00, 0x41, 0xF8, 0x00, 0x1C,
  0x1F, 0x80, 0x07, 0xC3, 0xFC, 0x03, 0xFC, 0x3F, 0xFF, 0xFF, 0x03, 0xFF,
  0xFF, 0x80, 0x1F, 0xFF, 0xE0, 0x00, 0xFF, 0xF0, 0x00, 0x01, 0xE0, 0x00,
  0xFF, 0xFE, 0x00, 0xFF, 0xFF, 0xC0, 0xFF, 0xFF, 0xE0, 0xFF, 0xFF, 0xF0,
  0xF8, 0x03, 0xF8, 0xF8, 0x00, 0xFC, 0xF8, 0x00, 0x7E, 0xF8, 0x00, 0x3E,
  0xF8, 0x00, 0x1F, 0xF8, 0x00, 0x1F, 0xF8, 0x00, 0x1F, 0xF8, 0x00, 0x0F,
  0xF8, 0x00, 0x0F, 0xF8, 0x00, 0x0F, 0xF8, 0x00, 0x0F, 0xF8, 0x00, 0x0F,
  0xF8, 0x00, 0x0F, 0xF8, 0x00, 0x0F, 0xF8, 0x00, 0x1F, 0xF8, 0x00, 0x1F,
  0xF8, 0x00, 0x3E, 0xF8, 0x00, 0x3E, 0xF8, 0x00, 0x7C, 0xF8, 0x01, 0xFC,
  0xF8, 0x07, 0xF8, 0xFF, 0xFF, 0xF0, 0xFF, 0xFF, 0xC0, 0xFF, 0xFF, 0x80,
  0xFF, 0xFC, 0x00, 0xFF, 0xFF, 0xBF, 0xFF, 0xEF, 0xFF, 0xFB, 0xFF, 0xFE,
  0xF8, 0x00, 0x3E, 0x00, 0x0F, 0x80, 0x03, 0xE0, 0x00, 0xF8, 0x00, 0x3E,
  0x00, 0x0F, 0x80, 0x03, 0xE0, 0x00, 0xFF, 0xFF, 0xBF, 0xFF, 0xEF, 0xFF,
  0xFB, 0xFF, 0xFE, 0xF8, 0x00, 0x3E, 0x00, 0x0F, 0x80, 0x03, 0xE0, 0x00,
  0xF8, 0x00, 0x3E, 0x00, 0x0F, 0x80, 0x03, 0xE0, 0x00, 0xF8, 0x00, 0x3F,
  0xFF, 0xFF, 0xFF, 0xFF, 0xFF, 0xFF, 0xFF, 0xFF, 0xC0, 0xFF, 0xFF, 0xFF,
  0xFF, 0xFF, 0xFF, 0xFF, 0xFF, 0xFF, 0x80, 0x07, 0xC0, 0x03, 0xE0, 0x01,
  0xF0, 0x00, 0xF8, 0x00, 0x7C, 0x00, 0x3E, 0x00, 0x1F, 0x00, 0x0F, 0x80,
  0x07, 0xFF, 0xFF, 0xFF, 0xFF, 0xFF, 0xFF, 0xFF, 0xFF, 0xFC, 0x00, 0x3E,
  0x00, 0x1F, 0x00, 0x0F, 0x80, 0x07, 0xC0, 0x03, 0xE0, 0x01, 0xF0, 0x00,
  0xF8, 0x00, 0x7C, 0x00, 0x3E, 0x00, 0x1F, 0x00, 0x0F, 0x80, 0x00, 0x00,
  0x3F, 0xF0, 0x00, 0x07, 0xFF, 0xE0, 0x00, 0xFF, 0xFF, 0xC0, 0x0F, 0xFF,
  0xFF, 0x00, 0xFF, 0x03, 0xFC, 0x0F, 0xE0, 0x07, 0xC0, 0xFC, 0x00, 0x0C,
  0x07, 0xC0, 0x00, 0x40, 0x7C, 0x00, 0x00, 0x03, 0xE0, 0x00, 0x00, 0x3E,
  0x00, 0x00, 0x01, 0xF0, 0x00, 0x00, 0x0F, 0x00, 0x00, 0x00, 0x78, 0x00,
  0x00, 0x03, 0xC0, 0x07, 0xFF, 0xFE, 0x00, 0x3F, 0xFF, 0xF0, 0x01, 0xFF,
  0xFF, 0x80, 0x0F, 0xFF, 0xFE, 0x00, 0x00, 0x1F, 0xF0, 0x00, 0x00, 0xF7,
  0x80, 0x00, 0x0F, 0xBE, 0x00, 0x00, 0x7D, 0xF8, 0x00, 0x03, 0xC7, 0xE0,
  0x00, 0x3E, 0x1F, 0x80, 0x03, 0xE0, 0xFE, 0x00, 0x7F, 0x03, 0xFF, 0xFF,
  0xF0, 0x07, 0xFF, 0xFF, 0x00, 0x1F, 0xFF, 0xE0, 0x00, 0x3F, 0xFC, 0x00,
  0x00, 0x1E, 0x00, 0x00, 0xF8, 0x00, 0x1F, 0xF0, 0x00, 0x3F, 0xE0, 0x00,
  0x7F, 0xC0, 0x00, 0xFF, 0x80, 0x01, 0xFF, 0x00, 0x03, 0xFE, 0x00, 0x07,
  0xFC, 0x00, 0x0F, 0xF8, 0x00, 0x1F, 0xF0, 0x00, 0x3F, 0xE0, 0x00, 0x7F,
  0xC0, 0x00, 0xFF, 0xFF, 0xFF, 0xFF, 0xFF, 0xFF, 0xFF, 0xFF, 0xFF, 0xFF,
  0xFF, 0xFF, 0xF8, 0x00, 0x1F, 0xF0, 0x00, 0x3F, 0xE0, 0x00, 0x7F, 0xC0,
  0x00, 0xFF, 0x80, 0x01, 0xFF, 0x00, 0x03, 0xFE, 0x00, 0x07, 0xFC, 0x00,
  0x0F, 0xF8, 0x00, 0x1F, 0xF0, 0x00, 0x3F, 0xE0, 0x00, 0x7F, 0xC0, 0x00,
  0xFF, 0x80, 0x01, 0xE0, 0xFF, 0xFF, 0xFF, 0xFF, 0xFF, 0xFF, 0xFF, 0xFF,
  0xFF, 0xFF, 0xFF, 0xFF, 0xFF, 0xFF, 0xFF, 0xFF, 0xFF, 0xFF, 0x80, 0x00,
  0x03, 0xE0, 0x00, 0x7C, 0x00, 0x0F, 0x80, 0x01, 0xF0, 0x00, 0x3E, 0x00,
  0x07, 0xC0, 0x00, 0xF8, 0x00, 0x1F, 0x00, 0x03, 0xE0, 0x00, 0x7C, 0x00,
  0x0F, 0x80, 0x01, 0xF0, 0x00, 0x3E, 0x00, 0x07, 0xC0, 0x00, 0xF8, 0x00,
  0x1F, 0x00, 0x03, 0xE0, 0x00, 0x7C, 0x00, 0x0F, 0x80, 0x01, 0xF0, 0x00,
  0x3E, 0x60, 0x07, 0xBC, 0x00, 0xF7, 0xC0, 0x3E, 0x7C, 0x0F, 0xCF, 0xFF,
  0xF0, 0xFF, 0xFC, 0x0F, 0xFF, 0x00, 0xFF, 0xC0, 0x01, 0xC0, 0x00, 0xF8,
  0x00, 0xFE, 0xF8, 0x01, 0xF8, 0xF8, 0x01, 0xF0, 0xF8, 0x03, 0xE0, 0xF8,
  0x07, 0xE0, 0xF8, 0x0F, 0xC0, 0xF8, 0x1F, 0x80, 0xF8, 0x3F, 0x00, 0xF8,
  0x3E, 0x00, 0xF8, 0x7C, 0x00, 0xF8, 0xF8, 0x00, 0xF9, 0xF0, 0x00, 0xFB,
  0xF0, 0x00, 0xFF, 0xF8, 0x00, 0xFF, 0xF8, 0x00, 0xFF, 0xFC, 0x00, 0xFF,
  0x7E, 0x00, 0xFE, 0x3F, 0x00, 0xFC, 0x1F, 0x00, 0xFC, 0x0F, 0x80, 0xF8,
  0x0F, 0xC0, 0xF8, 0x07, 0xC0, 0xF8, 0x03, 0xE0, 0xF8, 0x03, 0xF0, 0xF8,
  0x01, 0xF0, 0xF8, 0x00, 0xF8, 0xF8, 0x00, 0xFC, 0xF8, 0x00, 0x7C, 0xF8,
  0x00, 0x3F, 0xF8, 0x00, 0x7C, 0x00, 0x3E, 0x00, 0x1F, 0x00, 0x0F, 0x80,
  0x07, 0xC0, 0x03, 0xE0, 0x01, 0xF0, 0x00, 0xF8, 0x00, 0x7C, 0x00, 0x3E,
  0x00, 0x1F, 0x00, 0x0F, 0x80, 0x07, 0xC0, 0x03, 0xE0, 0x01, 0xF0, 0x00,
  0xF8, 0x00, 0x7C, 0x00, 0x3E, 0x00, 0x1F, 0x00, 0x0F, 0x80, 0x07, 0xC0,
  0x03, 0xE0, 0x01, 0xF0, 0x00, 0xF8, 0x00, 0x7F, 0xFF, 0xFF, 0xFF, 0xFF,
  0xFF, 0xFF, 0xFF, 0xF8, 0xFE, 0x00, 0x00, 0xFF, 0xFC, 0x00, 0x01, 0xFF,
  0xF8, 0x00, 0x07, 0xFF, 0xF8, 0x00, 0x0F, 0xFF, 0xF0, 0x00, 0x1F, 0xFF,
  0xF0, 0x00, 0x7F, 0xFD, 0xE0, 0x00, 0xFF, 0xFB, 0xC0, 0x03, 0xFF, 0xFF,
  0xC0, 0x07, 0xBF, 0xF7, 0x80, 0x0F, 0x7F, 0xEF, 0x80, 0x3E, 0xFF, 0xCF,
  0x00, 0x79, 0xFF, 0x9E, 0x01, 0xF3, 0xFF, 0x3E, 0x03, 0xC7, 0xFE, 0x3C,
  0x07, 0x8F, 0xFC, 0x78, 0x1F, 0x1F, 0xF8, 0x78, 0x3C, 0x3F, 0xF0, 0xF0,
  0xF8, 0x7F, 0xE1, 0xF1, 0xE0, 0xFF, 0xC1, 0xE3, 0xC1, 0xFF, 0x83, 0xCF,
  0x83, 0xFF, 0x03, 0xDE, 0x07, 0xFE, 0x07, 0xBC, 0x0F, 0xFC, 0x0F, 0xF0,
  0x1F, 0xF8, 0x0F, 0xE0, 0x3F, 0xF0, 0x1F, 0xC0, 0x7F, 0xE0, 0x1F, 0x00,
  0xFF, 0xC0, 0x3E, 0x01, 0xFF, 0x80, 0x78, 0x03, 0xE0, 0xFC, 0x00, 0x1F,
  0xFC, 0x00, 0x3F, 0xF8, 0x00, 0x7F, 0xF8, 0x00, 0xFF, 0xF0, 0x01, 0xFF,
  0xF0, 0x03, 0xFD, 0xF0, 0x07, 0xFB, 0xE0, 0x0F, 0xFB, 0xE0, 0x1F, 0xF3,
  0xE0, 0x3F, 0xE7, 0xC0, 0x7F, 0xC7, 0xC0, 0xFF, 0x87, 0x81, 0xFF, 0x0F,
  0x83, 0xFE, 0x0F, 0x87, 0xFC, 0x1F, 0x0F, 0xF8, 0x1F, 0x1F, 0xF0, 0x1F,
  0x3F, 0xE0, 0x3E, 0x7F, 0xC0, 0x3E, 0xFF, 0x80, 0x3F, 0xFF, 0x00, 0x7F,
  0xFE, 0x00, 0x7F, 0xFC, 0x00, 0x7F, 0xF8, 0x00, 0xFF, 0xF0, 0x00, 0xFF,
  0xE0, 0x01, 0xFF, 0xC0, 0x01, 0xFF, 0x80, 0x01, 0xE0, 0x00, 0x3F, 0xE0,
  0x00, 0x03, 0xFF, 0xF0, 0x00, 0x3F, 0xFF, 0xF0, 0x01, 0xFF, 0xFF, 0xE0,
  0x0F, 0xF0, 0x7F, 0xC0, 0x7F, 0x00, 0x3F, 0x83, 0xF0, 0x00, 0x3F, 0x0F,
  0x80, 0x00, 0x7C, 0x7C, 0x00, 0x01, 0xF9, 0xF0, 0x00, 0x03, 0xEF, 0x80,
  0x00, 0x07, 0xBE, 0x00, 0x00, 0x1F, 0xF8, 0x00, 0x00, 0x7F, 0xC0, 0x00,
  0x01, 0xFF, 0x00, 0x00, 0x07, 0xFC, 0x00, 0x00, 0x1F, 0xF0, 0x00, 0x00,
  0x7F, 0xC0, 0x00, 0x01, 0xFF, 0x80, 0x00, 0x07, 0xFE, 0x00, 0x00, 0x1F,
  0xF8, 0x00, 0x00, 0xF9, 0xF0, 0x00, 0x03, 0xE7, 0xE0, 0x00, 0x1F, 0x0F,
  0xC0, 0x00, 0xFC, 0x1F, 0x80, 0x07, 0xE0, 0x7F, 0x80, 0x7F, 0x00, 0xFF,
  0xFF, 0xF8, 0x01, 0xFF, 0xFF, 0xC0, 0x01, 0xFF, 0xFE, 0x00, 0x01, 0xFF,
  0xE0, 0x00, 0x00, 0x78, 0x00, 0x00, 0xFF, 0xFE, 0x0F, 0xFF, 0xF8, 0xFF,
  0xFF, 0xCF, 0xFF, 0xFE, 0xF8, 0x07, 0xEF, 0x80, 0x3F, 0xF8, 0x01, 0xFF,
  0x80, 0x0F, 0xF8, 0x00, 0xFF, 0x80, 0x0F, 0xF8, 0x00, 0xFF, 0x80, 0x1F,
  0xF8, 0x01, 0xFF, 0x80, 0x3E, 0xF8, 0x1F, 0xEF, 0xFF, 0xFC, 0xFF, 0xFF,
  0x8F, 0xFF, 0xE0, 0xFF, 0xF0, 0x0F, 0x80, 0x00, 0xF8, 0x00, 0x0F, 0x80,
  0x00, 0xF8, 0x00, 0x0F, 0x80, 0x00, 0xF8, 0x00, 0x0F, 0x80, 0x00, 0xF8,
  0x00, 0x0F, 0x80, 0x00, 0xF8, 0x00, 0x00, 0x00, 0x3F, 0xE0, 0x00, 0x03,
  0xFF, 0xF0, 0x00, 0x3F, 0xFF, 0xF0, 0x01, 0xFF, 0xFF, 0xE0, 0x0F, 0xF0,
  0x7F, 0xC0, 0x7F, 0x00, 0x3F, 0x83, 0xF0, 0x00, 0x3F, 0x0F, 0x80, 0x00,
  0x7C, 0x7C, 0x00, 0x01, 0xF9, 0xF0, 0x00, 0x03, 0xEF, 0x80, 0x00, 0x07,
  0xBE, 0x00, 0x00, 0x1F, 0xF8, 0x00, 0x00, 0x7F, 0xC0, 0x00, 0x01, 0xFF,
  0x00, 0x00, 0x07, 0xFC, 0x00, 0x00, 0x1F, 0xF0, 0x00, 0x00, 0x7F, 0xC0,
  0x00, 0x01, 0xFF, 0x80, 0x00, 0x07, 0xFE, 0x00, 0x04, 0x1F, 0xF8, 0x00,
  0x78, 0xF9, 0xF0, 0x03, 0xE3, 0xE7, 0xE0, 0x07, 0xDF, 0x0F, 0xC0, 0x1F,
  0xFC, 0x1F, 0x80, 0x3F, 0xE0, 0x7F, 0x80, 0x7F, 0x00, 0xFF, 0xFF, 0xF8,
  0x01, 0xFF, 0xFF, 0xE0, 0x01, 0xFF, 0xFF, 0xC0, 0x01, 0xFF, 0xFF, 0x80,
  0x00, 0x78, 0x3E, 0x00, 0x00, 0x00, 0x70, 0x00, 0x00, 0x01, 0x80, 0xFF,
  0xFE, 0x03, 0xFF, 0xFE, 0x0F, 0xFF, 0xFC, 0x3F, 0xFF, 0xF8, 0xF8, 0x07,
  0xE3, 0xE0, 0x07, 0xCF, 0x80, 0x1F, 0x3E, 0x00, 0x3C, 0xF8, 0x00, 0xF3,
  0xE0, 0x03, 0xCF, 0x80, 0x1F, 0x3E, 0x00, 0x7C, 0xF8, 0x03, 0xE3, 0xE0,
  0x3F, 0x8F, 0xFF, 0xFC, 0x3F, 0xFF, 0xE0, 0xFF, 0xFE, 0x03, 0xFF, 0xF0,
  0x0F, 0x87, 0xE0, 0x3E, 0x0F, 0x80, 0xF8, 0x1F, 0x03, 0xE0, 0x7E, 0x0F,
  0x80, 0xF8, 0x3E, 0x01, 0xF0, 0xF8, 0x07, 0xE3, 0xE0, 0x0F, 0x8F, 0x80,
  0x1F, 0x3E, 0x00, 0x7E, 0xF8, 0x00, 0xFC, 0x01, 0xFC, 0x00, 0x3F, 0xFC,
  0x03, 0xFF, 0xF0, 0x3F, 0xFF, 0xC3, 0xF0, 0x7E, 0x1F, 0x00, 0xF9, 0xF0,
  0x03, 0x8F, 0x80, 0x10, 0x7C, 0x00, 0x03, 0xE0, 0x00, 0x0F, 0x80, 0x00,
  0x7F, 0x00, 0x01, 0xFF, 0x00, 0x07, 0xFE, 0x00, 0x1F, 0xFC, 0x00, 0x3F,
  0xF8, 0x00, 0x3F, 0xE0, 0x00, 0x7F, 0x80, 0x00, 0xFC, 0x00, 0x03, 0xF0,
  0x00, 0x0F, 0x88, 0x00, 0x7D, 0xE0, 0x03, 0xFF, 0x00, 0x1F, 0x7C, 0x00,
  0xFB, 0xF0, 0x0F, 0x8F, 0xF3, 0xFC, 0x3F, 0xFF, 0xC0, 0xFF, 0xFC, 0x01,
  0xFF, 0x80, 0x00, 0xE0, 0x00, 0xFF, 0xFF, 0xFF, 0xFF, 0xFF, 0xFF, 0xFF,
  0xFF, 0xFF, 0xFF, 0xF0, 0x0F, 0x80, 0x00, 0x7C, 0x00, 0x03, 0xE0, 0x00,
  0x1F, 0x00, 0x00, 0xF8, 0x00, 0x07, 0xC0, 0x00, 0x3E, 0x00, 0x01, 0xF0,
  0x00, 0x0F, 0x80, 0x00, 0x7C, 0x00, 0x03, 0xE0, 0x00, 0x1F, 0x00, 0x00,
  0xF8, 0x00, 0x07, 0xC0, 0x00, 0x3E, 0x00, 0x01, 0xF0, 0x00, 0x0F, 0x80,
  0x00, 0x7C, 0x00, 0x03, 0xE0, 0x00, 0x1F, 0x00, 0x00, 0xF8, 0x00, 0x07,
  0xC0, 0x00, 0x3E, 0x00, 0x01, 0xF0, 0x00, 0x0F, 0x80, 0x00, 0xF0, 0x00,
  0x7F, 0xC0, 0x01, 0xFF, 0x00, 0x07, 0xFC, 0x00, 0x1F, 0xF0, 0x00, 0x7F,
  0xC0, 0x01, 0xFF, 0x00, 0x07, 0xFC, 0x00, 0x1F, 0xF0, 0x00, 0x7F, 0xC0,
  0x01, 0xFF, 0x00, 0x07, 0xFC, 0x00, 0x1F, 0xF0, 0x00, 0x7F, 0xC0, 0x01,
  0xFF, 0x00, 0x07, 0xFC, 0x00, 0x1F, 0xF0, 0x00, 0x7F, 0xC0, 0x01, 0xFF,
  0x00, 0x07, 0xFC, 0x00, 0x1F, 0xF0, 0x00, 0x7F, 0xE0, 0x01, 0xEF, 0x80,
  0x0F, 0x9F, 0x00, 0x3E, 0x7E, 0x03, 0xF0, 0xFF, 0xFF, 0xC1, 0xFF, 0xFE,
  0x03, 0xFF, 0xF0, 0x07, 0xFF, 0x00, 0x01, 0xE0, 0x00, 0xFC, 0x00, 0x07,
  0xDF, 0x00, 0x01, 0xF3, 0xC0, 0x00, 0xF8, 0xF8, 0x00, 0x3E, 0x3E, 0x00,
  0x0F, 0x07, 0x80, 0x07, 0xC1, 0xF0, 0x01, 0xF0, 0x7C, 0x00, 0x78, 0x0F,
  0x00, 0x3E, 0x03, 0xE0, 0x0F, 0x80, 0xF8, 0x03, 0xC0, 0x1E, 0x01, 0xF0,
  0x07, 0xC0, 0x78, 0x01, 0xF0, 0x1E, 0x00, 0x3C, 0x0F, 0x80, 0x0F, 0x83,
  0xC0, 0x01, 0xE0, 0xF0, 0x00, 0x7C, 0x7C, 0x00, 0x1F, 0x1E, 0x00, 0x03,
  0xCF, 0x80, 0x00, 0xFB, 0xE0, 0x00, 0x3E, 0xF0, 0x00, 0x07, 0xFC, 0x00,
  0x01, 0xFE, 0x00, 0x00, 0x7F, 0x80, 0x00, 0x0F, 0xE0, 0x00, 0x03, 0xF0,
  0x00, 0x00, 0x7C, 0x00, 0x00, 0x1F, 0x00, 0x00, 0xF8, 0x00, 0x78, 0x00,
  0x7F, 0xE0, 0x03, 0xF0, 0x01, 0xFF, 0x80, 0x0F, 0xC0, 0x07, 0x9E, 0x00,
  0x3F, 0x00, 0x3E, 0x7C, 0x01, 0xFE, 0x00, 0xF9, 0xF0, 0x07, 0xF8, 0x03,
  0xE3, 0xC0, 0x1F, 0xE0, 0x0F, 0x0F, 0x00, 0xFF, 0x80, 0x7C, 0x3E, 0x03,
  0xCF, 0x01, 0xF0, 0xF8, 0x0F, 0x3C, 0x07, 0x81, 0xE0, 0x3C, 0xF0, 0x1E,
  0x07, 0x81, 0xE3, 0xE0, 0xF8, 0x1F, 0x07, 0x87, 0x83, 0xE0, 0x7C, 0x1E,
  0x1E, 0x0F, 0x00, 0xF0, 0xF0, 0x7C, 0x3C, 0x03, 0xC3, 0xC0, 0xF1, 0xF0,
  0x0F, 0x8F, 0x03, 0xC7, 0xC0, 0x3E, 0x7C, 0x0F, 0x1E, 0x00, 0x79, 0xE0,
  0x1E, 0x78, 0x01, 0xE7, 0x80, 0x7B, 0xE0, 0x07, 0xFE, 0x01, 0xEF, 0x80,
  0x0F, 0xF0, 0x07, 0xFC, 0x00, 0x3F, 0xC0, 0x0F, 0xF0, 0x00, 0xFF, 0x00,
  0x3F, 0xC0, 0x03, 0xF8, 0x00, 0xFE, 0x00, 0x07, 0xE0, 0x01, 0xF8, 0x00,
  0x1F, 0x80, 0x07, 0xE0, 0x00, 0x7C, 0x00, 0x1F, 0x80, 0x01, 0xF0, 0x00,
  0x3C, 0x00, 0x7E, 0x00, 0x0F, 0xCF, 0xC0, 0x07, 0xC1, 0xF0, 0x03, 0xF0,
  0x3E, 0x00, 0xF8, 0x0F, 0xC0, 0x7C, 0x01, 0xF0, 0x1F, 0x00, 0x3E, 0x0F,
  0x80, 0x0F, 0x87, 0xC0, 0x01, 0xF1, 0xF0, 0x00, 0x3E, 0xF8, 0x00, 0x0F,
  0xFC, 0x00, 0x01, 0xFF, 0x00, 0x00, 0x3F, 0x80, 0x00, 0x0F, 0xC0, 0x00,
  0x03, 0xF8, 0x00, 0x01, 0xFE, 0x00, 0x00, 0x7F, 0xC0, 0x00, 0x3F, 0xF8,
  0x00, 0x1F, 0xBE, 0x00, 0x07, 0xC7, 0xC0, 0x03, 0xE1, 0xF8, 0x01, 0xF8,
  0x3E, 0x00, 0x7C, 0x07, 0xC0, 0x3E, 0x01, 0xF8, 0x1F, 0x80, 0x3E, 0x07,
  0xC0, 0x07, 0xC3, 0xE0, 0x01, 0xF9, 0xF8, 0x00, 0x3E, 0xFC, 0x00, 0x07,
  0xC0, 0xFC, 0x00, 0x1F, 0x9F, 0x00, 0x0F, 0x8F, 0x80, 0x0F, 0x83, 0xE0,
  0x07, 0xC0, 0xF8, 0x07, 0xC0, 0x7C, 0x07, 0xC0, 0x1F, 0x03, 0xE0, 0x0F,
  0x83, 0xE0, 0x03, 0xE1, 0xF0, 0x00, 0xF9, 0xF0, 0x00, 0x7D, 0xF0, 0x00,
  0x1F, 0xF8, 0x00, 0x07, 0xF8, 0x00, 0x03, 0xF8, 0x00, 0x00, 0xFC, 0x00,
  0x00, 0x7C, 0x00, 0x00, 0x1E, 0x00, 0x00, 0x0F, 0x00, 0x00, 0x07, 0x80,
  0x00, 0x03, 0xC0, 0x00, 0x01, 0xE0, 0x00, 0x00, 0xF0, 0x00, 0x00, 0x78,
  0x00, 0x00, 0x3C, 0x00, 0x00, 0x1E, 0x00, 0x00, 0x0F, 0x00, 0x00, 0x07,
  0x80, 0x00, 0x03, 0xC0, 0x00, 0x01, 0xE0, 0x00, 0xFF, 0xFF, 0xFF, 0xFF,
  0xFF, 0xFF, 0xFF, 0xFF, 0xFF, 0xFF, 0x00, 0x03, 0xF0, 0x00, 0x7E, 0x00,
  0x07, 0xC0, 0x00, 0xF8, 0x00, 0x1F, 0x80, 0x03, 0xF0, 0x00, 0x3E, 0x00,
  0x07, 0xC0, 0x00, 0xFC, 0x00, 0x0F, 0x80, 0x01, 0xF0, 0x00, 0x3F, 0x00,
  0x07, 0xE0, 0x00, 0x7C, 0x00, 0x0F, 0x80, 0x01, 0xF8, 0x00, 0x1F, 0x00,
  0x03, 0xE0, 0x00, 0x7E, 0x00, 0x0F, 0xC0, 0x00, 0xF8, 0x00, 0x0F, 0xFF,
  0xFF, 0xFF, 0xFF, 0xFF, 0xFF, 0xFF, 0xFF, 0xFF, 0xF0, 0xFF, 0xFF, 0xFF,
  0xFF, 0xFF, 0x07, 0x83, 0xC1, 0xE0, 0xF0, 0x78, 0x3C, 0x1E, 0x0F, 0x07,
  0x83, 0xC1, 0xE0, 0xF0, 0x78, 0x3C, 0x1E, 0x0F, 0x07, 0x83, 0xC1, 0xE0,
  0xF0, 0x78, 0x3C, 0x1E, 0x0F, 0x07, 0x83, 0xC1, 0xE0, 0xF0, 0x78, 0x3F,
  0xFF, 0xFF, 0xFF, 0xFC, 0xF8, 0x01, 0xE0, 0x07, 0x80, 0x1F, 0x00, 0x3C,
  0x00, 0xF0, 0x03, 0xC0, 0x07, 0x80, 0x1E, 0x00, 0x78, 0x00, 0xF0, 0x03,
  0xC0, 0x0F, 0x00, 0x1E, 0x00, 0x78, 0x01, 0xE0, 0x03, 0xC0, 0x0F, 0x00,
  0x3C, 0x00, 0x78, 0x01, 0xE0, 0x07, 0x80, 0x0F, 0x00, 0x3C, 0x00, 0xF0,
  0x03, 0xE0, 0x07, 0x80, 0x1E, 0x00, 0x7C, 0xFF, 0xFF, 0xFF, 0xFF, 0xF0,
  0x78, 0x3C, 0x1E, 0x0F, 0x07, 0x83, 0xC1, 0xE0, 0xF0, 0x78, 0x3C, 0x1E,
  0x0F, 0x07, 0x83, 0xC1, 0xE0, 0xF0, 0x78, 0x3C, 0x1E, 0x0F, 0x07, 0x83,
  0xC1, 0xE0, 0xF0, 0x78, 0x3C, 0x1E, 0x0F, 0x07, 0x83, 0xFF, 0xFF, 0xFF,
  0xFF, 0xFC, 0x01, 0xE0, 0x00, 0xFC, 0x00, 0x7F, 0x00, 0x1F, 0xE0, 0x0F,
  0x7C, 0x03, 0xCF, 0x01, 0xE1, 0xE0, 0xF8, 0x78, 0x3C, 0x0F, 0x1E, 0x03,
  0xE7, 0x80, 0x7B, 0xC0, 0x1F, 0xFF, 0xFF, 0xFF, 0xFF, 0xFF, 0xFF, 0xFF,
  0xFF, 0xFF, 0xFF, 0xF1, 0xF1, 0xE3, 0xE3, 0xC3, 0xC0, 0x00, 0xF0, 0x00,
  0xFF, 0xC0, 0x7F, 0xFE, 0x1F, 0xFF, 0xE7, 0xE0, 0x7E, 0x70, 0x07, 0xC4,
  0x00, 0x78, 0x00, 0x0F, 0x00, 0x01, 0xE0, 0xFF, 0xBC, 0x7F, 0xFF, 0x9F,
  0xFF, 0xF7, 0xE0, 0x3E, 0xF0, 0x03, 0xFE, 0x00, 0x7F, 0xC0, 0x0F, 0xF8,
  0x03, 0xFF, 0x00, 0xFD, 0xF8, 0x3F, 0xBF, 0xFF, 0xF3, 0xFF, 0xDE, 0x3F,
  0xE3, 0xC0, 0x60, 0x00, 0xF0, 0x00, 0x07, 0x80, 0x00, 0x3C, 0x00, 0x01,
  0xE0, 0x00, 0x0F, 0x00, 0x00, 0x78, 0x00, 0x03, 0xC0, 0x00, 0x1E, 0x0F,
  0x00, 0xF1, 0xFF, 0x07, 0xBF, 0xFC, 0x3F, 0xFF, 0xF1, 0xFE, 0x1F, 0xCF,
  0xE0, 0x3F, 0x7C, 0x00, 0xFB, 0xE0, 0x03, 0xDE, 0x00, 0x1F, 0xF0, 0x00,
  0xFF, 0x80, 0x03, 0xFC, 0x00, 0x1F, 0xE0, 0x00, 0xFF, 0x00, 0x0F, 0xF8,
  0x00, 0x7F, 0xE0, 0x03, 0xDF, 0x80, 0x3E, 0xFE, 0x03, 0xF7, 0xFC, 0x7F,
  0x3F, 0xFF, 0xF1, 0xEF, 0xFF, 0x0F, 0x1F, 0xF0, 0x00, 0x1C, 0x00, 0x00,
  0x78, 0x00, 0x1F, 0xF8, 0x03, 0xFF, 0xF0, 0x3F, 0xFF, 0xC3, 0xFC, 0x7F,
  0x1F, 0x00, 0xF9, 0xF0, 0x03, 0xEF, 0x80, 0x08, 0x78, 0x00, 0x07, 0xC0,
  0x00, 0x3E, 0x00, 0x01, 0xF0, 0x00, 0x0F, 0x80, 0x00, 0x3C, 0x00, 0x01,
  0xE0, 0x00, 0x0F, 0x80, 0x08, 0x7C, 0x00, 0xF9, 0xF0, 0x0F, 0x87, 0xE1,
  0xFC, 0x3F, 0xFF, 0xC0, 0xFF, 0xFC, 0x01, 0xFF, 0x80, 0x01, 0xE0, 0x00,
  0x00, 0x00, 0x7C, 0x00, 0x01, 0xF0, 0x00, 0x07, 0xC0, 0x00, 0x1F, 0x00,
  0x00, 0x7C, 0x00, 0x01, 0xF0, 0x00, 0x07, 0xC0, 0x1C, 0x1F, 0x03, 0xFE,
  0x7C, 0x3F, 0xFD, 0xF1, 0xFF, 0xFF, 0xCF, 0xE1, 0xFF, 0x3E, 0x01, 0xFD,
  0xF0, 0x03, 0xF7, 0xC0, 0x07, 0xDE, 0x00, 0x1F, 0xF8, 0x00, 0x7F, 0xE0,
  0x01, 0xFF, 0x80, 0x07, 0xFE, 0x00, 0x1F, 0xF8, 0x00, 0x7D, 0xE0, 0x01,
  0xF7, 0xC0, 0x07, 0xDF, 0x00, 0x3F, 0x3E, 0x01, 0xFC, 0xFE, 0x1F, 0xF1,
  0xFF, 0xFB, 0xC3, 0xFF, 0xCF, 0x03, 0xFE, 0x3C, 0x03, 0xC0, 0x00, 0x00,
  0x78, 0x00, 0x1F, 0xF8, 0x03, 0xFF, 0xE0, 0x3F, 0xFF, 0x83, 0xF8, 0x7E,
  0x1F, 0x00, 0xF9, 0xF0, 0x03, 0xCF, 0x80, 0x1F, 0x78, 0x00, 0xFF, 0xFF,
  0xFF, 0xFF, 0xFF, 0xFF, 0xFF, 0xFF, 0xFF, 0xFF, 0xFF, 0xBC, 0x00, 0x01,
  0xE0, 0x00, 0x0F, 0x80, 0x08, 0x7C, 0x00, 0x61, 0xF0, 0x07, 0xCF, 0xE0,
  0xFC, 0x3F, 0xFF, 0xC0, 0xFF, 0xFC, 0x01, 0xFF, 0xC0, 0x01, 0xE0, 0x00,
  0x00, 0xFC, 0x0F, 0xF0, 0x7F, 0xC3, 0xFF, 0x0F, 0x80, 0x3C, 0x00, 0xF0,
  0x03, 0xC0, 0x0F, 0x03, 0xFF, 0xEF, 0xFF, 0xBF, 0xFE, 0xFF, 0xF8, 0x3C,
  0x00, 0xF0, 0x03, 0xC0, 0x0F, 0x00, 0x3C, 0x00, 0xF0, 0x03, 0xC0, 0x0F,
  0x00, 0x3C, 0x00, 0xF0, 0x03, 0xC0, 0x0F, 0x00, 0x3C, 0x00, 0xF0, 0x03,
  0xC0, 0x0F, 0x00, 0x3C, 0x00, 0x00, 0x60, 0x00, 0x1F, 0xF3, 0xC3, 0xFF,
  0xDE, 0x3F, 0xFF, 0xF3, 0xFC, 0xFF, 0x9F, 0x00, 0xFD, 0xF0, 0x03, 0xEF,
  0x80, 0x1F, 0x78, 0x00, 0x7B, 0xC0, 0x03, 0xFE, 0x00, 0x1F, 0xF0, 0x00,
  0xFF, 0x80, 0x07, 0xBC, 0x00, 0x3D, 0xE0, 0x01, 0xEF, 0x80, 0x1F, 0x7E,
  0x01, 0xF9, 0xF8, 0x1F, 0xC7, 0xFF, 0xFE, 0x3F, 0xFF, 0xF0, 0x7F, 0xF7,
  0x81, 0xFE, 0x3C, 0x00, 0x01, 0xE0, 0x00, 0x0F, 0x1C, 0x00, 0xFB, 0xE0,
  0x07, 0xCF, 0xC0, 0x7C, 0x3F, 0xBF, 0xE1, 0xFF, 0xFE, 0x07, 0xFF, 0xE0,
  0x0F, 0xFC, 0x00, 0x0F, 0x00, 0xF0, 0x00, 0x1E, 0x00, 0x03, 0xC0, 0x00,
  0x78, 0x00, 0x0F, 0x00, 0x01, 0xE0, 0x00, 0x3C, 0x00, 0x07, 0x83, 0xC0,
  0xF1, 0xFE, 0x1E, 0xFF, 0xF3, 0xFF, 0xFE, 0x7F, 0x8F, 0xEF, 0xC0, 0x7D,
  0xF0, 0x07, 0xBE, 0x00, 0xFF, 0x80, 0x1F, 0xF0, 0x03, 0xFE, 0x00, 0x7F,
  0xC0, 0x0F, 0xF8, 0x01, 0xFF, 0x00, 0x3F, 0xE0, 0x07, 0xFC, 0x00, 0xFF,
  0x80, 0x1F, 0xF0, 0x03, 0xFE, 0x00, 0x7F, 0xC0, 0x0F, 0xF8, 0x01, 0xFF,
  0x00, 0x3E, 0x11, 0xEF, 0xFF, 0x79, 0xE0, 0x00, 0x00, 0x07, 0x9E, 0x79,
  0xE7, 0x9E, 0x79, 0xE7, 0x9E, 0x79, 0xE7, 0x9E, 0x79, 0xE7, 0x9E, 0x79,
  0xE7, 0x80, 0x00, 0x80, 0x78, 0x1F, 0x83, 0xF0, 0x3E, 0x03, 0x80, 0x00,
  0x00, 0x00, 0x00, 0x00, 0x0F, 0x01, 0xE0, 0x3C, 0x07, 0x80, 0xF0, 0x1E,
  0x03, 0xC0, 0x78, 0x0F, 0x01, 0xE0, 0x3C, 0x07, 0x80, 0xF0, 0x1E, 0x03,
  0xC0, 0x78, 0x0F, 0x01, 0xE0, 0x3C, 0x07, 0x80, 0xF0, 0x1E, 0x03, 0xC0,
  0x78, 0x0F, 0x03, 0xE8, 0xFD, 0xFF, 0x3F, 0xE7, 0xF0, 0x30, 0x00, 0xF0,
  0x00, 0x1E, 0x00, 0x03, 0xC0, 0x00, 0x78, 0x00, 0x0F, 0x00, 0x01, 0xE0,
  0x00, 0x3C, 0x00, 0x07, 0x80, 0x00, 0xF0, 0x07, 0xFE, 0x01, 0xF3, 0xC0,
  0x7C, 0x78, 0x1F, 0x0F, 0x07, 0xC1, 0xE1, 0xF0, 0x3C, 0x7C, 0x07, 0x9F,
  0x00, 0xF7, 0xE0, 0x1F, 0xFC, 0x03, 0xFF, 0xC0, 0x7F, 0xFC, 0x0F, 0xCF,
  0x81, 0xF0, 0xF8, 0x3C, 0x1F, 0x87, 0x81, 0xF0, 0xF0, 0x1F, 0x1E, 0x03,
  0xF3, 0xC0, 0x3E, 0x78, 0x03, 0xEF, 0x00, 0x7E, 0xFF, 0xFF, 0xFF, 0xFF,
  0xFF, 0xFF, 0xFF, 0xFF, 0xFF, 0xFF, 0xFF, 0xFF, 0xFF, 0xFF, 0xF0, 0x00,
  0x70, 0x01, 0xC0, 0xF3, 0xFE, 0x0F, 0xF8, 0xF7, 0xFF, 0x3F, 0xFC, 0xFF,
  0xFF, 0xBF, 0xFE, 0xFF, 0x1F, 0xF8, 0x7E, 0xFC, 0x0F, 0xF0, 0x3E, 0xF8,
  0x07, 0xE0, 0x1F, 0xF8, 0x07, 0xC0, 0x1F, 0xF0, 0x07, 0xC0, 0x1F, 0xF0,
  0x07, 0xC0, 0x1F, 0xF0, 0x07, 0xC0, 0x1F, 0xF0, 0x07, 0xC0, 0x1F, 0xF0,
  0x07, 0xC0, 0x1F, 0xF0, 0x07, 0xC0, 0x1F, 0xF0, 0x07, 0xC0, 0x1F, 0xF0,
  0x07, 0xC0, 0x1F, 0xF0, 0x07, 0xC0, 0x1F, 0xF0, 0x07, 0xC0, 0x1F, 0xF0,
  0x07, 0xC0, 0x1F, 0xF0, 0x07, 0xC0, 0x1F, 0xF0, 0x07, 0xC0, 0x1F, 0xF0,
  0x07, 0xC0, 0x1F, 0x00, 0x78, 0x1E, 0x3F, 0xC3, 0xDF, 0xFE, 0x7F, 0xFF,
  0xCF, 0xF1, 0xFD, 0xF8, 0x0F, 0xBE, 0x00, 0xF7, 0xC0, 0x1F, 0xF0, 0x03,
  0xFE, 0x00, 0x7F, 0xC0, 0x0F, 0xF8, 0x01, 0xFF, 0x00, 0x3F, 0xE0, 0x07,
  0xFC, 0x00, 0xFF, 0x80, 0x1F, 0xF0, 0x03, 0xFE, 0x00, 0x7F, 0xC0, 0x0F,
  0xF8, 0x01, 0xFF, 0x00, 0x3F, 0xE0, 0x07, 0xC0, 0x00, 0x7C, 0x00, 0x0F,
  0xFE, 0x00, 0x7F, 0xFC, 0x07, 0xFF, 0xF8, 0x1F, 0xC7, 0xF0, 0xFC, 0x07,
  0xE7, 0xC0, 0x0F, 0x9F, 0x00, 0x1F, 0x78, 0x00, 0x3F, 0xE0, 0x00, 0xFF,
  0x80, 0x03, 0xFE, 0x00, 0x0F, 0xF8, 0x00, 0x3D, 0xE0, 0x00, 0xF7, 0x80,
  0x03, 0xDF, 0x00, 0x1F, 0x7C, 0x00, 0xF8, 0xFC, 0x07, 0xE1, 0xFC, 0x7F,
  0x03, 0xFF, 0xF8, 0x07, 0xFF, 0xC0, 0x0F, 0xFE, 0x00, 0x07, 0x80, 0x00,
  0x00, 0x78, 0x07, 0x9F, 0xF8, 0x3D, 0xFF, 0xE1, 0xFF, 0xFF, 0x8F, 0xF0,
  0xFE, 0x7F, 0x01, 0xFB, 0xE0, 0x07, 0xDF, 0x00, 0x1E, 0xF0, 0x00, 0xFF,
  0x80, 0x07, 0xFC, 0x00, 0x1F, 0xE0, 0x00, 0xFF, 0x00, 0x07, 0xF8, 0x00,
  0x7F, 0xC0, 0x03, 0xFF, 0x00, 0x1E, 0xFC, 0x01, 0xF7, 0xF0, 0x1F, 0xBF,
  0xE3, 0xF9, 0xFF, 0xFF, 0x8F, 0x7F, 0xF8, 0x79, 0xFF, 0x83, 0xC1, 0xE0,
  0x1E, 0x00, 0x00, 0xF0, 0x00, 0x07, 0x80, 0x00, 0x3C, 0x00, 0x01, 0xE0,
  0x00, 0x0F, 0x00, 0x00, 0x78, 0x00, 0x03, 0xC0, 0x00, 0x00, 0x00, 0xF0,
  0x00, 0x0F, 0xF8, 0xF0, 0xFF, 0xF3, 0xC7, 0xFF, 0xEF, 0x3F, 0x87, 0xFC,
  0xF8, 0x07, 0xF7, 0xC0, 0x0F, 0xDF, 0x00, 0x1F, 0x78, 0x00, 0x7F, 0xE0,
  0x01, 0xFF, 0x80, 0x07, 0xFE, 0x00, 0x1F, 0xF8, 0x00, 0x7F, 0xE0, 0x01,
  0xF7, 0x80, 0x07, 0xDF, 0x00, 0x1F, 0x7C, 0x00, 0xFC, 0xF8, 0x07, 0xF3,
  0xF8, 0x7F, 0xC7, 0xFF, 0xFF, 0x0F, 0xFF, 0x7C, 0x0F, 0xF9, 0xF0, 0x0F,
  0x07, 0xC0, 0x00, 0x1F, 0x00, 0x00, 0x7C, 0x00, 0x01, 0xF0, 0x00, 0x07,
  0xC0, 0x00, 0x1F, 0x00, 0x00, 0x7C, 0x00, 0x01, 0xF0, 0x00, 0x07, 0xC0,
  0x00, 0x67, 0x9F, 0xFD, 0xFF, 0xFF, 0xFF, 0xFF, 0xFE, 0x03, 0xE0, 0x1F,
  0x00, 0xF0, 0x07, 0x80, 0x3C, 0x01, 0xE0, 0x0F, 0x00, 0x78, 0x03, 0xC0,
  0x1E, 0x00, 0xF0, 0x07, 0x80, 0x3C, 0x01, 0xE0, 0x0F, 0x00, 0x78, 0x00,
  0x01, 0xE0, 0x03, 0xFF, 0x03, 0xFF, 0xF0, 0xFF, 0xFE, 0x7C, 0x0F, 0x9E,
  0x01, 0xC7, 0x80, 0x21, 0xE0, 0x00, 0x7E, 0x00, 0x0F, 0xF0, 0x03, 0xFF,
  0x80, 0x3F, 0xF8, 0x03, 0xFF, 0x00, 0x0F, 0xE0, 0x00, 0xFC, 0x40, 0x1F,
  0x70, 0x07, 0xFE, 0x01, 0xF7, 0xE0, 0xF9, 0xFF, 0xFE, 0x3F, 0xFF, 0x03,
  0xFF, 0x00, 0x0F, 0x00, 0x0F, 0x00, 0x78, 0x03, 0xC0, 0x1E, 0x00, 0xF0,
  0x07, 0x83, 0xFF, 0xFF, 0xFF, 0xFF, 0xFF, 0xFF, 0xC3, 0xC0, 0x1E, 0x00,
  0xF0, 0x07, 0x80, 0x3C, 0x01, 0xE0, 0x0F, 0x00, 0x78, 0x03, 0xC0, 0x1E,
  0x00, 0xF0, 0x07, 0x80, 0x3C, 0x01, 0xF1, 0x0F, 0xF8, 0x3F, 0xC0, 0xFE,
  0x00, 0xE0, 0xF8, 0x01, 0xFF, 0x00, 0x3F, 0xE0, 0x07, 0xFC, 0x00, 0xFF,
  0x80, 0x1F, 0xF0, 0x03, 0xFE, 0x00, 0x7F, 0xC0, 0x0F, 0xF8, 0x01, 0xFF,
  0x00, 0x3F, 0xE0, 0x07, 0xFC, 0x00, 0xFF, 0x80, 0x1F, 0xF0, 0x03, 0xFE,
  0x00, 0xFB, 0xC0, 0x1F, 0x7C, 0x07, 0xEF, 0xC1, 0xFC, 0xFF, 0xFF, 0x9F,
  0xFE, 0xF0, 0xFF, 0x9E, 0x07, 0x80, 0x00, 0xF8, 0x00, 0x7D, 0xE0, 0x01,
  0xE7, 0xC0, 0x0F, 0x8F, 0x00, 0x3C, 0x3E, 0x01, 0xF0, 0xF8, 0x07, 0x81,
  0xE0, 0x1E, 0x07, 0xC0, 0xF8, 0x0F, 0x03, 0xC0, 0x3C, 0x0F, 0x00, 0xF8,
  0x78, 0x01, 0xE1, 0xE0, 0x07, 0xCF, 0x80, 0x0F, 0x3C, 0x00, 0x3C, 0xF0,
  0x00, 0xFF, 0x80, 0x01, 0xFE, 0x00, 0x07, 0xF8, 0x00, 0x0F, 0xC0, 0x00,
  0x3F, 0x00, 0x00, 0xF8, 0x00, 0xF8, 0x03, 0xE0, 0x0F, 0x78, 0x03, 0xE0,
  0x1F, 0x7C, 0x07, 0xE0, 0x1E, 0x7C, 0x07, 0xF0, 0x1E, 0x3C, 0x07, 0xF0,
  0x1E, 0x3C, 0x07, 0xF0, 0x3E, 0x3E, 0x0F, 0x70, 0x3C, 0x1E, 0x0E, 0x78,
  0x3C, 0x1E, 0x0E, 0x78, 0x7C, 0x1F, 0x1E, 0x38, 0x78, 0x0F, 0x1E, 0x3C,
  0x78, 0x0F, 0x1C, 0x3C, 0x78, 0x0F, 0x3C, 0x1C, 0xF0, 0x07, 0xBC, 0x1E,
  0xF0, 0x07, 0xB8, 0x1E, 0xF0, 0x07, 0xF8, 0x1F, 0xE0, 0x07, 0xF8, 0x0F,
  0xE0, 0x03, 0xF0, 0x0F, 0xE0, 0x03, 0xF0, 0x0F, 0xC0, 0x03, 0xF0, 0x07,
  0xC0, 0x01, 0xE0, 0x07, 0xC0, 0xFC, 0x01, 0xFB, 0xF0, 0x0F, 0x0F, 0x80,
  0xF8, 0x3E, 0x0F, 0x80, 0xF8, 0x78, 0x07, 0xC7, 0xC0, 0x1F, 0x7C, 0x00,
  0x7F, 0xC0, 0x03, 0xFC, 0x00, 0x0F, 0xE0, 0x00, 0x3E, 0x00, 0x03, 0xF8,
  0x00, 0x3F, 0xE0, 0x03, 0xEF, 0x00, 0x1E, 0x7C, 0x01, 0xF1, 0xF0, 0x1F,
  0x0F, 0x80, 0xF0, 0x3E, 0x0F, 0x80, 0xF8, 0xF8, 0x07, 0xCF, 0x80, 0x1F,
  0x80, 0xF8, 0x00, 0x7D, 0xF0, 0x03, 0xE7, 0xC0, 0x0F, 0x8F, 0x00, 0x3C,
  0x3E, 0x01, 0xF0, 0x78, 0x07, 0x81, 0xF0, 0x3E, 0x03, 0xC0, 0xF0, 0x0F,
  0x03, 0xC0, 0x3E, 0x1F, 0x00, 0x78, 0x78, 0x01, 0xF3, 0xE0, 0x03, 0xCF,
  0x00, 0x0F, 0xBC, 0x00, 0x1F, 0xE0, 0x00, 0x7F, 0x80, 0x00, 0xFE, 0x00,
  0x03, 0xF0, 0x00, 0x0F, 0xC0, 0x00, 0x1E, 0x00, 0x00, 0xF8, 0x00, 0x03,
  0xC0, 0x00, 0x1F, 0x00, 0x00, 0x78, 0x00, 0x01, 0xE0, 0x00, 0x0F, 0x80,
  0x00, 0x3C, 0x00, 0x01, 0xF0, 0x00, 0x07, 0x80, 0x00, 0x3E, 0x00, 0x00,
  0x7F, 0xFF, 0x9F, 0xFF, 0xE7, 0xFF, 0xF9, 0xFF, 0xFE, 0x00, 0x1F, 0x80,
  0x07, 0xC0, 0x03, 0xE0, 0x01, 0xF0, 0x00, 0xF8, 0x00, 0x7C, 0x00, 0x3E,
  0x00, 0x1F, 0x80, 0x07, 0xC0, 0x03, 0xE0, 0x01, 0xF0, 0x00, 0xF8, 0x00,
  0x7C, 0x00, 0x3F, 0xFF, 0xFF, 0xFF, 0xFF, 0xFF, 0xFF, 0xFF, 0xFF, 0xC0,
  0x00, 0x10, 0x3F, 0x07, 0xF0, 0xFF, 0x0F, 0x80, 0xF0, 0x1F, 0x01, 0xF0,
  0x1F, 0x01, 0xF0, 0x1F, 0x01, 0xF0, 0x1F, 0x01, 0xF0, 0x1F, 0x01, 0xE0,
  0x1E, 0x0F, 0xE0, 0xFC, 0x0F, 0x80, 0xFC, 0x03, 0xE0, 0x1E, 0x01, 0xE0,
  0x1F, 0x01, 0xF0, 0x1F, 0x01, 0xF0, 0x1F, 0x01, 0xF0, 0x1F, 0x01, 0xF0,
  0x0F, 0x00, 0xF0, 0x0F, 0xE0, 0x7F, 0x07, 0xF0, 0x1F, 0xFF, 0xFF, 0xFF,
  0xFF, 0xFF, 0xFF, 0xFF, 0xFF, 0xFF, 0xFF, 0xFF, 0xFF, 0xFF, 0xFF, 0xFF,
  0xFF, 0xFF, 0xFF, 0xFF, 0xFF, 0xF0, 0x80, 0x1F, 0x03, 0xF0, 0x7F, 0x03,
  0xE0, 0x3E, 0x03, 0xC0, 0x78, 0x0F, 0x01, 0xE0, 0x3C, 0x07, 0x80, 0xF0,
  0x1E, 0x03, 0xC0, 0x78, 0x0F, 0x00, 0xFC, 0x1F, 0x81, 0xF0, 0x7E, 0x1F,
  0x03, 0xC0, 0x78, 0x0F, 0x01, 0xE0, 0x3C, 0x07, 0x80, 0xF0, 0x1E, 0x03,
  0xC0, 0x78, 0x0F, 0x03, 0xE1, 0xF8, 0x7F, 0x0F, 0xC1, 0xE0, 0x00, 0x1F,
  0x80, 0xF7, 0xFE, 0x1E, 0x7F, 0xFF, 0xEF, 0xFF, 0xFE, 0xF0, 0xFF, 0xCF,
  0x01, 0xF8, 0xFF, 0xFF, 0xFF, 0xFF, 0xF8, 0x00, 0x7C, 0x00, 0x3E, 0x00,
  0x1F, 0x00, 0x0F, 0x80, 0x07, 0xC0, 0x03, 0xE0, 0x01, 0xF0, 0x00, 0xF8,
  0x00, 0x7C, 0x00, 0x3E, 0x00, 0x1F, 0x00, 0x0F, 0x80, 0x07, 0xC0, 0x03,
  0xE0, 0x01, 0xF0, 0x00, 0xF8, 0x00, 0x7C, 0x00, 0x3E, 0x00, 0x1F, 0x00,
  0x0F, 0x80, 0x07, 0xC0, 0x03, 0xE0, 0x01, 0xF0, 0x00, 0xF8, 0x00, 0x7F,
  0xFF, 0xFF, 0xFF, 0xF8, 0xFF, 0xFF, 0xFF, 0xFF, 0xF8, 0x00, 0x7C, 0x00,
  0x3E, 0x00, 0x1F, 0x00, 0x0F, 0x80, 0x07, 0xC0, 0x03, 0xE0, 0x01, 0xF0,
  0x00, 0xF8, 0x00, 0x7C, 0x00, 0x3E, 0x00, 0x1F, 0x00, 0x0F, 0x80, 0x07,
  0xC0, 0x03, 0xE0, 0x01, 0xF0, 0x00, 0xF8, 0x00, 0x7C, 0x00, 0x3E, 0x00,
  0x1F, 0x00, 0x0F, 0x80, 0x07, 0xC0, 0x03, 0xE0, 0x01, 0xF0, 0x00, 0xF8,
  0x00, 0x7F, 0xFF, 0xFF, 0xFF, 0xF8, 0xFF, 0xFF, 0xFF, 0xFF, 0xF8, 0x00,
  0x7C, 0x00, 0x3E, 0x00, 0x1F, 0x00, 0x0F, 0x80, 0x07, 0xC0, 0x03, 0xE0,
  0x01, 0xF0, 0x00, 0xF8, 0x00, 0x7C, 0x00, 0x3E, 0x00, 0x1F, 0x00, 0x0F,
  0x80, 0x07, 0xC0, 0x03, 0xE0, 0x01, 0xF0, 0x00, 0xF8, 0x00, 0x7C, 0x00,
  0x3E, 0x00, 0x1F, 0x00, 0x0F, 0x80, 0x07, 0xC0, 0x03, 0xE0, 0x01, 0xF0,
  0x00, 0xF8, 0x00, 0x7F, 0xFF, 0xFF, 0xFF, 0xF8, 0xFF, 0xFF, 0xFF, 0xFF,
  0xF8, 0x00, 0x7C, 0x00, 0x3E, 0x00, 0x1F, 0x00, 0x0F, 0x80, 0x07, 0xC0,
  0x03, 0xE0, 0x01, 0xF0, 0x00, 0xF8, 0x00, 0x7C, 0x00, 0x3E, 0x00, 0x1F,
  0x00, 0x0F, 0x80, 0x07, 0xC0, 0x03, 0xE0, 0x01, 0xF0, 0x00, 0xF8, 0x00,
  0x7C, 0x00, 0x3E, 0x00, 0x1F, 0x00, 0x0F, 0x80, 0x07, 0xC0, 0x03, 0xE0,
  0x01, 0xF0, 0x00, 0xF8, 0x00, 0x7F, 0xFF, 0xFF, 0xFF, 0xF8, 0xFF, 0xFF,
  0xFF, 0xFF, 0xF8, 0x00, 0x7C, 0x00, 0x3E, 0x00, 0x1F, 0x00, 0x0F, 0x80,
  0x07, 0xC0, 0x03, 0xE0, 0x01, 0xF0, 0x00, 0xF8, 0x00, 0x7C, 0x00, 0x3E,
  0x00, 0x1F, 0x00, 0x0F, 0x80, 0x07, 0xC0, 0x03, 0xE0, 0x01, 0xF0, 0x00,
  0xF8, 0x00, 0x7C, 0x00, 0x3E, 0x00, 0x1F, 0x00, 0x0F, 0x80, 0x07, 0xC0,
  0x03, 0xE0, 0x01, 0xF0, 0x00, 0xF8, 0x00, 0x7F, 0xFF, 0xFF, 0xFF, 0xF8,
  0xFF, 0xFF, 0xFF, 0xFF, 0xF8, 0x00, 0x7C, 0x00, 0x3E, 0x00, 0x1F, 0x00,
  0x0F, 0x80, 0x07, 0xC0, 0x03, 0xE0, 0x01, 0xF0, 0x00, 0xF8, 0x00, 0x7C,
  0x00, 0x3E, 0x00, 0x1F, 0x00, 0x0F, 0x80, 0x07, 0xC0, 0x03, 0xE0, 0x01,
  0xF0, 0x00, 0xF8, 0x00, 0x7C, 0x00, 0x3E, 0x00, 0x1F, 0x00, 0x0F, 0x80,
  0x07, 0xC0, 0x03, 0xE0, 0x01, 0xF0, 0x00, 0xF8, 0x00, 0x7F, 0xFF, 0xFF,
  0xFF, 0xF8, 0xFF, 0xFF, 0xFF, 0xFF, 0xF8, 0x00, 0x7C, 0x00, 0x3E, 0x00,
  0x1F, 0x00, 0x0F, 0x80, 0x07, 0xC0, 0x03, 0xE0, 0x01, 0xF0, 0x00, 0xF8,
  0x00, 0x7C, 0x00, 0x3E, 0x00, 0x1F, 0x00, 0x0F, 0x80, 0x07, 0xC0, 0x03,
  0xE0, 0x01, 0xF0, 0x00, 0xF8, 0x00, 0x7C, 0x00, 0x3E, 0x00, 0x1F, 0x00,
  0x0F, 0x80, 0x07, 0xC0, 0x03, 0xE0, 0x01, 0xF0, 0x00, 0xF8, 0x00, 0x7F,
  0xFF, 0xFF, 0xFF, 0xF8, 0xFF, 0xFF, 0xFF, 0xFF, 0xF8, 0x00, 0x7C, 0x00,
  0x3E, 0x00, 0x1F, 0x00, 0x0F, 0x80, 0x07, 0xC0, 0x03, 0xE0, 0x01, 0xF0,
  0x00, 0xF8, 0x00, 0x7C, 0x00, 0x3E, 0x00, 0x1F, 0x00, 0x0F, 0x80, 0x07,
  0xC0, 0x03, 0xE0, 0x01, 0xF0, 0x00, 0xF8, 0x00, 0x7C, 0x00, 0x3E, 0x00,
  0x1F, 0x00, 0x0F, 0x80, 0x07, 0xC0, 0x03, 0xE0, 0x01, 0xF0, 0x00, 0xF8,
  0x00, 0x7F, 0xFF, 0xFF, 0xFF, 0xF8, 0xFF, 0xFF, 0xFF, 0xFF, 0xF8, 0x00,
  0x7C, 0x00, 0x3E, 0x00, 0x1F, 0x00, 0x0F, 0x80, 0x07, 0xC0, 0x03, 0xE0,
  0x01, 0xF0, 0x00, 0xF8, 0x00, 0x7C, 0x00, 0x3E, 0x00, 0x1F, 0x00, 0x0F,
  0x80, 0x07, 0xC0, 0x03, 0xE0, 0x01, 0xF0, 0x00, 0xF8, 0x00, 0x7C, 0x00,
  0x3E, 0x00, 0x1F, 0x00, 0x0F, 0x80, 0x07, 0xC0, 0x03, 0xE0, 0x01, 0xF0,
  0x00, 0xF8, 0x00, 0x7F, 0xFF, 0xFF, 0xFF, 0xF8, 0xFF, 0xFF, 0xFF, 0xFF,
  0xF8, 0x00, 0x7C, 0x00, 0x3E, 0x00, 0x1F, 0x00, 0x0F, 0x80, 0x07, 0xC0,
  0x03, 0xE0, 0x01, 0xF0, 0x00, 0xF8, 0x00, 0x7C, 0x00, 0x3E, 0x00, 0x1F,
  0x00, 0x0F, 0x80, 0x07, 0xC0, 0x03, 0xE0, 0x01, 0xF0, 0x00, 0xF8, 0x00,
  0x7C, 0x00, 0x3E, 0x00, 0x1F, 0x00, 0x0F, 0x80, 0x07, 0xC0, 0x03, 0xE0,
  0x01, 0xF0, 0x00, 0xF8, 0x00, 0x7F, 0xFF, 0xFF, 0xFF, 0xF8, 0xFF, 0xFF,
  0xFF, 0xFF, 0xF8, 0x00, 0x7C, 0x00, 0x3E, 0x00, 0x1F, 0x00, 0x0F, 0x80,
  0x07, 0xC0, 0x03, 0xE0, 0x01, 0xF0, 0x00, 0xF8, 0x00, 0x7C, 0x00, 0x3E,
  0x00, 0x1F, 0x00, 0x0F, 0x80, 0x07, 0xC0, 0x03, 0xE0, 0x01, 0xF0, 0x00,
  0xF8, 0x00, 0x7C, 0x00, 0x3E, 0x00, 0x1F, 0x00, 0x0F, 0x80, 0x07, 0xC0,
  0x03, 0xE0, 0x01, 0xF0, 0x00, 0xF8, 0x00, 0x7F, 0xFF, 0xFF, 0xFF, 0xF8,
  0xFF, 0xFF, 0xFF, 0xFF, 0xF8, 0x00, 0x7C, 0x00, 0x3E, 0x00, 0x1F, 0x00,
  0x0F, 0x80, 0x07, 0xC0, 0x03, 0xE0, 0x01, 0xF0, 0x00, 0xF8, 0x00, 0x7C,
  0x00, 0x3E, 0x00, 0x1F, 0x00, 0x0F, 0x80, 0x07, 0xC0, 0x03, 0xE0, 0x01,
  0xF0, 0x00, 0xF8, 0x00, 0x7C, 0x00, 0x3E, 0x00, 0x1F, 0x00, 0x0F, 0x80,
  0x07, 0xC0, 0x03, 0xE0, 0x01, 0xF0, 0x00, 0xF8, 0x00, 0x7F, 0xFF, 0xFF,
  0xFF, 0xF8, 0xFF, 0xFF, 0xFF, 0xFF, 0xF8, 0x00, 0x7C, 0x00, 0x3E, 0x00,
  0x1F, 0x00, 0x0F, 0x80, 0x07, 0xC0, 0x03, 0xE0, 0x01, 0xF0, 0x00, 0xF8,
  0x00, 0x7C, 0x00, 0x3E, 0x00, 0x1F, 0x00, 0x0F, 0x80, 0x07, 0xC0, 0x03,
  0xE0, 0x01, 0xF0, 0x00, 0xF8, 0x00, 0x7C, 0x00, 0x3E, 0x00, 0x1F, 0x00,
  0x0F, 0x80, 0x07, 0xC0, 0x03, 0xE0, 0x01, 0xF0, 0x00, 0xF8, 0x00, 0x7F,
  0xFF, 0xFF, 0xFF, 0xF8, 0xFF, 0xFF, 0xFF, 0xFF, 0xF8, 0x00, 0x7C, 0x00,
  0x3E, 0x00, 0x1F, 0x00, 0x0F, 0x80, 0x07, 0xC0, 0x03, 0xE0, 0x01, 0xF0,
  0x00, 0xF8, 0x00, 0x7C, 0x00, 0x3E, 0x00, 0x1F, 0x00, 0x0F, 0x80, 0x07,
  0xC0, 0x03, 0xE0, 0x01, 0xF0, 0x00, 0xF8, 0x00, 0x7C, 0x00, 0x3E, 0x00,
  0x1F, 0x00, 0x0F, 0x80, 0x07, 0xC0, 0x03, 0xE0, 0x01, 0xF0, 0x00, 0xF8,
  0x00, 0x7F, 0xFF, 0xFF, 0xFF, 0xF8, 0xFF, 0xFF, 0xFF, 0xFF, 0xF8, 0x00,
  0x7C, 0x00, 0x3E, 0x00, 0x1F, 0x00, 0x0F, 0x80, 0x07, 0xC0, 0x03, 0xE0,
  0x01, 0xF0, 0x00, 0xF8, 0x00, 0x7C, 0x00, 0x3E, 0x00, 0x1F, 0x00, 0x0F,
  0x80, 0x07, 0xC0, 0x03, 0xE0, 0x01, 0xF0, 0x00, 0xF8, 0x00, 0x7C, 0x00,
  0x3E, 0x00, 0x1F, 0x00, 0x0F, 0x80, 0x07, 0xC0, 0x03, 0xE0, 0x01, 0xF0,
  0x00, 0xF8, 0x00, 0x7F, 0xFF, 0xFF, 0xFF, 0xF8, 0xFF, 0xFF, 0xFF, 0xFF,
  0xF8, 0x00, 0x7C, 0x00, 0x3E, 0x00, 0x1F, 0x00, 0x0F, 0x80, 0x07, 0xC0,
  0x03, 0xE0, 0x01, 0xF0, 0x00, 0xF8, 0x00, 0x7C, 0x00, 0x3E, 0x00, 0x1F,
  0x00, 0x0F, 0x80, 0x07, 0xC0, 0x03, 0xE0, 0x01, 0xF0, 0x00, 0xF8, 0x00,
  0x7C, 0x00, 0x3E, 0x00, 0x1F, 0x00, 0x0F, 0x80, 0x07, 0xC0, 0x03, 0xE0,
  0x01, 0xF0, 0x00, 0xF8, 0x00, 0x7F, 0xFF, 0xFF, 0xFF, 0xF8, 0xFF, 0xFF,
  0xFF, 0xFF, 0xF8, 0x00, 0x7C, 0x00, 0x3E, 0x00, 0x1F, 0x00, 0x0F, 0x80,
  0x07, 0xC0, 0x03, 0xE0, 0x01, 0xF0, 0x00, 0xF8, 0x00, 0x7C, 0x00, 0x3E,
  0x00, 0x1F, 0x00, 0x0F, 0x80, 0x07, 0xC0, 0x03, 0xE0, 0x01, 0xF0, 0x00,
  0xF8, 0x00, 0x7C, 0x00, 0x3E, 0x00, 0x1F, 0x00, 0x0F, 0x80, 0x07, 0xC0,
  0x03, 0xE0, 0x01, 0xF0, 0x00, 0xF8, 0x00, 0x7F, 0xFF, 0xFF, 0xFF, 0xF8,
  0xFF, 0xFF, 0xFF, 0xFF, 0xF8, 0x00, 0x7C, 0x00, 0x3E, 0x00, 0x1F, 0x00,
  0x0F, 0x80, 0x07, 0xC0, 0x03, 0xE0, 0x01, 0xF0, 0x00, 0xF8, 0x00, 0x7C,
  0x00, 0x3E, 0x00, 0x1F, 0x00, 0x0F, 0x80, 0x07, 0xC0, 0x03, 0xE0, 0x01,
  0xF0, 0x00, 0xF8, 0x00, 0x7C, 0x00, 0x3E, 0x00, 0x1F, 0x00, 0x0F, 0x80,
  0x07, 0xC0, 0x03, 0xE0, 0x01, 0xF0, 0x00, 0xF8, 0x00, 0x7F, 0xFF, 0xFF,
  0xFF, 0xF8, 0xFF, 0xFF, 0xFF, 0xFF, 0xF8, 0x00, 0x7C, 0x00, 0x3E, 0x00,
  0x1F, 0x00, 0x0F, 0x80, 0x07, 0xC0, 0x03, 0xE0, 0x01, 0xF0, 0x00, 0xF8,
  0x00, 0x7C, 0x00, 0x3E, 0x00, 0x1F, 0x00, 0x0F, 0x80, 0x07, 0xC0, 0x03,
  0xE0, 0x01, 0xF0, 0x00, 0xF8, 0x00, 0x7C, 0x00, 0x3E, 0x00, 0x1F, 0x00,
  0x0F, 0x80, 0x07, 0xC0, 0x03, 0xE0, 0x01, 0xF0, 0x00, 0xF8, 0x00, 0x7F,
  0xFF, 0xFF, 0xFF, 0xF8, 0xFF, 0xFF, 0xFF, 0xFF, 0xF8, 0x00, 0x7C, 0x00,
  0x3E, 0x00, 0x1F, 0x00, 0x0F, 0x80, 0x07, 0xC0, 0x03, 0xE0, 0x01, 0xF0,
  0x00, 0xF8, 0x00, 0x7C, 0x00, 0x3E, 0x00, 0x1F, 0x00, 0x0F, 0x80, 0x07,
  0xC0, 0x03, 0xE0, 0x01, 0xF0, 0x00, 0xF8, 0x00, 0x7C, 0x00, 0x3E, 0x00,
  0x1F, 0x00, 0x0F, 0x80, 0x07, 0xC0, 0x03, 0xE0, 0x01, 0xF0, 0x00, 0xF8,
  0x00, 0x7F, 0xFF, 0xFF, 0xFF, 0xF8, 0xFF, 0xFF, 0xFF, 0xFF, 0xF8, 0x00,
  0x7C, 0x00, 0x3E, 0x00, 0x1F, 0x00, 0x0F, 0x80, 0x07, 0xC0, 0x03, 0xE0,
  0x01, 0xF0, 0x00, 0xF8, 0x00, 0x7C, 0x00, 0x3E, 0x00, 0x1F, 0x00, 0x0F,
  0x80, 0x07, 0xC0, 0x03, 0xE0, 0x01, 0xF0, 0x00, 0xF8, 0x00, 0x7C, 0x00,
  0x3E, 0x00, 0x1F, 0x00, 0x0F, 0x80, 0x07, 0xC0, 0x03, 0xE0, 0x01, 0xF0,
  0x00, 0xF8, 0x00, 0x7F, 0xFF, 0xFF, 0xFF, 0xF8, 0xFF, 0xFF, 0xFF, 0xFF,
  0xF8, 0x00, 0x7C, 0x00, 0x3E, 0x00, 0x1F, 0x00, 0x0F, 0x80, 0x07, 0xC0,
  0x03, 0xE0, 0x01, 0xF0, 0x00, 0xF8, 0x00, 0x7C, 0x00, 0x3E, 0x00, 0x1F,
  0x00, 0x0F, 0x80, 0x07, 0xC0, 0x03, 0xE0, 0x01, 0xF0, 0x00, 0xF8, 0x00,
  0x7C, 0x00, 0x3E, 0x00, 0x1F, 0x00, 0x0F, 0x80, 0x07, 0xC0, 0x03, 0xE0,
  0x01, 0xF0, 0x00, 0xF8, 0x00, 0x7F, 0xFF, 0xFF, 0xFF, 0xF8, 0xFF, 0xFF,
  0xFF, 0xFF, 0xF8, 0x00, 0x7C, 0x00, 0x3E, 0x00, 0x1F, 0x00, 0x0F, 0x80,
  0x07, 0xC0, 0x03, 0xE0, 0x01, 0xF0, 0x00, 0xF8, 0x00, 0x7C, 0x00, 0x3E,
  0x00, 0x1F, 0x00, 0x0F, 0x80, 0x07, 0xC0, 0x03, 0xE0, 0x01, 0xF0, 0x00,
  0xF8, 0x00, 0x7C, 0x00, 0x3E, 0x00, 0x1F, 0x00, 0x0F, 0x80, 0x07, 0xC0,
  0x03, 0xE0, 0x01, 0xF0, 0x00, 0xF8, 0x00, 0x7F, 0xFF, 0xFF, 0xFF, 0xF8,
  0xFF, 0xFF, 0xFF, 0xFF, 0xF8, 0x00, 0x7C, 0x00, 0x3E, 0x00, 0x1F, 0x00,
  0x0F, 0x80, 0x07, 0xC0, 0x03, 0xE0, 0x01, 0xF0, 0x00, 0xF8, 0x00, 0x7C,
  0x00, 0x3E, 0x00, 0x1F, 0x00, 0x0F, 0x80, 0x07, 0xC0, 0x03, 0xE0, 0x01,
  0xF0, 0x00, 0xF8, 0x00, 0x7C, 0x00, 0x3E, 0x00, 0x1F, 0x00, 0x0F, 0x80,
  0x07, 0xC0, 0x03, 0xE0, 0x01, 0xF0, 0x00, 0xF8, 0x00, 0x7F, 0xFF, 0xFF,
  0xFF, 0xF8, 0xFF, 0xFF, 0xFF, 0xFF, 0xF8, 0x00, 0x7C, 0x00, 0x3E, 0x00,
  0x1F, 0x00, 0x0F, 0x80, 0x07, 0xC0, 0x03, 0xE0, 0x01, 0xF0, 0x00, 0xF8,
  0x00, 0x7C, 0x00, 0x3E, 0x00, 0x1F, 0x00, 0x0F, 0x80, 0x07, 0xC0, 0x03,
  0xE0, 0x01, 0xF0, 0x00, 0xF8, 0x00, 0x7C, 0x00, 0x3E, 0x00, 0x1F, 0x00,
  0x0F, 0x80, 0x07, 0xC0, 0x03, 0xE0, 0x01, 0xF0, 0x00, 0xF8, 0x00, 0x7F,
  0xFF, 0xFF, 0xFF, 0xF8, 0xFF, 0xFF, 0xFF, 0xFF, 0xF8, 0x00, 0x7C, 0x00,
  0x3E, 0x00, 0x1F, 0x00, 0x0F, 0x80, 0x07, 0xC0, 0x03, 0xE0, 0x01, 0xF0,
  0x00, 0xF8, 0x00, 0x7C, 0x00, 0x3E, 0x00, 0x1F, 0x00, 0x0F, 0x80, 0x07,
  0xC0, 0x03, 0xE0, 0x01, 0xF0, 0x00, 0xF8, 0x00, 0x7C, 0x00, 0x3E, 0x00,
  0x1F, 0x00, 0x0F, 0x80, 0x07, 0xC0, 0x03, 0xE0, 0x01, 0xF0, 0x00, 0xF8,
  0x00, 0x7F, 0xFF, 0xFF, 0xFF, 0xF8, 0xFF, 0xFF, 0xFF, 0xFF, 0xF8, 0x00,
  0x7C, 0x00, 0x3E, 0x00, 0x1F, 0x00, 0x0F, 0x80, 0x07, 0xC0, 0x03, 0xE0,
  0x01, 0xF0, 0x00, 0xF8, 0x00, 0x7C, 0x00, 0x3E, 0x00, 0x1F, 0x00, 0x0F,
  0x80, 0x07, 0xC0, 0x03, 0xE0, 0x01, 0xF0, 0x00, 0xF8, 0x00, 0x7C, 0x00,
  0x3E, 0x00, 0x1F, 0x00, 0x0F, 0x80, 0x07, 0xC0, 0x03, 0xE0, 0x01, 0xF0,
  0x00, 0xF8, 0x00, 0x7F, 0xFF, 0xFF, 0xFF, 0xF8, 0xFF, 0xFF, 0xFF, 0xFF,
  0xF8, 0x00, 0x7C, 0x00, 0x3E, 0x00, 0x1F, 0x00, 0x0F, 0x80, 0x07, 0xC0,
  0x03, 0xE0, 0x01, 0xF0, 0x00, 0xF8, 0x00, 0x7C, 0x00, 0x3E, 0x00, 0x1F,
  0x00, 0x0F, 0x80, 0x07, 0xC0, 0x03, 0xE0, 0x01, 0xF0, 0x00, 0xF8, 0x00,
  0x7C, 0x00, 0x3E, 0x00, 0x1F, 0x00, 0x0F, 0x80, 0x07, 0xC0, 0x03, 0xE0,
  0x01, 0xF0, 0x00, 0xF8, 0x00, 0x7F, 0xFF, 0xFF, 0xFF, 0xF8, 0xFF, 0xFF,
  0xFF, 0xFF, 0xF8, 0x00, 0x7C, 0x00, 0x3E, 0x00, 0x1F, 0x00, 0x0F, 0x80,
  0x07, 0xC0, 0x03, 0xE0, 0x01, 0xF0, 0x00, 0xF8, 0x00, 0x7C, 0x00, 0x3E,
  0x00, 0x1F, 0x00, 0x0F, 0x80, 0x07, 0xC0, 0x03, 0xE0, 0x01, 0xF0, 0x00,
  0xF8, 0x00, 0x7C, 0x00, 0x3E, 0x00, 0x1F, 0x00, 0x0F, 0x80, 0x07, 0xC0,
  0x03, 0xE0, 0x01, 0xF0, 0x00, 0xF8, 0x00, 0x7F, 0xFF, 0xFF, 0xFF, 0xF8,
  0xFF, 0xFF, 0xFF, 0xFF, 0xF8, 0x00, 0x7C, 0x00, 0x3E, 0x00, 0x1F, 0x00,
  0x0F, 0x80, 0x07, 0xC0, 0x03, 0xE0, 0x01, 0xF0, 0x00, 0xF8, 0x00, 0x7C,
  0x00, 0x3E, 0x00, 0x1F, 0x00, 0x0F, 0x80, 0x07, 0xC0, 0x03, 0xE0, 0x01,
  0xF0, 0x00, 0xF8, 0x00, 0x7C, 0x00, 0x3E, 0x00, 0x1F, 0x00, 0x0F, 0x80,
  0x07, 0xC0, 0x03, 0xE0, 0x01, 0xF0, 0x00, 0xF8, 0x00, 0x7F, 0xFF, 0xFF,
  0xFF, 0xF8, 0xFF, 0xFF, 0xFF, 0xFF, 0xF8, 0x00, 0x7C, 0x00, 0x3E, 0x00,
  0x1F, 0x00, 0x0F, 0x80, 0x07, 0xC0, 0x03, 0xE0, 0x01, 0xF0, 0x00, 0xF8,
  0x00, 0x7C, 0x00, 0x3E, 0x00, 0x1F, 0x00, 0x0F, 0x80, 0x07, 0xC0, 0x03,
  0xE0, 0x01, 0xF0, 0x00, 0xF8, 0x00, 0x7C, 0x00, 0x3E, 0x00, 0x1F, 0x00,
  0x0F, 0x80, 0x07, 0xC0, 0x03, 0xE0, 0x01, 0xF0, 0x00, 0xF8, 0x00, 0x7F,
  0xFF, 0xFF, 0xFF, 0xF8, 0xFF, 0xFF, 0xFF, 0xFF, 0xF8, 0x00, 0x7C, 0x00,
  0x3E, 0x00, 0x1F, 0x00, 0x0F, 0x80, 0x07, 0xC0, 0x03, 0xE0, 0x01, 0xF0,
  0x00, 0xF8, 0x00, 0x7C, 0x00, 0x3E, 0x00, 0x1F, 0x00, 0x0F, 0x80, 0x07,
  0xC0, 0x03, 0xE0, 0x01, 0xF0, 0x00, 0xF8, 0x00, 0x7C, 0x00, 0x3E, 0x00,
  0x1F, 0x00, 0x0F, 0x80, 0x07, 0xC0, 0x03, 0xE0, 0x01, 0xF0, 0x00, 0xF8,
  0x00, 0x7F, 0xFF, 0xFF, 0xFF, 0xF8, 0xFF, 0xFF, 0xFF, 0xFF, 0xF8, 0x00,
  0x7C, 0x00, 0x3E, 0x00, 0x1F, 0x00, 0x0F, 0x80, 0x07, 0xC0, 0x03, 0xE0,
  0x01, 0xF0, 0x00, 0xF8, 0x00, 0x7C, 0x00, 0x3E, 0x00, 0x1F, 0x00, 0x0F,
  0x80, 0x07, 0xC0, 0x03, 0xE0, 0x01, 0xF0, 0x00, 0xF8, 0x00, 0x7C, 0x00,
  0x3E, 0x00, 0x1F, 0x00, 0x0F, 0x80, 0x07, 0xC0, 0x03, 0xE0, 0x01, 0xF0,
  0x00, 0xF8, 0x00, 0x7F, 0xFF, 0xFF, 0xFF, 0xF8, 0x00, 0x7B, 0xFF, 0xFF,
  0x78, 0x00, 0x00, 0x01, 0xE7, 0x9E, 0x79, 0xE7, 0x9E, 0x79, 0xE7, 0x9E,
  0x79, 0xE7, 0x9E, 0x79, 0xE7, 0x9E, 0x78, 0x00, 0x70, 0x00, 0x07, 0x00,
  0x00, 0x70, 0x00, 0x0F, 0x80, 0x07, 0xFF, 0x00, 0xFF, 0xF8, 0x1F, 0xFF,
  0xC3, 0xF7, 0x7E, 0x7C, 0x71, 0xF7, 0xC7, 0x1C, 0xF8, 0x71, 0x0F, 0x87,
  0x00, 0xF0, 0x70, 0x0F, 0x07, 0x00, 0xF0, 0x70, 0x0F, 0x07, 0x00, 0xF8,
  0x70, 0x0F, 0x87, 0x08, 0x7C, 0x71, 0xE7, 0xE7, 0x3F, 0x3F, 0xF7, 0xE1,
  0xFF, 0xFC, 0x0F, 0xFF, 0x80, 0x7F, 0xE0, 0x00, 0x70, 0x00, 0x07, 0x00,
  0x00, 0x70, 0x00, 0x07, 0x00, 0x07, 0xF0, 0x01, 0xFF, 0xC0, 0x3F, 0xFE,
  0x07, 0xFF, 0xF0, 0xFE, 0x3F, 0x0F, 0x80, 0xF8, 0xF8, 0x07, 0x0F, 0x00,
  0x40, 0xF0, 0x00, 0x0F, 0x00, 0x00, 0xF8, 0x00, 0x0F, 0x80, 0x00, 0x7C,
  0x00, 0x07, 0xC0, 0x00, 0x3E, 0x00, 0x0F, 0xFF, 0x80, 0xFF, 0xF8, 0x0F,
  0xFF, 0x80, 0x1F, 0x00, 0x01, 0xF0, 0x00, 0x1F, 0x00, 0x01, 0xF0, 0x00,
  0x1E, 0x00, 0x03, 0xE0, 0x08, 0x3C, 0x01, 0xE7, 0xC0, 0x3F, 0xFF, 0xFF,
  0xEF, 0xFF, 0xFC, 0xFF, 0xFF, 0x8F, 0xFF, 0xF0, 0x20, 0x00, 0xCE, 0xFF,
  0xBF, 0xFF, 0xFF, 0xBF, 0xFF, 0xE3, 0xF9, 0xF8, 0x78, 0x0F, 0x9E, 0x00,
  0xF3, 0xC0, 0x1E, 0x78, 0x03, 0xCF, 0x00, 0x3D, 0xE0, 0x0F, 0x3C, 0x01,
  0xE7, 0x80, 0x3C, 0x78, 0x0F, 0x8F, 0xC7, 0xE3, 0xFF, 0xFE, 0xFF, 0xFF,
  0xFE, 0xFF, 0xBD, 0x83, 0x03, 0x00, 0xFC, 0x00, 0x1F, 0xBF, 0x00, 0x0F,
  0x8F, 0x80, 0x0F, 0x83, 0xE0, 0x0F, 0x81, 0xF0, 0x07, 0xC0, 0x7C, 0x07,
  0xC0, 0x1F, 0x03, 0xE0, 0x0F, 0x83, 0xE0, 0x03, 0xE1, 0xE0, 0x01, 0xF1,
  0xF0, 0x00, 0x7D, 0xF0, 0x00, 0x1E, 0xF8, 0x00, 0x0F, 0xF8, 0x00, 0xFF,
  0xFF, 0xE0, 0x7F, 0xFF, 0xF0, 0x3F, 0xFF, 0xF8, 0x00, 0x3E, 0x00, 0x00,
  0x1F, 0x00, 0x00, 0x0F, 0x80, 0x00, 0x07, 0xC0, 0x01, 0xFF, 0xFF, 0xC0,
  0xFF, 0xFF, 0xE0, 0x7F, 0xFF, 0xF0, 0x00, 0x7C, 0x00, 0x00, 0x3E, 0x00,
  0x00, 0x1F, 0x00, 0x00, 0x0F, 0x80, 0x00, 0x07, 0xC0, 0x00, 0x03, 0xE0,
  0x00, 0xFF, 0xFF, 0xFF, 0xFF, 0xFF, 0xFF, 0xFF, 0xFF, 0x00, 0x00, 0xFF,
  0xFF, 0xFF, 0xFF, 0xFF, 0xFF, 0xFF, 0xFF, 0x03, 0xF8, 0x00, 0xFF, 0xE0,
  0x1F, 0xFF, 0x83, 0xFF, 0xF8, 0x3E, 0x0F, 0xC7, 0xC0, 0x3E, 0x7C, 0x03,
  0xC7, 0xC0, 0x10, 0x7C, 0x00, 0x03, 0xE0, 0x00, 0x3F, 0x80, 0x01, 0xFE,
  0x00, 0x0F, 0xF8, 0x01, 0xFF, 0xE0, 0x3F, 0xFF, 0x83, 0xC3, 0xFC, 0x78,
  0x0F, 0xE7, 0x80, 0x3E, 0x78, 0x01, 0xF7, 0x80, 0x1F, 0x7C, 0x01, 0xF7,
  0xE0, 0x1F, 0x3F, 0xC1, 0xE1, 0xFF, 0x3E, 0x0F, 0xFF, 0xC0, 0x3F, 0xF8,
  0x00, 0x7F, 0x80, 0x01, 0xFC, 0x00, 0x07, 0xC0, 0x00, 0x3E, 0x10, 0x03,
  0xEF, 0x00, 0x1E, 0xF8, 0x01, 0xEF, 0xC0, 0x3E, 0x7E, 0x03, 0xE3, 0xFF,
  0xFC, 0x3F, 0xFF, 0xC0, 0xFF, 0xF0, 0x07, 0xFE, 0x00, 0x0E, 0x00, 0x78,
  0x39, 0xE1, 0xFF, 0xC7, 0xDE, 0x1F, 0x30, 0x38, 0x00, 0x1F, 0xF0, 0x00,
  0x01, 0xFF, 0xF8, 0x00, 0x0F, 0xFF, 0xFC, 0x00, 0x3F, 0x00, 0x7C, 0x00,
  0xF8, 0x00, 0x3C, 0x03, 0xC0, 0x00, 0x3C, 0x0F, 0x00, 0x40, 0x3C, 0x1C,
  0x0F, 0xF8, 0x38, 0x78, 0x3F, 0xF8, 0x38, 0xE0, 0xFF, 0xF8, 0x73, 0xC3,
  0xC0, 0xF8, 0x77, 0x07, 0x00, 0xE0, 0xEE, 0x1E, 0x00, 0x01, 0xDC, 0x3C,
  0x00, 0x03, 0xB8, 0x70, 0x00, 0x07, 0x70, 0xE0, 0x00, 0x0F, 0xE1, 0xC0,
  0x00, 0x1D, 0xC3, 0xC0, 0x00, 0x3B, 0x87, 0x80, 0x20, 0x77, 0x07, 0x80,
  0xF0, 0xE7, 0x0F, 0x83, 0xC3, 0xCE, 0x0F, 0xFF, 0x87, 0x1E, 0x0F, 0xFE,
  0x1E, 0x1E, 0x07, 0xF0, 0x38, 0x1E, 0x00, 0x00, 0xF0, 0x3E, 0x00, 0x07,
  0xC0, 0x3E, 0x00, 0x1F, 0x00, 0x1F, 0x81, 0xFC, 0x00, 0x1F, 0xFF, 0xE0,
  0x00, 0x0F, 0xFF, 0x00, 0x00, 0x01, 0xF0, 0x00, 0x00, 0x0F, 0xF0, 0x3F,
  0xFC, 0x7F, 0xFE, 0xF8, 0x3F, 0x60, 0x0F, 0x00, 0x0F, 0x00, 0x0F, 0x0F,
  0xC7, 0x3F, 0xFF, 0x7F, 0xFF, 0xF8, 0x0F, 0xF0, 0x0F, 0xF0, 0x0F, 0xF0,
  0x0F, 0xF0, 0x1F, 0xFC, 0x7F, 0x7F, 0xF7, 0x3F, 0xE7, 0x0F, 0x80, 0x01,
  0x00, 0x80, 0x30, 0x30, 0x0F, 0x0F, 0x83, 0xC3, 0xE0, 0xF0, 0x78, 0x3C,
  0x1E, 0x0F, 0x07, 0x83, 0xE1, 0xE0, 0xF8, 0x78, 0x1E, 0x1E, 0x03, 0xE1,
  0xE0, 0x3C, 0x1E, 0x03, 0xC1, 0xE0, 0x3C, 0x1E, 0x03, 0xC1, 0xE0, 0x3C,
  0x3E, 0x03, 0xC3, 0xE0, 0x30, 0x30, 0x04, 0x02, 0x00, 0xFF, 0xFF, 0xFF,
  0xFF, 0xFF, 0xFF, 0xFF, 0xFF, 0xFF, 0xF0, 0x00, 0x1E, 0x00, 0x03, 0xC0,
  0x00, 0x78, 0x00, 0x0F, 0x00, 0x01, 0xE0, 0x00, 0x3C, 0x00, 0x07, 0x80,
  0x00, 0xF0, 0xFF, 0xFF, 0xFF, 0xFF, 0xF0, 0x03, 0xF8, 0x01, 0xFF, 0x80,
  0xF0, 0x3C, 0x3C, 0x03, 0xC7, 0x3C, 0x39, 0xC7, 0xE3, 0xB0, 0xDE, 0x36,
  0x19, 0xC6, 0xC3, 0x38, 0xF8, 0x7E, 0x1F, 0x0F, 0x83, 0xE1, 0xB8, 0x6E,
  0x33, 0x8D, 0xC6, 0x3B, 0x9C, 0x00, 0xE1, 0xC0, 0x38, 0x1F, 0x1E, 0x01,
  0xFF, 0x80, 0x0F, 0xC0, 0x00, 0xFF, 0xFF, 0xFF, 0xFF, 0xF0, 0x1F, 0x83,
  0xFC, 0x7F, 0xEF, 0x0E, 0xE0, 0xFE, 0x07, 0xE0, 0xFF, 0x0E, 0x7F, 0xE3,
  0xFC, 0x1F, 0x80, 0x01, 0xE0, 0x00, 0x78, 0x00, 0x1E, 0x00, 0x07, 0x80,
  0x01, 0xE0, 0x00, 0x78, 0x0F, 0xFF, 0xFF, 0xFF, 0xFF, 0xFF, 0xFF, 0xFF,
  0xFF, 0xF0, 0x1E, 0x00, 0x07, 0x80, 0x01, 0xE0, 0x00, 0x78, 0x00, 0x1E,
  0x00, 0x07, 0x80, 0x01, 0xE0, 0x00, 0x00, 0x0F, 0xFF, 0xFF, 0xFF, 0xFF,
  0xFF, 0xFF, 0xFF, 0xFF, 0xF0, 0x1F, 0x81, 0xFF, 0x1F, 0xFD, 0xF3, 0xE7,
  0x0F, 0x00, 0x78, 0x03, 0xC0, 0x1E, 0x01, 0xE0, 0x1F, 0x01, 0xF0, 0x1F,
  0x01, 0xF0, 0x1F, 0x01, 0xF0, 0x1F, 0xFF, 0xFF, 0xFF, 0xFF, 0xC0, 0x0F,
  0x81, 0xFF, 0x1F, 0xFC, 0xF1, 0xE3, 0x07, 0x00, 0x38, 0x03, 0xC1, 0xFC,
  0x0F, 0xC0, 0x7F, 0x00, 0x7C, 0x00, 0xF0, 0x07, 0xB8, 0x3F, 0xC3, 0xEF,
  0xFE, 0x3F, 0xF0, 0xFE, 0x00, 0x3E, 0x79, 0xF3, 0xCF, 0x1E, 0x00, 0xF0,
  0x03, 0xE1, 0xE0, 0x07, 0xC3, 0xC0, 0x0F, 0x87, 0x80, 0x1F, 0x0F, 0x00,
  0x3E, 0x1E, 0x00, 0x7C, 0x3C, 0x00, 0xF8, 0x78, 0x01, 0xF0, 0xF0, 0x03,
  0xE1, 0xE0, 0x07, 0xC3, 0xC0, 0x0F, 0x87, 0x80, 0x1F, 0x0F, 0x00, 0x3E,
  0x1E, 0x00, 0x7C, 0x3C, 0x00, 0xF8, 0x7C, 0x03, 0xF0, 0xF8, 0x0F, 0xE1,
  0xFC, 0x3F, 0xE7, 0xFF, 0xF7, 0xFF, 0xFF, 0xEF, 0xFF, 0x7F, 0x0F, 0xFE,
  0x38, 0x07, 0xBC, 0x00, 0x00, 0x78, 0x00, 0x00, 0xF0, 0x00, 0x01, 0xE0,
  0x00, 0x03, 0xC0, 0x00, 0x07, 0x80, 0x00, 0x0F, 0x00, 0x00, 0x1E, 0x00,
  0x00, 0x00, 0x07, 0xFF, 0xFC, 0x7F, 0xFF, 0xF3, 0xFF, 0xFF, 0xDF, 0xFF,
  0xFF, 0x7F, 0xFE, 0x3F, 0xFF, 0xF8, 0xFF, 0xFF, 0xE3, 0xFF, 0xFF, 0x8F,
  0xFF, 0xFE, 0x3F, 0xFF, 0xF8, 0xFF, 0xFF, 0xE3, 0xDF, 0xFF, 0x8F, 0x7F,
  0xFE, 0x3C, 0xFF, 0xF8, 0xF1, 0xFF, 0xE3, 0xC3, 0xFF, 0x8F, 0x03, 0xFE,
  0x3C, 0x00, 0x78, 0xF0, 0x01, 0xE3, 0xC0, 0x07, 0x8F, 0x00, 0x1E, 0x3C,
  0x00, 0x78, 0xF0, 0x01, 0xE3, 0xC0, 0x07, 0x8F, 0x00, 0x1E, 0x3C, 0x00,
  0x78, 0xF0, 0x01, 0xE3, 0xC0, 0x07, 0x8F, 0x00, 0x1E, 0x3C, 0x00, 0x78,
  0xF0, 0x01, 0xE3, 0xC0, 0x07, 0x8F, 0x00, 0x1E, 0x3C, 0x00, 0x78, 0xF0,
  0x01, 0xE3, 0xC0, 0x07, 0x8F, 0x00, 0x1E, 0x3C, 0x00, 0x78, 0xF0, 0x39,
  0xFF, 0xFF, 0xFD, 0xE0, 0x38, 0x38, 0x1F, 0x9F, 0xE7, 0xF8, 0x3C, 0x9F,
  0xDE, 0xFF, 0x3F, 0x00, 0x07, 0x1F, 0x3F, 0x7F, 0xFF, 0x7F, 0x4F, 0x0F,
  0x0F, 0x0F, 0x0F, 0x0F, 0x0F, 0x0F, 0x0F, 0x0F, 0x0F, 0x0F, 0x03, 0xF8,
  0x01, 0xFF, 0xC0, 0x7F, 0xFC, 0x1F, 0xDF, 0xC7, 0xC0, 0xF8, 0xF0, 0x0F,
  0xBC, 0x00, 0xF7, 0x80, 0x1E, 0xF0, 0x03, 0xDE, 0x00, 0x7F, 0xC0, 0x0F,
  0x78, 0x01, 0xEF, 0x80, 0x3C, 0xF0, 0x0F, 0x9F, 0x03, 0xE1, 0xFF, 0xF8,
  0x1F, 0xFF, 0x01, 0xFF, 0x80, 0x0F, 0xC0, 0x00, 0x20, 0x10, 0x0E, 0x06,
  0x03, 0xC1, 0xE0, 0x3C, 0x1E, 0x03, 0xC1, 0xE0, 0x3C, 0x3E, 0x03, 0xC3,
  0xE0, 0x3C, 0x3E, 0x03, 0xC3, 0xE0, 0x38, 0x3C, 0x0F, 0x0F, 0x83, 0xC3,
  0xE0, 0xF0, 0xF8, 0x3C, 0x3E, 0x0F, 0x0F, 0x83, 0xC1, 0xE0, 0xF0, 0x78,
  0x0C, 0x06, 0x00, 0x80, 0x40, 0x00, 0x07, 0x00, 0x01, 0x80, 0x1F, 0x00,
  0x03, 0xC0, 0x3F, 0x00, 0x07, 0xC0, 0x7F, 0x00, 0x07, 0x80, 0xFF, 0x00,
  0x0F, 0x00, 0x7F, 0x00, 0x1F, 0x00, 0x4F, 0x00, 0x1E, 0x00, 0x0F, 0x00,
  0x3C, 0x00, 0x0F, 0x00, 0x7C, 0x00, 0x0F, 0x00, 0x78, 0x00, 0x0F, 0x00,
  0xF0, 0x00, 0x0F, 0x01, 0xF0, 0x00, 0x0F, 0x01, 0xE0, 0x3C, 0x0F, 0x03,
  0xC0, 0x7C, 0x0F, 0x07, 0xC0, 0x7C, 0x0F, 0x07, 0x80, 0xFC, 0x0F, 0x0F,
  0x01, 0xFC, 0x0F, 0x1E, 0x03, 0xFC, 0x00, 0x1E, 0x03, 0xBC, 0x00, 0x3C,
  0x07, 0xBC, 0x00, 0x78, 0x0F, 0x3C, 0x00, 0x78, 0x0E, 0x3C, 0x00, 0xF0,
  0x1E, 0x3C, 0x01, 0xE0, 0x3F, 0xFF, 0x01, 0xE0, 0x3F, 0xFF, 0x03, 0xC0,
  0x3F, 0xFF, 0x07, 0x80, 0x00, 0x3C, 0x07, 0x80, 0x00, 0x3C, 0x0F, 0x00,
  0x00, 0x3C, 0x0E, 0x00, 0x00, 0x3C, 0x02, 0x00, 0x00, 0x00, 0x07, 0x00,
  0x01, 0x80, 0x0F, 0x80, 0x01, 0xE0, 0x0F, 0xC0, 0x01, 0xF0, 0x0F, 0xE0,
  0x00, 0xF0, 0x0F, 0xF0, 0x00, 0xF0, 0x03, 0xF8, 0x00, 0xF8, 0x01, 0x3C,
  0x00, 0x78, 0x00, 0x1E, 0x00, 0x78, 0x00, 0x0F, 0x00, 0x7C, 0x00, 0x07,
  0x80, 0x3C, 0x00, 0x03, 0xC0, 0x3C, 0x00, 0x01, 0xE0, 0x3E, 0x00, 0x00,
  0xF0, 0x1E, 0x0F, 0xC0, 0x78, 0x1E, 0x1F, 0xF0, 0x3C, 0x1F, 0x1F, 0xFC,
  0x1E, 0x0F, 0x0F, 0x9F, 0x0F, 0x0F, 0x03, 0x07, 0x87, 0x8F, 0x00, 0x03,
  0xC0, 0x07, 0x80, 0x01, 0xE0, 0x07, 0x80, 0x01, 0xE0, 0x07, 0x80, 0x01,
  0xF0, 0x03, 0xC0, 0x01, 0xF0, 0x03, 0xC0, 0x01, 0xF0, 0x03, 0xC0, 0x01,
  0xF0, 0x01, 0xE0, 0x01, 0xF0, 0x01, 0xE0, 0x01, 0xF0, 0x01, 0xE0, 0x00,
  0xF0, 0x00, 0xF0, 0x00, 0xFF, 0xF0, 0xF0, 0x00, 0x7F, 0xF8, 0x70, 0x00,
  0x3F, 0xFC, 0x08, 0x00, 0x00, 0x00, 0x0F, 0x80, 0x00, 0x30, 0x03, 0xFE,
  0x00, 0x03, 0xC0, 0x7F, 0xF0, 0x00, 0x78, 0x07, 0x8F, 0x00, 0x0F, 0x00,
  0x30, 0x70, 0x00, 0xF0, 0x00, 0x07, 0x00, 0x1E, 0x00, 0x00, 0xF0, 0x03,
  0xC0, 0x00, 0xFE, 0x00, 0x3C, 0x00, 0x0F, 0xC0, 0x07, 0x80, 0x00, 0xFE,
  0x00, 0xF0, 0x00, 0x01, 0xF0, 0x0F, 0x00, 0x00, 0x07, 0x81, 0xE0, 0x00,
  0x00, 0x78, 0x3C, 0x07, 0xC7, 0x07, 0x83, 0xC0, 0x7C, 0xF0, 0xF8, 0x78,
  0x0F, 0xC7, 0xFF, 0x0F, 0x01, 0xFC, 0x3F, 0xF0, 0xF0, 0x1F, 0xC1, 0xFC,
  0x1E, 0x03, 0xBC, 0x00, 0x03, 0xC0, 0x7B, 0xC0, 0x00, 0x3C, 0x0F, 0x3C,
  0x00, 0x07, 0x80, 0xE3, 0xC0, 0x00, 0xF0, 0x1E, 0x3C, 0x00, 0x0F, 0x03,
  0xC3, 0xC0, 0x01, 0xE0, 0x3F, 0xFF, 0x00, 0x3C, 0x03, 0xFF, 0xF0, 0x03,
  0xC0, 0x3F, 0xFF, 0x00, 0x78, 0x00, 0x03, 0xC0, 0x0F, 0x00, 0x00, 0x3C,
  0x01, 0xF0, 0x00, 0x03, 0xC0, 0x0E, 0x00, 0x00, 0x3C, 0x00, 0x40, 0x00,
  0x00, 0x00, 0x03, 0xE0, 0x03, 0xF0, 0x01, 0xFC, 0x00, 0xFE, 0x00, 0x7E,
  0x00, 0x1F, 0x00, 0x00, 0x00, 0x00, 0x00, 0x00, 0x00, 0x01, 0xF0, 0x00,
  0xF8, 0x00, 0x7C, 0x00, 0x3E, 0x00, 0x3E, 0x00, 0x3F, 0x00, 0x3F, 0x00,
  0x3F, 0x00, 0x3F, 0x00, 0x1F, 0x00, 0x1F, 0x00, 0x0F, 0x80, 0x07, 0x80,
  0x03, 0xC0, 0x11, 0xE0, 0x1F, 0xF8, 0x0F, 0xFE, 0x1F, 0x9F, 0xFF, 0xCF,
  0xFF, 0xC1, 0xFF, 0xC0, 0x7F, 0x80, 0x00, 0x78, 0x00, 0x00, 0x03, 0xC0,
  0x00, 0x00, 0x3C, 0x00, 0x00, 0x01, 0xE0, 0x00, 0x00, 0x1E, 0x00, 0x00,
  0x00, 0xF0, 0x00, 0x00, 0x00, 0x00, 0x00, 0x00, 0x00, 0x00, 0x00, 0x00,
  0x00, 0x00, 0x00, 0x00, 0x00, 0x00, 0x1F, 0x80, 0x00, 0x01, 0xF8, 0x00,
  0x00, 0x1F, 0x80, 0x00, 0x03, 0xFC, 0x00, 0x00, 0x3F, 0xC0, 0x00, 0x07,
  0xFE, 0x00, 0x00, 0x79, 0xE0, 0x00, 0x07, 0x9E, 0x00, 0x00, 0xF9, 0xF0,
  0x00, 0x0F, 0x0F, 0x00, 0x00, 0xF0, 0xF8, 0x00, 0x1F, 0x0F, 0x80, 0x01,
  0xE0, 0x78, 0x00, 0x3E, 0x07, 0xC0, 0x03, 0xE0, 0x7C, 0x00, 0x3C, 0x03,
  0xC0, 0x07, 0xC0, 0x3E, 0x00, 0x7C, 0x03, 0xE0, 0x0F, 0xFF, 0xFF, 0x00,
  0xFF, 0xFF, 0xF0, 0x0F, 0xFF, 0xFF, 0x01, 0xFF, 0xFF, 0xF8, 0x1F, 0x00,
  0x0F, 0x81, 0xE0, 0x00, 0x78, 0x3E, 0x00, 0x07, 0xC3, 0xE0, 0x00, 0x7C,
  0x7C, 0x00, 0x03, 0xE7, 0xC0, 0x00, 0x3E, 0xFC, 0x00, 0x03, 0xF0, 0x00,
  0x01, 0xE0, 0x00, 0x00, 0x3E, 0x00, 0x00, 0x03, 0xC0, 0x00, 0x00, 0x78,
  0x00, 0x00, 0x07, 0x80, 0x00, 0x00, 0xF0, 0x00, 0x00, 0x00, 0x00, 0x00,
  0x00, 0x00, 0x00, 0x00, 0x00, 0x00, 0x00, 0x00, 0x00, 0x00, 0x00, 0x1F,
  0x80, 0x00, 0x01, 0xF8, 0x00, 0x00, 0x1F, 0x80, 0x00, 0x03, 0xFC, 0x00,
  0x00, 0x3F, 0xC0, 0x00, 0x07, 0xFE, 0x00, 0x00, 0x79, 0xE0, 0x00, 0x07,
  0x9E, 0x00, 0x00, 0xF9, 0xF0, 0x00, 0x0F, 0x0F, 0x00, 0x00, 0xF0, 0xF8,
  0x00, 0x1F, 0x0F, 0x80, 0x01, 0xE0, 0x78, 0x00, 0x3E, 0x07, 0xC0, 0x03,
  0xE0, 0x7C, 0x00, 0x3C, 0x03, 0xC0, 0x07, 0xC0, 0x3E, 0x00, 0x7C, 0x03,
  0xE0, 0x0F, 0xFF, 0xFF, 0x00, 0xFF, 0xFF, 0xF0, 0x0F, 0xFF, 0xFF, 0x01,
  0xFF, 0xFF, 0xF8, 0x1F, 0x00, 0x0F, 0x81, 0xE0, 0x00, 0x78, 0x3E, 0x00,
  0x07, 0xC3, 0xE0, 0x00, 0x7C, 0x7C, 0x00, 0x03, 0xE7, 0xC0, 0x00, 0x3E,
  0xFC, 0x00, 0x03, 0xF0, 0x00, 0x0F, 0x00, 0x00, 0x01, 0xF8, 0x00, 0x00,
  0x3F, 0xC0, 0x00, 0x07, 0x9E, 0x00, 0x00, 0xF8, 0xF0, 0x00, 0x0F, 0x0F,
  0x80, 0x01, 0x00, 0x00, 0x00, 0x00, 0x00, 0x00, 0x00, 0x00, 0x00, 0x00,
  0x00, 0x00, 0x00, 0x00, 0x1F, 0x80, 0x00, 0x01, 0xF8, 0x00, 0x00, 0x1F,
  0x80, 0x00, 0x03, 0xFC, 0x00, 0x00, 0x3F, 0xC0, 0x00, 0x07, 0xFE, 0x00,
  0x00, 0x79, 0xE0, 0x00, 0x07, 0x9E, 0x00, 0x00, 0xF9, 0xF0, 0x00, 0x0F,
  0x0F, 0x00, 0x00, 0xF0, 0xF8, 0x00, 0x1F, 0x0F, 0x80, 0x01, 0xE0, 0x78,
  0x00, 0x3E, 0x07, 0xC0, 0x03, 0xE0, 0x7C, 0x00, 0x3C, 0x03, 0xC0, 0x07,
  0xC0, 0x3E, 0x00, 0x7C, 0x03, 0xE0, 0x0F, 0xFF, 0xFF, 0x00, 0xFF, 0xFF,
  0xF0, 0x0F, 0xFF, 0xFF, 0x01, 0xFF, 0xFF, 0xF8, 0x1F, 0x00, 0x0F, 0x81,
  0xE0, 0x00, 0x78, 0x3E, 0x00, 0x07, 0xC3, 0xE0, 0x00, 0x7C, 0x7C, 0x00,
  0x03, 0xE7, 0xC0, 0x00, 0x3E, 0xFC, 0x00, 0x03, 0xF0, 0x00, 0x7C, 0x38,
  0x00, 0x0F, 0xE3, 0x80, 0x01, 0xFF, 0xF8, 0x00, 0x1C, 0xFF, 0x80, 0x01,
  0xC3, 0xF0, 0x00, 0x00, 0x0C, 0x00, 0x00, 0x00, 0x00, 0x00, 0x00, 0x00,
  0x00, 0x00, 0x00, 0x00, 0x00, 0x01, 0xF8, 0x00, 0x00, 0x1F, 0x80, 0x00,
  0x01, 0xF8, 0x00, 0x00, 0x3F, 0xC0, 0x00, 0x03, 0xFC, 0x00, 0x00, 0x7F,
  0xE0, 0x00, 0x07, 0x9E, 0x00, 0x00, 0x79, 0xE0, 0x00, 0x0F, 0x9F, 0x00,
  0x00, 0xF0, 0xF0, 0x00, 0x0F, 0x0F, 0x80, 0x01, 0xF0, 0xF8, 0x00, 0x1E,
  0x07, 0x80, 0x03, 0xE0, 0x7C, 0x00, 0x3E, 0x07, 0xC0, 0x03, 0xC0, 0x3C,
  0x00, 0x7C, 0x03, 0xE0, 0x07, 0xC0, 0x3E, 0x00, 0xFF, 0xFF, 0xF0, 0x0F,
  0xFF, 0xFF, 0x00, 0xFF, 0xFF, 0xF0, 0x1F, 0xFF, 0xFF, 0x81, 0xF0, 0x00,
  0xF8, 0x1E, 0x00, 0x07, 0x83, 0xE0, 0x00, 0x7C, 0x3E, 0x00, 0x07, 0xC7,
  0xC0, 0x00, 0x3E, 0x7C, 0x00, 0x03, 0xEF, 0xC0, 0x00, 0x3F, 0x00, 0xF0,
  0xF0, 0x00, 0x1F, 0x0F, 0x80, 0x01, 0xF0, 0xF8, 0x00, 0x0F, 0x0F, 0x80,
  0x00, 0xE0, 0x60, 0x00, 0x00, 0x00, 0x00, 0x00, 0x00, 0x00, 0x00, 0x00,
  0x00, 0x00, 0x00, 0x00, 0x00, 0x00, 0x01, 0xF8, 0x00, 0x00, 0x1F, 0x80,
  0x00, 0x01, 0xF8, 0x00, 0x00, 0x3F, 0xC0, 0x00, 0x03, 0xFC, 0x00, 0x00,
  0x7F, 0xE0, 0x00, 0x07, 0x9E, 0x00, 0x00, 0x79, 0xE0, 0x00, 0x0F, 0x9F,
  0x00, 0x00, 0xF0, 0xF0, 0x00, 0x0F, 0x0F, 0x80, 0x01, 0xF0, 0xF8, 0x00,
  0x1E, 0x07, 0x80, 0x03, 0xE0, 0x7C, 0x00, 0x3E, 0x07, 0xC0, 0x03, 0xC0,
  0x3C, 0x00, 0x7C, 0x03, 0xE0, 0x07, 0xC0, 0x3E, 0x00, 0xFF, 0xFF, 0xF0,
  0x0F, 0xFF, 0xFF, 0x00, 0xFF, 0xFF, 0xF0, 0x1F, 0xFF, 0xFF, 0x81, 0xF0,
  0x00, 0xF8, 0x1E, 0x00, 0x07, 0x83, 0xE0, 0x00, 0x7C, 0x3E, 0x00, 0x07,
  0xC7, 0xC0, 0x00, 0x3E, 0x7C, 0x00, 0x03, 0xEF, 0xC0, 0x00, 0x3F, 0x00,
  0x0F, 0x00, 0x00, 0x03, 0xFC, 0x00, 0x00, 0x3F, 0xC0, 0x00, 0x07, 0x0E,
  0x00, 0x00, 0x70, 0xE0, 0x00, 0x07, 0x0E, 0x00, 0x00, 0x39, 0xC0, 0x00,
  0x03, 0xFC, 0x00, 0x00, 0x0F, 0x80, 0x00, 0x00, 0x00, 0x00, 0x00, 0x00,
  0x00, 0x00, 0x00, 0x00, 0x00, 0x00, 0x1F, 0x80, 0x00, 0x01, 0xF8, 0x00,
  0x00, 0x1F, 0x80, 0x00, 0x03, 0xFC, 0x00, 0x00, 0x3F, 0xC0, 0x00, 0x07,
  0xFE, 0x00, 0x00, 0x79, 0xE0, 0x00, 0x07, 0x9E, 0x00, 0x00, 0xF9, 0xF0,
  0x00, 0x0F, 0x0F, 0x00, 0x00, 0xF0, 0xF8, 0x00, 0x1F, 0x0F, 0x80, 0x01,
  0xE0, 0x78, 0x00, 0x3E, 0x07, 0xC0, 0x03, 0xE0, 0x7C, 0x00, 0x3C, 0x03,
  0xC0, 0x07, 0xC0, 0x3E, 0x00, 0x7C, 0x03, 0xE0, 0x0F, 0xFF, 0xFF, 0x00,
  0xFF, 0xFF, 0xF0, 0x0F, 0xFF, 0xFF, 0x01, 0xFF, 0xFF, 0xF8, 0x1F, 0x00,
  0x0F, 0x81, 0xE0, 0x00, 0x78, 0x3E, 0x00, 0x07, 0xC3, 0xE0, 0x00, 0x7C,
  0x7C, 0x00, 0x03, 0xE7, 0xC0, 0x00, 0x3E, 0xFC, 0x00, 0x03, 0xF0, 0x00,
  0x00, 0x3F, 0xFF, 0xFC, 0x00, 0x01, 0xFF, 0xFF, 0xF0, 0x00, 0x07, 0xFF,
  0xFF, 0xC0, 0x00, 0x3F, 0xFF, 0xFF, 0x00, 0x00, 0xFF, 0x80, 0x00, 0x00,
  0x07, 0xFE, 0x00, 0x00, 0x00, 0x3E, 0xF8, 0x00, 0x00, 0x00, 0xFB, 0xE0,
  0x00, 0x00, 0x07, 0xCF, 0x80, 0x00, 0x00, 0x3E, 0x3E, 0x00, 0x00, 0x00,
  0xF8, 0xF8, 0x00, 0x00, 0x07, 0xC3, 0xE0, 0x00, 0x00, 0x1F, 0x0F, 0xFF,
  0xF8, 0x00, 0xF8, 0x3F, 0xFF, 0xE0, 0x07, 0xC0, 0xFF, 0xFF, 0x80, 0x1F,
  0x03, 0xFF, 0xFE, 0x00, 0xF8, 0x0F, 0x80, 0x00, 0x03, 0xE0, 0x3E, 0x00,
  0x00, 0x1F, 0xFF, 0xF8, 0x00, 0x00, 0xFF, 0xFF, 0xE0, 0x00, 0x03, 0xFF,
  0xFF, 0x80, 0x00, 0x1F, 0xFF, 0xFE, 0x00, 0x00, 0xFC, 0x00, 0xF8, 0x00,
  0x03, 0xE0, 0x03, 0xE0, 0x00, 0x1F, 0x00, 0x0F, 0x80, 0x00, 0x7C, 0x00,
  0x3F, 0xFF, 0xF3, 0xE0, 0x00, 0xFF, 0xFF, 0xDF, 0x80, 0x03, 0xFF, 0xFF,
  0xFC, 0x00, 0x0F, 0xFF, 0xFC, 0x00, 0x3F, 0xE0, 0x00, 0x1F, 0xFF, 0x80,
  0x0F, 0xFF, 0xF8, 0x03, 0xFF, 0xFF, 0xC0, 0xFF, 0x03, 0xFC, 0x3F, 0x80,
  0x1F, 0x0F, 0xC0, 0x01, 0xC1, 0xF0, 0x00, 0x10, 0x7C, 0x00, 0x00, 0x0F,
  0x80, 0x00, 0x03, 0xE0, 0x00, 0x00, 0x7C, 0x00, 0x00, 0x0F, 0x00, 0x00,
  0x01, 0xE0, 0x00, 0x00, 0x3C, 0x00, 0x00, 0x07, 0x80, 0x00, 0x00, 0xF0,
  0x00, 0x00, 0x1E, 0x00, 0x00, 0x03, 0xE0, 0x00, 0x00, 0x7C, 0x00, 0x00,
  0x0F, 0x80, 0x00, 0x00, 0xF8, 0x00, 0x00, 0x1F, 0x80, 0x00, 0x41, 0xF8,
  0x00, 0x1C, 0x1F, 0x80, 0x07, 0xC3, 0xFC, 0x03, 0xFC, 0x3F, 0xFF, 0xFF,
  0x03, 0xFF, 0xFF, 0x80, 0x1F, 0xFF, 0xE0, 0x00, 0xFF, 0xF0, 0x00, 0x03,
  0xE0, 0x00, 0x00, 0xE0, 0x00, 0x00, 0x1F, 0x80, 0x00, 0x07, 0xF8, 0x00,
  0x00, 0x3F, 0x80, 0x00, 0x00, 0x70, 0x00, 0x00, 0x8E, 0x00, 0x00, 0x7B,
  0xC0, 0x00, 0x0F, 0xF0, 0x00, 0x00, 0xFC, 0x00, 0x0F, 0x80, 0x01, 0xE0,
  0x00, 0x78, 0x00, 0x0F, 0x00, 0x03, 0xC0, 0x00, 0x78, 0x00, 0x00, 0x00,
  0x00, 0x00, 0x00, 0x00, 0x00, 0x00, 0x0F, 0xFF, 0xFB, 0xFF, 0xFE, 0xFF,
  0xFF, 0xBF, 0xFF, 0xEF, 0x80, 0x03, 0xE0, 0x00, 0xF8, 0x00, 0x3E, 0x00,
  0x0F, 0x80, 0x03, 0xE0, 0x00, 0xF8, 0x00, 0x3E, 0x00, 0x0F, 0xFF, 0xFB,
  0xFF, 0xFE, 0xFF, 0xFF, 0xBF, 0xFF, 0xEF, 0x80, 0x03, 0xE0, 0x00, 0xF8,
  0x00, 0x3E, 0x00, 0x0F, 0x80, 0x03, 0xE0, 0x00, 0xF8, 0x00, 0x3E, 0x00,
  0x0F, 0x80, 0x03, 0xFF, 0xFF, 0xFF, 0xFF, 0xFF, 0xFF, 0xFF, 0xFF, 0xFC,
  0x00, 0x3C, 0x00, 0x1F, 0x00, 0x07, 0x80, 0x03, 0xC0, 0x00, 0xF0, 0x00,
  0x78, 0x00, 0x00, 0x00, 0x00, 0x00, 0x00, 0x00, 0x00, 0x00, 0x0F, 0xFF,
  0xFB, 0xFF, 0xFE, 0xFF, 0xFF, 0xBF, 0xFF, 0xEF, 0x80, 0x03, 0xE0, 0x00,
  0xF8, 0x00, 0x3E, 0x00, 0x0F, 0x80, 0x03, 0xE0, 0x00, 0xF8, 0x00, 0x3E,
  0x00, 0x0F, 0xFF, 0xFB, 0xFF, 0xFE, 0xFF, 0xFF, 0xBF, 0xFF, 0xEF, 0x80,
  0x03, 0xE0, 0x00, 0xF8, 0x00, 0x3E, 0x00, 0x0F, 0x80, 0x03, 0xE0, 0x00,
  0xF8, 0x00, 0x3E, 0x00, 0x0F, 0x80, 0x03, 0xFF, 0xFF, 0xFF, 0xFF, 0xFF,
  0xFF, 0xFF, 0xFF, 0xFC, 0x01, 0xE0, 0x00, 0xFC, 0x00, 0x7F, 0x80, 0x3E,
  0xF0, 0x0F, 0x1E, 0x07, 0x83, 0xC2, 0x00, 0x00, 0x00, 0x00, 0x00, 0x00,
  0x00, 0x00, 0x0F, 0xFF, 0xFB, 0xFF, 0xFE, 0xFF, 0xFF, 0xBF, 0xFF, 0xEF,
  0x80, 0x03, 0xE0, 0x00, 0xF8, 0x00, 0x3E, 0x00, 0x0F, 0x80, 0x03, 0xE0,
  0x00, 0xF8, 0x00, 0x3E, 0x00, 0x0F, 0xFF, 0xFB, 0xFF, 0xFE, 0xFF, 0xFF,
  0xBF, 0xFF, 0xEF, 0x80, 0x03, 0xE0, 0x00, 0xF8, 0x00, 0x3E, 0x00, 0x0F,
  0x80, 0x03, 0xE0, 0x00, 0xF8, 0x00, 0x3E, 0x00, 0x0F, 0x80, 0x03, 0xFF,
  0xFF, 0xFF, 0xFF, 0xFF, 0xFF, 0xFF, 0xFF, 0xFC, 0x1E, 0x0E, 0x0F, 0x87,
  0xC3, 0xF1, 0xF0, 0x78, 0x7C, 0x1C, 0x0E, 0x00, 0x00, 0x00, 0x00, 0x00,
  0x00, 0x00, 0x00, 0x00, 0x3F, 0xFF, 0xEF, 0xFF, 0xFB, 0xFF, 0xFE, 0xFF,
  0xFF, 0xBE, 0x00, 0x0F, 0x80, 0x03, 0xE0, 0x00, 0xF8, 0x00, 0x3E, 0x00,
  0x0F, 0x80, 0x03, 0xE0, 0x00, 0xF8, 0x00, 0x3F, 0xFF, 0xEF, 0xFF, 0xFB,
  0xFF, 0xFE, 0xFF, 0xFF, 0xBE, 0x00, 0x0F, 0x80, 0x03, 0xE0, 0x00, 0xF8,
  0x00, 0x3E, 0x00, 0x0F, 0x80, 0x03, 0xE0, 0x00, 0xF8, 0x00, 0x3E, 0x00,
  0x0F, 0xFF, 0xFF, 0xFF, 0xFF, 0xFF, 0xFF, 0xFF, 0xFF, 0xF0, 0xF8, 0x78,
  0x3C, 0x3C, 0x1E, 0x1E, 0x00, 0x00, 0x00, 0x00, 0x1F, 0x1F, 0x1F, 0x1F,
  0x1F, 0x1F, 0x1F, 0x1F, 0x1F, 0x1F, 0x1F, 0x1F, 0x1F, 0x1F, 0x1F, 0x1F,
  0x1F, 0x1F, 0x1F, 0x1F, 0x1F, 0x1F, 0x1F, 0x1F, 0x1F, 0x1F, 0x1F, 0x1F,
  0x1F, 0x1F, 0x1E, 0x3C, 0x3C, 0x78, 0x78, 0x80, 0x00, 0x00, 0x00, 0xF8,
  0xF8, 0xF8, 0xF8, 0xF8, 0xF8, 0xF8, 0xF8, 0xF8, 0xF8, 0xF8, 0xF8, 0xF8,
  0xF8, 0xF8, 0xF8, 0xF8, 0xF8, 0xF8, 0xF8, 0xF8, 0xF8, 0xF8, 0xF8, 0xF8,
  0xF8, 0xF8, 0xF8, 0xF8, 0x07, 0xC0, 0x1F, 0xC0, 0x3F, 0x80, 0xF7, 0x83,
  0xC7, 0x8F, 0x07, 0xA0, 0x00, 0x80, 0x00, 0x00, 0x00, 0x00, 0x00, 0x1F,
  0x00, 0x3E, 0x00, 0x7C, 0x00, 0xF8, 0x01, 0xF0, 0x03, 0xE0, 0x07, 0xC0,
  0x0F, 0x80, 0x1F, 0x00, 0x3E, 0x00, 0x7C, 0x00, 0xF8, 0x01, 0xF0, 0x03,
  0xE0, 0x07, 0xC0, 0x0F, 0x80, 0x1F, 0x00, 0x3E, 0x00, 0x7C, 0x00, 0xF8,
  0x01, 0xF0, 0x03, 0xE0, 0x07, 0xC0, 0x0F, 0x80, 0x1F, 0x00, 0x3E, 0x00,
  0x7C, 0x00, 0xF8, 0x01, 0xF0, 0x00, 0xF0, 0x7F, 0xC7, 0xFE, 0x3F, 0xF1,
  0xF7, 0x07, 0x00, 0x00, 0x00, 0x00, 0x00, 0x00, 0x00, 0x7C, 0x03, 0xE0,
  0x1F, 0x00, 0xF8, 0x07, 0xC0, 0x3E, 0x01, 0xF0, 0x0F, 0x80, 0x7C, 0x03,
  0xE0, 0x1F, 0x00, 0xF8, 0x07, 0xC0, 0x3E, 0x01, 0xF0, 0x0F, 0x80, 0x7C,
  0x03, 0xE0, 0x1F, 0x00, 0xF8, 0x07, 0xC0, 0x3E, 0x01, 0xF0, 0x0F, 0x80,
  0x7C, 0x03, 0xE0, 0x1F, 0x00, 0xF8, 0x07, 0xC0, 0x1F, 0xFF, 0xC0, 0x03,
  0xFF, 0xFF, 0x00, 0x7F, 0xFF, 0xF0, 0x0F, 0xFF, 0xFF, 0x01, 0xF0, 0x07,
  0xF0, 0x3E, 0x00, 0x3F, 0x07, 0xC0, 0x03, 0xF0, 0xF8, 0x00, 0x3E, 0x1F,
  0x00, 0x03, 0xE3, 0xE0, 0x00, 0x7C, 0x7C, 0x00, 0x0F, 0x8F, 0x80, 0x00,
  0xFF, 0xFF, 0xE0, 0x1F, 0xFF, 0xFC, 0x03, 0xFF, 0xFF, 0x80, 0x7F, 0xFF,
  0xF0, 0x0F, 0x1F, 0x00, 0x01, 0xE3, 0xE0, 0x00, 0x3C, 0x7C, 0x00, 0x0F,
  0x8F, 0x80, 0x01, 0xF1, 0xF0, 0x00, 0x7C, 0x3E, 0x00, 0x0F, 0x87, 0xC0,
  0x03, 0xE0, 0xF8, 0x01, 0xFC, 0x1F, 0x00, 0xFF, 0x03, 0xFF, 0xFF, 0xC0,
  0x7F, 0xFF, 0xE0, 0x0F, 0xFF, 0xF8, 0x01, 0xFF, 0xF8, 0x00, 0x01, 0xE0,
  0xE0, 0x07, 0xF1, 0xC0, 0x1F, 0xFF, 0x80, 0x39, 0xFE, 0x00, 0x70, 0xFC,
  0x00, 0x00, 0x40, 0x00, 0x00, 0x00, 0x00, 0x00, 0x00, 0x00, 0x00, 0x01,
  0xF8, 0x00, 0x3F, 0xF8, 0x00, 0x7F, 0xF0, 0x00, 0xFF, 0xF0, 0x01, 0xFF,
  0xE0, 0x03, 0xFF, 0xE0, 0x07, 0xFB, 0xE0, 0x0F, 0xF7, 0xC0, 0x1F, 0xF7,
  0xC0, 0x3F, 0xE7, 0xC0, 0x7F, 0xCF, 0x80, 0xFF, 0x8F, 0x81, 0xFF, 0x0F,
  0x03, 0xFE, 0x1F, 0x07, 0xFC, 0x1F, 0x0F, 0xF8, 0x3E, 0x1F, 0xF0, 0x3E,
  0x3F, 0xE0, 0x3E, 0x7F, 0xC0, 0x7C, 0xFF, 0x80, 0x7D, 0xFF, 0x00, 0x7F,
  0xFE, 0x00, 0xFF, 0xFC, 0x00, 0xFF, 0xF8, 0x00, 0xFF, 0xF0, 0x01, 0xFF,
  0xE0, 0x01, 0xFF, 0xC0, 0x03, 0xFF, 0x80, 0x03, 0xFF, 0x00, 0x03, 0xC0,
  0x00, 0x3C, 0x00, 0x00, 0x00, 0xF8, 0x00, 0x00, 0x01, 0xE0, 0x00, 0x00,
  0x03, 0xC0, 0x00, 0x00, 0x0F, 0x00, 0x00, 0x00, 0x1E, 0x00, 0x00, 0x00,
  0x00, 0x00, 0x00, 0x00, 0x00, 0x00, 0x00, 0x00, 0x00, 0x00, 0x00, 0xFF,
  0x80, 0x00, 0x0F, 0xFF, 0xC0, 0x00, 0xFF, 0xFF, 0xC0, 0x07, 0xFF, 0xFF,
  0x80, 0x3F, 0xC1, 0xFF, 0x01, 0xFC, 0x00, 0xFE, 0x0F, 0xC0, 0x00, 0xFC,
  0x3E, 0x00, 0x01, 0xF1, 0xF0, 0x00, 0x07, 0xE7, 0xC0, 0x00, 0x0F, 0xBE,
  0x00, 0x00, 0x1E, 0xF8, 0x00, 0x00, 0x7F, 0xE0, 0x00, 0x01, 0xFF, 0x00,
  0x00, 0x07, 0xFC, 0x00, 0x00, 0x1F, 0xF0, 0x00, 0x00, 0x7F, 0xC0, 0x00,
  0x01, 0xFF, 0x00, 0x00, 0x07, 0xFE, 0x00, 0x00, 0x1F, 0xF8, 0x00, 0x00,
  0x7F, 0xE0, 0x00, 0x03, 0xE7, 0xC0, 0x00, 0x0F, 0x9F, 0x80, 0x00, 0x7C,
  0x3F, 0x00, 0x03, 0xF0, 0x7E, 0x00, 0x1F, 0x81, 0xFE, 0x01, 0xFC, 0x03,
  0xFF, 0xFF, 0xE0, 0x07, 0xFF, 0xFF, 0x00, 0x07, 0xFF, 0xF8, 0x00, 0x07,
  0xFF, 0x80, 0x00, 0x01, 0xE0, 0x00, 0x00, 0x01, 0xF0, 0x00, 0x00, 0x07,
  0x80, 0x00, 0x00, 0x1E, 0x00, 0x00, 0x00, 0xF0, 0x00, 0x00, 0x03, 0xC0,
  0x00, 0x00, 0x1E, 0x00, 0x00, 0x00, 0x00, 0x00, 0x00, 0x00, 0x00, 0x00,
  0x00, 0x00, 0x00, 0x00, 0x00, 0xFF, 0x80, 0x00, 0x0F, 0xFF, 0xC0, 0x00,
  0xFF, 0xFF, 0xC0, 0x07, 0xFF, 0xFF, 0x80, 0x3F, 0xC1, 0xFF, 0x01, 0xFC,
  0x00, 0xFE, 0x0F, 0xC0, 0x00, 0xFC, 0x3E, 0x00, 0x01, 0xF1, 0xF0, 0x00,
  0x07, 0xE7, 0xC0, 0x00, 0x0F, 0xBE, 0x00, 0x00, 0x1E, 0xF8, 0x00, 0x00,
  0x7F, 0xE0, 0x00, 0x01, 0xFF, 0x00, 0x00, 0x07, 0xFC, 0x00, 0x00, 0x1F,
  0xF0, 0x00, 0x00, 0x7F, 0xC0, 0x00, 0x01, 0xFF, 0x00, 0x00, 0x07, 0xFE,
  0x00, 0x00, 0x1F, 0xF8, 0x00, 0x00, 0x7F, 0xE0, 0x00, 0x03, 0xE7, 0xC0,
  0x00, 0x0F, 0x9F, 0x80, 0x00, 0x7C, 0x3F, 0x00, 0x03, 0xF0, 0x7E, 0x00,
  0x1F, 0x81, 0xFE, 0x01, 0xFC, 0x03, 0xFF, 0xFF, 0xE0, 0x07, 0xFF, 0xFF,
  0x00, 0x07, 0xFF, 0xF8, 0x00, 0x07, 0xFF, 0x80, 0x00, 0x01, 0xE0, 0x00,
  0x00, 0x07, 0x80, 0x00, 0x00, 0x3F, 0x00, 0x00, 0x01, 0xFE, 0x00, 0x00,
  0x0F, 0x3C, 0x00, 0x00, 0x78, 0xF0, 0x00, 0x03, 0xE1, 0xE0, 0x00, 0x00,
  0x00, 0x40, 0x00, 0x00, 0x00, 0x00, 0x00, 0x00, 0x00, 0x00, 0x00, 0xFF,
  0x80, 0x00, 0x0F, 0xFF, 0xC0, 0x00, 0xFF, 0xFF, 0xC0, 0x07, 0xFF, 0xFF,
  0x80, 0x3F, 0xC1, 0xFF, 0x01, 0xFC, 0x00, 0xFE, 0x0F, 0xC0, 0x00, 0xFC,
  0x3E, 0x00, 0x01, 0xF1, 0xF0, 0x00, 0x07, 0xE7, 0xC0, 0x00, 0x0F, 0xBE,
  0x00, 0x00, 0x1E, 0xF8, 0x00, 0x00, 0x7F, 0xE0, 0x00, 0x01, 0xFF, 0x00,
  0x00, 0x07, 0xFC, 0x00, 0x00, 0x1F, 0xF0, 0x00, 0x00, 0x7F, 0xC0, 0x00,
  0x01, 0xFF, 0x00, 0x00, 0x07, 0xFE, 0x00, 0x00, 0x1F, 0xF8, 0x00, 0x00,
  0x7F, 0xE0, 0x00, 0x03, 0xE7, 0xC0, 0x00, 0x0F, 0x9F, 0x80, 0x00, 0x7C,
  0x3F, 0x00, 0x03, 0xF0, 0x7E, 0x00, 0x1F, 0x81, 0xFE, 0x01, 0xFC, 0x03,
  0xFF, 0xFF, 0xE0, 0x07, 0xFF, 0xFF, 0x00, 0x07, 0xFF, 0xF8, 0x00, 0x07,
  0xFF, 0x80, 0x00, 0x01, 0xE0, 0x00, 0x00, 0x3C, 0x1C, 0x00, 0x01, 0xFC,
  0x70, 0x00, 0x0F, 0xFF, 0xC0, 0x00, 0x39, 0xFE, 0x00, 0x00, 0xE1, 0xF8,
  0x00, 0x00, 0x01, 0x00, 0x00, 0x00, 0x00, 0x00, 0x00, 0x00, 0x00, 0x00,
  0x00, 0x3F, 0xE0, 0x00, 0x03, 0xFF, 0xF0, 0x00, 0x3F, 0xFF, 0xF0, 0x01,
  0xFF, 0xFF, 0xE0, 0x0F, 0xF0, 0x7F, 0xC0, 0x7F, 0x00, 0x3F, 0x83, 0xF0,
  0x00, 0x3F, 0x0F, 0x80, 0x00, 0x7C, 0x7C, 0x00, 0x01, 0xF9, 0xF0, 0x00,
  0x03, 0xEF, 0x80, 0x00, 0x07, 0xBE, 0x00, 0x00, 0x1F, 0xF8, 0x00, 0x00,
  0x7F, 0xC0, 0x00, 0x01, 0xFF, 0x00, 0x00, 0x07, 0xFC, 0x00, 0x00, 0x1F,
  0xF0, 0x00, 0x00, 0x7F, 0xC0, 0x00, 0x01, 0xFF, 0x80, 0x00, 0x07, 0xFE,
  0x00, 0x00, 0x1F, 0xF8, 0x00, 0x00, 0xF9, 0xF0, 0x00, 0x03, 0xE7, 0xE0,
  0x00, 0x1F, 0x0F, 0xC0, 0x00, 0xFC, 0x1F, 0x80, 0x07, 0xE0, 0x7F, 0x80,
  0x7F, 0x00, 0xFF, 0xFF, 0xF8, 0x01, 0xFF, 0xFF, 0xC0, 0x01, 0xFF, 0xFE,
  0x00, 0x01, 0xFF, 0xE0, 0x00, 0x00, 0x78, 0x00, 0x00, 0x00, 0x70, 0x78,
  0x00, 0x03, 0xE1, 0xF0, 0x00, 0x0F, 0x87, 0xC0, 0x00, 0x3E, 0x1E, 0x00,
  0x00, 0x70, 0x30, 0x00, 0x00, 0x00, 0x00, 0x00, 0x00, 0x00, 0x00, 0x00,
  0x00, 0x00, 0x00, 0x00, 0x3F, 0xE0, 0x00, 0x03, 0xFF, 0xF0, 0x00, 0x3F,
  0xFF, 0xF0, 0x01, 0xFF, 0xFF, 0xE0, 0x0F, 0xF0, 0x7F, 0xC0, 0x7F, 0x00,
  0x3F, 0x83, 0xF0, 0x00, 0x3F, 0x0F, 0x80, 0x00, 0x7C, 0x7C, 0x00, 0x01,
  0xF9, 0xF0, 0x00, 0x03, 0xEF, 0x80, 0x00, 0x07, 0xBE, 0x00, 0x00, 0x1F,
  0xF8, 0x00, 0x00, 0x7F, 0xC0, 0x00, 0x01, 0xFF, 0x00, 0x00, 0x07, 0xFC,
  0x00, 0x00, 0x1F, 0xF0, 0x00, 0x00, 0x7F, 0xC0, 0x00, 0x01, 0xFF, 0x80,
  0x00, 0x07, 0xFE, 0x00, 0x00, 0x1F, 0xF8, 0x00, 0x00, 0xF9, 0xF0, 0x00,
  0x03, 0xE7, 0xE0, 0x00, 0x1F, 0x0F, 0xC0, 0x00, 0xFC, 0x1F, 0x80, 0x07,
  0xE0, 0x7F, 0x80, 0x7F, 0x00, 0xFF, 0xFF, 0xF8, 0x01, 0xFF, 0xFF, 0xC0,
  0x01, 0xFF, 0xFE, 0x00, 0x01, 0xFF, 0xE0, 0x00, 0x00, 0x78, 0x00, 0x00,
  0x20, 0x01, 0x1C, 0x00, 0xCF, 0x80, 0x7B, 0xF0, 0x3F, 0x7E, 0x1F, 0x0F,
  0xCF, 0x81, 0xFF, 0xC0, 0x3F, 0xE0, 0x07, 0xF0, 0x00, 0xFC, 0x00, 0x7F,
  0x80, 0x3F, 0xF0, 0x1F, 0x7E, 0x0F, 0x8F, 0xC7, 0xC1, 0xFB, 0xE0, 0x3F,
  0x70, 0x07, 0x88, 0x00, 0xC0, 0x00, 0x00, 0x01, 0x00, 0x00, 0xFF, 0x87,
  0x00, 0x0F, 0xFF, 0xFC, 0x00, 0xFF, 0xFF, 0xF0, 0x07, 0xFF, 0xFF, 0x80,
  0x3F, 0xC1, 0xFF, 0x01, 0xFC, 0x00, 0xFE, 0x0F, 0xC0, 0x07, 0xFC, 0x3E,
  0x00, 0x3D, 0xF1, 0xF0, 0x00, 0xE7, 0xE7, 0xC0, 0x07, 0x8F, 0xBE, 0x00,
  0x3C, 0x1E, 0xF8, 0x00, 0xE0, 0x7F, 0xE0, 0x07, 0x81, 0xFF, 0x00, 0x3C,
  0x07, 0xFC, 0x00, 0xE0, 0x1F, 0xF0, 0x07, 0x80, 0x7F, 0xC0, 0x3C, 0x01,
  0xFF, 0x01, 0xE0, 0x07, 0xFE, 0x07, 0x80, 0x1F, 0xF8, 0x3C, 0x00, 0x7D,
  0xE1, 0xE0, 0x03, 0xE7, 0xC7, 0x80, 0x0F, 0x9F, 0xBC, 0x00, 0x7C, 0x3F,
  0xE0, 0x03, 0xF0, 0x7F, 0x80, 0x1F, 0x81, 0xFE, 0x01, 0xFC, 0x03, 0xFF,
  0xFF, 0xE0, 0x07, 0xFF, 0xFF, 0x00, 0x3F, 0xFF, 0xF8, 0x01, 0xE7, 0xFF,
  0x80, 0x01, 0x01, 0xE0, 0x00, 0x03, 0xC0, 0x00, 0x0F, 0x80, 0x00, 0x1E,
  0x00, 0x00, 0x78, 0x00, 0x00, 0xF0, 0x00, 0x01, 0xC0, 0x00, 0x00, 0x80,
  0x00, 0x00, 0x00, 0x00, 0x00, 0x00, 0x00, 0x00, 0x0F, 0x00, 0x07, 0xFC,
  0x00, 0x1F, 0xF0, 0x00, 0x7F, 0xC0, 0x01, 0xFF, 0x00, 0x07, 0xFC, 0x00,
  0x1F, 0xF0, 0x00, 0x7F, 0xC0, 0x01, 0xFF, 0x00, 0x07, 0xFC, 0x00, 0x1F,
  0xF0, 0x00, 0x7F, 0xC0, 0x01, 0xFF, 0x00, 0x07, 0xFC, 0x00, 0x1F, 0xF0,
  0x00, 0x7F, 0xC0, 0x01, 0xFF, 0x00, 0x07, 0xFC, 0x00, 0x1F, 0xF0, 0x00,
  0x7F, 0xC0, 0x01, 0xFF, 0x00, 0x07, 0xFE, 0x00, 0x1E, 0xF8, 0x00, 0xF9,
  0xF0, 0x03, 0xE7, 0xE0, 0x3F, 0x0F, 0xFF, 0xFC, 0x1F, 0xFF, 0xE0, 0x3F,
  0xFF, 0x00, 0x7F, 0xF0, 0x00, 0x1E, 0x00, 0x00, 0x1F, 0x00, 0x00, 0x78,
  0x00, 0x03, 0xE0, 0x00, 0x0F, 0x00, 0x00, 0x78, 0x00, 0x01, 0xE0, 0x00,
  0x00, 0x00, 0x00, 0x00, 0x00, 0x00, 0x00, 0x00, 0x00, 0x00, 0x0F, 0x00,
  0x07, 0xFC, 0x00, 0x1F, 0xF0, 0x00, 0x7F, 0xC0, 0x01, 0xFF, 0x00, 0x07,
  0xFC, 0x00, 0x1F, 0xF0, 0x00, 0x7F, 0xC0, 0x01, 0xFF, 0x00, 0x07, 0xFC,
  0x00, 0x1F, 0xF0, 0x00, 0x7F, 0xC0, 0x01, 0xFF, 0x00, 0x07, 0xFC, 0x00,
  0x1F, 0xF0, 0x00, 0x7F, 0xC0, 0x01, 0xFF, 0x00, 0x07, 0xFC, 0x00, 0x1F,
  0xF0, 0x00, 0x7F, 0xC0, 0x01, 0xFF, 0x00, 0x07, 0xFE, 0x00, 0x1E, 0xF8,
  0x00, 0xF9, 0xF0, 0x03, 0xE7, 0xE0, 0x3F, 0x0F, 0xFF, 0xFC, 0x1F, 0xFF,
  0xE0, 0x3F, 0xFF, 0x00, 0x7F, 0xF0, 0x00, 0x1E, 0x00, 0x00, 0x78, 0x00,
  0x03, 0xF0, 0x00, 0x1F, 0xE0, 0x00, 0xF7, 0x80, 0x07, 0x8F, 0x00, 0x3C,
  0x1E, 0x01, 0x00, 0x04, 0x00, 0x00, 0x00, 0x00, 0x00, 0x00, 0x00, 0x00,
  0x0F, 0x00, 0x07, 0xFC, 0x00, 0x1F, 0xF0, 0x00, 0x7F, 0xC0, 0x01, 0xFF,
  0x00, 0x07, 0xFC, 0x00, 0x1F, 0xF0, 0x00, 0x7F, 0xC0, 0x01, 0xFF, 0x00,
  0x07, 0xFC, 0x00, 0x1F, 0xF0, 0x00, 0x7F, 0xC0, 0x01, 0xFF, 0x00, 0x07,
  0xFC, 0x00, 0x1F, 0xF0, 0x00, 0x7F, 0xC0, 0x01, 0xFF, 0x00, 0x07, 0xFC,
  0x00, 0x1F, 0xF0, 0x00, 0x7F, 0xC0, 0x01, 0xFF, 0x00, 0x07, 0xFE, 0x00,
  0x1E, 0xF8, 0x00, 0xF9, 0xF0, 0x03, 0xE7, 0xE0, 0x3F, 0x0F, 0xFF, 0xFC,
  0x1F, 0xFF, 0xE0, 0x3F, 0xFF, 0x00, 0x7F, 0xF0, 0x00, 0x1E, 0x00, 0x07,
  0x07, 0x80, 0x3E, 0x3E, 0x00, 0xF8, 0xF8, 0x03, 0xE1, 0xE0, 0x07, 0x03,
  0x00, 0x00, 0x00, 0x00, 0x00, 0x00, 0x00, 0x00, 0x00, 0x00, 0x00, 0x03,
  0xC0, 0x01, 0xFF, 0x00, 0x07, 0xFC, 0x00, 0x1F, 0xF0, 0x00, 0x7F, 0xC0,
  0x01, 0xFF, 0x00, 0x07, 0xFC, 0x00, 0x1F, 0xF0, 0x00, 0x7F, 0xC0, 0x01,
  0xFF, 0x00, 0x07, 0xFC, 0x00, 0x1F, 0xF0, 0x00, 0x7F, 0xC0, 0x01, 0xFF,
  0x00, 0x07, 0xFC, 0x00, 0x1F, 0xF0, 0x00, 0x7F, 0xC0, 0x01, 0xFF, 0x00,
  0x07, 0xFC, 0x00, 0x1F, 0xF0, 0x00, 0x7F, 0xC0, 0x01, 0xFF, 0x80, 0x07,
  0xBE, 0x00, 0x3E, 0x7C, 0x00, 0xF9, 0xF8, 0x0F, 0xC3, 0xFF, 0xFF, 0x07,
  0xFF, 0xF8, 0x0F, 0xFF, 0xC0, 0x1F, 0xFC, 0x00, 0x07, 0x80, 0x00, 0x00,
  0x07, 0xC0, 0x00, 0x03, 0xC0, 0x00, 0x03, 0xE0, 0x00, 0x01, 0xE0, 0x00,
  0x00, 0xF0, 0x00, 0x00, 0xF0, 0x00, 0x00, 0x00, 0x00, 0x00, 0x00, 0x00,
  0x00, 0x00, 0x00, 0x40, 0x00, 0x00, 0x1F, 0x00, 0x07, 0xE7, 0xC0, 0x03,
  0xE3, 0xE0, 0x03, 0xE0, 0xF8, 0x01, 0xF0, 0x3E, 0x01, 0xF0, 0x1F, 0x01,
  0xF0, 0x07, 0xC0, 0xF8, 0x03, 0xE0, 0xF8, 0x00, 0xF8, 0x7C, 0x00, 0x3E,
  0x7C, 0x00, 0x1F, 0x7C, 0x00, 0x07, 0xFE, 0x00, 0x01, 0xFE, 0x00, 0x00,
  0xFE, 0x00, 0x00, 0x3F, 0x00, 0x00, 0x1F, 0x00, 0x00, 0x07, 0x80, 0x00,
  0x03, 0xC0, 0x00, 0x01, 0xE0, 0x00, 0x00, 0xF0, 0x00, 0x00, 0x78, 0x00,
  0x00, 0x3C, 0x00, 0x00, 0x1E, 0x00, 0x00, 0x0F, 0x00, 0x00, 0x07, 0x80,
  0x00, 0x03, 0xC0, 0x00, 0x01, 0xE0, 0x00, 0x00, 0xF0, 0x00, 0x00, 0x78,
  0x00, 0xF8, 0x00, 0x0F, 0x80, 0x00, 0xF8, 0x00, 0x0F, 0x80, 0x00, 0xFF,
  0xFE, 0x0F, 0xFF, 0xF0, 0xFF, 0xFF, 0xCF, 0xFF, 0xFC, 0xF8, 0x07, 0xEF,
  0x80, 0x3F, 0xF8, 0x01, 0xFF, 0x80, 0x1F, 0xF8, 0x00, 0xFF, 0x80, 0x0F,
  0xF8, 0x00, 0xFF, 0x80, 0x1F, 0xF8, 0x01, 0xFF, 0x80, 0x3F, 0xF8, 0x0F,
  0xEF, 0xFF, 0xFC, 0xFF, 0xFF, 0x8F, 0xFF, 0xF0, 0xFF, 0xFC, 0x0F, 0x80,
  0x00, 0xF8, 0x00, 0x0F, 0x80, 0x00, 0xF8, 0x00, 0x0F, 0x80, 0x00, 0xF8,
  0x00, 0x00, 0x07, 0xF8, 0x01, 0xFF, 0xE0, 0x3F, 0xFF, 0x07, 0xFF, 0xF8,
  0x7E, 0x0F, 0xCF, 0x80, 0x7C, 0xF8, 0x03, 0xCF, 0x00, 0x3C, 0xF0, 0x03,
  0xCF, 0x00, 0x3C, 0xF0, 0x07, 0xCF, 0x00, 0x78, 0xF0, 0x3F, 0x8F, 0x0F,
  0xE0, 0xF0, 0xFE, 0x0F, 0x0F, 0xF8, 0xF0, 0x0F, 0xCF, 0x00, 0x7E, 0xF0,
  0x03, 0xEF, 0x00, 0x1E, 0xF0, 0x01, 0xFF, 0x00, 0x1F, 0xF0, 0x01, 0xFF,
  0x00, 0x1F, 0xF0, 0x03, 0xEF, 0x00, 0x7E, 0xF3, 0xFF, 0xCF, 0x3F, 0xFC,
  0xF3, 0xFF, 0x8F, 0x3F, 0xE0, 0x07, 0xC0, 0x00, 0x78, 0x00, 0x0F, 0x80,
  0x00, 0xF0, 0x00, 0x0F, 0x00, 0x01, 0xE0, 0x00, 0x00, 0x00, 0x00, 0x00,
  0x00, 0x00, 0x00, 0x1E, 0x00, 0x1F, 0xF8, 0x0F, 0xFF, 0xC3, 0xFF, 0xFC,
  0xFC, 0x0F, 0xCE, 0x00, 0xF8, 0x80, 0x0F, 0x00, 0x01, 0xE0, 0x00, 0x3C,
  0x1F, 0xF7, 0x8F, 0xFF, 0xF3, 0xFF, 0xFE, 0xFC, 0x07, 0xDE, 0x00, 0x7F,
  0xC0, 0x0F, 0xF8, 0x01, 0xFF, 0x00, 0x7F, 0xE0, 0x1F, 0xBF, 0x07, 0xF7,
  0xFF, 0xFE, 0x7F, 0xFB, 0xC7, 0xFC, 0x78, 0x0C, 0x00, 0x00, 0x1F, 0x00,
  0x07, 0xC0, 0x00, 0xF0, 0x00, 0x1E, 0x00, 0x07, 0x80, 0x00, 0xF0, 0x00,
  0x20, 0x00, 0x00, 0x00, 0x00, 0x00, 0x00, 0x1E, 0x00, 0x1F, 0xF8, 0x0F,
  0xFF, 0xC3, 0xFF, 0xFC, 0xFC, 0x0F, 0xCE, 0x00, 0xF8, 0x80, 0x0F, 0x00,
  0x01, 0xE0, 0x00, 0x3C, 0x1F, 0xF7, 0x8F, 0xFF, 0xF3, 0xFF, 0xFE, 0xFC,
  0x07, 0xDE, 0x00, 0x7F, 0xC0, 0x0F, 0xF8, 0x01, 0xFF, 0x00, 0x7F, 0xE0,
  0x1F, 0xBF, 0x07, 0xF7, 0xFF, 0xFE, 0x7F, 0xFB, 0xC7, 0xFC, 0x78, 0x0C,
  0x00, 0x00, 0xF8, 0x00, 0x3F, 0x00, 0x0F, 0xF0, 0x01, 0xEF, 0x00, 0x78,
  0xF0, 0x1E, 0x0F, 0x04, 0x00, 0x10, 0x00, 0x00, 0x00, 0x00, 0x00, 0x1E,
  0x00, 0x1F, 0xF8, 0x0F, 0xFF, 0xC3, 0xFF, 0xFC, 0xFC, 0x0F, 0xCE, 0x00,
  0xF8, 0x80, 0x0F, 0x00, 0x01, 0xE0, 0x00, 0x3C, 0x1F, 0xF7, 0x8F, 0xFF,
  0xF3, 0xFF, 0xFE, 0xFC, 0x07, 0xDE, 0x00, 0x7F, 0xC0, 0x0F, 0xF8, 0x01,
  0xFF, 0x00, 0x7F, 0xE0, 0x1F, 0xBF, 0x07, 0xF7, 0xFF, 0xFE, 0x7F, 0xFB,
  0xC7, 0xFC, 0x78, 0x0C, 0x00, 0x07, 0xC3, 0xC1, 0xFE, 0x70, 0x3F, 0xFE,
  0x0F, 0x3F, 0xC1, 0xC3, 0xF0, 0x00, 0x18, 0x00, 0x00, 0x00, 0x00, 0x00,
  0x00, 0xF0, 0x00, 0xFF, 0xC0, 0x7F, 0xFE, 0x1F, 0xFF, 0xE7, 0xE0, 0x7E,
  0x70, 0x07, 0xC4, 0x00, 0x78, 0x00, 0x0F, 0x00, 0x01, 0xE0, 0xFF, 0xBC,
  0x7F, 0xFF, 0x9F, 0xFF, 0xF7, 0xE0, 0x3E, 0xF0, 0x03, 0xFE, 0x00, 0x7F,
  0xC0, 0x0F, 0xF8, 0x03, 0xFF, 0x00, 0xFD, 0xF8, 0x3F, 0xBF, 0xFF, 0xF3,
  0xFF, 0xDE, 0x3F, 0xE3, 0xC0, 0x60, 0x00, 0x0F, 0x07, 0x01, 0xF1, 0xF0,
  0x3E, 0x3E, 0x07, 0x87, 0xC0, 0x70, 0x70, 0x00, 0x00, 0x00, 0x00, 0x00,
  0x00, 0x00, 0x00, 0xF0, 0x00, 0xFF, 0xC0, 0x7F, 0xFE, 0x1F, 0xFF, 0xE7,
  0xE0, 0x7E, 0x70, 0x07, 0xC4, 0x00, 0x78, 0x00, 0x0F, 0x00, 0x01, 0xE0,
  0xFF, 0xBC, 0x7F, 0xFF, 0x9F, 0xFF, 0xF7, 0xE0, 0x3E, 0xF0, 0x03, 0xFE,
  0x00, 0x7F, 0xC0, 0x0F, 0xF8, 0x03, 0xFF, 0x00, 0xFD, 0xF8, 0x3F, 0xBF,
  0xFF, 0xF3, 0xFF, 0xDE, 0x3F, 0xE3, 0xC0, 0x60, 0x00, 0x00, 0xF8, 0x00,
  0x3F, 0x80, 0x0F, 0x78, 0x01, 0xC7, 0x00, 0x30, 0xE0, 0x07, 0x1C, 0x00,
  0xF7, 0x80, 0x0F, 0xE0, 0x00, 0xF8, 0x00, 0x00, 0x00, 0x00, 0x00, 0x00,
  0x78, 0x00, 0x7F, 0xE0, 0x3F, 0xFF, 0x0F, 0xFF, 0xF3, 0xF0, 0x3F, 0x38,
  0x03, 0xE2, 0x00, 0x3C, 0x00, 0x07, 0x80, 0x00, 0xF0, 0x7F, 0xDE, 0x3F,
  0xFF, 0xCF, 0xFF, 0xFB, 0xF0, 0x1F, 0x78, 0x01, 0xFF, 0x00, 0x3F, 0xE0,
  0x07, 0xFC, 0x01, 0xFF, 0x80, 0x7E, 0xFC, 0x1F, 0xDF, 0xFF, 0xF9, 0xFF,
  0xEF, 0x1F, 0xF1, 0xE0, 0x30, 0x00, 0x01, 0xF0, 0x00, 0xF0, 0x00, 0xFF,
  0xE0, 0x7F, 0xE0, 0x1F, 0xFF, 0x9F, 0xFF, 0x03, 0xFF, 0xFF, 0xFF, 0xF8,
  0x7E, 0x0F, 0xFE, 0x0F, 0xC3, 0x80, 0x3F, 0xC0, 0x3E, 0x10, 0x01, 0xF8,
  0x03, 0xE0, 0x00, 0x1F, 0x00, 0x1E, 0x00, 0x01, 0xF0, 0x01, 0xF0, 0x7F,
  0xDF, 0xFF, 0xFF, 0x1F, 0xFF, 0xFF, 0xFF, 0xF3, 0xFF, 0xFF, 0xFF, 0xFF,
  0x7C, 0x03, 0xF0, 0x00, 0x07, 0x80, 0x1F, 0x00, 0x00, 0xF8, 0x01, 0xF0,
  0x00, 0x0F, 0x80, 0x1F, 0x00, 0x08, 0xF8, 0x03, 0xF8, 0x01, 0xCF, 0x80,
  0x7F, 0xC0, 0x3E, 0x7C, 0x0F, 0x7F, 0x07, 0xE7, 0xFF, 0xE3, 0xFF, 0xFC,
  0x3F, 0xFC, 0x1F, 0xFF, 0x81, 0xFF, 0x80, 0x7F, 0xE0, 0x01, 0xC0, 0x00,
  0xE0, 0x00, 0x00, 0x78, 0x00, 0x1F, 0xF8, 0x03, 0xFF, 0xF0, 0x3F, 0xFF,
  0xC3, 0xFC, 0x7F, 0x1F, 0x00, 0xF9, 0xF0, 0x03, 0xEF, 0x80, 0x08, 0x78,
  0x00, 0x07, 0xC0, 0x00, 0x3E, 0x00, 0x01, 0xF0, 0x00, 0x0F, 0x80, 0x00,
  0x3C, 0x00, 0x01, 0xE0, 0x00, 0x0F, 0x80, 0x08, 0x7C, 0x00, 0xF9, 0xF0,
  0x0F, 0x87, 0xE1, 0xFC, 0x3F, 0xFF, 0xC0, 0xFF, 0xFC, 0x01, 0xFF, 0x80,
  0x01, 0xE0, 0x00, 0x1C, 0x00, 0x01, 0xFC, 0x00, 0x0F, 0xF0, 0x00, 0x37,
  0x80, 0x00, 0x1E, 0x00, 0x04, 0xF0, 0x01, 0xEF, 0x00, 0x07, 0xF8, 0x00,
  0x1F, 0x80, 0x03, 0xC0, 0x00, 0x1F, 0x00, 0x00, 0x78, 0x00, 0x01, 0xE0,
  0x00, 0x0F, 0x00, 0x00, 0x3C, 0x00, 0x00, 0x00, 0x00, 0x00, 0x00, 0x00,
  0x00, 0x00, 0x03, 0xC0, 0x00, 0xFF, 0xC0, 0x1F, 0xFF, 0x01, 0xFF, 0xFC,
  0x1F, 0xC3, 0xF0, 0xF8, 0x07, 0xCF, 0x80, 0x1E, 0x7C, 0x00, 0xFB, 0xC0,
  0x07, 0xFF, 0xFF, 0xFF, 0xFF, 0xFF, 0xFF, 0xFF, 0xFF, 0xFF, 0xFF, 0xFD,
  0xE0, 0x00, 0x0F, 0x00, 0x00, 0x7C, 0x00, 0x43, 0xE0, 0x03, 0x0F, 0x80,
  0x3E, 0x7F, 0x07, 0xE1, 0xFF, 0xFE, 0x07, 0xFF, 0xE0, 0x0F, 0xFE, 0x00,
  0x0F, 0x00, 0x00, 0x1F, 0x00, 0x00, 0xF0, 0x00, 0x07, 0x80, 0x00, 0x78,
  0x00, 0x03, 0xC0, 0x00, 0x3C, 0x00, 0x00, 0x00, 0x00, 0x00, 0x00, 0x00,
  0x00, 0x00, 0x03, 0xC0, 0x00, 0xFF, 0xC0, 0x1F, 0xFF, 0x01, 0xFF, 0xFC,
  0x1F, 0xC3, 0xF0, 0xF8, 0x07, 0xCF, 0x80, 0x1E, 0x7C, 0x00, 0xFB, 0xC0,
  0x07, 0xFF, 0xFF, 0xFF, 0xFF, 0xFF, 0xFF, 0xFF, 0xFF, 0xFF, 0xFF, 0xFD,
  0xE0, 0x00, 0x0F, 0x00, 0x00, 0x7C, 0x00, 0x43, 0xE0, 0x03, 0x0F, 0x80,
  0x3E, 0x7F, 0x07, 0xE1, 0xFF, 0xFE, 0x07, 0xFF, 0xE0, 0x0F, 0xFE, 0x00,
  0x0F, 0x00, 0x00, 0x78, 0x00, 0x07, 0xE0, 0x00, 0x7F, 0x80, 0x07, 0x9E,
  0x00, 0x78, 0xF8, 0x07, 0xC3, 0xC0, 0x00, 0x01, 0x00, 0x00, 0x00, 0x00,
  0x00, 0x00, 0x03, 0xC0, 0x00, 0xFF, 0xC0, 0x1F, 0xFF, 0x01, 0xFF, 0xFC,
  0x1F, 0xC3, 0xF0, 0xF8, 0x07, 0xCF, 0x80, 0x1E, 0x7C, 0x00, 0xFB, 0xC0,
  0x07, 0xFF, 0xFF, 0xFF, 0xFF, 0xFF, 0xFF, 0xFF, 0xFF, 0xFF, 0xFF, 0xFD,
  0xE0, 0x00, 0x0F, 0x00, 0x00, 0x7C, 0x00, 0x43, 0xE0, 0x03, 0x0F, 0x80,
  0x3E, 0x7F, 0x07, 0xE1, 0xFF, 0xFE, 0x07, 0xFF, 0xE0, 0x0F, 0xFE, 0x00,
  0x0F, 0x00, 0x07, 0x87, 0x80, 0x7C, 0x3E, 0x03, 0xE1, 0xF0, 0x1F, 0x0F,
  0x00, 0x70, 0x30, 0x00, 0x00, 0x00, 0x00, 0x00, 0x00, 0x00, 0x00, 0x00,
  0x78, 0x00, 0x1F, 0xF8, 0x03, 0xFF, 0xE0, 0x3F, 0xFF, 0x83, 0xF8, 0x7E,
  0x1F, 0x00, 0xF9, 0xF0, 0x03, 0xCF, 0x80, 0x1F, 0x78, 0x00, 0xFF, 0xFF,
  0xFF, 0xFF, 0xFF, 0xFF, 0xFF, 0xFF, 0xFF, 0xFF, 0xFF, 0xBC, 0x00, 0x01,
  0xE0, 0x00, 0x0F, 0x80, 0x08, 0x7C, 0x00, 0x61, 0xF0, 0x07, 0xCF, 0xE0,
  0xFC, 0x3F, 0xFF, 0xC0, 0xFF, 0xFC, 0x01, 0xFF, 0xC0, 0x01, 0xE0, 0x00,
  0xF8, 0xF1, 0xE1, 0xE3, 0xC3, 0xC0, 0x00, 0x00, 0x00, 0x78, 0xF1, 0xE3,
  0xC7, 0x8F, 0x1E, 0x3C, 0x78, 0xF1, 0xE3, 0xC7, 0x8F, 0x1E, 0x3C, 0x78,
  0xF1, 0xE3, 0xC7, 0x80, 0x1E, 0x7C, 0xF3, 0xC7, 0x9E, 0x00, 0x00, 0x00,
  0x03, 0xC7, 0x8F, 0x1E, 0x3C, 0x78, 0xF1, 0xE3, 0xC7, 0x8F, 0x1E, 0x3C,
  0x78, 0xF1, 0xE3, 0xC7, 0x8F, 0x1E, 0x3C, 0x00, 0x07, 0x80, 0x3F, 0x01,
  0xFE, 0x0F, 0x3C, 0x7C, 0x79, 0xE1, 0xF8, 0x00, 0x00, 0x00, 0x00, 0x00,
  0x00, 0x00, 0x78, 0x01, 0xE0, 0x07, 0x80, 0x1E, 0x00, 0x78, 0x01, 0xE0,
  0x07, 0x80, 0x1E, 0x00, 0x78, 0x01, 0xE0, 0x07, 0x80, 0x1E, 0x00, 0x78,
  0x01, 0xE0, 0x07, 0x80, 0x1E, 0x00, 0x78, 0x01, 0xE0, 0x07, 0x80, 0x1E,
  0x00, 0x78, 0x00, 0x78, 0x7B, 0xE1, 0xFF, 0x87, 0xDE, 0x1F, 0x70, 0x38,
  0x00, 0x00, 0x00, 0x00, 0x00, 0x00, 0x00, 0x1E, 0x00, 0x78, 0x01, 0xE0,
  0x07, 0x80, 0x1E, 0x00, 0x78, 0x01, 0xE0, 0x07, 0x80, 0x1E, 0x00, 0x78,
  0x01, 0xE0, 0x07, 0x80, 0x1E, 0x00, 0x78, 0x01, 0xE0, 0x07, 0x80, 0x1E,
  0x00, 0x78, 0x01, 0xE0, 0x07, 0x80, 0x1E, 0x00, 0x03, 0x00, 0x00, 0x1F,
  0x02, 0x01, 0xFE, 0x70, 0x0F, 0xFF, 0xC0, 0x1F, 0xF8, 0x00, 0x1F, 0xC0,
  0x00, 0x7E, 0x00, 0x00, 0xF8, 0x00, 0x03, 0xE0, 0x00, 0x1F, 0x00, 0xFE,
  0x7C, 0x0F, 0xFD, 0xE1, 0xFF, 0xFF, 0x9F, 0xFF, 0xFC, 0xFC, 0x0F, 0xEF,
  0x80, 0x3F, 0x7C, 0x00, 0xFB, 0xC0, 0x03, 0xFE, 0x00, 0x1F, 0xF0, 0x00,
  0xFF, 0x80, 0x07, 0xFC, 0x00, 0x3D, 0xE0, 0x01, 0xEF, 0x00, 0x1F, 0x7C,
  0x00, 0xF1, 0xF0, 0x0F, 0x8F, 0xE3, 0xF8, 0x3F, 0xFF, 0xC0, 0xFF, 0xF8,
  0x01, 0xFF, 0x80, 0x01, 0xE0, 0x00, 0x0F, 0x87, 0x03, 0xF8, 0xE0, 0xFF,
  0xFC, 0x1E, 0xFF, 0x83, 0x87, 0xE0, 0x00, 0x10, 0x00, 0x00, 0x00, 0x00,
  0x00, 0x00, 0x78, 0x1E, 0x3F, 0xC3, 0xDF, 0xFE, 0x7F, 0xFF, 0xCF, 0xF1,
  0xFD, 0xF8, 0x0F, 0xBE, 0x00, 0xF7, 0xC0, 0x1F, 0xF0, 0x03, 0xFE, 0x00,
  0x7F, 0xC0, 0x0F, 0xF8, 0x01, 0xFF, 0x00, 0x3F, 0xE0, 0x07, 0xFC, 0x00,
  0xFF, 0x80, 0x1F, 0xF0, 0x03, 0xFE, 0x00, 0x7F, 0xC0, 0x0F, 0xF8, 0x01,
  0xFF, 0x00, 0x3F, 0xE0, 0x07, 0xC0, 0x03, 0xE0, 0x00, 0x07, 0x80, 0x00,
  0x0F, 0x00, 0x00, 0x3C, 0x00, 0x00, 0x78, 0x00, 0x01, 0xE0, 0x00, 0x00,
  0x00, 0x00, 0x00, 0x00, 0x00, 0x00, 0x00, 0x01, 0xF0, 0x00, 0x3F, 0xF8,
  0x01, 0xFF, 0xF0, 0x1F, 0xFF, 0xE0, 0x7F, 0x1F, 0xC3, 0xF0, 0x1F, 0x9F,
  0x00, 0x3E, 0x7C, 0x00, 0x7D, 0xE0, 0x00, 0xFF, 0x80, 0x03, 0xFE, 0x00,
  0x0F, 0xF8, 0x00, 0x3F, 0xE0, 0x00, 0xF7, 0x80, 0x03, 0xDE, 0x00, 0x0F,
  0x7C, 0x00, 0x7D, 0xF0, 0x03, 0xE3, 0xF0, 0x1F, 0x87, 0xF1, 0xFC, 0x0F,
  0xFF, 0xE0, 0x1F, 0xFF, 0x00, 0x3F, 0xF8, 0x00, 0x1E, 0x00, 0x00, 0x0F,
  0x80, 0x00, 0x3C, 0x00, 0x01, 0xE0, 0x00, 0x07, 0x80, 0x00, 0x3C, 0x00,
  0x00, 0xF0, 0x00, 0x04, 0x00, 0x00, 0x00, 0x00, 0x00, 0x00, 0x00, 0x01,
  0xF0, 0x00, 0x3F, 0xF8, 0x01, 0xFF, 0xF0, 0x1F, 0xFF, 0xE0, 0x7F, 0x1F,
  0xC3, 0xF0, 0x1F, 0x9F, 0x00, 0x3E, 0x7C, 0x00, 0x7D, 0xE0, 0x00, 0xFF,
  0x80, 0x03, 0xFE, 0x00, 0x0F, 0xF8, 0x00, 0x3F, 0xE0, 0x00, 0xF7, 0x80,
  0x03, 0xDE, 0x00, 0x0F, 0x7C, 0x00, 0x7D, 0xF0, 0x03, 0xE3, 0xF0, 0x1F,
  0x87, 0xF1, 0xFC, 0x0F, 0xFF, 0xE0, 0x1F, 0xFF, 0x00, 0x3F, 0xF8, 0x00,
  0x1E, 0x00, 0x00, 0x7C, 0x00, 0x03, 0xF0, 0x00, 0x0F, 0xE0, 0x00, 0x7B,
  0xC0, 0x03, 0xC7, 0x80, 0x1E, 0x0F, 0x00, 0x80, 0x02, 0x00, 0x00, 0x00,
  0x00, 0x00, 0x00, 0x01, 0xF0, 0x00, 0x3F, 0xF8, 0x01, 0xFF, 0xF0, 0x1F,
  0xFF, 0xE0, 0x7F, 0x1F, 0xC3, 0xF0, 0x1F, 0x9F, 0x00, 0x3E, 0x7C, 0x00,
  0x7D, 0xE0, 0x00, 0xFF, 0x80, 0x03, 0xFE, 0x00, 0x0F, 0xF8, 0x00, 0x3F,
  0xE0, 0x00, 0xF7, 0x80, 0x03, 0xDE, 0x00, 0x0F, 0x7C, 0x00, 0x7D, 0xF0,
  0x03, 0xE3, 0xF0, 0x1F, 0x87, 0xF1, 0xFC, 0x0F, 0xFF, 0xE0, 0x1F, 0xFF,
  0x00, 0x3F, 0xF8, 0x00, 0x1E, 0x00, 0x03, 0xE1, 0xE0, 0x1F, 0xE7, 0x80,
  0x7F, 0xFC, 0x03, 0xCF, 0xF0, 0x0E, 0x1F, 0x80, 0x00, 0x08, 0x00, 0x00,
  0x00, 0x00, 0x00, 0x00, 0x00, 0x7C, 0x00, 0x0F, 0xFE, 0x00, 0x7F, 0xFC,
  0x07, 0xFF, 0xF8, 0x1F, 0xC7, 0xF0, 0xFC, 0x07, 0xE7, 0xC0, 0x0F, 0x9F,
  0x00, 0x1F, 0x78, 0x00, 0x3F, 0xE0, 0x00, 0xFF, 0x80, 0x03, 0xFE, 0x00,
  0x0F, 0xF8, 0x00, 0x3D, 0xE0, 0x00, 0xF7, 0x80, 0x03, 0xDF, 0x00, 0x1F,
  0x7C, 0x00, 0xF8, 0xFC, 0x07, 0xE1, 0xFC, 0x7F, 0x03, 0xFF, 0xF8, 0x07,
  0xFF, 0xC0, 0x0F, 0xFE, 0x00, 0x07, 0x80, 0x00, 0x07, 0x83, 0xC0, 0x1F,
  0x1F, 0x00, 0x7C, 0x7C, 0x01, 0xF1, 0xF0, 0x03, 0x83, 0x80, 0x00, 0x00,
  0x00, 0x00, 0x00, 0x00, 0x00, 0x00, 0x00, 0x7C, 0x00, 0x0F, 0xFE, 0x00,
  0x7F, 0xFC, 0x07, 0xFF, 0xF8, 0x1F, 0xC7, 0xF0, 0xFC, 0x07, 0xE7, 0xC0,
  0x0F, 0x9F, 0x00, 0x1F, 0x78, 0x00, 0x3F, 0xE0, 0x00, 0xFF, 0x80, 0x03,
  0xFE, 0x00, 0x0F, 0xF8, 0x00, 0x3D, 0xE0, 0x00, 0xF7, 0x80, 0x03, 0xDF,
  0x00, 0x1F, 0x7C, 0x00, 0xF8, 0xFC, 0x07, 0xE1, 0xFC, 0x7F, 0x03, 0xFF,
  0xF8, 0x07, 0xFF, 0xC0, 0x0F, 0xFE, 0x00, 0x07, 0x80, 0x00, 0x00, 0xF0,
  0x00, 0x3E, 0x00, 0x07, 0xE0, 0x00, 0xFC, 0x00, 0x1F, 0x00, 0x00, 0x80,
  0x00, 0x00, 0x00, 0x00, 0x00, 0xFF, 0xFF, 0xFF, 0xFF, 0xFF, 0xFF, 0xFF,
  0xFF, 0xFF, 0xF0, 0x00, 0x00, 0x00, 0x00, 0x00, 0x00, 0x00, 0x07, 0x80,
  0x01, 0xF0, 0x00, 0x3F, 0x00, 0x07, 0xE0, 0x00, 0xF8, 0x00, 0x0E, 0x00,
  0x00, 0x7C, 0x60, 0x0F, 0xFF, 0xC0, 0x7F, 0xFE, 0x07, 0xFF, 0xF8, 0x1F,
  0x87, 0xF0, 0xF8, 0x0F, 0xE7, 0xC0, 0x7F, 0x9F, 0x03, 0xDF, 0x78, 0x0E,
  0x3F, 0xE0, 0x70, 0xFF, 0x83, 0xC3, 0xFE, 0x0E, 0x0F, 0xF8, 0x70, 0x3D,
  0xE3, 0xC0, 0xF7, 0x8E, 0x03, 0xDF, 0x70, 0x1F, 0x7F, 0xC0, 0xF8, 0xFE,
  0x07, 0xE1, 0xF8, 0x7F, 0x03, 0xFF, 0xF8, 0x0F, 0xFF, 0xC0, 0x7F, 0xFE,
  0x00, 0xC7, 0x80, 0x00, 0x07, 0x80, 0x00, 0xF8, 0x00, 0x0F, 0x00, 0x00,
  0xF0, 0x00, 0x1E, 0x00, 0x01, 0xE0, 0x00, 0x00, 0x00, 0x00, 0x00, 0x00,
  0x00, 0x00, 0x00, 0x03, 0xE0, 0x07, 0xFC, 0x00, 0xFF, 0x80, 0x1F, 0xF0,
  0x03, 0xFE, 0x00, 0x7F, 0xC0, 0x0F, 0xF8, 0x01, 0xFF, 0x00, 0x3F, 0xE0,
  0x07, 0xFC, 0x00, 0xFF, 0x80, 0x1F, 0xF0, 0x03, 0xFE, 0x00, 0x7F, 0xC0,
  0x0F, 0xF8, 0x03, 0xEF, 0x00, 0x7D, 0xF0, 0x1F, 0xBF, 0x07, 0xF3, 0xFF,
  0xFE, 0x7F, 0xFB, 0xC3, 0xFE, 0x78, 0x1E, 0x00, 0x00, 0x3E, 0x00, 0x07,
  0x80, 0x00, 0xF0, 0x00, 0x3C, 0x00, 0x07, 0x80, 0x01, 0xE0, 0x00, 0x00,
  0x00, 0x00, 0x00, 0x00, 0x00, 0x00, 0x00, 0x03, 0xE0, 0x07, 0xFC, 0x00,
  0xFF, 0x80, 0x1F, 0xF0, 0x03, 0xFE, 0x00, 0x7F, 0xC0, 0x0F, 0xF8, 0x01,
  0xFF, 0x00, 0x3F, 0xE0, 0x07, 0xFC, 0x00, 0xFF, 0x80, 0x1F, 0xF0, 0x03,
  0xFE, 0x00, 0x7F, 0xC0, 0x0F, 0xF8, 0x03, 0xEF, 0x00, 0x7D, 0xF0, 0x1F,
  0xBF, 0x07, 0xF3, 0xFF, 0xFE, 0x7F, 0xFB, 0xC3, 0xFE, 0x78, 0x1E, 0x00,
  0x00, 0xF0, 0x00, 0x3F, 0x00, 0x0F, 0xF0, 0x03, 0xCF, 0x00, 0xF1, 0xF0,
  0x3E, 0x1E, 0x00, 0x00, 0x20, 0x00, 0x00, 0x00, 0x00, 0x00, 0x00, 0x03,
  0xE0, 0x07, 0xFC, 0x00, 0xFF, 0x80, 0x1F, 0xF0, 0x03, 0xFE, 0x00, 0x7F,
  0xC0, 0x0F, 0xF8, 0x01, 0xFF, 0x00, 0x3F, 0xE0, 0x07, 0xFC, 0x00, 0xFF,
  0x80, 0x1F, 0xF0, 0x03, 0xFE, 0x00, 0x7F, 0xC0, 0x0F, 0xF8, 0x03, 0xEF,
  0x00, 0x7D, 0xF0, 0x1F, 0xBF, 0x07, 0xF3, 0xFF, 0xFE, 0x7F, 0xFB, 0xC3,
  0xFE, 0x78, 0x1E, 0x00, 0x0F, 0x0F, 0x03, 0xE1, 0xF0, 0x7C, 0x3E, 0x0F,
  0x87, 0x80, 0xE0, 0x60, 0x00, 0x00, 0x00, 0x00, 0x00, 0x00, 0x00, 0x00,
  0x00, 0x1F, 0x00, 0x3F, 0xE0, 0x07, 0xFC, 0x00, 0xFF, 0x80, 0x1F, 0xF0,
  0x03, 0xFE, 0x00, 0x7F, 0xC0, 0x0F, 0xF8, 0x01, 0xFF, 0x00, 0x3F, 0xE0,
  0x07, 0xFC, 0x00, 0xFF, 0x80, 0x1F, 0xF0, 0x03, 0xFE, 0x00, 0x7F, 0xC0,
  0x1F, 0x78, 0x03, 0xEF, 0x80, 0xFD, 0xF8, 0x3F, 0x9F, 0xFF, 0xF3, 0xFF,
  0xDE, 0x1F, 0xF3, 0xC0, 0xF0, 0x00, 0x00, 0x0F, 0x00, 0x00, 0x78, 0x00,
  0x01, 0xE0, 0x00, 0x0F, 0x00, 0x00, 0x3C, 0x00, 0x01, 0xE0, 0x00, 0x00,
  0x00, 0x00, 0x00, 0x00, 0x00, 0x00, 0x00, 0x00, 0x00, 0x0F, 0x80, 0x07,
  0xDF, 0x00, 0x3E, 0x7C, 0x00, 0xF8, 0xF0, 0x03, 0xC3, 0xE0, 0x1F, 0x07,
  0x80, 0x78, 0x1F, 0x03, 0xE0, 0x3C, 0x0F, 0x00, 0xF0, 0x3C, 0x03, 0xE1,
  0xF0, 0x07, 0x87, 0x80, 0x1F, 0x3E, 0x00, 0x3C, 0xF0, 0x00, 0xFB, 0xC0,
  0x01, 0xFE, 0x00, 0x07, 0xF8, 0x00, 0x0F, 0xE0, 0x00, 0x3F, 0x00, 0x00,
  0xFC, 0x00, 0x01, 0xE0, 0x00, 0x0F, 0x80, 0x00, 0x3C, 0x00, 0x01, 0xF0,
  0x00, 0x07, 0x80, 0x00, 0x1E, 0x00, 0x00, 0xF8, 0x00, 0x03, 0xC0, 0x00,
  0x1F, 0x00, 0x00, 0x78, 0x00, 0x03, 0xE0, 0x00, 0xF0, 0x00, 0x07, 0x80,
  0x00, 0x3C, 0x00, 0x01, 0xE0, 0x00, 0x0F, 0x00, 0x00, 0x78, 0x00, 0x03,
  0xC0, 0x00, 0x1E, 0x0F, 0x00, 0xF1, 0xFF, 0x07, 0xBF, 0xFC, 0x3F, 0xFF,
  0xF1, 0xFE, 0x1F, 0xCF, 0xE0, 0x3F, 0x7C, 0x00, 0xFB, 0xE0, 0x03, 0xDE,
  0x00, 0x1F, 0xF0, 0x00, 0xFF, 0x80, 0x03, 0xFC, 0x00, 0x1F, 0xE0, 0x00,
  0xFF, 0x00, 0x0F, 0xF8, 0x00, 0x7F, 0xE0, 0x03, 0xDF, 0x80, 0x3E, 0xFE,
  0x03, 0xF7, 0xFC, 0x7F, 0x3F, 0xFF, 0xF1, 0xEF, 0xFF, 0x0F, 0x3F, 0xF0,
  0x78, 0x3C, 0x03, 0xC0, 0x00, 0x1E, 0x00, 0x00, 0xF0, 0x00, 0x07, 0x80,
  0x00, 0x3C, 0x00, 0x01, 0xE0, 0x00, 0x0F, 0x00, 0x00, 0x78, 0x00, 0x00,
  0x07, 0x87, 0x80, 0x3E, 0x1F, 0x00, 0xF8, 0x7C, 0x03, 0xE1, 0xE0, 0x07,
  0x03, 0x00, 0x00, 0x00, 0x00, 0x00, 0x00, 0x00, 0x00, 0x00, 0x00, 0x00,
  0x03, 0xE0, 0x01, 0xF7, 0xC0, 0x0F, 0x9F, 0x00, 0x3E, 0x3C, 0x00, 0xF0,
  0xF8, 0x07, 0xC1, 0xE0, 0x1E, 0x07, 0xC0, 0xF8, 0x0F, 0x03, 0xC0, 0x3C,
  0x0F, 0x00, 0xF8, 0x7C, 0x01, 0xE1, 0xE0, 0x07, 0xCF, 0x80, 0x0F, 0x3C,
  0x00, 0x3E, 0xF0, 0x00, 0x7F, 0x80, 0x01, 0xFE, 0x00, 0x03, 0xF8, 0x00,
  0x0F, 0xC0, 0x00, 0x3F, 0x00, 0x00, 0x78, 0x00, 0x03, 0xE0, 0x00, 0x0F,
  0x00, 0x00, 0x7C, 0x00, 0x01, 0xE0, 0x00, 0x07, 0x80, 0x00, 0x3E, 0x00
};

const WideGlyph GoogleSansFlex_MediumWakeSubtitleGlyphs[] PROGMEM = {
  {     0,   1,   1,   9,    0,    0 },   // 0x20 ' '
  {     1,   6,  29,  14,    4,  -28 },   // 0x21 '!'
  {    23,  11,  10,  15,    2,  -28 },   // 0x22 '"'
  {    37,  25,  29,  27,    1,  -28 },   // 0x23 '#'
  {   128,  21,  36,  25,    2,  -32 },   // 0x24 '$'
  {   223,  33,  31,  35,    1,  -29 },   // 0x25 '%'
  {   351,  24,  31,  27,    2,  -29 },   // 0x26 '&'
  {   444,   4,  10,   8,    2,  -28 },   // 0x27 '''
  {   449,  11,  39,  14,    2,  -32 },   // 0x28 '('
  {   503,  11,  39,  14,    1,  -32 },   // 0x29 ')'
  {   557,  16,  15,  18,    1,  -29 },   // 0x2A '*'
  {   587,  19,  19,  23,    2,  -21 },   // 0x2B '+'
  {   633,   6,  11,  10,    2,   -5 },   // 0x2C ','
  {   642,  12,   3,  14,    1,  -14 },   // 0x2D '-'
  {   647,   6,   6,  10,    2,   -5 },   // 0x2E '.'
  {   652,  13,  29,  14,    0,  -28 },   // 0x2F '/'
  {   700,  23,  31,  27,    2,  -29 },   // 0x30 '0'
  {   790,  11,  29,  16,    1,  -28 },   // 0x31 '1'
  {   830,  18,  30,  22,    2,  -29 },   // 0x32 '2'
  {   898,  20,  31,  23,    1,  -29 },   // 0x33 '3'
  {   976,  21,  29,  25,    2,  -28 },   // 0x34 '4'
  {  1053,  20,  30,  24,    2,  -28 },   // 0x35 '5'
  {  1128,  20,  31,  23,    2,  -29 },   // 0x36 '6'
  {  1206,  19,  30,  21,    1,  -28 },   // 0x37 '7'
  {  1278,  20,  31,  23,    2,  -29 },   // 0x38 '8'
  {  1356,  21,  31,  23,    1,  -29 },   // 0x39 '9'
  {  1438,   6,  21,  10,    2,  -20 },   // 0x3A ':'
  {  1454,   7,  26,  10,    2,  -20 },   // 0x3B ';'
  {  1477,  18,  18,  23,    3,  -21 },   // 0x3C '<'
  {  1518,  19,  12,  23,    2,  -18 },   // 0x3D '='
  {  1547,  18,  18,  23,    3,  -21 },   // 0x3E '>'
  {  1588,  18,  30,  21,    1,  -29 },   // 0x3F '?'
  {  1656,  32,  31,  36,    2,  -27 },   // 0x40 '@'
  {  1780,  28,  29,  28,    0,  -28 },   // 0x41 'A'
  {  1882,  21,  29,  26,    3,  -28 },   // 0x42 'B'
  {  1959,  27,  31,  30,    2,  -29 },   // 0x43 'C'
  {  2064,  24,  29,  29,    3,  -28 },   // 0x44 'D'
  {  2151,  18,  29,  23,    3,  -28 },   // 0x45 'E'
  {  2217,  17,  29,  22,    3,  -28 },   // 0x46 'F'
  {  2279,  29,  31,  32,    2,  -29 },   // 0x47 'G'
  {  2392,  23,  29,  29,    3,  -28 },   // 0x48 'H'
  {  2476,   5,  29,  11,    3,  -28 },   // 0x49 'I'
  {  2495,  19,  30,  22,    1,  -28 },   // 0x4A 'J'
  {  2567,  24,  29,  27,    3,  -28 },   // 0x4B 'K'
  {  2654,  17,  29,  22,    3,  -28 },   // 0x4C 'L'
  {  2716,  31,  29,  37,    3,  -28 },   // 0x4D 'M'
  {  2829,  23,  29,  30,    3,  -28 },   // 0x4E 'N'
  {  2913,  30,  31,  34,    2,  -29 },   // 0x4F 'O'
  {  3030,  20,  29,  24,    3,  -28 },   // 0x50 'P'
  {  3103,  30,  33,  34,    2,  -29 },   // 0x51 'Q'
  {  3227,  22,  29,  25,    3,  -28 },   // 0x52 'R'
  {  3307,  21,  31,  23,    1,  -29 },   // 0x53 'S'
  {  3389,  21,  29,  23,    1,  -28 },   // 0x54 'T'
  {  3466,  22,  30,  27,    3,  -28 },   // 0x55 'U'
  {  3549,  26,  29,  27,    0,  -28 },   // 0x56 'V'
  {  3644,  38,  29,  40,    1,  -28 },   // 0x57 'W'
  {  3782,  26,  29,  27,    0,  -28 },   // 0x58 'X'
  {  3877,  25,  29,  26,    0,  -28 },   // 0x59 'Y'
  {  3968,  20,  29,  24,    2,  -28 },   // 0x5A 'Z'
  {  4041,   9,  38,  16,    4,  -32 },   // 0x5B '['
  {  4084,  14,  29,  14,    0,  -28 },   // 0x5C '\'
  {  4135,   9,  38,  16,    3,  -32 },   // 0x5D ']'
  {  4178,  18,  12,  20,    1,  -28 },   // 0x5E '^'
  {  4205,  20,   4,  23,    1,    4 },   // 0x5F '_'
  {  4215,   7,   6,  18,    6,  -30 },   // 0x60 '`'
  {  4221,  19,  23,  23,    1,  -21 },   // 0x61 'a'
  {  4276,  21,  30,  25,    3,  -28 },   // 0x62 'b'
  {  4355,  21,  23,  23,    1,  -21 },   // 0x63 'c'
  {  4416,  22,  30,  25,    1,  -28 },   // 0x64 'd'
  {  4499,  21,  23,  24,    1,  -21 },   // 0x65 'e'
  {  4560,  14,  30,  16,    1,  -29 },   // 0x66 'f'
  {  4613,  21,  32,  25,    1,  -21 },   // 0x67 'g'
  {  4697,  19,  29,  24,    3,  -28 },   // 0x68 'h'
  {  4766,   6,  31,  10,    2,  -30 },   // 0x69 'i'
  {  4790,  11,  41,  10,   -3,  -30 },   // 0x6A 'j'
  {  4847,  19,  29,  22,    3,  -28 },   // 0x6B 'k'
  {  4916,   4,  29,  10,    3,  -28 },   // 0x6C 'l'
  {  4931,  32,  22,  37,    3,  -21 },   // 0x6D 'm'
  {  5019,  19,  22,  24,    3,  -21 },   // 0x6E 'n'
  {  5072,  22,  23,  25,    1,  -21 },   // 0x6F 'o'
  {  5136,  21,  31,  25,    3,  -21 },   // 0x70 'p'
  {  5218,  22,  31,  25,    1,  -21 },   // 0x71 'q'
  {  5304,  13,  22,  16,    3,  -21 },   // 0x72 'r'
  {  5340,  18,  23,  20,    1,  -21 },   // 0x73 's'
  {  5392,  13,  28,  16,    1,  -26 },   // 0x74 't'
  {  5438,  19,  22,  24,    2,  -20 },   // 0x75 'u'
  {  5491,  22,  21,  22,    0,  -20 },   // 0x76 'v'
  {  5549,  32,  21,  33,    0,  -20 },   // 0x77 'w'
  {  5633,  21,  21,  21,    0,  -20 },   // 0x78 'x'
  {  5689,  22,  30,  22,    0,  -20 },   // 0x79 'y'
  {  5772,  18,  21,  20,    1,  -20 },   // 0x7A 'z'
  {  5820,  12,  38,  16,    2,  -32 },   // 0x7B '{'
  {  5877,   4,  41,  11,    3,  -31 },   // 0x7C '|'
  {  5898,  11,  38,  16,    3,  -32 },   // 0x7D '}'
  {  5951,  20,   6,  23,    2,  -15 },   // 0x7E '~'
  {  5966,  17,  29,  23,    3,  -28 },   // 0x7F
  {  6028,  17,  29,  23,    3,  -28 },   // 0x80
  {  6090,  17,  29,  23,    3,  -28 },   // 0x81
  {  6152,  17,  29,  23,    3,  -28 },   // 0x82
  {  6214,  17,  29,  23,    3,  -28 },   // 0x83
  {  6276,  17,  29,  23,    3,  -28 },   // 0x84
  {  6338,  17,  29,  23,    3,  -28 },   // 0x85
  {  6400,  17,  29,  23,    3,  -28 },   // 0x86
  {  6462,  17,  29,  23,    3,  -28 },   // 0x87
  {  6524,  17,  29,  23,    3,  -28 },   // 0x88
  {  6586,  17,  29,  23,    3,  -28 },   // 0x89
  {  6648,  17,  29,  23,    3,  -28 },   // 0x8A
  {  6710,  17,  29,  23,    3,  -28 },   // 0x8B
  {  6772,  17,  29,  23,    3,  -28 },   // 0x8C
  {  6834,  17,  29,  23,    3,  -28 },   // 0x8D
  {  6896,  17,  29,  23,    3,  -28 },   // 0x8E
  {  6958,  17,  29,  23,    3,  -28 },   // 0x8F
  {  7020,  17,  29,  23,    3,  -28 },   // 0x90
  {  7082,  17,  29,  23,    3,  -28 },   // 0x91
  {  7144,  17,  29,  23,    3,  -28 },   // 0x92
  {  7206,  17,  29,  23,    3,  -28 },   // 0x93
  {  7268,  17,  29,  23,    3,  -28 },   // 0x94
  {  7330,  17,  29,  23,    3,  -28 },   // 0x95
  {  7392,  17,  29,  23,    3,  -28 },   // 0x96
  {  7454,  17,  29,  23,    3,  -28 },   // 0x97
  {  7516,  17,  29,  23,    3,  -28 },   // 0x98
  {  7578,  17,  29,  23,    3,  -28 },   // 0x99
  {  7640,  17,  29,  23,    3,  -28 },   // 0x9A
  {  7702,  17,  29,  23,    3,  -28 },   // 0x9B
  {  7764,  17,  29,  23,    3,  -28 },   // 0x9C
  {  7826,  17,  29,  23,    3,  -28 },   // 0x9D
  {  7888,  17,  29,  23,    3,  -28 },   // 0x9E
  {  7950,  17,  29,  23,    3,  -28 },   // 0x9F
  {  8012,   1,   1,   9,    0,    0 },   // 0xA0
  {  8013,   6,  29,  14,    4,  -20 },   // 0xA1
  {  8035,  20,  28,  24,    3,  -27 },   // 0xA2
  {  8105,  20,  30,  23,    3,  -29 },   // 0xA3
  {  8180,  19,  19,  25,    3,  -20 },   // 0xA4
  {  8226,  25,  29,  25,    0,  -28 },   // 0xA5
  {  8317,   4,  36,  11,    3,  -30 },   // 0xA6
  {  8335,  20,  40,  23,    2,  -29 },   // 0xA7
  {  8435,  14,   5,  18,    2,  -29 },   // 0xA8
  {  8444,  31,  31,  34,    2,  -29 },   // 0xA9
  {  8565,  16,  19,  20,    2,  -29 },   // 0xAA
  {  8603,  19,  19,  23,    2,  -19 },   // 0xAB
  {  8649,  19,  12,  23,    2,  -14 },   // 0xAC
  {  8678,  12,   3,  14,    1,  -14 },   // 0xAD
  {  8683,  19,  19,  22,    2,  -29 },   // 0xAE
  {  8729,  12,   3,  18,    3,  -28 },   // 0xAF
  {  8734,  12,  11,  14,    1,  -29 },   // 0xB0
  {  8751,  18,  22,  23,    3,  -21 },   // 0xB1
  {  8801,  13,  18,  15,    1,  -37 },   // 0xB2
  {  8831,  13,  18,  15,    1,  -37 },   // 0xB3
  {  8861,   7,   6,  18,    6,  -30 },   // 0xB4
  {  8867,  23,  30,  27,    3,  -20 },   // 0xB5
  {  8954,  22,  38,  26,    1,  -28 },   // 0xB6
  {  9059,   6,   6,  10,    2,  -15 },   // 0xB7
  {  9064,   9,  10,  18,    5,    1 },   // 0xB8
  {  9076,   8,  18,  11,    1,  -37 },   // 0xB9
  {  9094,  19,  19,  22,    2,  -29 },   // 0xBA
  {  9140,  19,  19,  23,    2,  -19 },   // 0xBB
  {  9186,  32,  31,  34,    1,  -29 },   // 0xBC
  {  9310,  33,  31,  35,    1,  -29 },   // 0xBD
  {  9438,  36,  31,  37,    1,  -29 },   // 0xBE
  {  9578,  17,  30,  21,    2,  -20 },   // 0xBF
  {  9642,  28,  39,  28,    0,  -38 },   // 0xC0
  {  9779,  28,  39,  28,    0,  -38 },   // 0xC1
  {  9916,  28,  39,  28,    0,  -38 },   // 0xC2
  { 10053,  28,  38,  28,    0,  -37 },   // 0xC3
  { 10186,  28,  38,  28,    0,  -37 },   // 0xC4
  { 10319,  28,  41,  28,    0,  -40 },   // 0xC5
  { 10463,  38,  29,  41,    0,  -28 },   // 0xC6
  { 10601,  27,  40,  30,    2,  -29 },   // 0xC7
  { 10736,  18,  39,  23,    3,  -38 },   // 0xC8
  { 10824,  18,  39,  23,    3,  -38 },   // 0xC9
  { 10912,  18,  39,  23,    3,  -38 },   // 0xCA
  { 11000,  18,  38,  23,    3,  -37 },   // 0xCB
  { 11086,   8,  39,  11,    0,  -38 },   // 0xCC
  { 11125,   8,  39,  11,    3,  -38 },   // 0xCD
  { 11164,  15,  39,  11,   -2,  -38 },   // 0xCE
  { 11238,  13,  38,  11,   -1,  -37 },   // 0xCF
  { 11300,  27,  29,  29,    0,  -28 },   // 0xD0
  { 11398,  23,  38,  30,    3,  -37 },   // 0xD1
  { 11508,  30,  40,  34,    2,  -38 },   // 0xD2
  { 11658,  30,  40,  34,    2,  -38 },   // 0xD3
  { 11808,  30,  40,  34,    2,  -38 },   // 0xD4
  { 11958,  30,  39,  34,    2,  -37 },   // 0xD5
  { 12105,  30,  39,  34,    2,  -37 },   // 0xD6
  { 12252,  18,  18,  23,    3,  -21 },   // 0xD7
  { 12293,  30,  32,  34,    2,  -30 },   // 0xD8
  { 12413,  22,  40,  27,    3,  -38 },   // 0xD9
  { 12523,  22,  40,  27,    3,  -38 },   // 0xDA
  { 12633,  22,  40,  27,    3,  -38 },   // 0xDB
  { 12743,  22,  39,  27,    3,  -37 },   // 0xDC
  { 12851,  25,  39,  26,    0,  -38 },   // 0xDD
  { 12973,  20,  29,  24,    3,  -28 },   // 0xDE
  { 13046,  20,  30,  24,    3,  -29 },   // 0xDF
  { 13121,  19,  32,  23,    1,  -30 },   // 0xE0
  { 13197,  19,  32,  23,    1,  -30 },   // 0xE1
  { 13273,  19,  32,  23,    1,  -30 },   // 0xE2
  { 13349,  19,  31,  23,    1,  -29 },   // 0xE3
  { 13423,  19,  31,  23,    1,  -29 },   // 0xE4
  { 13497,  19,  34,  23,    1,  -32 },   // 0xE5
  { 13578,  36,  23,  38,    1,  -21 },   // 0xE6
  { 13682,  21,  32,  23,    1,  -21 },   // 0xE7
  { 13766,  21,  32,  23,    1,  -30 },   // 0xE8
  { 13850,  21,  32,  23,    1,  -30 },   // 0xE9
  { 13934,  21,  32,  23,    1,  -30 },   // 0xEA
  { 14018,  21,  31,  23,    1,  -29 },   // 0xEB
  { 14100,   7,  31,  10,    0,  -30 },   // 0xEC
  { 14128,   7,  31,  10,    3,  -30 },   // 0xED
  { 14156,  14,  31,  10,   -2,  -30 },   // 0xEE
  { 14211,  14,  30,  10,   -2,  -29 },   // 0xEF
  { 14264,  21,  31,  24,    1,  -29 },   // 0xF0
  { 14346,  19,  30,  24,    3,  -29 },   // 0xF1
  { 14418,  22,  32,  25,    1,  -30 },   // 0xF2
  { 14506,  22,  32,  25,    1,  -30 },   // 0xF3
  { 14594,  22,  32,  25,    1,  -30 },   // 0xF4
  { 14682,  22,  31,  25,    1,  -29 },   // 0xF5
  { 14768,  22,  31,  25,    1,  -29 },   // 0xF6
  { 14854,  19,  21,  23,    2,  -22 },   // 0xF7
  { 14904,  22,  23,  25,    1,  -21 },   // 0xF8
  { 14968,  19,  32,  24,    2,  -30 },   // 0xF9
  { 15044,  19,  32,  24,    2,  -30 },   // 0xFA
  { 15120,  19,  32,  24,    2,  -30 },   // 0xFB
  { 15196,  19,  31,  24,    2,  -29 },   // 0xFC
  { 15270,  22,  40,  22,    0,  -30 },   // 0xFD
  { 15380,  21,  38,  25,    3,  -28 },   // 0xFE
  { 15480,  22,  39,  22,    0,  -29 }   // 0xFF // 0xFF
};

const WideFont GoogleSansFlex_MediumWakeSubtitle PROGMEM = {
  (uint8_t  *)GoogleSansFlex_MediumWakeSubtitleBitmaps,
  (WideGlyph *)GoogleSansFlex_MediumWakeSubtitleGlyphs,
  0x20, 0xFF, 51 };

// Approx. 17163 bytes
