#pragma once
#include "../WideFont.h"

const uint8_t GoogleSansFlex_SemiBoldSettingsTitleBitmaps[] PROGMEM = {
  0x00, 0x7F, 0xCF, 0xF9, 0xFF, 0x3F, 0xE7, 0xFC, 0xFF, 0x9F, 0xF3, 0xFE,
  0x7F, 0xCF, 0xF9, 0xFE, 0x3F, 0xC7, 0xF8, 0xFF, 0x1F, 0xE3, 0xFC, 0x7F,
  0x8F, 0xF1, 0xFE, 0x1F, 0xC3, 0xF8, 0x7F, 0x0F, 0xE1, 0xFC, 0x3F, 0x87,
  0xF0, 0xFE, 0x1F, 0xC3, 0xF8, 0x7F, 0x0F, 0xE1, 0xFC, 0x00, 0x00, 0x00,
  0x00, 0x00, 0x00, 0x40, 0x7F, 0x1F, 0xF7, 0xFE, 0xFF, 0xFF, 0xFF, 0xFF,
  0xFF, 0xE7, 0xFC, 0x7F, 0x03, 0x80, 0xFE, 0x1F, 0xFF, 0x87, 0xFF, 0xE1,
  0xFF, 0xF8, 0x7F, 0xFE, 0x1F, 0xFF, 0x87, 0xFF, 0xE1, 0xFF, 0xF8, 0x7F,
  0xFE, 0x1F, 0xFF, 0x87, 0xFF, 0xE1, 0xFF, 0xF8, 0x7F, 0xFE, 0x1F, 0xFF,
  0x87, 0xFF, 0xE1, 0xFF, 0xF8, 0x7F, 0xFE, 0x1F, 0xC0, 0x00, 0x07, 0xF0,
  0x1F, 0xC0, 0x00, 0x03, 0xF8, 0x0F, 0xE0, 0x00, 0x01, 0xFC, 0x07, 0xF0,
  0x00, 0x00, 0xFE, 0x03, 0xF8, 0x00, 0x00, 0x7E, 0x01, 0xF8, 0x00, 0x00,
  0x3F, 0x00, 0xFC, 0x00, 0x00, 0x3F, 0x80, 0x7E, 0x00, 0x00, 0x1F, 0xC0,
  0x7F, 0x00, 0x00, 0x0F, 0xE0, 0x3F, 0x80, 0x00, 0x07, 0xF0, 0x1F, 0xC0,
  0x00, 0x03, 0xF8, 0x0F, 0xE0, 0x00, 0x01, 0xF8, 0x07, 0xE0, 0x00, 0xFF,
  0xFF, 0xFF, 0xFF, 0xF8, 0xFF, 0xFF, 0xFF, 0xFF, 0xF8, 0x7F, 0xFF, 0xFF,
  0xFF, 0xFC, 0x3F, 0xFF, 0xFF, 0xFF, 0xFE, 0x1F, 0xFF, 0xFF, 0xFF, 0xFF,
  0x0F, 0xFF, 0xFF, 0xFF, 0xFF, 0x87, 0xFF, 0xFF, 0xFF, 0xFF, 0xC0, 0x03,
  0xF0, 0x0F, 0xC0, 0x00, 0x03, 0xF8, 0x07, 0xE0, 0x00, 0x01, 0xFC, 0x07,
  0xF0, 0x00, 0x00, 0xFE, 0x03, 0xF8, 0x00, 0x00, 0x7F, 0x01, 0xFC, 0x00,
  0x00, 0x3F, 0x00, 0xFE, 0x00, 0x00, 0x1F, 0x80, 0x7E, 0x00, 0x00, 0x0F,
  0xC0, 0x3F, 0x00, 0x00, 0x0F, 0xE0, 0x1F, 0x80, 0x07, 0xFF, 0xFF, 0xFF,
  0xFF, 0xC3, 0xFF, 0xFF, 0xFF, 0xFF, 0xE1, 0xFF, 0xFF, 0xFF, 0xFF, 0xF0,
  0xFF, 0xFF, 0xFF, 0xFF, 0xF8, 0x7F, 0xFF, 0xFF, 0xFF, 0xFC, 0x3F, 0xFF,
  0xFF, 0xFF, 0xFE, 0x20, 0x3F, 0x80, 0x7E, 0x00, 0x00, 0x1F, 0xC0, 0x7F,
  0x00, 0x00, 0x0F, 0xE0, 0x3F, 0x80, 0x00, 0x07, 0xF0, 0x1F, 0xC0, 0x00,
  0x03, 0xF0, 0x0F, 0xE0, 0x00, 0x01, 0xF8, 0x07, 0xE0, 0x00, 0x00, 0xFC,
  0x03, 0xF0, 0x00, 0x00, 0xFE, 0x01, 0xF8, 0x00, 0x00, 0x7F, 0x01, 0xFC,
  0x00, 0x00, 0x3F, 0x80, 0xFE, 0x00, 0x00, 0x1F, 0xC0, 0x7F, 0x00, 0x00,
  0x0F, 0xC0, 0x3F, 0x00, 0x00, 0x00, 0x01, 0xF0, 0x00, 0x00, 0x00, 0x7C,
  0x00, 0x00, 0x00, 0x1F, 0x00, 0x00, 0x00, 0x07, 0xC0, 0x00, 0x00, 0x01,
  0xF0, 0x00, 0x00, 0x00, 0x7C, 0x00, 0x00, 0x01, 0xFF, 0xE0, 0x00, 0x01,
  0xFF, 0xFF, 0x00, 0x01, 0xFF, 0xFF, 0xE0, 0x00, 0xFF, 0xFF, 0xFE, 0x00,
  0x7F, 0xFF, 0xFF, 0xC0, 0x3F, 0xFF, 0xFF, 0xF8, 0x1F, 0xFF, 0xFF, 0xFF,
  0x07, 0xFE, 0x7D, 0xFF, 0xC3, 0xFE, 0x1F, 0x1F, 0xE0, 0xFF, 0x87, 0xC3,
  0xF0, 0x3F, 0xC1, 0xF0, 0x78, 0x0F, 0xF0, 0x7C, 0x08, 0x03, 0xFC, 0x1F,
  0x00, 0x00, 0xFF, 0x07, 0xC0, 0x00, 0x3F, 0xE1, 0xF0, 0x00, 0x0F, 0xFC,
  0x7C, 0x00, 0x01, 0xFF, 0xDF, 0x00, 0x00, 0x7F, 0xFF, 0xC0, 0x00, 0x0F,
  0xFF, 0xF0, 0x00, 0x03, 0xFF, 0xFF, 0x00, 0x00, 0x7F, 0xFF, 0xF0, 0x00,
  0x07, 0xFF, 0xFF, 0x00, 0x00, 0xFF, 0xFF, 0xF0, 0x00, 0x0F, 0xFF, 0xFE,
  0x00, 0x00, 0x7F, 0xFF, 0xC0, 0x00, 0x07, 0xFF, 0xF8, 0x00, 0x01, 0xFF,
  0xFF, 0x00, 0x00, 0x7D, 0xFF, 0xC0, 0x00, 0x1F, 0x1F, 0xF8, 0x00, 0x07,
  0xC3, 0xFE, 0x00, 0x01, 0xF0, 0x7F, 0x80, 0x80, 0x7C, 0x1F, 0xE0, 0xE0,
  0x1F, 0x07, 0xFC, 0xFC, 0x07, 0xC1, 0xFE, 0x7F, 0x81, 0xF0, 0x7F, 0xBF,
  0xE0, 0x7C, 0x1F, 0xE7, 0xFE, 0x1F, 0x0F, 0xF9, 0xFF, 0xC7, 0xC7, 0xFE,
  0x3F, 0xFD, 0xF7, 0xFF, 0x07, 0xFF, 0xFF, 0xFF, 0xC1, 0xFF, 0xFF, 0xFF,
  0xE0, 0x3F, 0xFF, 0xFF, 0xF0, 0x03, 0xFF, 0xFF, 0xF8, 0x00, 0x7F, 0xFF,
  0xF8, 0x00, 0x07, 0xFF, 0xF8, 0x00, 0x00, 0x3F, 0xF0, 0x00, 0x00, 0x01,
  0xF0, 0x00, 0x00, 0x00, 0x7C, 0x00, 0x00, 0x00, 0x1F, 0x00, 0x00, 0x00,
  0x07, 0xC0, 0x00, 0x00, 0x01, 0xF0, 0x00, 0x00, 0x00, 0x00, 0x00, 0x00,
  0x01, 0x00, 0x00, 0x07, 0xF0, 0x00, 0x00, 0x0C, 0x00, 0x00, 0xFF, 0xF0,
  0x00, 0x00, 0xF8, 0x00, 0x0F, 0xFF, 0xC0, 0x00, 0x0F, 0xE0, 0x01, 0xFF,
  0xFF, 0x00, 0x00, 0x7F, 0x00, 0x0F, 0xFF, 0xFC, 0x00, 0x07, 0xF0, 0x00,
  0xFF, 0xFF, 0xF0, 0x00, 0x7F, 0x00, 0x0F, 0xF0, 0x7F, 0x80, 0x03, 0xF8,
  0x00, 0x7F, 0x00, 0xFE, 0x00, 0x3F, 0x80, 0x03, 0xF0, 0x07, 0xF0, 0x03,
  0xF8, 0x00, 0x3F, 0x80, 0x1F, 0x80, 0x1F, 0xC0, 0x01, 0xF8, 0x00, 0xFC,
  0x01, 0xFC, 0x00, 0x0F, 0xC0, 0x07, 0xE0, 0x1F, 0xC0, 0x00, 0x7E, 0x00,
  0x3F, 0x00, 0xFE, 0x00, 0x03, 0xF8, 0x01, 0xF8, 0x0F, 0xE0, 0x00, 0x0F,
  0xC0, 0x1F, 0xC0, 0xFE, 0x00, 0x00, 0x7F, 0x00, 0xFE, 0x07, 0xF0, 0x00,
  0x03, 0xFC, 0x0F, 0xE0, 0x7F, 0x00, 0x00, 0x0F, 0xFF, 0xFF, 0x07, 0xF0,
  0x00, 0x00, 0x7F, 0xFF, 0xF0, 0x3F, 0x80, 0x00, 0x01, 0xFF, 0xFF, 0x03,
  0xF8, 0x00, 0x00, 0x07, 0xFF, 0xF0, 0x3F, 0x80, 0x00, 0x00, 0x0F, 0xFF,
  0x01, 0xFC, 0x00, 0x00, 0x00, 0x1F, 0xC0, 0x1F, 0xC0, 0x00, 0x00, 0x00,
  0x00, 0x01, 0xFC, 0x00, 0x00, 0x00, 0x00, 0x00, 0x0F, 0xE0, 0x00, 0x00,
  0x00, 0x00, 0x00, 0xFE, 0x00, 0xFE, 0x00, 0x00, 0x00, 0x0F, 0xE0, 0x1F,
  0xFC, 0x00, 0x00, 0x00, 0x7F, 0x03, 0xFF, 0xF8, 0x00, 0x00, 0x07, 0xF0,
  0x3F, 0xFF, 0xE0, 0x00, 0x00, 0x7F, 0x03, 0xFF, 0xFF, 0x80, 0x00, 0x03,
  0xF8, 0x3F, 0xFF, 0xFC, 0x00, 0x00, 0x3F, 0x81, 0xFE, 0x0F, 0xF0, 0x00,
  0x03, 0xF8, 0x1F, 0xE0, 0x3F, 0x80, 0x00, 0x1F, 0xC0, 0xFE, 0x00, 0xFE,
  0x00, 0x01, 0xFC, 0x07, 0xE0, 0x07, 0xF0, 0x00, 0x1F, 0xC0, 0x3F, 0x00,
  0x1F, 0x80, 0x00, 0xFE, 0x01, 0xF8, 0x00, 0xFC, 0x00, 0x0F, 0xE0, 0x0F,
  0xC0, 0x07, 0xE0, 0x00, 0xFE, 0x00, 0x7E, 0x00, 0x7F, 0x00, 0x07, 0xF0,
  0x03, 0xF8, 0x03, 0xF8, 0x00, 0x7F, 0x00, 0x1F, 0xE0, 0x3F, 0x80, 0x07,
  0xF0, 0x00, 0x7F, 0x83, 0xFC, 0x00, 0x7F, 0x80, 0x03, 0xFF, 0xFF, 0xC0,
  0x03, 0xF8, 0x00, 0x0F, 0xFF, 0xFE, 0x00, 0x3F, 0x80, 0x00, 0x3F, 0xFF,
  0xE0, 0x01, 0xFC, 0x00, 0x00, 0xFF, 0xFE, 0x00, 0x03, 0xC0, 0x00, 0x03,
  0xFF, 0xC0, 0x00, 0x0C, 0x00, 0x00, 0x07, 0xF8, 0x00, 0x00, 0x20, 0x00,
  0x00, 0x00, 0x00, 0x00, 0x00, 0x0F, 0xFE, 0x00, 0x00, 0x00, 0x3F, 0xFF,
  0x80, 0x00, 0x00, 0x7F, 0xFF, 0xC0, 0x00, 0x00, 0xFF, 0xFF, 0xE0, 0x00,
  0x01, 0xFF, 0xFF, 0xF0, 0x00, 0x03, 0xFF, 0xFF, 0xF8, 0x00, 0x03, 0xFF,
  0xFF, 0xF8, 0x00, 0x03, 0xFE, 0x07, 0xFC, 0x00, 0x03, 0xFE, 0x03, 0xF8,
  0x00, 0x07, 0xFC, 0x03, 0xE0, 0x00, 0x07, 0xFC, 0x01, 0x80, 0x00, 0x03,
  0xFC, 0x00, 0x00, 0x00, 0x03, 0xFE, 0x00, 0x00, 0x00, 0x03, 0xFE, 0x00,
  0x00, 0x00, 0x03, 0xFF, 0x00, 0x00, 0x00, 0x01, 0xFF, 0x80, 0x00, 0x00,
  0x00, 0xFF, 0x80, 0x00, 0x00, 0x00, 0xFF, 0xC0, 0x00, 0x00, 0x00, 0xFF,
  0xE0, 0x00, 0x00, 0x01, 0xFF, 0xF0, 0x00, 0x00, 0x03, 0xFF, 0xF8, 0x00,
  0x00, 0x0F, 0xFF, 0xF8, 0x00, 0x00, 0x0F, 0xFF, 0xFC, 0x00, 0x00, 0x1F,
  0xFF, 0xFE, 0x00, 0x00, 0x3F, 0xFB, 0xFF, 0x00, 0x00, 0x7F, 0xE1, 0xFF,
  0x80, 0x00, 0x7F, 0xE1, 0xFF, 0x80, 0x40, 0x7F, 0xC0, 0xFF, 0xC0, 0x70,
  0xFF, 0x80, 0x7F, 0xE0, 0x7C, 0xFF, 0x80, 0x3F, 0xF0, 0xFF, 0xFF, 0x80,
  0x1F, 0xF8, 0xFF, 0xFF, 0x80, 0x1F, 0xFD, 0xFE, 0xFF, 0x80, 0x0F, 0xFD,
  0xFE, 0xFF, 0x80, 0x07, 0xFF, 0xFC, 0xFF, 0x80, 0x03, 0xFF, 0xFC, 0xFF,
  0x80, 0x01, 0xFF, 0xF8, 0xFF, 0xC0, 0x01, 0xFF, 0xF8, 0x7F, 0xC0, 0x00,
  0xFF, 0xF0, 0x7F, 0xE0, 0x00, 0x7F, 0xE0, 0x7F, 0xF8, 0x00, 0xFF, 0xF0,
  0x3F, 0xFE, 0x07, 0xFF, 0xF8, 0x1F, 0xFF, 0xFF, 0xFF, 0xFC, 0x1F, 0xFF,
  0xFF, 0xFF, 0xFC, 0x0F, 0xFF, 0xFF, 0xFF, 0xFE, 0x07, 0xFF, 0xFF, 0xFF,
  0xFC, 0x01, 0xFF, 0xFF, 0xF1, 0xF8, 0x00, 0x7F, 0xFF, 0xC0, 0xE0, 0x00,
  0x0F, 0xFE, 0x00, 0xC0, 0xFF, 0xFF, 0xFF, 0xFF, 0xFF, 0xFF, 0xFF, 0xFF,
  0xFF, 0xFF, 0xFF, 0xFF, 0xFF, 0xFF, 0xFE, 0x00, 0x18, 0x00, 0x0F, 0x00,
  0x03, 0xF0, 0x01, 0xFF, 0x00, 0xFF, 0xC0, 0x3F, 0xE0, 0x1F, 0xF8, 0x07,
  0xFC, 0x03, 0xFE, 0x01, 0xFF, 0x80, 0x7F, 0xC0, 0x1F, 0xF0, 0x0F, 0xF8,
  0x03, 0xFE, 0x01, 0xFF, 0x00, 0x7F, 0xC0, 0x3F, 0xE0, 0x0F, 0xF8, 0x03,
  0xFE, 0x00, 0xFF, 0x00, 0x7F, 0xC0, 0x1F, 0xF0, 0x07, 0xF8, 0x01, 0xFE,
  0x00, 0x7F, 0x80, 0x3F, 0xE0, 0x0F, 0xF8, 0x03, 0xFE, 0x00, 0xFF, 0x80,
  0x3F, 0xE0, 0x0F, 0xF8, 0x03, 0xFE, 0x00, 0xFF, 0x80, 0x3F, 0xE0, 0x0F,
  0xF8, 0x01, 0xFE, 0x00, 0x7F, 0x80, 0x1F, 0xE0, 0x07, 0xFC, 0x01, 0xFF,
  0x00, 0x7F, 0xC0, 0x0F, 0xF0, 0x03, 0xFE, 0x00, 0xFF, 0x80, 0x1F, 0xE0,
  0x07, 0xFC, 0x01, 0xFF, 0x00, 0x3F, 0xE0, 0x0F, 0xF8, 0x01, 0xFF, 0x00,
  0x7F, 0xC0, 0x0F, 0xF8, 0x03, 0xFF, 0x00, 0x7F, 0xC0, 0x1F, 0xF8, 0x03,
  0xFE, 0x00, 0x7F, 0xC0, 0x1F, 0xF0, 0x03, 0xF0, 0x00, 0x70, 0x00, 0x10,
  0x00, 0x03, 0x00, 0x01, 0xE0, 0x00, 0x7E, 0x00, 0x7F, 0xE0, 0x07, 0xFC,
  0x00, 0xFF, 0xC0, 0x0F, 0xFC, 0x00, 0xFF, 0x80, 0x1F, 0xF8, 0x01, 0xFF,
  0x00, 0x1F, 0xF0, 0x03, 0xFE, 0x00, 0x3F, 0xE0, 0x07, 0xFC, 0x00, 0x7F,
  0xC0, 0x0F, 0xF8, 0x00, 0xFF, 0x00, 0x1F, 0xF0, 0x03, 0xFE, 0x00, 0x3F,
  0xC0, 0x07, 0xF8, 0x00, 0xFF, 0x80, 0x1F, 0xF0, 0x01, 0xFE, 0x00, 0x3F,
  0xC0, 0x07, 0xF8, 0x00, 0xFF, 0x00, 0x1F, 0xF0, 0x03, 0xFE, 0x00, 0x7F,
  0xC0, 0x0F, 0xF8, 0x01, 0xFF, 0x00, 0x3F, 0xE0, 0x07, 0xF8, 0x00, 0xFF,
  0x00, 0x1F, 0xE0, 0x03, 0xFC, 0x00, 0xFF, 0x80, 0x1F, 0xF0, 0x03, 0xFE,
  0x00, 0x7F, 0x80, 0x0F, 0xF0, 0x03, 0xFE, 0x00, 0x7F, 0xC0, 0x1F, 0xF0,
  0x03, 0xFE, 0x00, 0x7F, 0xC0, 0x1F, 0xF0, 0x03, 0xFE, 0x00, 0xFF, 0x80,
  0x3F, 0xF0, 0x07, 0xFC, 0x01, 0xFF, 0x80, 0x3F, 0xE0, 0x0F, 0xF8, 0x03,
  0xFF, 0x00, 0xFF, 0xC0, 0x0F, 0xF8, 0x00, 0x7E, 0x00, 0x03, 0x80, 0x00,
  0x30, 0x00, 0x00, 0x1F, 0x80, 0x00, 0x03, 0xF0, 0x00, 0x00, 0x7E, 0x00,
  0x00, 0x0F, 0xC0, 0x00, 0x01, 0xF8, 0x00, 0x00, 0x3F, 0x00, 0x0E, 0x07,
  0xE0, 0x61, 0xF0, 0xFC, 0x7C, 0x3F, 0xDF, 0xBF, 0xCF, 0xFF, 0xFF, 0xF9,
  0xFF, 0xFF, 0xFF, 0xFF, 0xFF, 0xFF, 0xE0, 0xFF, 0xFF, 0xE0, 0x03, 0xFF,
  0xE0, 0x00, 0x1F, 0xF8, 0x00, 0x07, 0xFF, 0x00, 0x01, 0xFF, 0xF0, 0x00,
  0x7F, 0x7F, 0x00, 0x0F, 0xE7, 0xF0, 0x03, 0xF8, 0xFF, 0x00, 0xFE, 0x0F,
  0xE0, 0x3F, 0xC0, 0xFE, 0x03, 0xF0, 0x1F, 0x80, 0x1C, 0x01, 0xC0, 0x01,
  0x80, 0x10, 0x00, 0x00, 0x1F, 0xE0, 0x00, 0x00, 0x7F, 0x80, 0x00, 0x01,
  0xFE, 0x00, 0x00, 0x07, 0xF8, 0x00, 0x00, 0x1F, 0xE0, 0x00, 0x00, 0x7F,
  0x80, 0x00, 0x01, 0xFE, 0x00, 0x00, 0x07, 0xF8, 0x00, 0x00, 0x1F, 0xE0,
  0x00, 0x00, 0x7F, 0x80, 0x00, 0x01, 0xFE, 0x00, 0x3F, 0xFF, 0xFF, 0xFF,
  0xFF, 0xFF, 0xFF, 0xFF, 0xFF, 0xFF, 0xFF, 0xFF, 0xFF, 0xFF, 0xFF, 0xFF,
  0xFF, 0xFF, 0xFF, 0xFF, 0xFF, 0xFF, 0xFF, 0xFF, 0xFF, 0xFF, 0xF0, 0x01,
  0xFE, 0x00, 0x00, 0x07, 0xF8, 0x00, 0x00, 0x1F, 0xE0, 0x00, 0x00, 0x7F,
  0x80, 0x00, 0x01, 0xFE, 0x00, 0x00, 0x07, 0xF8, 0x00, 0x00, 0x1F, 0xE0,
  0x00, 0x00, 0x7F, 0x80, 0x00, 0x01, 0xFE, 0x00, 0x00, 0x07, 0xF8, 0x00,
  0x00, 0x1F, 0xE0, 0x00, 0x00, 0x7F, 0x80, 0x00, 0x0F, 0xC3, 0xFE, 0x3F,
  0xF7, 0xFF, 0x7F, 0xF7, 0xFF, 0x7F, 0xF3, 0xFF, 0x1F, 0xE0, 0xFE, 0x1F,
  0xC1, 0xF8, 0x3F, 0x87, 0xF0, 0x7E, 0x0F, 0xE0, 0x3C, 0x01, 0x80, 0xFF,
  0xFF, 0xFF, 0xFF, 0xFF, 0xFF, 0xFF, 0xFF, 0xFF, 0xFF, 0xFF, 0xFF, 0xFF,
  0xFF, 0xFF, 0xFF, 0xF8, 0x3F, 0x8F, 0xF9, 0xFF, 0xFF, 0xFF, 0xFF, 0xFF,
  0xFF, 0xFB, 0xFF, 0x7F, 0xC7, 0xF0, 0x10, 0x00, 0x00, 0x01, 0xFE, 0x00,
  0x07, 0xF8, 0x00, 0x0F, 0xF0, 0x00, 0x1F, 0xE0, 0x00, 0x7F, 0x80, 0x00,
  0xFF, 0x00, 0x01, 0xFE, 0x00, 0x07, 0xF8, 0x00, 0x0F, 0xF0, 0x00, 0x1F,
  0xE0, 0x00, 0x3F, 0x80, 0x00, 0xFF, 0x00, 0x01, 0xFE, 0x00, 0x03, 0xF8,
  0x00, 0x0F, 0xF0, 0x00, 0x1F, 0xE0, 0x00, 0x3F, 0xC0, 0x00, 0xFF, 0x00,
  0x01, 0xFE, 0x00, 0x03, 0xFC, 0x00, 0x0F, 0xF0, 0x00, 0x1F, 0xE0, 0x00,
  0x3F, 0xC0, 0x00, 0xFF, 0x00, 0x01, 0xFE, 0x00, 0x03, 0xFC, 0x00, 0x0F,
  0xF0, 0x00, 0x1F, 0xE0, 0x00, 0x3F, 0xC0, 0x00, 0x7F, 0x00, 0x01, 0xFE,
  0x00, 0x03, 0xFC, 0x00, 0x07, 0xF8, 0x00, 0x1F, 0xE0, 0x00, 0x3F, 0xC0,
  0x00, 0x7F, 0x80, 0x01, 0xFE, 0x00, 0x03, 0xFC, 0x00, 0x07, 0xF8, 0x00,
  0x1F, 0xE0, 0x00, 0x3F, 0xC0, 0x00, 0x7F, 0x80, 0x01, 0xFE, 0x00, 0x03,
  0xFC, 0x00, 0x07, 0xF8, 0x00, 0x1F, 0xE0, 0x00, 0x00, 0x00, 0x07, 0xFF,
  0x00, 0x00, 0x01, 0xFF, 0xFE, 0x00, 0x00, 0x1F, 0xFF, 0xFC, 0x00, 0x03,
  0xFF, 0xFF, 0xF0, 0x00, 0x3F, 0xFF, 0xFF, 0xC0, 0x03, 0xFF, 0xFF, 0xFF,
  0x00, 0x1F, 0xFF, 0xFF, 0xFC, 0x01, 0xFF, 0xFF, 0xFF, 0xE0, 0x1F, 0xFE,
  0x07, 0xFF, 0x80, 0xFF, 0xC0, 0x0F, 0xFE, 0x0F, 0xFC, 0x00, 0x3F, 0xF0,
  0x7F, 0xC0, 0x00, 0xFF, 0x83, 0xFE, 0x00, 0x03, 0xFE, 0x3F, 0xE0, 0x00,
  0x1F, 0xF1, 0xFF, 0x00, 0x00, 0xFF, 0x8F, 0xF8, 0x00, 0x03, 0xFE, 0xFF,
  0x80, 0x00, 0x1F, 0xF7, 0xFC, 0x00, 0x00, 0xFF, 0xBF, 0xE0, 0x00, 0x07,
  0xFD, 0xFF, 0x00, 0x00, 0x1F, 0xEF, 0xF8, 0x00, 0x00, 0xFF, 0x7F, 0xC0,
  0x00, 0x07, 0xFB, 0xFE, 0x00, 0x00, 0x3F, 0xFF, 0xF0, 0x00, 0x01, 0xFF,
  0xFF, 0x80, 0x00, 0x0F, 0xFF, 0xFC, 0x00, 0x00, 0x7F, 0xBF, 0xE0, 0x00,
  0x03, 0xFD, 0xFF, 0x00, 0x00, 0x1F, 0xEF, 0xF8, 0x00, 0x00, 0xFF, 0x7F,
  0xC0, 0x00, 0x0F, 0xFB, 0xFE, 0x00, 0x00, 0x7F, 0xCF, 0xF0, 0x00, 0x03,
  0xFE, 0x7F, 0xC0, 0x00, 0x1F, 0xF3, 0xFE, 0x00, 0x01, 0xFF, 0x1F, 0xF0,
  0x00, 0x0F, 0xF8, 0x7F, 0xC0, 0x00, 0xFF, 0xC3, 0xFF, 0x00, 0x07, 0xFC,
  0x1F, 0xF8, 0x00, 0x7F, 0xE0, 0x7F, 0xF0, 0x07, 0xFE, 0x01, 0xFF, 0xE0,
  0xFF, 0xF0, 0x0F, 0xFF, 0xFF, 0xFF, 0x00, 0x3F, 0xFF, 0xFF, 0xF0, 0x00,
  0xFF, 0xFF, 0xFF, 0x80, 0x03, 0xFF, 0xFF, 0xF8, 0x00, 0x0F, 0xFF, 0xFF,
  0x80, 0x00, 0x3F, 0xFF, 0xF0, 0x00, 0x00, 0x7F, 0xFF, 0x00, 0x00, 0x00,
  0xFF, 0xC0, 0x00, 0x00, 0x07, 0xF0, 0x00, 0xFF, 0x00, 0x3F, 0xF0, 0x07,
  0xFF, 0x00, 0xFF, 0xF0, 0x3F, 0xFF, 0x07, 0xFF, 0xF1, 0xFF, 0xFF, 0x3F,
  0xFF, 0xFF, 0xFF, 0xFF, 0x7F, 0xFF, 0xF3, 0xFD, 0xFF, 0x1F, 0x9F, 0xF1,
  0xF1, 0xFF, 0x0C, 0x1F, 0xF0, 0x01, 0xFF, 0x00, 0x1F, 0xF0, 0x01, 0xFF,
  0x00, 0x1F, 0xF0, 0x01, 0xFF, 0x00, 0x1F, 0xF0, 0x01, 0xFF, 0x00, 0x1F,
  0xF0, 0x01, 0xFF, 0x00, 0x1F, 0xF0, 0x01, 0xFF, 0x00, 0x1F, 0xF0, 0x01,
  0xFF, 0x00, 0x1F, 0xF0, 0x01, 0xFF, 0x00, 0x1F, 0xF0, 0x01, 0xFF, 0x00,
  0x1F, 0xF0, 0x01, 0xFF, 0x00, 0x1F, 0xF0, 0x01, 0xFF, 0x00, 0x1F, 0xF0,
  0x01, 0xFF, 0x00, 0x1F, 0xF0, 0x01, 0xFF, 0x00, 0x1F, 0xF0, 0x01, 0xFF,
  0x00, 0x1F, 0xF0, 0x01, 0xFF, 0x00, 0x1F, 0xF0, 0x01, 0xFF, 0x00, 0x3F,
  0xF8, 0x00, 0x01, 0xFF, 0xFE, 0x00, 0x0F, 0xFF, 0xFE, 0x00, 0x3F, 0xFF,
  0xFE, 0x00, 0xFF, 0xFF, 0xFE, 0x03, 0xFF, 0xFF, 0xFE, 0x0F, 0xFF, 0xFF,
  0xFE, 0x1F, 0xFF, 0xFF, 0xFC, 0x7F, 0xF0, 0x1F, 0xFC, 0xFF, 0xC0, 0x1F,
  0xFB, 0xFF, 0x00, 0x1F, 0xF0, 0xFC, 0x00, 0x3F, 0xE0, 0x70, 0x00, 0x7F,
  0xC0, 0x20, 0x00, 0x7F, 0x80, 0x00, 0x00, 0xFF, 0x00, 0x00, 0x03, 0xFE,
  0x00, 0x00, 0x07, 0xFC, 0x00, 0x00, 0x0F, 0xF8, 0x00, 0x00, 0x3F, 0xE0,
  0x00, 0x00, 0x7F, 0xC0, 0x00, 0x01, 0xFF, 0x00, 0x00, 0x07, 0xFE, 0x00,
  0x00, 0x1F, 0xF8, 0x00, 0x00, 0x7F, 0xF0, 0x00, 0x01, 0xFF, 0xC0, 0x00,
  0x07, 0xFF, 0x00, 0x00, 0x0F, 0xFC, 0x00, 0x00, 0x3F, 0xF0, 0x00, 0x00,
  0xFF, 0xC0, 0x00, 0x03, 0xFF, 0x00, 0x00, 0x0F, 0xFC, 0x00, 0x00, 0x3F,
  0xF0, 0x00, 0x00, 0xFF, 0xC0, 0x00, 0x03, 0xFF, 0x00, 0x00, 0x0F, 0xFC,
  0x00, 0x00, 0x3F, 0xF0, 0x00, 0x00, 0xFF, 0xC0, 0x00, 0x03, 0xFF, 0x00,
  0x00, 0x0F, 0xFC, 0x00, 0x00, 0x3F, 0xFF, 0xFF, 0xFF, 0x7F, 0xFF, 0xFF,
  0xFE, 0xFF, 0xFF, 0xFF, 0xFD, 0xFF, 0xFF, 0xFF, 0xFB, 0xFF, 0xFF, 0xFF,
  0xF7, 0xFF, 0xFF, 0xFF, 0xEF, 0xFF, 0xFF, 0xFF, 0xDF, 0xFF, 0xFF, 0xFF,
  0x80, 0x00, 0x3F, 0xFC, 0x00, 0x00, 0xFF, 0xFF, 0x00, 0x03, 0xFF, 0xFF,
  0xC0, 0x07, 0xFF, 0xFF, 0xE0, 0x0F, 0xFF, 0xFF, 0xF0, 0x1F, 0xFF, 0xFF,
  0xF0, 0x1F, 0xFF, 0xFF, 0xF8, 0x3F, 0xF8, 0x7F, 0xF8, 0x7F, 0xE0, 0x1F,
  0xFC, 0x3F, 0xC0, 0x0F, 0xFC, 0x1F, 0x80, 0x07, 0xFC, 0x07, 0x00, 0x07,
  0xFC, 0x01, 0x00, 0x03, 0xFC, 0x00, 0x00, 0x03, 0xFC, 0x00, 0x00, 0x07,
  0xFC, 0x00, 0x00, 0x07, 0xFC, 0x00, 0x00, 0x07, 0xF8, 0x00, 0x00, 0x0F,
  0xF8, 0x00, 0x00, 0x1F, 0xF0, 0x00, 0x00, 0xFF, 0xE0, 0x00, 0x1F, 0xFF,
  0xC0, 0x00, 0x1F, 0xFF, 0x80, 0x00, 0x1F, 0xFF, 0x00, 0x00, 0x1F, 0xFF,
  0xC0, 0x00, 0x1F, 0xFF, 0xE0, 0x00, 0x1F, 0xFF, 0xF0, 0x00, 0x00, 0x7F,
  0xF8, 0x00, 0x00, 0x0F, 0xFC, 0x00, 0x00, 0x07, 0xFC, 0x00, 0x00, 0x03,
  0xFE, 0x00, 0x00, 0x03, 0xFE, 0x00, 0x00, 0x01, 0xFE, 0x00, 0x00, 0x01,
  0xFE, 0x00, 0x00, 0x01, 0xFF, 0x07, 0x00, 0x01, 0xFF, 0x3F, 0x00, 0x01,
  0xFE, 0xFF, 0x80, 0x03, 0xFE, 0xFF, 0x80, 0x03, 0xFE, 0x7F, 0xC0, 0x07,
  0xFE, 0x7F, 0xF0, 0x1F, 0xFC, 0x3F, 0xFE, 0xFF, 0xFC, 0x3F, 0xFF, 0xFF,
  0xF8, 0x1F, 0xFF, 0xFF, 0xF8, 0x0F, 0xFF, 0xFF, 0xF0, 0x07, 0xFF, 0xFF,
  0xE0, 0x03, 0xFF, 0xFF, 0x80, 0x00, 0xFF, 0xFF, 0x00, 0x00, 0x3F, 0xF8,
  0x00, 0x00, 0x00, 0x0F, 0xFC, 0x00, 0x00, 0x03, 0xFF, 0x80, 0x00, 0x00,
  0x7F, 0xF0, 0x00, 0x00, 0x1F, 0xFE, 0x00, 0x00, 0x07, 0xFF, 0xC0, 0x00,
  0x00, 0xFF, 0xF8, 0x00, 0x00, 0x3F, 0xFF, 0x00, 0x00, 0x0F, 0xFF, 0xE0,
  0x00, 0x01, 0xFF, 0xFC, 0x00, 0x00, 0x7F, 0xFF, 0x80, 0x00, 0x1F, 0xEF,
  0xF0, 0x00, 0x03, 0xFD, 0xFE, 0x00, 0x00, 0xFF, 0x3F, 0xC0, 0x00, 0x3F,
  0xC7, 0xF8, 0x00, 0x07, 0xF8, 0xFF, 0x00, 0x01, 0xFE, 0x1F, 0xE0, 0x00,
  0x7F, 0x83, 0xFC, 0x00, 0x0F, 0xF0, 0x7F, 0x80, 0x03, 0xFC, 0x0F, 0xF0,
  0x00, 0xFF, 0x01, 0xFE, 0x00, 0x1F, 0xE0, 0x3F, 0xC0, 0x07, 0xF8, 0x07,
  0xF8, 0x01, 0xFE, 0x00, 0xFF, 0x00, 0x3F, 0xC0, 0x1F, 0xE0, 0x0F, 0xF0,
  0x03, 0xFC, 0x03, 0xFC, 0x00, 0x7F, 0x80, 0x7F, 0x80, 0x0F, 0xF0, 0x1F,
  0xE0, 0x01, 0xFE, 0x07, 0xF8, 0x00, 0x3F, 0xC0, 0xFF, 0x00, 0x07, 0xFF,
  0xFF, 0xFF, 0xFF, 0xFF, 0xFF, 0xFF, 0xFF, 0xFF, 0xFF, 0xFF, 0xFF, 0xFF,
  0xFF, 0xFF, 0xFF, 0xFF, 0xFF, 0xFF, 0xFF, 0xFF, 0xFF, 0xFF, 0xFF, 0xFF,
  0xFF, 0xFF, 0xFF, 0xFF, 0xFF, 0xFF, 0xFE, 0x00, 0x00, 0x0F, 0xF8, 0x00,
  0x00, 0x01, 0xFF, 0x00, 0x00, 0x00, 0x3F, 0xE0, 0x00, 0x00, 0x07, 0xFC,
  0x00, 0x00, 0x00, 0xFF, 0x80, 0x00, 0x00, 0x1F, 0xF0, 0x00, 0x00, 0x03,
  0xFE, 0x00, 0x00, 0x00, 0x7F, 0xC0, 0x00, 0x00, 0x0F, 0xF8, 0x00, 0x07,
  0xFF, 0xFF, 0xFC, 0x03, 0xFF, 0xFF, 0xFE, 0x01, 0xFF, 0xFF, 0xFF, 0x01,
  0xFF, 0xFF, 0xFF, 0x80, 0xFF, 0xFF, 0xFF, 0xC0, 0x7F, 0xFF, 0xFF, 0xE0,
  0x3F, 0xFF, 0xFF, 0xF0, 0x1F, 0xC0, 0x00, 0x00, 0x0F, 0xE0, 0x00, 0x00,
  0x07, 0xF0, 0x00, 0x00, 0x03, 0xF8, 0x00, 0x00, 0x03, 0xFC, 0x00, 0x00,
  0x01, 0xFE, 0x00, 0x00, 0x00, 0xFF, 0x00, 0x00, 0x00, 0x7F, 0x80, 0x00,
  0x00, 0x3F, 0x80, 0x00, 0x00, 0x1F, 0xC0, 0x20, 0x00, 0x0F, 0xE3, 0xFF,
  0x80, 0x07, 0xF7, 0xFF, 0xF0, 0x07, 0xFF, 0xFF, 0xFE, 0x03, 0xFF, 0xFF,
  0xFF, 0x81, 0xFF, 0xFF, 0xFF, 0xE0, 0xFF, 0xFF, 0xFF, 0xF0, 0x7F, 0xFE,
  0x7F, 0xFC, 0x0F, 0xF0, 0x07, 0xFE, 0x01, 0xF0, 0x01, 0xFF, 0x80, 0x10,
  0x00, 0x7F, 0xC0, 0x00, 0x00, 0x3F, 0xE0, 0x00, 0x00, 0x0F, 0xF8, 0x00,
  0x00, 0x07, 0xFC, 0x00, 0x00, 0x03, 0xFE, 0x00, 0x00, 0x01, 0xFF, 0x01,
  0x00, 0x00, 0xFF, 0x87, 0xC0, 0x00, 0x7F, 0xCF, 0xE0, 0x00, 0x3F, 0xFF,
  0xF8, 0x00, 0x3F, 0xE7, 0xFC, 0x00, 0x3F, 0xF3, 0xFF, 0x00, 0x3F, 0xF8,
  0xFF, 0xE0, 0x3F, 0xF8, 0x7F, 0xFF, 0xFF, 0xFC, 0x1F, 0xFF, 0xFF, 0xFC,
  0x07, 0xFF, 0xFF, 0xFC, 0x03, 0xFF, 0xFF, 0xFC, 0x00, 0x7F, 0xFF, 0xFC,
  0x00, 0x1F, 0xFF, 0xFC, 0x00, 0x03, 0xFF, 0xF8, 0x00, 0x00, 0x7F, 0xE0,
  0x00, 0x00, 0x00, 0x10, 0x00, 0x00, 0x00, 0x0E, 0x00, 0x00, 0x00, 0x03,
  0xE0, 0x00, 0x00, 0x01, 0xFC, 0x00, 0x00, 0x00, 0xFF, 0xC0, 0x00, 0x00,
  0x7F, 0xF0, 0x00, 0x00, 0x1F, 0xF8, 0x00, 0x00, 0x0F, 0xFC, 0x00, 0x00,
  0x07, 0xFF, 0x00, 0x00, 0x03, 0xFF, 0x80, 0x00, 0x00, 0xFF, 0xC0, 0x00,
  0x00, 0x7F, 0xE0, 0x00, 0x00, 0x3F, 0xF8, 0x00, 0x00, 0x1F, 0xFC, 0x00,
  0x00, 0x07, 0xFE, 0x00, 0x00, 0x03, 0xFF, 0x00, 0x00, 0x01, 0xFF, 0xC0,
  0x00, 0x00, 0x7F, 0xE0, 0x00, 0x00, 0x3F, 0xFF, 0xE0, 0x00, 0x1F, 0xFF,
  0xFF, 0x00, 0x07, 0xFF, 0xFF, 0xF0, 0x03, 0xFF, 0xFF, 0xFE, 0x01, 0xFF,
  0xFF, 0xFF, 0xC0, 0x7F, 0xFF, 0xFF, 0xF8, 0x3F, 0xFF, 0xFF, 0xFF, 0x0F,
  0xFF, 0x03, 0xFF, 0xC7, 0xFF, 0x00, 0x3F, 0xF9, 0xFF, 0x80, 0x07, 0xFE,
  0x7F, 0xC0, 0x00, 0xFF, 0x9F, 0xF0, 0x00, 0x3F, 0xEF, 0xF8, 0x00, 0x07,
  0xFF, 0xFE, 0x00, 0x01, 0xFF, 0xFF, 0x80, 0x00, 0x7F, 0xFF, 0xE0, 0x00,
  0x1F, 0xFF, 0xF8, 0x00, 0x07, 0xFF, 0xFE, 0x00, 0x01, 0xFF, 0x7F, 0xC0,
  0x00, 0x7F, 0x9F, 0xF0, 0x00, 0x3F, 0xE7, 0xFE, 0x00, 0x1F, 0xF8, 0xFF,
  0xC0, 0x0F, 0xFC, 0x3F, 0xFC, 0x07, 0xFF, 0x07, 0xFF, 0xFF, 0xFF, 0x81,
  0xFF, 0xFF, 0xFF, 0xE0, 0x3F, 0xFF, 0xFF, 0xF0, 0x07, 0xFF, 0xFF, 0xF8,
  0x00, 0xFF, 0xFF, 0xFC, 0x00, 0x0F, 0xFF, 0xFC, 0x00, 0x01, 0xFF, 0xFC,
  0x00, 0x00, 0x0F, 0xFC, 0x00, 0x00, 0xFF, 0xFF, 0xFF, 0xFF, 0xFF, 0xFF,
  0xFF, 0xFF, 0xFF, 0xFF, 0xFF, 0xFF, 0xFF, 0xFF, 0xFF, 0xFF, 0xFF, 0xFF,
  0xFF, 0xFF, 0xFF, 0xFF, 0xFF, 0xFF, 0xFF, 0xFF, 0xC0, 0x00, 0x01, 0xFF,
  0x00, 0x00, 0x0F, 0xF8, 0x00, 0x00, 0x3F, 0xE0, 0x00, 0x01, 0xFF, 0x00,
  0x00, 0x07, 0xFC, 0x00, 0x00, 0x3F, 0xE0, 0x00, 0x00, 0xFF, 0x80, 0x00,
  0x07, 0xFC, 0x00, 0x00, 0x1F, 0xF0, 0x00, 0x00, 0xFF, 0x80, 0x00, 0x07,
  0xFE, 0x00, 0x00, 0x1F, 0xF0, 0x00, 0x00, 0xFF, 0xC0, 0x00, 0x03, 0xFE,
  0x00, 0x00, 0x1F, 0xF8, 0x00, 0x00, 0x7F, 0xC0, 0x00, 0x03, 0xFF, 0x00,
  0x00, 0x0F, 0xF8, 0x00, 0x00, 0x7F, 0xE0, 0x00, 0x01, 0xFF, 0x00, 0x00,
  0x0F, 0xFC, 0x00, 0x00, 0x7F, 0xE0, 0x00, 0x01, 0xFF, 0x00, 0x00, 0x0F,
  0xFC, 0x00, 0x00, 0x3F, 0xE0, 0x00, 0x01, 0xFF, 0x80, 0x00, 0x07, 0xFC,
  0x00, 0x00, 0x3F, 0xF0, 0x00, 0x00, 0xFF, 0x80, 0x00, 0x07, 0xFE, 0x00,
  0x00, 0x1F, 0xF0, 0x00, 0x00, 0xFF, 0xC0, 0x00, 0x07, 0xFE, 0x00, 0x00,
  0x1F, 0xF8, 0x00, 0x00, 0xFF, 0xC0, 0x00, 0x03, 0xFF, 0x00, 0x00, 0x1F,
  0xF8, 0x00, 0x00, 0x0F, 0xE0, 0x00, 0x00, 0x0F, 0x00, 0x00, 0x00, 0x0C,
  0x00, 0x00, 0x00, 0x00, 0x1F, 0xFC, 0x00, 0x00, 0x3F, 0xFF, 0xC0, 0x00,
  0x7F, 0xFF, 0xF0, 0x00, 0x7F, 0xFF, 0xFC, 0x00, 0x7F, 0xFF, 0xFF, 0x00,
  0x7F, 0xFF, 0xFF, 0xC0, 0x3F, 0xFF, 0xFF, 0xF0, 0x3F, 0xF8, 0x3F, 0xF8,
  0x1F, 0xF0, 0x07, 0xFC, 0x0F, 0xF0, 0x01, 0xFF, 0x0F, 0xF8, 0x00, 0x7F,
  0x87, 0xF8, 0x00, 0x3F, 0xC3, 0xFC, 0x00, 0x1F, 0xE1, 0xFE, 0x00, 0x0F,
  0xF0, 0xFF, 0x00, 0x07, 0xF8, 0x7F, 0x80, 0x03, 0xFC, 0x1F, 0xE0, 0x03,
  0xFE, 0x0F, 0xF8, 0x01, 0xFE, 0x03, 0xFE, 0x01, 0xFF, 0x01, 0xFF, 0xC7,
  0xFF, 0x00, 0x7F, 0xFF, 0xFF, 0x00, 0x1F, 0xFF, 0xFF, 0x00, 0x03, 0xFF,
  0xFE, 0x00, 0x03, 0xFF, 0xFF, 0xC0, 0x07, 0xFF, 0xFF, 0xF0, 0x07, 0xFF,
  0xFF, 0xFC, 0x07, 0xFF, 0x07, 0xFF, 0x07, 0xFE, 0x00, 0xFF, 0xC3, 0xFE,
  0x00, 0x3F, 0xE3, 0xFE, 0x00, 0x0F, 0xF9, 0xFF, 0x00, 0x03, 0xFC, 0xFF,
  0x00, 0x01, 0xFF, 0x7F, 0x80, 0x00, 0xFF, 0xFF, 0xC0, 0x00, 0x7F, 0xFF,
  0xE0, 0x00, 0x3F, 0xEF, 0xF0, 0x00, 0x1F, 0xF7, 0xFC, 0x00, 0x0F, 0xFB,
  0xFE, 0x00, 0x0F, 0xF9, 0xFF, 0x80, 0x0F, 0xFC, 0xFF, 0xE0, 0x0F, 0xFE,
  0x3F, 0xFE, 0x1F, 0xFE, 0x0F, 0xFF, 0xFF, 0xFF, 0x07, 0xFF, 0xFF, 0xFF,
  0x01, 0xFF, 0xFF, 0xFF, 0x00, 0x7F, 0xFF, 0xFF, 0x00, 0x0F, 0xFF, 0xFF,
  0x00, 0x01, 0xFF, 0xFE, 0x00, 0x00, 0x3F, 0xF8, 0x00, 0x00, 0x1F, 0xFC,
  0x00, 0x00, 0x3F, 0xFF, 0xC0, 0x00, 0x7F, 0xFF, 0xF0, 0x00, 0x7F, 0xFF,
  0xFE, 0x00, 0xFF, 0xFF, 0xFF, 0x80, 0x7F, 0xFF, 0xFF, 0xE0, 0x7F, 0xFF,
  0xFF, 0xF8, 0x7F, 0xFF, 0xFF, 0xFC, 0x3F, 0xF0, 0x0F, 0xFF, 0x3F, 0xF0,
  0x01, 0xFF, 0x9F, 0xF0, 0x00, 0x7F, 0xDF, 0xF0, 0x00, 0x1F, 0xFF, 0xF8,
  0x00, 0x0F, 0xFF, 0xFC, 0x00, 0x07, 0xFF, 0xFC, 0x00, 0x01, 0xFF, 0xFE,
  0x00, 0x00, 0xFF, 0xFF, 0x00, 0x00, 0x7F, 0xFF, 0xC0, 0x00, 0x7F, 0xFF,
  0xE0, 0x00, 0x3F, 0xFF, 0xF0, 0x00, 0x1F, 0xFF, 0xFC, 0x00, 0x1F, 0xFB,
  0xFF, 0x00, 0x1F, 0xF9, 0xFF, 0xC0, 0x1F, 0xFC, 0x7F, 0xFC, 0x7F, 0xFE,
  0x3F, 0xFF, 0xFF, 0xFE, 0x0F, 0xFF, 0xFF, 0xFF, 0x03, 0xFF, 0xFF, 0xFF,
  0x00, 0xFF, 0xFF, 0xFF, 0x00, 0x3F, 0xFF, 0xFF, 0x80, 0x07, 0xFF, 0xFF,
  0x80, 0x00, 0x19, 0xFF, 0x80, 0x00, 0x00, 0xFF, 0xC0, 0x00, 0x00, 0xFF,
  0xC0, 0x00, 0x00, 0xFF, 0xC0, 0x00, 0x00, 0xFF, 0xE0, 0x00, 0x00, 0x7F,
  0xE0, 0x00, 0x00, 0x7F, 0xE0, 0x00, 0x00, 0x7F, 0xE0, 0x00, 0x00, 0x7F,
  0xF0, 0x00, 0x00, 0x3F, 0xF0, 0x00, 0x00, 0x3F, 0xF0, 0x00, 0x00, 0x3F,
  0xF8, 0x00, 0x00, 0x3F, 0xF8, 0x00, 0x00, 0x3F, 0xF8, 0x00, 0x00, 0x07,
  0xF8, 0x00, 0x00, 0x01, 0xFC, 0x00, 0x00, 0x00, 0x7C, 0x00, 0x00, 0x00,
  0x0C, 0x00, 0x00, 0x00, 0x02, 0x00, 0x00, 0x00, 0x0C, 0x07, 0xF1, 0xFF,
  0x3F, 0xFF, 0xFF, 0xFF, 0xFF, 0xFF, 0xFF, 0x7F, 0xEF, 0xF8, 0x7E, 0x00,
  0x00, 0x00, 0x00, 0x00, 0x00, 0x00, 0x00, 0x00, 0x00, 0x00, 0x00, 0x00,
  0x00, 0x00, 0x00, 0x00, 0x00, 0x3F, 0x8F, 0xF9, 0xFF, 0xFF, 0xFF, 0xFF,
  0xFF, 0xFF, 0xFB, 0xFF, 0x7F, 0xC7, 0xF0, 0x10, 0x00, 0x01, 0x00, 0x7F,
  0x07, 0xFC, 0x7F, 0xE3, 0xFF, 0x9F, 0xFC, 0xFF, 0xE7, 0xFF, 0x3F, 0xF0,
  0xFF, 0x03, 0xF0, 0x00, 0x00, 0x00, 0x00, 0x00, 0x00, 0x00, 0x00, 0x00,
  0x00, 0x00, 0x00, 0x00, 0x00, 0x00, 0x00, 0x00, 0x00, 0x00, 0x00, 0x00,
  0x0F, 0xC1, 0xFF, 0x0F, 0xFC, 0xFF, 0xE7, 0xFF, 0x3F, 0xF9, 0xFF, 0xC7,
  0xFE, 0x1F, 0xE0, 0x7F, 0x07, 0xF0, 0x3F, 0x03, 0xF8, 0x3F, 0x81, 0xF8,
  0x1F, 0xC0, 0x3C, 0x00, 0xC0, 0x00, 0x00, 0x00, 0x00, 0x18, 0x00, 0x00,
  0x03, 0xC0, 0x00, 0x00, 0xFE, 0x00, 0x00, 0x1F, 0xF0, 0x00, 0x07, 0xFF,
  0x80, 0x00, 0xFF, 0xFC, 0x00, 0x3F, 0xFF, 0xE0, 0x07, 0xFF, 0xFF, 0x01,
  0xFF, 0xFF, 0xC0, 0x3F, 0xFF, 0xF0, 0x0F, 0xFF, 0xFE, 0x01, 0xFF, 0xFF,
  0x80, 0x0F, 0xFF, 0xE0, 0x00, 0x7F, 0xF8, 0x00, 0x03, 0xFF, 0x00, 0x00,
  0x1F, 0xFC, 0x00, 0x00, 0xFF, 0xF8, 0x00, 0x07, 0xFF, 0xF8, 0x00, 0x1F,
  0xFF, 0xF8, 0x00, 0x3F, 0xFF, 0xF0, 0x00, 0x3F, 0xFF, 0xF0, 0x00, 0x7F,
  0xFF, 0xF0, 0x00, 0x7F, 0xFF, 0xE0, 0x00, 0xFF, 0xFF, 0x00, 0x00, 0xFF,
  0xF8, 0x00, 0x01, 0xFF, 0xC0, 0x00, 0x01, 0xFE, 0x00, 0x00, 0x03, 0xF0,
  0x00, 0x00, 0x03, 0x80, 0x00, 0x00, 0x04, 0xFF, 0xFF, 0xFF, 0xFF, 0xFF,
  0xFF, 0xFF, 0xFF, 0xFF, 0xFF, 0xFF, 0xFF, 0xFF, 0xFF, 0xFF, 0xFF, 0xFF,
  0xFF, 0xFF, 0xFF, 0xFF, 0xFF, 0xFF, 0xFF, 0xFF, 0xFF, 0xFF, 0xFF, 0xFF,
  0xFF, 0x00, 0x00, 0x00, 0x00, 0x00, 0x00, 0x00, 0x00, 0x00, 0x00, 0x00,
  0x00, 0x00, 0x00, 0x00, 0x00, 0x00, 0x00, 0x00, 0x00, 0x00, 0x00, 0x0F,
  0xFF, 0xFF, 0xFF, 0xFF, 0xFF, 0xFF, 0xFF, 0xFF, 0xFF, 0xFF, 0xFF, 0xFF,
  0xFF, 0xFF, 0xFF, 0xFF, 0xFF, 0xFF, 0xFF, 0xFF, 0xFF, 0xFF, 0xFF, 0xFF,
  0xFF, 0xFF, 0xFF, 0xFF, 0xFF, 0xF0, 0xC0, 0x00, 0x00, 0x03, 0xE0, 0x00,
  0x00, 0x0F, 0xE0, 0x00, 0x00, 0x3F, 0xF0, 0x00, 0x00, 0xFF, 0xF0, 0x00,
  0x03, 0xFF, 0xF8, 0x00, 0x0F, 0xFF, 0xF8, 0x00, 0x1F, 0xFF, 0xFC, 0x00,
  0x1F, 0xFF, 0xFC, 0x00, 0x0F, 0xFF, 0xFE, 0x00, 0x07, 0xFF, 0xFE, 0x00,
  0x03, 0xFF, 0xFF, 0x00, 0x03, 0xFF, 0xFC, 0x00, 0x01, 0xFF, 0xF0, 0x00,
  0x00, 0xFF, 0xC0, 0x00, 0x07, 0xFF, 0x00, 0x00, 0xFF, 0xFC, 0x00, 0x0F,
  0xFF, 0xF0, 0x01, 0xFF, 0xFF, 0x80, 0x3F, 0xFF, 0xF0, 0x03, 0xFF, 0xFF,
  0x00, 0x7F, 0xFF, 0xE0, 0x0F, 0xFF, 0xFE, 0x00, 0x3F, 0xFF, 0xC0, 0x00,
  0xFF, 0xFC, 0x00, 0x03, 0xFF, 0xC0, 0x00, 0x0F, 0xF8, 0x00, 0x00, 0x3F,
  0x80, 0x00, 0x00, 0xF0, 0x00, 0x00, 0x03, 0x00, 0x00, 0x00, 0x00, 0x00,
  0x3F, 0xF8, 0x00, 0x07, 0xFF, 0xFC, 0x00, 0x3F, 0xFF, 0xF8, 0x01, 0xFF,
  0xFF, 0xF8, 0x0F, 0xFF, 0xFF, 0xE0, 0x7F, 0xFF, 0xFF, 0xC3, 0xFF, 0xFF,
  0xFF, 0x9F, 0xFE, 0x1F, 0xFE, 0x7F, 0xE0, 0x1F, 0xFB, 0xFF, 0x00, 0x3F,
  0xFF, 0xF8, 0x00, 0x7F, 0xC3, 0xE0, 0x01, 0xFF, 0x01, 0x00, 0x07, 0xFC,
  0x00, 0x00, 0x1F, 0xF0, 0x00, 0x00, 0x7F, 0xC0, 0x00, 0x03, 0xFE, 0x00,
  0x00, 0x0F, 0xF8, 0x00, 0x00, 0x7F, 0xE0, 0x00, 0x07, 0xFF, 0x00, 0x00,
  0x3F, 0xF8, 0x00, 0x01, 0xFF, 0xC0, 0x00, 0x0F, 0xFE, 0x00, 0x00, 0x7F,
  0xF0, 0x00, 0x03, 0xFF, 0x80, 0x00, 0x0F, 0xFC, 0x00, 0x00, 0x7F, 0xE0,
  0x00, 0x01, 0xFF, 0x00, 0x00, 0x07, 0xFC, 0x00, 0x00, 0x1F, 0xE0, 0x00,
  0x00, 0x7F, 0x80, 0x00, 0x01, 0xFE, 0x00, 0x00, 0x07, 0xF8, 0x00, 0x00,
  0x00, 0x00, 0x00, 0x00, 0x00, 0x00, 0x00, 0x00, 0x00, 0x00, 0x00, 0x00,
  0x00, 0x00, 0x00, 0x07, 0x80, 0x00, 0x00, 0x7F, 0x80, 0x00, 0x03, 0xFF,
  0x00, 0x00, 0x0F, 0xFE, 0x00, 0x00, 0x7F, 0xF8, 0x00, 0x01, 0xFF, 0xE0,
  0x00, 0x07, 0xFF, 0x80, 0x00, 0x1F, 0xFE, 0x00, 0x00, 0x3F, 0xF8, 0x00,
  0x00, 0xFF, 0xC0, 0x00, 0x01, 0xFE, 0x00, 0x00, 0x01, 0xC0, 0x00, 0x00,
  0x00, 0x00, 0x68, 0x00, 0x00, 0x00, 0x00, 0x07, 0xFF, 0xF8, 0x00, 0x00,
  0x00, 0x07, 0xFF, 0xFF, 0xE0, 0x00, 0x00, 0x03, 0xFF, 0xFF, 0xFF, 0x00,
  0x00, 0x01, 0xFF, 0xFF, 0xFF, 0xF8, 0x00, 0x00, 0x7F, 0xFF, 0xFF, 0xFF,
  0x80, 0x00, 0x1F, 0xFC, 0x00, 0x3F, 0xFC, 0x00, 0x0F, 0xFC, 0x00, 0x00,
  0xFF, 0xC0, 0x03, 0xFE, 0x00, 0x00, 0x07, 0xFC, 0x00, 0x7F, 0x80, 0x00,
  0x00, 0x7F, 0x80, 0x1F, 0xE0, 0x00, 0x00, 0x03, 0xF8, 0x07, 0xF8, 0x00,
  0x00, 0x00, 0x3F, 0x81, 0xFE, 0x00, 0x3F, 0x00, 0x03, 0xF0, 0x3F, 0x80,
  0x3F, 0xF8, 0xF8, 0x7F, 0x0F, 0xE0, 0x1F, 0xFF, 0xDF, 0x07, 0xE1, 0xF8,
  0x07, 0xFF, 0xFF, 0xE0, 0x7E, 0x3F, 0x01, 0xFF, 0xFF, 0xFC, 0x0F, 0xCF,
  0xE0, 0x7F, 0xFF, 0xFF, 0x81, 0xF9, 0xF8, 0x0F, 0xF0, 0x1F, 0xF0, 0x1F,
  0xBF, 0x03, 0xFC, 0x01, 0xFE, 0x03, 0xF7, 0xE0, 0x7F, 0x00, 0x1F, 0xC0,
  0x7F, 0xF8, 0x0F, 0xC0, 0x01, 0xF8, 0x0F, 0xFF, 0x03, 0xF8, 0x00, 0x3F,
  0x00, 0xFF, 0xE0, 0x7F, 0x00, 0x07, 0xE0, 0x1F, 0xFC, 0x0F, 0xC0, 0x00,
  0xFC, 0x03, 0xFF, 0x81, 0xF8, 0x00, 0x1F, 0x80, 0x7F, 0xF0, 0x3F, 0x00,
  0x03, 0xF0, 0x0F, 0xFE, 0x07, 0xF0, 0x00, 0x7E, 0x01, 0xFF, 0xC0, 0x7E,
  0x00, 0x0F, 0xC0, 0x7F, 0xF8, 0x0F, 0xC0, 0x03, 0xF8, 0x0F, 0xDF, 0x81,
  0xFC, 0x00, 0x7F, 0x01, 0xFB, 0xF0, 0x1F, 0xC0, 0x1F, 0xF0, 0x7E, 0x7E,
  0x03, 0xFC, 0x0F, 0xFF, 0x1F, 0xCF, 0xC0, 0x3F, 0xFF, 0xFF, 0xFF, 0xF8,
  0xFC, 0x03, 0xFF, 0xFF, 0x7F, 0xFE, 0x1F, 0x80, 0x7F, 0xFF, 0xCF, 0xFF,
  0x83, 0xF8, 0x03, 0xFF, 0xF0, 0xFF, 0xE0, 0x3F, 0x80, 0x3F, 0xF8, 0x0F,
  0xF8, 0x07, 0xF8, 0x00, 0x70, 0x00, 0x30, 0x00, 0x7F, 0x80, 0x00, 0x00,
  0x00, 0x00, 0x07, 0xF8, 0x00, 0x00, 0x00, 0x00, 0x00, 0xFF, 0x80, 0x00,
  0x00, 0x00, 0x00, 0x0F, 0xFC, 0x00, 0x00, 0x00, 0x00, 0x00, 0xFF, 0xE0,
  0x00, 0x20, 0x00, 0x00, 0x0F, 0xFF, 0x80, 0x3E, 0x00, 0x00, 0x00, 0x7F,
  0xFF, 0xFF, 0xC0, 0x00, 0x00, 0x07, 0xFF, 0xFF, 0xFC, 0x00, 0x00, 0x00,
  0x3F, 0xFF, 0xFF, 0x80, 0x00, 0x00, 0x01, 0xFF, 0xFF, 0xE0, 0x00, 0x00,
  0x00, 0x07, 0xFF, 0xE0, 0x00, 0x00, 0x00, 0x00, 0x7F, 0xC0, 0x00, 0x00,
  0x00, 0x0F, 0xF8, 0x00, 0x00, 0x00, 0x03, 0xFF, 0x80, 0x00, 0x00, 0x00,
  0x7F, 0xF0, 0x00, 0x00, 0x00, 0x1F, 0xFE, 0x00, 0x00, 0x00, 0x03, 0xFF,
  0xE0, 0x00, 0x00, 0x00, 0x7F, 0xFC, 0x00, 0x00, 0x00, 0x1F, 0xFF, 0xC0,
  0x00, 0x00, 0x03, 0xFF, 0xF8, 0x00, 0x00, 0x00, 0x7F, 0xFF, 0x00, 0x00,
  0x00, 0x1F, 0xEF, 0xF0, 0x00, 0x00, 0x03, 0xFD, 0xFE, 0x00, 0x00, 0x00,
  0xFF, 0xBF, 0xC0, 0x00, 0x00, 0x1F, 0xE7, 0xFC, 0x00, 0x00, 0x03, 0xFC,
  0x7F, 0x80, 0x00, 0x00, 0xFF, 0x8F, 0xF8, 0x00, 0x00, 0x1F, 0xE1, 0xFF,
  0x00, 0x00, 0x07, 0xFC, 0x1F, 0xE0, 0x00, 0x00, 0xFF, 0x83, 0xFE, 0x00,
  0x00, 0x1F, 0xE0, 0x7F, 0xC0, 0x00, 0x07, 0xFC, 0x07, 0xF8, 0x00, 0x00,
  0xFF, 0x00, 0xFF, 0x80, 0x00, 0x1F, 0xE0, 0x0F, 0xF0, 0x00, 0x07, 0xFC,
  0x01, 0xFF, 0x00, 0x00, 0xFF, 0x00, 0x3F, 0xE0, 0x00, 0x3F, 0xE0, 0x03,
  0xFC, 0x00, 0x07, 0xFC, 0x00, 0x7F, 0xC0, 0x00, 0xFF, 0x00, 0x0F, 0xF8,
  0x00, 0x3F, 0xE0, 0x00, 0xFF, 0x80, 0x07, 0xFF, 0xFF, 0xFF, 0xF0, 0x00,
  0xFF, 0xFF, 0xFF, 0xFE, 0x00, 0x3F, 0xFF, 0xFF, 0xFF, 0xE0, 0x07, 0xFF,
  0xFF, 0xFF, 0xFC, 0x01, 0xFF, 0xFF, 0xFF, 0xFF, 0x80, 0x3F, 0xFF, 0xFF,
  0xFF, 0xF8, 0x07, 0xFF, 0xFF, 0xFF, 0xFF, 0x01, 0xFF, 0x00, 0x00, 0x3F,
  0xF0, 0x3F, 0xE0, 0x00, 0x03, 0xFE, 0x0F, 0xFC, 0x00, 0x00, 0x7F, 0xC1,
  0xFF, 0x00, 0x00, 0x0F, 0xFC, 0x3F, 0xE0, 0x00, 0x00, 0xFF, 0x8F, 0xF8,
  0x00, 0x00, 0x1F, 0xF1, 0xFF, 0x00, 0x00, 0x03, 0xFF, 0x3F, 0xE0, 0x00,
  0x00, 0x3F, 0xEF, 0xF8, 0x00, 0x00, 0x07, 0xFF, 0xFF, 0x00, 0x00, 0x00,
  0x7F, 0xC0, 0xFF, 0xFF, 0xFF, 0x00, 0x3F, 0xFF, 0xFF, 0xF0, 0x0F, 0xFF,
  0xFF, 0xFE, 0x03, 0xFF, 0xFF, 0xFF, 0xE0, 0xFF, 0xFF, 0xFF, 0xF8, 0x3F,
  0xFF, 0xFF, 0xFF, 0x0F, 0xFF, 0xFF, 0xFF, 0xE3, 0xFE, 0x00, 0x3F, 0xF8,
  0xFF, 0x80, 0x03, 0xFF, 0x3F, 0xE0, 0x00, 0x7F, 0xCF, 0xF8, 0x00, 0x1F,
  0xF3, 0xFE, 0x00, 0x03, 0xFC, 0xFF, 0x80, 0x00, 0xFF, 0x3F, 0xE0, 0x00,
  0x3F, 0xCF, 0xF8, 0x00, 0x0F, 0xF3, 0xFE, 0x00, 0x07, 0xFC, 0xFF, 0x80,
  0x01, 0xFE, 0x3F, 0xE0, 0x00, 0xFF, 0x8F, 0xF8, 0x00, 0xFF, 0xC3, 0xFF,
  0xFF, 0xFF, 0xE0, 0xFF, 0xFF, 0xFF, 0xF0, 0x3F, 0xFF, 0xFF, 0xF8, 0x0F,
  0xFF, 0xFF, 0xFE, 0x03, 0xFF, 0xFF, 0xFF, 0xE0, 0xFF, 0xFF, 0xFF, 0xFC,
  0x3F, 0xFF, 0xFF, 0xFF, 0x8F, 0xF8, 0x00, 0x3F, 0xF3, 0xFE, 0x00, 0x07,
  0xFC, 0xFF, 0x80, 0x00, 0xFF, 0xBF, 0xE0, 0x00, 0x3F, 0xEF, 0xF8, 0x00,
  0x07, 0xFB, 0xFE, 0x00, 0x01, 0xFF, 0xFF, 0x80, 0x00, 0x7F, 0xFF, 0xE0,
  0x00, 0x1F, 0xFF, 0xF8, 0x00, 0x07, 0xFF, 0xFE, 0x00, 0x03, 0xFF, 0xFF,
  0x80, 0x01, 0xFF, 0xBF, 0xE0, 0x00, 0xFF, 0xEF, 0xF8, 0x00, 0xFF, 0xF3,
  0xFF, 0xFF, 0xFF, 0xFC, 0xFF, 0xFF, 0xFF, 0xFE, 0x3F, 0xFF, 0xFF, 0xFF,
  0x0F, 0xFF, 0xFF, 0xFF, 0x83, 0xFF, 0xFF, 0xFF, 0xC0, 0xFF, 0xFF, 0xFF,
  0xC0, 0x3F, 0xFF, 0xFF, 0xC0, 0x00, 0x00, 0x00, 0x3F, 0xFE, 0x00, 0x00,
  0x00, 0x3F, 0xFF, 0xF8, 0x00, 0x00, 0x1F, 0xFF, 0xFF, 0xC0, 0x00, 0x0F,
  0xFF, 0xFF, 0xFE, 0x00, 0x03, 0xFF, 0xFF, 0xFF, 0xE0, 0x01, 0xFF, 0xFF,
  0xFF, 0xFE, 0x00, 0x7F, 0xFF, 0xFF, 0xFF, 0xE0, 0x1F, 0xFF, 0xFF, 0xFF,
  0xFE, 0x07, 0xFF, 0xF0, 0x07, 0xFF, 0x80, 0xFF, 0xF8, 0x00, 0x3F, 0xE0,
  0x3F, 0xFC, 0x00, 0x01, 0xF8, 0x0F, 0xFF, 0x00, 0x00, 0x1E, 0x01, 0xFF,
  0x80, 0x00, 0x01, 0x80, 0x7F, 0xF0, 0x00, 0x00, 0x00, 0x0F, 0xFC, 0x00,
  0x00, 0x00, 0x01, 0xFF, 0x00, 0x00, 0x00, 0x00, 0x7F, 0xE0, 0x00, 0x00,
  0x00, 0x0F, 0xF8, 0x00, 0x00, 0x00, 0x01, 0xFF, 0x00, 0x00, 0x00, 0x00,
  0x3F, 0xE0, 0x00, 0x00, 0x00, 0x07, 0xF8, 0x00, 0x00, 0x00, 0x00, 0xFF,
  0x00, 0x00, 0x00, 0x00, 0x3F, 0xE0, 0x00, 0x00, 0x00, 0x07, 0xFC, 0x00,
  0x00, 0x00, 0x00, 0xFF, 0x80, 0x00, 0x00, 0x00, 0x0F, 0xF0, 0x00, 0x00,
  0x00, 0x01, 0xFE, 0x00, 0x00, 0x00, 0x00, 0x3F, 0xC0, 0x00, 0x00, 0x00,
  0x07, 0xFC, 0x00, 0x00, 0x00, 0x00, 0xFF, 0x80, 0x00, 0x00, 0x00, 0x1F,
  0xF0, 0x00, 0x00, 0x00, 0x01, 0xFF, 0x00, 0x00, 0x00, 0x00, 0x3F, 0xE0,
  0x00, 0x00, 0x00, 0x07, 0xFE, 0x00, 0x00, 0x00, 0x00, 0x7F, 0xE0, 0x00,
  0x00, 0x30, 0x0F, 0xFE, 0x00, 0x00, 0x0F, 0x00, 0xFF, 0xE0, 0x00, 0x03,
  0xF0, 0x1F, 0xFE, 0x00, 0x00, 0xFF, 0x01, 0xFF, 0xF0, 0x00, 0x7F, 0xF0,
  0x1F, 0xFF, 0xE0, 0xFF, 0xFF, 0x01, 0xFF, 0xFF, 0xFF, 0xFF, 0xC0, 0x1F,
  0xFF, 0xFF, 0xFF, 0xF0, 0x01, 0xFF, 0xFF, 0xFF, 0xFC, 0x00, 0x1F, 0xFF,
  0xFF, 0xFF, 0x00, 0x01, 0xFF, 0xFF, 0xFF, 0xC0, 0x00, 0x0F, 0xFF, 0xFF,
  0xE0, 0x00, 0x00, 0x7F, 0xFF, 0xF0, 0x00, 0x00, 0x00, 0xFF, 0xE0, 0x00,
  0xFF, 0xFF, 0xFC, 0x00, 0x01, 0xFF, 0xFF, 0xFF, 0x00, 0x03, 0xFF, 0xFF,
  0xFF, 0xC0, 0x07, 0xFF, 0xFF, 0xFF, 0xC0, 0x0F, 0xFF, 0xFF, 0xFF, 0xE0,
  0x1F, 0xFF, 0xFF, 0xFF, 0xE0, 0x3F, 0xFF, 0xFF, 0xFF, 0xE0, 0x7F, 0xFF,
  0xFF, 0xFF, 0xE0, 0xFF, 0x80, 0x0F, 0xFF, 0xE1, 0xFF, 0x00, 0x03, 0xFF,
  0xC3, 0xFE, 0x00, 0x01, 0xFF, 0xC7, 0xFC, 0x00, 0x01, 0xFF, 0x8F, 0xF8,
  0x00, 0x01, 0xFF, 0x9F, 0xF0, 0x00, 0x01, 0xFF, 0x3F, 0xE0, 0x00, 0x03,
  0xFF, 0x7F, 0xC0, 0x00, 0x03, 0xFE, 0xFF, 0x80, 0x00, 0x07, 0xFD, 0xFF,
  0x00, 0x00, 0x0F, 0xFB, 0xFE, 0x00, 0x00, 0x0F, 0xFF, 0xFC, 0x00, 0x00,
  0x1F, 0xFF, 0xF8, 0x00, 0x00, 0x3F, 0xFF, 0xF0, 0x00, 0x00, 0x7F, 0xFF,
  0xE0, 0x00, 0x00, 0xFF, 0xFF, 0xC0, 0x00, 0x01, 0xFF, 0xFF, 0x80, 0x00,
  0x03, 0xFF, 0xFF, 0x00, 0x00, 0x07, 0xFF, 0xFE, 0x00, 0x00, 0x0F, 0xFF,
  0xFC, 0x00, 0x00, 0x1F, 0xFF, 0xF8, 0x00, 0x00, 0x7F, 0xDF, 0xF0, 0x00,
  0x00, 0xFF, 0xBF, 0xE0, 0x00, 0x01, 0xFF, 0x7F, 0xC0, 0x00, 0x07, 0xFE,
  0xFF, 0x80, 0x00, 0x1F, 0xF9, 0xFF, 0x00, 0x00, 0x3F, 0xF3, 0xFE, 0x00,
  0x00, 0xFF, 0xC7, 0xFC, 0x00, 0x03, 0xFF, 0x8F, 0xF8, 0x00, 0x1F, 0xFE,
  0x1F, 0xF0, 0x01, 0xFF, 0xF8, 0x3F, 0xFF, 0xFF, 0xFF, 0xE0, 0x7F, 0xFF,
  0xFF, 0xFF, 0xC0, 0xFF, 0xFF, 0xFF, 0xFE, 0x01, 0xFF, 0xFF, 0xFF, 0xF8,
  0x03, 0xFF, 0xFF, 0xFF, 0xE0, 0x07, 0xFF, 0xFF, 0xFF, 0x00, 0x0F, 0xFF,
  0xFF, 0xF8, 0x00, 0x1F, 0xFF, 0xFF, 0x00, 0x00, 0x00, 0xFF, 0xFF, 0xFF,
  0xFF, 0xFF, 0xFF, 0xFF, 0xFF, 0xFF, 0xFF, 0xFF, 0xFF, 0xFF, 0xFF, 0xFF,
  0xFF, 0xFF, 0xFF, 0xFF, 0xFF, 0xFF, 0xFF, 0xFF, 0xFF, 0xFF, 0xFF, 0xFF,
  0xFF, 0xFF, 0x00, 0x00, 0x0F, 0xF0, 0x00, 0x00, 0xFF, 0x00, 0x00, 0x0F,
  0xF0, 0x00, 0x00, 0xFF, 0x00, 0x00, 0x0F, 0xF0, 0x00, 0x00, 0xFF, 0x00,
  0x00, 0x0F, 0xF0, 0x00, 0x00, 0xFF, 0x00, 0x00, 0x0F, 0xF0, 0x00, 0x00,
  0xFF, 0x00, 0x00, 0x0F, 0xFF, 0xFF, 0xFE, 0xFF, 0xFF, 0xFF, 0xEF, 0xFF,
  0xFF, 0xFE, 0xFF, 0xFF, 0xFF, 0xEF, 0xFF, 0xFF, 0xFE, 0xFF, 0xFF, 0xFF,
  0xEF, 0xFF, 0xFF, 0xFE, 0xFF, 0xFF, 0xFF, 0xEF, 0xF0, 0x00, 0x00, 0xFF,
  0x00, 0x00, 0x0F, 0xF0, 0x00, 0x00, 0xFF, 0x00, 0x00, 0x0F, 0xF0, 0x00,
  0x00, 0xFF, 0x00, 0x00, 0x0F, 0xF0, 0x00, 0x00, 0xFF, 0x00, 0x00, 0x0F,
  0xF0, 0x00, 0x00, 0xFF, 0x00, 0x00, 0x0F, 0xF0, 0x00, 0x00, 0xFF, 0xFF,
  0xFF, 0xFF, 0xFF, 0xFF, 0xFF, 0xFF, 0xFF, 0xFF, 0xFF, 0xFF, 0xFF, 0xFF,
  0xFF, 0xFF, 0xFF, 0xFF, 0xFF, 0xFF, 0xFF, 0xFF, 0xFF, 0xFF, 0xFF, 0xFF,
  0xFF, 0xFF, 0xFF, 0xFF, 0xFF, 0xFF, 0xFF, 0xFF, 0xFF, 0xFF, 0xFF, 0xFF,
  0xFF, 0xFF, 0xFF, 0xFF, 0xFF, 0xFF, 0xFF, 0xFF, 0xFF, 0xFF, 0xFF, 0xFF,
  0xFF, 0xFF, 0xFF, 0xFF, 0xFF, 0xFF, 0x80, 0x00, 0x1F, 0xF0, 0x00, 0x03,
  0xFE, 0x00, 0x00, 0x7F, 0xC0, 0x00, 0x0F, 0xF8, 0x00, 0x01, 0xFF, 0x00,
  0x00, 0x3F, 0xE0, 0x00, 0x07, 0xFC, 0x00, 0x00, 0xFF, 0x80, 0x00, 0x1F,
  0xF0, 0x00, 0x03, 0xFE, 0x00, 0x00, 0x7F, 0xC0, 0x00, 0x0F, 0xFF, 0xFF,
  0xFD, 0xFF, 0xFF, 0xFF, 0xBF, 0xFF, 0xFF, 0xF7, 0xFF, 0xFF, 0xFE, 0xFF,
  0xFF, 0xFF, 0xDF, 0xFF, 0xFF, 0xFB, 0xFF, 0xFF, 0xFF, 0x7F, 0xFF, 0xFF,
  0xEF, 0xF8, 0x00, 0x01, 0xFF, 0x00, 0x00, 0x3F, 0xE0, 0x00, 0x07, 0xFC,
  0x00, 0x00, 0xFF, 0x80, 0x00, 0x1F, 0xF0, 0x00, 0x03, 0xFE, 0x00, 0x00,
  0x7F, 0xC0, 0x00, 0x0F, 0xF8, 0x00, 0x01, 0xFF, 0x00, 0x00, 0x3F, 0xE0,
  0x00, 0x07, 0xFC, 0x00, 0x00, 0xFF, 0x80, 0x00, 0x1F, 0xF0, 0x00, 0x03,
  0xFE, 0x00, 0x00, 0x7F, 0xC0, 0x00, 0x0F, 0xF8, 0x00, 0x01, 0xFF, 0x00,
  0x00, 0x00, 0x00, 0x00, 0x3F, 0xFF, 0x00, 0x00, 0x00, 0x03, 0xFF, 0xFF,
  0x80, 0x00, 0x00, 0x1F, 0xFF, 0xFF, 0xC0, 0x00, 0x00, 0xFF, 0xFF, 0xFF,
  0xE0, 0x00, 0x03, 0xFF, 0xFF, 0xFF, 0xE0, 0x00, 0x1F, 0xFF, 0xFF, 0xFF,
  0xF0, 0x00, 0x7F, 0xFF, 0xFF, 0xFF, 0xF0, 0x01, 0xFF, 0xFF, 0xFF, 0xFF,
  0xC0, 0x03, 0xFF, 0xF0, 0x03, 0xFF, 0x00, 0x0F, 0xFF, 0x00, 0x01, 0xFC,
  0x00, 0x3F, 0xFC, 0x00, 0x00, 0xF0, 0x00, 0xFF, 0xE0, 0x00, 0x00, 0xC0,
  0x01, 0xFF, 0x80, 0x00, 0x00, 0x80, 0x07, 0xFE, 0x00, 0x00, 0x00, 0x00,
  0x0F, 0xFC, 0x00, 0x00, 0x00, 0x00, 0x1F, 0xF0, 0x00, 0x00, 0x00, 0x00,
  0x7F, 0xE0, 0x00, 0x00, 0x00, 0x00, 0xFF, 0x80, 0x00, 0x00, 0x00, 0x01,
  0xFF, 0x00, 0x00, 0x00, 0x00, 0x03, 0xFE, 0x00, 0x00, 0x00, 0x00, 0x07,
  0xF8, 0x00, 0x00, 0x00, 0x00, 0x0F, 0xF0, 0x00, 0x1F, 0xFF, 0xFF, 0xDF,
  0xE0, 0x00, 0x3F, 0xFF, 0xFF, 0xFF, 0xC0, 0x00, 0x7F, 0xFF, 0xFF, 0xFF,
  0x80, 0x00, 0xFF, 0xFF, 0xFE, 0xFF, 0x00, 0x01, 0xFF, 0xFF, 0xFD, 0xFE,
  0x00, 0x03, 0xFF, 0xFF, 0xFB, 0xFC, 0x00, 0x07, 0xFF, 0xFF, 0xF7, 0xFC,
  0x00, 0x00, 0x00, 0x1F, 0xEF, 0xF8, 0x00, 0x00, 0x00, 0x3F, 0xDF, 0xF0,
  0x00, 0x00, 0x00, 0x7F, 0x9F, 0xF0, 0x00, 0x00, 0x01, 0xFF, 0x3F, 0xE0,
  0x00, 0x00, 0x03, 0xFC, 0x7F, 0xE0, 0x00, 0x00, 0x07, 0xF8, 0x7F, 0xE0,
  0x00, 0x00, 0x1F, 0xF0, 0xFF, 0xE0, 0x00, 0x00, 0x7F, 0xC0, 0xFF, 0xE0,
  0x00, 0x01, 0xFF, 0x81, 0xFF, 0xE0, 0x00, 0x07, 0xFE, 0x01, 0xFF, 0xF0,
  0x00, 0x3F, 0xFC, 0x01, 0xFF, 0xF8, 0x01, 0xFF, 0xF0, 0x01, 0xFF, 0xFF,
  0xFF, 0xFF, 0xC0, 0x01, 0xFF, 0xFF, 0xFF, 0xFF, 0x00, 0x01, 0xFF, 0xFF,
  0xFF, 0xFC, 0x00, 0x01, 0xFF, 0xFF, 0xFF, 0xF0, 0x00, 0x01, 0xFF, 0xFF,
  0xFF, 0xC0, 0x00, 0x00, 0xFF, 0xFF, 0xFE, 0x00, 0x00, 0x00, 0x7F, 0xFF,
  0xF0, 0x00, 0x00, 0x00, 0x0F, 0xFF, 0x00, 0x00, 0xFF, 0x80, 0x00, 0x07,
  0xFF, 0xFC, 0x00, 0x00, 0x3F, 0xFF, 0xE0, 0x00, 0x01, 0xFF, 0xFF, 0x00,
  0x00, 0x0F, 0xFF, 0xF8, 0x00, 0x00, 0x7F, 0xFF, 0xC0, 0x00, 0x03, 0xFF,
  0xFE, 0x00, 0x00, 0x1F, 0xFF, 0xF0, 0x00, 0x00, 0xFF, 0xFF, 0x80, 0x00,
  0x07, 0xFF, 0xFC, 0x00, 0x00, 0x3F, 0xFF, 0xE0, 0x00, 0x01, 0xFF, 0xFF,
  0x00, 0x00, 0x0F, 0xFF, 0xF8, 0x00, 0x00, 0x7F, 0xFF, 0xC0, 0x00, 0x03,
  0xFF, 0xFE, 0x00, 0x00, 0x1F, 0xFF, 0xF0, 0x00, 0x00, 0xFF, 0xFF, 0x80,
  0x00, 0x07, 0xFF, 0xFC, 0x00, 0x00, 0x3F, 0xFF, 0xFF, 0xFF, 0xFF, 0xFF,
  0xFF, 0xFF, 0xFF, 0xFF, 0xFF, 0xFF, 0xFF, 0xFF, 0xFF, 0xFF, 0xFF, 0xFF,
  0xFF, 0xFF, 0xFF, 0xFF, 0xFF, 0xFF, 0xFF, 0xFF, 0xFF, 0xFF, 0xFF, 0xFF,
  0xFF, 0xFF, 0xFF, 0xFF, 0xFF, 0xFF, 0xFF, 0xFF, 0xFF, 0xE0, 0x00, 0x01,
  0xFF, 0xFF, 0x00, 0x00, 0x0F, 0xFF, 0xF8, 0x00, 0x00, 0x7F, 0xFF, 0xC0,
  0x00, 0x03, 0xFF, 0xFE, 0x00, 0x00, 0x1F, 0xFF, 0xF0, 0x00, 0x00, 0xFF,
  0xFF, 0x80, 0x00, 0x07, 0xFF, 0xFC, 0x00, 0x00, 0x3F, 0xFF, 0xE0, 0x00,
  0x01, 0xFF, 0xFF, 0x00, 0x00, 0x0F, 0xFF, 0xF8, 0x00, 0x00, 0x7F, 0xFF,
  0xC0, 0x00, 0x03, 0xFF, 0xFE, 0x00, 0x00, 0x1F, 0xFF, 0xF0, 0x00, 0x00,
  0xFF, 0xFF, 0x80, 0x00, 0x07, 0xFF, 0xFC, 0x00, 0x00, 0x3F, 0xFF, 0xE0,
  0x00, 0x01, 0xFF, 0xFF, 0x00, 0x00, 0x0F, 0xFF, 0xF8, 0x00, 0x00, 0x7F,
  0xFF, 0xC0, 0x00, 0x03, 0xFC, 0xFF, 0xFF, 0xFF, 0xFF, 0xFF, 0xFF, 0xFF,
  0xFF, 0xFF, 0xFF, 0xFF, 0xFF, 0xFF, 0xFF, 0xFF, 0xFF, 0xFF, 0xFF, 0xFF,
  0xFF, 0xFF, 0xFF, 0xFF, 0xFF, 0xFF, 0xFF, 0xFF, 0xFF, 0xFF, 0xFF, 0xFF,
  0xFF, 0xFF, 0xFF, 0xFF, 0xFF, 0xFF, 0xFF, 0xFF, 0xFF, 0xFF, 0xFF, 0xFF,
  0xFF, 0xFF, 0xFF, 0xFF, 0xFF, 0xFF, 0xFF, 0xFF, 0xFC, 0x00, 0x00, 0x03,
  0xFE, 0x00, 0x00, 0x07, 0xFC, 0x00, 0x00, 0x0F, 0xF8, 0x00, 0x00, 0x1F,
  0xF0, 0x00, 0x00, 0x3F, 0xE0, 0x00, 0x00, 0x7F, 0xC0, 0x00, 0x00, 0xFF,
  0x80, 0x00, 0x01, 0xFF, 0x00, 0x00, 0x03, 0xFE, 0x00, 0x00, 0x07, 0xFC,
  0x00, 0x00, 0x0F, 0xF8, 0x00, 0x00, 0x1F, 0xF0, 0x00, 0x00, 0x3F, 0xE0,
  0x00, 0x00, 0x7F, 0xC0, 0x00, 0x00, 0xFF, 0x80, 0x00, 0x01, 0xFF, 0x00,
  0x00, 0x03, 0xFE, 0x00, 0x00, 0x07, 0xFC, 0x00, 0x00, 0x0F, 0xF8, 0x00,
  0x00, 0x1F, 0xF0, 0x00, 0x00, 0x3F, 0xE0, 0x00, 0x00, 0x7F, 0xC0, 0x00,
  0x00, 0xFF, 0x80, 0x00, 0x01, 0xFF, 0x00, 0x00, 0x03, 0xFE, 0x00, 0x00,
  0x07, 0xFC, 0x00, 0x00, 0x0F, 0xF8, 0x00, 0x00, 0x1F, 0xF0, 0x00, 0x00,
  0x3F, 0xE0, 0x00, 0x00, 0x7F, 0xC0, 0x00, 0x00, 0xFF, 0x80, 0x00, 0x01,
  0xFF, 0x01, 0x00, 0x03, 0xFE, 0x0E, 0x00, 0x07, 0xFC, 0xFC, 0x00, 0x0F,
  0xFF, 0xFC, 0x00, 0x3F, 0xEF, 0xF8, 0x00, 0x7F, 0xCF, 0xF8, 0x01, 0xFF,
  0x9F, 0xFC, 0x0F, 0xFE, 0x1F, 0xFF, 0xFF, 0xFC, 0x3F, 0xFF, 0xFF, 0xF0,
  0x3F, 0xFF, 0xFF, 0xE0, 0x3F, 0xFF, 0xFF, 0x80, 0x3F, 0xFF, 0xFE, 0x00,
  0x3F, 0xFF, 0xF8, 0x00, 0x1F, 0xFF, 0xC0, 0x00, 0x07, 0xFC, 0x00, 0x00,
  0xFF, 0x80, 0x00, 0x3F, 0xFB, 0xFE, 0x00, 0x01, 0xFF, 0xCF, 0xF8, 0x00,
  0x0F, 0xFE, 0x3F, 0xE0, 0x00, 0x7F, 0xF0, 0xFF, 0x80, 0x03, 0xFF, 0x83,
  0xFE, 0x00, 0x0F, 0xFC, 0x0F, 0xF8, 0x00, 0x7F, 0xE0, 0x3F, 0xE0, 0x03,
  0xFF, 0x00, 0xFF, 0x80, 0x1F, 0xFC, 0x03, 0xFE, 0x00, 0xFF, 0xE0, 0x0F,
  0xF8, 0x07, 0xFF, 0x00, 0x3F, 0xE0, 0x1F, 0xF8, 0x00, 0xFF, 0x80, 0xFF,
  0xC0, 0x03, 0xFE, 0x07, 0xFE, 0x00, 0x0F, 0xF8, 0x3F, 0xF0, 0x00, 0x3F,
  0xE1, 0xFF, 0x80, 0x00, 0xFF, 0x8F, 0xFE, 0x00, 0x03, 0xFE, 0x3F, 0xF0,
  0x00, 0x0F, 0xF9, 0xFF, 0x80, 0x00, 0x3F, 0xEF, 0xFC, 0x00, 0x00, 0xFF,
  0xFF, 0xF8, 0x00, 0x03, 0xFF, 0xFF, 0xE0, 0x00, 0x0F, 0xFF, 0xFF, 0xC0,
  0x00, 0x3F, 0xFF, 0xFF, 0x80, 0x00, 0xFF, 0xFF, 0xFE, 0x00, 0x03, 0xFF,
  0xFF, 0xFC, 0x00, 0x0F, 0xFF, 0xDF, 0xF8, 0x00, 0x3F, 0xFE, 0x7F, 0xE0,
  0x00, 0xFF, 0xF0, 0xFF, 0xC0, 0x03, 0xFF, 0x81, 0xFF, 0x80, 0x0F, 0xFC,
  0x07, 0xFF, 0x00, 0x3F, 0xF0, 0x0F, 0xFC, 0x00, 0xFF, 0x80, 0x1F, 0xF8,
  0x03, 0xFE, 0x00, 0x7F, 0xF0, 0x0F, 0xF8, 0x00, 0xFF, 0xC0, 0x3F, 0xE0,
  0x01, 0xFF, 0x80, 0xFF, 0x80, 0x07, 0xFF, 0x03, 0xFE, 0x00, 0x0F, 0xFC,
  0x0F, 0xF8, 0x00, 0x1F, 0xF8, 0x3F, 0xE0, 0x00, 0x7F, 0xF0, 0xFF, 0x80,
  0x00, 0xFF, 0xC3, 0xFE, 0x00, 0x01, 0xFF, 0x8F, 0xF8, 0x00, 0x07, 0xFF,
  0x3F, 0xE0, 0x00, 0x0F, 0xFC, 0xFF, 0x80, 0x00, 0x1F, 0xFB, 0xFE, 0x00,
  0x00, 0x7F, 0xF0, 0xFF, 0x80, 0x00, 0x0F, 0xF8, 0x00, 0x00, 0xFF, 0x80,
  0x00, 0x0F, 0xF8, 0x00, 0x00, 0xFF, 0x80, 0x00, 0x0F, 0xF8, 0x00, 0x00,
  0xFF, 0x80, 0x00, 0x0F, 0xF8, 0x00, 0x00, 0xFF, 0x80, 0x00, 0x0F, 0xF8,
  0x00, 0x00, 0xFF, 0x80, 0x00, 0x0F, 0xF8, 0x00, 0x00, 0xFF, 0x80, 0x00,
  0x0F, 0xF8, 0x00, 0x00, 0xFF, 0x80, 0x00, 0x0F, 0xF8, 0x00, 0x00, 0xFF,
  0x80, 0x00, 0x0F, 0xF8, 0x00, 0x00, 0xFF, 0x80, 0x00, 0x0F, 0xF8, 0x00,
  0x00, 0xFF, 0x80, 0x00, 0x0F, 0xF8, 0x00, 0x00, 0xFF, 0x80, 0x00, 0x0F,
  0xF8, 0x00, 0x00, 0xFF, 0x80, 0x00, 0x0F, 0xF8, 0x00, 0x00, 0xFF, 0x80,
  0x00, 0x0F, 0xF8, 0x00, 0x00, 0xFF, 0x80, 0x00, 0x0F, 0xF8, 0x00, 0x00,
  0xFF, 0x80, 0x00, 0x0F, 0xF8, 0x00, 0x00, 0xFF, 0x80, 0x00, 0x0F, 0xF8,
  0x00, 0x00, 0xFF, 0x80, 0x00, 0x0F, 0xF8, 0x00, 0x00, 0xFF, 0x80, 0x00,
  0x0F, 0xF8, 0x00, 0x00, 0xFF, 0xFF, 0xFF, 0xFF, 0xFF, 0xFF, 0xFF, 0xFF,
  0xFF, 0xFF, 0xFF, 0xFF, 0xFF, 0xFF, 0xFF, 0xFF, 0xFF, 0xFF, 0xFF, 0xFF,
  0xFF, 0xFF, 0xFF, 0xFF, 0xFF, 0xFF, 0xFF, 0xFF, 0xFF, 0xE0, 0x00, 0x00,
  0x03, 0xFF, 0xFF, 0xFC, 0x00, 0x00, 0x00, 0xFF, 0xFF, 0xFF, 0x00, 0x00,
  0x00, 0x3F, 0xFF, 0xFF, 0xC0, 0x00, 0x00, 0x1F, 0xFF, 0xFF, 0xF8, 0x00,
  0x00, 0x07, 0xFF, 0xFF, 0xFE, 0x00, 0x00, 0x03, 0xFF, 0xFF, 0xFF, 0xC0,
  0x00, 0x00, 0xFF, 0xFF, 0xFF, 0xF0, 0x00, 0x00, 0x3F, 0xFF, 0xFF, 0xFC,
  0x00, 0x00, 0x1F, 0xFF, 0xFF, 0xFF, 0x80, 0x00, 0x07, 0xFF, 0xFF, 0xFF,
  0xE0, 0x00, 0x03, 0xFF, 0xFF, 0xFF, 0xFC, 0x00, 0x00, 0xFF, 0xFF, 0xFF,
  0xFF, 0x00, 0x00, 0x3F, 0xFF, 0xFF, 0xFF, 0xC0, 0x00, 0x1F, 0xFF, 0xFF,
  0xF7, 0xF8, 0x00, 0x07, 0xFF, 0xFF, 0xFD, 0xFE, 0x00, 0x03, 0xFD, 0xFF,
  0xFF, 0x3F, 0xC0, 0x00, 0xFF, 0x7F, 0xFF, 0xCF, 0xF0, 0x00, 0x3F, 0xDF,
  0xFF, 0xF3, 0xFC, 0x00, 0x1F, 0xE7, 0xFF, 0xFC, 0x7F, 0x80, 0x07, 0xF9,
  0xFF, 0xFF, 0x1F, 0xE0, 0x03, 0xFC, 0x7F, 0xFF, 0xC3, 0xFC, 0x00, 0xFF,
  0x1F, 0xFF, 0xF0, 0xFF, 0x00, 0x3F, 0xC7, 0xFF, 0xFC, 0x3F, 0xC0, 0x1F,
  0xE1, 0xFF, 0xFF, 0x07, 0xF8, 0x07, 0xF8, 0x7F, 0xFF, 0xC1, 0xFE, 0x03,
  0xFC, 0x1F, 0xFF, 0xF0, 0x3F, 0xC0, 0xFF, 0x07, 0xFF, 0xFC, 0x0F, 0xF0,
  0x3F, 0xC1, 0xFF, 0xFF, 0x03, 0xFC, 0x1F, 0xE0, 0x7F, 0xFF, 0xC0, 0x7F,
  0x87, 0xF8, 0x1F, 0xFF, 0xF0, 0x1F, 0xE3, 0xFC, 0x07, 0xFF, 0xFC, 0x03,
  0xF8, 0xFF, 0x01, 0xFF, 0xFF, 0x00, 0xFF, 0x3F, 0xC0, 0x7F, 0xFF, 0xC0,
  0x3F, 0xDF, 0xE0, 0x1F, 0xFF, 0xF0, 0x07, 0xFF, 0xF8, 0x07, 0xFF, 0xFC,
  0x01, 0xFF, 0xFC, 0x01, 0xFF, 0xFF, 0x00, 0x3F, 0xFF, 0x00, 0x7F, 0xFF,
  0xC0, 0x0F, 0xFF, 0xC0, 0x1F, 0xFF, 0xF0, 0x03, 0xFF, 0xE0, 0x07, 0xFF,
  0xFC, 0x00, 0x7F, 0xF8, 0x01, 0xFF, 0xFF, 0x00, 0x1F, 0xFC, 0x00, 0x7F,
  0xFF, 0xC0, 0x03, 0xFF, 0x00, 0x1F, 0xFF, 0xF0, 0x00, 0xFF, 0xC0, 0x07,
  0xFF, 0xFC, 0x00, 0x3F, 0xE0, 0x01, 0xFF, 0xFF, 0x00, 0x07, 0xF8, 0x00,
  0x7F, 0xFF, 0xC0, 0x01, 0xFC, 0x00, 0x1F, 0xF0, 0xFF, 0xC0, 0x00, 0x07,
  0xFF, 0xFE, 0x00, 0x00, 0x3F, 0xFF, 0xF8, 0x00, 0x01, 0xFF, 0xFF, 0xE0,
  0x00, 0x0F, 0xFF, 0xFF, 0x00, 0x00, 0x7F, 0xFF, 0xFC, 0x00, 0x03, 0xFF,
  0xFF, 0xE0, 0x00, 0x1F, 0xFF, 0xFF, 0x80, 0x00, 0xFF, 0xFF, 0xFE, 0x00,
  0x07, 0xFF, 0xFF, 0xF0, 0x00, 0x3F, 0xFF, 0xFF, 0xC0, 0x01, 0xFF, 0xFF,
  0xFF, 0x00, 0x0F, 0xFF, 0xFF, 0xF8, 0x00, 0x7F, 0xFF, 0xFF, 0xE0, 0x03,
  0xFF, 0xFD, 0xFF, 0x00, 0x1F, 0xFF, 0xE7, 0xFC, 0x00, 0xFF, 0xFF, 0x3F,
  0xF0, 0x07, 0xFF, 0xF8, 0xFF, 0x80, 0x3F, 0xFF, 0xC3, 0xFE, 0x01, 0xFF,
  0xFE, 0x1F, 0xF8, 0x0F, 0xFF, 0xF0, 0x7F, 0xC0, 0x7F, 0xFF, 0x81, 0xFF,
  0x03, 0xFF, 0xFC, 0x0F, 0xFC, 0x1F, 0xFF, 0xE0, 0x3F, 0xE0, 0xFF, 0xFF,
  0x00, 0xFF, 0x87, 0xFF, 0xF8, 0x07, 0xFC, 0x3F, 0xFF, 0xC0, 0x1F, 0xF1,
  0xFF, 0xFE, 0x00, 0xFF, 0xCF, 0xFF, 0xF0, 0x03, 0xFE, 0x7F, 0xFF, 0x80,
  0x0F, 0xFB, 0xFF, 0xFC, 0x00, 0x7F, 0xFF, 0xFF, 0xE0, 0x01, 0xFF, 0xFF,
  0xFF, 0x00, 0x07, 0xFF, 0xFF, 0xF8, 0x00, 0x3F, 0xFF, 0xFF, 0xC0, 0x00,
  0xFF, 0xFF, 0xFE, 0x00, 0x03, 0xFF, 0xFF, 0xF0, 0x00, 0x1F, 0xFF, 0xFF,
  0x80, 0x00, 0x7F, 0xFF, 0xFC, 0x00, 0x01, 0xFF, 0xFF, 0xE0, 0x00, 0x0F,
  0xFF, 0xFF, 0x00, 0x00, 0x3F, 0xFF, 0xF8, 0x00, 0x01, 0xFF, 0xFF, 0xC0,
  0x00, 0x07, 0xFF, 0xFE, 0x00, 0x00, 0x1F, 0xFF, 0xF0, 0x00, 0x00, 0xFF,
  0xFF, 0x80, 0x00, 0x03, 0xFC, 0x00, 0x00, 0x3F, 0xFE, 0x00, 0x00, 0x00,
  0x01, 0xFF, 0xFF, 0xC0, 0x00, 0x00, 0x07, 0xFF, 0xFF, 0xF0, 0x00, 0x00,
  0x1F, 0xFF, 0xFF, 0xFC, 0x00, 0x00, 0x3F, 0xFF, 0xFF, 0xFE, 0x00, 0x00,
  0xFF, 0xFF, 0xFF, 0xFF, 0x00, 0x01, 0xFF, 0xFF, 0xFF, 0xFF, 0x80, 0x03,
  0xFF, 0xFF, 0xFF, 0xFF, 0xC0, 0x03, 0xFF, 0xF0, 0x07, 0xFF, 0xE0, 0x07,
  0xFF, 0xC0, 0x01, 0xFF, 0xF0, 0x0F, 0xFF, 0x00, 0x00, 0x7F, 0xF8, 0x1F,
  0xFE, 0x00, 0x00, 0x3F, 0xF8, 0x1F, 0xF8, 0x00, 0x00, 0x1F, 0xFC, 0x3F,
  0xF8, 0x00, 0x00, 0x0F, 0xFC, 0x3F, 0xF0, 0x00, 0x00, 0x07, 0xFE, 0x3F,
  0xE0, 0x00, 0x00, 0x03, 0xFE, 0x7F, 0xE0, 0x00, 0x00, 0x03, 0xFE, 0x7F,
  0xC0, 0x00, 0x00, 0x01, 0xFF, 0x7F, 0xC0, 0x00, 0x00, 0x01, 0xFF, 0x7F,
  0xC0, 0x00, 0x00, 0x01, 0xFF, 0x7F, 0x80, 0x00, 0x00, 0x01, 0xFF, 0x7F,
  0x80, 0x00, 0x00, 0x00, 0xFF, 0xFF, 0x80, 0x00, 0x00, 0x00, 0xFF, 0xFF,
  0x80, 0x00, 0x00, 0x00, 0xFF, 0xFF, 0x80, 0x00, 0x00, 0x00, 0xFF, 0x7F,
  0x80, 0x00, 0x00, 0x00, 0xFF, 0x7F, 0x80, 0x00, 0x00, 0x01, 0xFF, 0x7F,
  0x80, 0x00, 0x00, 0x01, 0xFF, 0x7F, 0xC0, 0x00, 0x00, 0x01, 0xFF, 0x7F,
  0xC0, 0x00, 0x00, 0x01, 0xFF, 0x7F, 0xC0, 0x00, 0x00, 0x03, 0xFF, 0x7F,
  0xE0, 0x00, 0x00, 0x03, 0xFE, 0x3F, 0xE0, 0x00, 0x00, 0x07, 0xFE, 0x3F,
  0xF0, 0x00, 0x00, 0x07, 0xFE, 0x1F, 0xF8, 0x00, 0x00, 0x0F, 0xFC, 0x1F,
  0xFC, 0x00, 0x00, 0x1F, 0xFC, 0x0F, 0xFE, 0x00, 0x00, 0x3F, 0xF8, 0x0F,
  0xFF, 0x00, 0x00, 0x7F, 0xF0, 0x07, 0xFF, 0xC0, 0x01, 0xFF, 0xF0, 0x03,
  0xFF, 0xF8, 0x1F, 0xFF, 0xE0, 0x01, 0xFF, 0xFF, 0xFF, 0xFF, 0xC0, 0x00,
  0xFF, 0xFF, 0xFF, 0xFF, 0x80, 0x00, 0x7F, 0xFF, 0xFF, 0xFF, 0x00, 0x00,
  0x3F, 0xFF, 0xFF, 0xFE, 0x00, 0x00, 0x1F, 0xFF, 0xFF, 0xF8, 0x00, 0x00,
  0x07, 0xFF, 0xFF, 0xF0, 0x00, 0x00, 0x01, 0xFF, 0xFF, 0x80, 0x00, 0x00,
  0x00, 0x1F, 0xFC, 0x00, 0x00, 0xFF, 0xFF, 0xFE, 0x00, 0x7F, 0xFF, 0xFF,
  0xC0, 0x3F, 0xFF, 0xFF, 0xF8, 0x1F, 0xFF, 0xFF, 0xFE, 0x0F, 0xFF, 0xFF,
  0xFF, 0x87, 0xFF, 0xFF, 0xFF, 0xE3, 0xFF, 0xFF, 0xFF, 0xF9, 0xFF, 0x00,
  0xFF, 0xFC, 0xFF, 0x80, 0x07, 0xFF, 0x7F, 0xC0, 0x01, 0xFF, 0xBF, 0xE0,
  0x00, 0x7F, 0xDF, 0xF0, 0x00, 0x3F, 0xFF, 0xF8, 0x00, 0x0F, 0xFF, 0xFC,
  0x00, 0x07, 0xFF, 0xFE, 0x00, 0x03, 0xFF, 0xFF, 0x00, 0x01, 0xFF, 0xFF,
  0x80, 0x00, 0xFF, 0xFF, 0xC0, 0x00, 0x7F, 0xFF, 0xE0, 0x00, 0x3F, 0xFF,
  0xF0, 0x00, 0x3F, 0xFF, 0xF8, 0x00, 0x1F, 0xF7, 0xFC, 0x00, 0x1F, 0xFB,
  0xFE, 0x00, 0x3F, 0xF9, 0xFF, 0xFF, 0xFF, 0xFC, 0xFF, 0xFF, 0xFF, 0xFC,
  0x7F, 0xFF, 0xFF, 0xFC, 0x3F, 0xFF, 0xFF, 0xFC, 0x1F, 0xFF, 0xFF, 0xFC,
  0x0F, 0xFF, 0xFF, 0xFC, 0x07, 0xFF, 0xFF, 0xF8, 0x03, 0xFF, 0xFF, 0x80,
  0x01, 0xFF, 0x00, 0x00, 0x00, 0xFF, 0x80, 0x00, 0x00, 0x7F, 0xC0, 0x00,
  0x00, 0x3F, 0xE0, 0x00, 0x00, 0x1F, 0xF0, 0x00, 0x00, 0x0F, 0xF8, 0x00,
  0x00, 0x07, 0xFC, 0x00, 0x00, 0x03, 0xFE, 0x00, 0x00, 0x01, 0xFF, 0x00,
  0x00, 0x00, 0xFF, 0x80, 0x00, 0x00, 0x7F, 0xC0, 0x00, 0x00, 0x3F, 0xE0,
  0x00, 0x00, 0x1F, 0xF0, 0x00, 0x00, 0x0F, 0xF8, 0x00, 0x00, 0x07, 0xFC,
  0x00, 0x00, 0x00, 0x00, 0x00, 0x3F, 0xFE, 0x00, 0x00, 0x00, 0x01, 0xFF,
  0xFF, 0xC0, 0x00, 0x00, 0x07, 0xFF, 0xFF, 0xF0, 0x00, 0x00, 0x1F, 0xFF,
  0xFF, 0xFC, 0x00, 0x00, 0x3F, 0xFF, 0xFF, 0xFE, 0x00, 0x00, 0xFF, 0xFF,
  0xFF, 0xFF, 0x00, 0x01, 0xFF, 0xFF, 0xFF, 0xFF, 0x80, 0x03, 0xFF, 0xFF,
  0xFF, 0xFF, 0xC0, 0x03, 0xFF, 0xF0, 0x07, 0xFF, 0xE0, 0x07, 0xFF, 0xC0,
  0x01, 0xFF, 0xF0, 0x0F, 0xFF, 0x00, 0x00, 0x7F, 0xF8, 0x1F, 0xFE, 0x00,
  0x00, 0x3F, 0xF8, 0x1F, 0xF8, 0x00, 0x00, 0x1F, 0xFC, 0x3F, 0xF8, 0x00,
  0x00, 0x0F, 0xFC, 0x3F, 0xF0, 0x00, 0x00, 0x07, 0xFE, 0x3F, 0xE0, 0x00,
  0x00, 0x03, 0xFE, 0x7F, 0xE0, 0x00, 0x00, 0x03, 0xFE, 0x7F, 0xC0, 0x00,
  0x00, 0x01, 0xFF, 0x7F, 0xC0, 0x00, 0x00, 0x01, 0xFF, 0x7F, 0xC0, 0x00,
  0x00, 0x01, 0xFF, 0x7F, 0x80, 0x00, 0x00, 0x01, 0xFF, 0x7F, 0x80, 0x00,
  0x00, 0x00, 0xFF, 0xFF, 0x80, 0x00, 0x00, 0x00, 0xFF, 0xFF, 0x80, 0x00,
  0x00, 0x00, 0xFF, 0xFF, 0x80, 0x00, 0x00, 0x00, 0xFF, 0x7F, 0x80, 0x00,
  0x00, 0x00, 0xFF, 0x7F, 0x80, 0x00, 0x00, 0x01, 0xFF, 0x7F, 0x80, 0x00,
  0x00, 0x01, 0xFF, 0x7F, 0xC0, 0x00, 0x00, 0x01, 0xFF, 0x7F, 0xC0, 0x00,
  0x00, 0x01, 0xFF, 0x7F, 0xC0, 0x00, 0x00, 0x03, 0xFF, 0x7F, 0xE0, 0x00,
  0x00, 0x03, 0xFE, 0x3F, 0xE0, 0x00, 0x00, 0x07, 0xFE, 0x3F, 0xF0, 0x00,
  0x00, 0x07, 0xFE, 0x1F, 0xF8, 0x00, 0x00, 0x0F, 0xFC, 0x1F, 0xFC, 0x00,
  0x00, 0x1F, 0xFC, 0x0F, 0xFE, 0x00, 0x00, 0x3F, 0xF8, 0x0F, 0xFF, 0x00,
  0x00, 0x7F, 0xF0, 0x07, 0xFF, 0xC0, 0x01, 0xFF, 0xF0, 0x03, 0xFF, 0xF8,
  0x1F, 0xFF, 0xE0, 0x01, 0xFF, 0xFF, 0xFF, 0xFF, 0xC0, 0x00, 0xFF, 0xFF,
  0xFF, 0xFF, 0x80, 0x00, 0x7F, 0xFF, 0xFF, 0xFF, 0x80, 0x00, 0x3F, 0xFF,
  0xFF, 0xFF, 0xC0, 0x00, 0x1F, 0xFF, 0xFF, 0xFF, 0xE0, 0x00, 0x07, 0xFF,
  0xFF, 0xFF, 0xE0, 0x00, 0x01, 0xFF, 0xFF, 0xBF, 0xF0, 0x00, 0x00, 0x1F,
  0xFC, 0x3F, 0xF8, 0x00, 0x00, 0x00, 0x00, 0x1F, 0xE0, 0x00, 0x00, 0x00,
  0x00, 0x0F, 0xC0, 0x00, 0x00, 0x00, 0x00, 0x0F, 0x00, 0x00, 0x00, 0x00,
  0x00, 0x06, 0x00, 0xFF, 0xFF, 0xFE, 0x00, 0x0F, 0xFF, 0xFF, 0xF8, 0x00,
  0xFF, 0xFF, 0xFF, 0xE0, 0x0F, 0xFF, 0xFF, 0xFF, 0x00, 0xFF, 0xFF, 0xFF,
  0xF8, 0x0F, 0xFF, 0xFF, 0xFF, 0xC0, 0xFF, 0xFF, 0xFF, 0xFE, 0x0F, 0xF8,
  0x07, 0xFF, 0xE0, 0xFF, 0x80, 0x07, 0xFF, 0x0F, 0xF8, 0x00, 0x3F, 0xF0,
  0xFF, 0x80, 0x01, 0xFF, 0x0F, 0xF8, 0x00, 0x1F, 0xF8, 0xFF, 0x80, 0x00,
  0xFF, 0x8F, 0xF8, 0x00, 0x0F, 0xF8, 0xFF, 0x80, 0x00, 0xFF, 0x8F, 0xF8,
  0x00, 0x0F, 0xF8, 0xFF, 0x80, 0x00, 0xFF, 0x8F, 0xF8, 0x00, 0x0F, 0xF8,
  0xFF, 0x80, 0x01, 0xFF, 0x0F, 0xF8, 0x00, 0x3F, 0xF0, 0xFF, 0x80, 0x07,
  0xFF, 0x0F, 0xF8, 0x00, 0xFF, 0xE0, 0xFF, 0xFF, 0xFF, 0xFC, 0x0F, 0xFF,
  0xFF, 0xFF, 0xC0, 0xFF, 0xFF, 0xFF, 0xF8, 0x0F, 0xFF, 0xFF, 0xFE, 0x00,
  0xFF, 0xFF, 0xFF, 0xC0, 0x0F, 0xFF, 0xFF, 0xF0, 0x00, 0xFF, 0xFF, 0xFF,
  0x00, 0x0F, 0xF8, 0x1F, 0xF0, 0x00, 0xFF, 0x81, 0xFF, 0x80, 0x0F, 0xF8,
  0x0F, 0xFC, 0x00, 0xFF, 0x80, 0x7F, 0xC0, 0x0F, 0xF8, 0x07, 0xFE, 0x00,
  0xFF, 0x80, 0x3F, 0xF0, 0x0F, 0xF8, 0x01, 0xFF, 0x00, 0xFF, 0x80, 0x1F,
  0xF8, 0x0F, 0xF8, 0x00, 0xFF, 0xC0, 0xFF, 0x80, 0x07, 0xFC, 0x0F, 0xF8,
  0x00, 0x7F, 0xE0, 0xFF, 0x80, 0x03, 0xFF, 0x0F, 0xF8, 0x00, 0x1F, 0xF8,
  0xFF, 0x80, 0x01, 0xFF, 0x8F, 0xF8, 0x00, 0x0F, 0xFC, 0xFF, 0x80, 0x00,
  0x7F, 0xEF, 0xF8, 0x00, 0x07, 0xFF, 0x00, 0x1F, 0xFE, 0x00, 0x00, 0x3F,
  0xFF, 0xE0, 0x00, 0x1F, 0xFF, 0xFE, 0x00, 0x0F, 0xFF, 0xFF, 0xC0, 0x0F,
  0xFF, 0xFF, 0xF8, 0x03, 0xFF, 0xFF, 0xFF, 0x01, 0xFF, 0xFF, 0xFF, 0xE0,
  0xFF, 0xF0, 0x3F, 0xF8, 0x3F, 0xF0, 0x03, 0xFF, 0x0F, 0xF8, 0x00, 0x7F,
  0xC7, 0xFC, 0x00, 0x0F, 0xC1, 0xFF, 0x00, 0x03, 0x80, 0x7F, 0xC0, 0x00,
  0x00, 0x1F, 0xF0, 0x00, 0x00, 0x07, 0xFC, 0x00, 0x00, 0x00, 0xFF, 0x80,
  0x00, 0x00, 0x3F, 0xF0, 0x00, 0x00, 0x0F, 0xFF, 0x00, 0x00, 0x01, 0xFF,
  0xF8, 0x00, 0x00, 0x7F, 0xFF, 0xC0, 0x00, 0x0F, 0xFF, 0xFE, 0x00, 0x01,
  0xFF, 0xFF, 0xE0, 0x00, 0x1F, 0xFF, 0xFE, 0x00, 0x03, 0xFF, 0xFF, 0xC0,
  0x00, 0x3F, 0xFF, 0xFC, 0x00, 0x03, 0xFF, 0xFF, 0x00, 0x00, 0x1F, 0xFF,
  0xE0, 0x00, 0x00, 0xFF, 0xFC, 0x00, 0x00, 0x0F, 0xFF, 0x00, 0x00, 0x00,
  0xFF, 0xE0, 0x00, 0x00, 0x1F, 0xF8, 0x00, 0x00, 0x03, 0xFE, 0x00, 0x00,
  0x00, 0x7F, 0x81, 0xC0, 0x00, 0x1F, 0xF3, 0xF0, 0x00, 0x07, 0xFF, 0xFE,
  0x00, 0x01, 0xFE, 0xFF, 0x80, 0x00, 0x7F, 0xBF, 0xF0, 0x00, 0x3F, 0xE7,
  0xFE, 0x00, 0x1F, 0xF9, 0xFF, 0xE0, 0x0F, 0xFC, 0x3F, 0xFF, 0x3F, 0xFF,
  0x07, 0xFF, 0xFF, 0xFF, 0x80, 0xFF, 0xFF, 0xFF, 0xC0, 0x3F, 0xFF, 0xFF,
  0xE0, 0x03, 0xFF, 0xFF, 0xF0, 0x00, 0x7F, 0xFF, 0xF8, 0x00, 0x07, 0xFF,
  0xF8, 0x00, 0x00, 0x3F, 0xF0, 0x00, 0xFF, 0xFF, 0xFF, 0xFF, 0xFF, 0xFF,
  0xFF, 0xFF, 0xFF, 0xFF, 0xFF, 0xFF, 0xFF, 0xFF, 0xFF, 0xFF, 0xFF, 0xFF,
  0xFF, 0xFF, 0xFF, 0xFF, 0xFF, 0xFF, 0xFF, 0xFF, 0xFF, 0xFF, 0xFF, 0xFF,
  0xFF, 0xFF, 0xFF, 0xFF, 0x00, 0x07, 0xFC, 0x00, 0x00, 0x01, 0xFF, 0x00,
  0x00, 0x00, 0x7F, 0xC0, 0x00, 0x00, 0x1F, 0xF0, 0x00, 0x00, 0x07, 0xFC,
  0x00, 0x00, 0x01, 0xFF, 0x00, 0x00, 0x00, 0x7F, 0xC0, 0x00, 0x00, 0x1F,
  0xF0, 0x00, 0x00, 0x07, 0xFC, 0x00, 0x00, 0x01, 0xFF, 0x00, 0x00, 0x00,
  0x7F, 0xC0, 0x00, 0x00, 0x1F, 0xF0, 0x00, 0x00, 0x07, 0xFC, 0x00, 0x00,
  0x01, 0xFF, 0x00, 0x00, 0x00, 0x7F, 0xC0, 0x00, 0x00, 0x1F, 0xF0, 0x00,
  0x00, 0x07, 0xFC, 0x00, 0x00, 0x01, 0xFF, 0x00, 0x00, 0x00, 0x7F, 0xC0,
  0x00, 0x00, 0x1F, 0xF0, 0x00, 0x00, 0x07, 0xFC, 0x00, 0x00, 0x01, 0xFF,
  0x00, 0x00, 0x00, 0x7F, 0xC0, 0x00, 0x00, 0x1F, 0xF0, 0x00, 0x00, 0x07,
  0xFC, 0x00, 0x00, 0x01, 0xFF, 0x00, 0x00, 0x00, 0x7F, 0xC0, 0x00, 0x00,
  0x1F, 0xF0, 0x00, 0x00, 0x07, 0xFC, 0x00, 0x00, 0x01, 0xFF, 0x00, 0x00,
  0x00, 0x7F, 0xC0, 0x00, 0x00, 0x1F, 0xF0, 0x00, 0x00, 0x07, 0xFC, 0x00,
  0x00, 0x01, 0xFF, 0x00, 0x00, 0x00, 0x7F, 0xC0, 0x00, 0x00, 0x1F, 0xF0,
  0x00, 0x00, 0x07, 0xFC, 0x00, 0x00, 0x01, 0xFF, 0x00, 0x00, 0xFF, 0x00,
  0x00, 0x1F, 0xFF, 0xF0, 0x00, 0x01, 0xFF, 0xFF, 0x00, 0x00, 0x1F, 0xFF,
  0xF0, 0x00, 0x01, 0xFF, 0xFF, 0x00, 0x00, 0x1F, 0xFF, 0xF0, 0x00, 0x01,
  0xFF, 0xFF, 0x00, 0x00, 0x1F, 0xFF, 0xF0, 0x00, 0x01, 0xFF, 0xFF, 0x00,
  0x00, 0x1F, 0xFF, 0xF0, 0x00, 0x01, 0xFF, 0xFF, 0x00, 0x00, 0x1F, 0xFF,
  0xF0, 0x00, 0x01, 0xFF, 0xFF, 0x00, 0x00, 0x1F, 0xFF, 0xF0, 0x00, 0x01,
  0xFF, 0xFF, 0x00, 0x00, 0x1F, 0xFF, 0xF0, 0x00, 0x01, 0xFF, 0xFF, 0x00,
  0x00, 0x1F, 0xFF, 0xF0, 0x00, 0x01, 0xFF, 0xFF, 0x00, 0x00, 0x1F, 0xFF,
  0xF0, 0x00, 0x01, 0xFF, 0xFF, 0x00, 0x00, 0x1F, 0xFF, 0xF0, 0x00, 0x01,
  0xFF, 0xFF, 0x00, 0x00, 0x1F, 0xFF, 0xF0, 0x00, 0x01, 0xFF, 0xFF, 0x00,
  0x00, 0x1F, 0xFF, 0xF0, 0x00, 0x01, 0xFF, 0xFF, 0x00, 0x00, 0x1F, 0xFF,
  0xF0, 0x00, 0x01, 0xFF, 0xFF, 0x00, 0x00, 0x1F, 0xFF, 0xF0, 0x00, 0x01,
  0xFF, 0xFF, 0x80, 0x00, 0x1F, 0xFF, 0xF8, 0x00, 0x01, 0xFF, 0xFF, 0x80,
  0x00, 0x1F, 0xFF, 0xF8, 0x00, 0x01, 0xFE, 0x7F, 0xC0, 0x00, 0x3F, 0xE7,
  0xFC, 0x00, 0x03, 0xFE, 0x7F, 0xE0, 0x00, 0x7F, 0xE3, 0xFF, 0x00, 0x0F,
  0xFC, 0x3F, 0xFC, 0x03, 0xFF, 0xC1, 0xFF, 0xFF, 0xFF, 0xF8, 0x0F, 0xFF,
  0xFF, 0xFF, 0x00, 0xFF, 0xFF, 0xFF, 0xF0, 0x07, 0xFF, 0xFF, 0xFE, 0x00,
  0x3F, 0xFF, 0xFF, 0x80, 0x00, 0xFF, 0xFF, 0xF0, 0x00, 0x03, 0xFF, 0xFC,
  0x00, 0x00, 0x07, 0xFE, 0x00, 0x00, 0xFF, 0x80, 0x00, 0x00, 0xFF, 0xFF,
  0xE0, 0x00, 0x00, 0x3F, 0xE7, 0xFC, 0x00, 0x00, 0x0F, 0xF9, 0xFF, 0x00,
  0x00, 0x07, 0xFC, 0x7F, 0xC0, 0x00, 0x01, 0xFF, 0x0F, 0xF8, 0x00, 0x00,
  0x7F, 0xC3, 0xFE, 0x00, 0x00, 0x3F, 0xE0, 0xFF, 0x80, 0x00, 0x0F, 0xF8,
  0x1F, 0xF0, 0x00, 0x03, 0xFC, 0x07, 0xFC, 0x00, 0x01, 0xFF, 0x01, 0xFF,
  0x80, 0x00, 0x7F, 0xC0, 0x3F, 0xE0, 0x00, 0x3F, 0xE0, 0x0F, 0xF8, 0x00,
  0x0F, 0xF8, 0x01, 0xFF, 0x00, 0x03, 0xFE, 0x00, 0x7F, 0xC0, 0x01, 0xFF,
  0x00, 0x1F, 0xF0, 0x00, 0x7F, 0xC0, 0x03, 0xFE, 0x00, 0x1F, 0xE0, 0x00,
  0xFF, 0x80, 0x0F, 0xF8, 0x00, 0x3F, 0xE0, 0x03, 0xFE, 0x00, 0x07, 0xFC,
  0x00, 0xFF, 0x00, 0x01, 0xFF, 0x00, 0x7F, 0xC0, 0x00, 0x7F, 0xC0, 0x1F,
  0xF0, 0x00, 0x0F, 0xF8, 0x07, 0xF8, 0x00, 0x03, 0xFE, 0x03, 0xFE, 0x00,
  0x00, 0x7F, 0x80, 0xFF, 0x00, 0x00, 0x1F, 0xF0, 0x3F, 0xC0, 0x00, 0x07,
  0xFC, 0x1F, 0xF0, 0x00, 0x00, 0xFF, 0x07, 0xF8, 0x00, 0x00, 0x3F, 0xE1,
  0xFE, 0x00, 0x00, 0x0F, 0xF8, 0xFF, 0x80, 0x00, 0x01, 0xFE, 0x3F, 0xC0,
  0x00, 0x00, 0x7F, 0xCF, 0xF0, 0x00, 0x00, 0x1F, 0xF7, 0xF8, 0x00, 0x00,
  0x03, 0xFD, 0xFE, 0x00, 0x00, 0x00, 0xFF, 0xFF, 0x80, 0x00, 0x00, 0x3F,
  0xFF, 0xC0, 0x00, 0x00, 0x07, 0xFF, 0xF0, 0x00, 0x00, 0x01, 0xFF, 0xFC,
  0x00, 0x00, 0x00, 0x3F, 0xFE, 0x00, 0x00, 0x00, 0x0F, 0xFF, 0x80, 0x00,
  0x00, 0x03, 0xFF, 0xC0, 0x00, 0x00, 0x00, 0x7F, 0xF0, 0x00, 0x00, 0x00,
  0x1F, 0xFC, 0x00, 0x00, 0x00, 0x07, 0xFE, 0x00, 0x00, 0x00, 0x00, 0xFF,
  0x80, 0x00, 0x00, 0x00, 0x3F, 0xE0, 0x00, 0x00, 0xFF, 0x80, 0x00, 0x1F,
  0xE0, 0x00, 0x07, 0xFF, 0xFE, 0x00, 0x00, 0x7F, 0xC0, 0x00, 0x1F, 0xE7,
  0xFC, 0x00, 0x03, 0xFF, 0x00, 0x00, 0xFF, 0x9F, 0xF0, 0x00, 0x0F, 0xFC,
  0x00, 0x03, 0xFE, 0x7F, 0xC0, 0x00, 0x3F, 0xF0, 0x00, 0x0F, 0xF9, 0xFF,
  0x00, 0x00, 0xFF, 0xE0, 0x00, 0x3F, 0xC3, 0xFE, 0x00, 0x07, 0xFF, 0x80,
  0x01, 0xFF, 0x0F, 0xF8, 0x00, 0x1F, 0xFE, 0x00, 0x07, 0xFC, 0x3F, 0xE0,
  0x00, 0x7F, 0xFC, 0x00, 0x1F, 0xF0, 0x7F, 0x80, 0x03, 0xFF, 0xF0, 0x00,
  0x7F, 0x81, 0xFF, 0x00, 0x0F, 0xFF, 0xC0, 0x03, 0xFE, 0x07, 0xFC, 0x00,
  0x3F, 0xFF, 0x00, 0x0F, 0xF8, 0x1F, 0xF0, 0x01, 0xFF, 0xFE, 0x00, 0x3F,
  0xC0, 0x3F, 0xC0, 0x07, 0xF7, 0xF8, 0x00, 0xFF, 0x00, 0xFF, 0x80, 0x1F,
  0xCF, 0xE0, 0x07, 0xFC, 0x03, 0xFE, 0x00, 0xFF, 0x3F, 0xC0, 0x1F, 0xF0,
  0x0F, 0xF8, 0x03, 0xFC, 0xFF, 0x00, 0x7F, 0x80, 0x1F, 0xE0, 0x0F, 0xE1,
  0xFC, 0x01, 0xFE, 0x00, 0x7F, 0xC0, 0x3F, 0x87, 0xF8, 0x0F, 0xF8, 0x01,
  0xFF, 0x01, 0xFE, 0x1F, 0xE0, 0x3F, 0xE0, 0x07, 0xFC, 0x07, 0xF0, 0x7F,
  0x80, 0xFF, 0x00, 0x0F, 0xF0, 0x1F, 0xC0, 0xFE, 0x03, 0xFC, 0x00, 0x3F,
  0xE0, 0xFF, 0x03, 0xFC, 0x1F, 0xF0, 0x00, 0xFF, 0x83, 0xF8, 0x0F, 0xF0,
  0x7F, 0xC0, 0x01, 0xFE, 0x0F, 0xE0, 0x1F, 0xC1, 0xFE, 0x00, 0x07, 0xF8,
  0x7F, 0x80, 0x7F, 0x87, 0xF8, 0x00, 0x1F, 0xF1, 0xFE, 0x01, 0xFE, 0x3F,
  0xE0, 0x00, 0x7F, 0xC7, 0xF0, 0x03, 0xF8, 0xFF, 0x00, 0x00, 0xFF, 0x3F,
  0xC0, 0x0F, 0xE3, 0xFC, 0x00, 0x03, 0xFC, 0xFF, 0x00, 0x3F, 0xCF, 0xF0,
  0x00, 0x0F, 0xF3, 0xF8, 0x00, 0xFF, 0x7F, 0xC0, 0x00, 0x3F, 0xEF, 0xE0,
  0x01, 0xFD, 0xFE, 0x00, 0x00, 0x7F, 0xFF, 0x80, 0x07, 0xFF, 0xF8, 0x00,
  0x01, 0xFF, 0xFC, 0x00, 0x1F, 0xFF, 0xE0, 0x00, 0x07, 0xFF, 0xF0, 0x00,
  0x3F, 0xFF, 0x80, 0x00, 0x1F, 0xFF, 0xC0, 0x00, 0xFF, 0xFC, 0x00, 0x00,
  0x3F, 0xFE, 0x00, 0x03, 0xFF, 0xF0, 0x00, 0x00, 0xFF, 0xF8, 0x00, 0x07,
  0xFF, 0xC0, 0x00, 0x03, 0xFF, 0xE0, 0x00, 0x1F, 0xFF, 0x00, 0x00, 0x07,
  0xFF, 0x80, 0x00, 0x7F, 0xF8, 0x00, 0x00, 0x1F, 0xFC, 0x00, 0x01, 0xFF,
  0xE0, 0x00, 0x00, 0x7F, 0xF0, 0x00, 0x03, 0xFF, 0x80, 0x00, 0x01, 0xFF,
  0xC0, 0x00, 0x0F, 0xFC, 0x00, 0x00, 0x03, 0xFE, 0x00, 0x00, 0x3F, 0xF0,
  0x00, 0x00, 0x0F, 0xF8, 0x00, 0x00, 0x7F, 0xC0, 0x00, 0x00, 0x3F, 0xE0,
  0x00, 0x01, 0xFF, 0x00, 0x00, 0xFF, 0xE0, 0x00, 0x01, 0xFF, 0x9F, 0xF8,
  0x00, 0x00, 0xFF, 0x83, 0xFF, 0x00, 0x00, 0x7F, 0xE0, 0x7F, 0xE0, 0x00,
  0x1F, 0xF0, 0x1F, 0xF8, 0x00, 0x0F, 0xF8, 0x03, 0xFF, 0x00, 0x07, 0xFE,
  0x00, 0x7F, 0xE0, 0x01, 0xFF, 0x00, 0x1F, 0xF8, 0x00, 0xFF, 0x80, 0x03,
  0xFF, 0x00, 0x7F, 0xE0, 0x00, 0x7F, 0xE0, 0x1F, 0xF0, 0x00, 0x0F, 0xF8,
  0x0F, 0xF8, 0x00, 0x03, 0xFF, 0x07, 0xFE, 0x00, 0x00, 0x7F, 0xC1, 0xFF,
  0x00, 0x00, 0x0F, 0xF8, 0xFF, 0xC0, 0x00, 0x03, 0xFF, 0x7F, 0xE0, 0x00,
  0x00, 0x7F, 0xDF, 0xF0, 0x00, 0x00, 0x0F, 0xFF, 0xFC, 0x00, 0x00, 0x03,
  0xFF, 0xFE, 0x00, 0x00, 0x00, 0x7F, 0xFF, 0x00, 0x00, 0x00, 0x0F, 0xFF,
  0xC0, 0x00, 0x00, 0x03, 0xFF, 0xE0, 0x00, 0x00, 0x00, 0x7F, 0xF0, 0x00,
  0x00, 0x00, 0x1F, 0xFC, 0x00, 0x00, 0x00, 0x0F, 0xFF, 0x80, 0x00, 0x00,
  0x03, 0xFF, 0xF0, 0x00, 0x00, 0x01, 0xFF, 0xFC, 0x00, 0x00, 0x00, 0xFF,
  0xFF, 0x80, 0x00, 0x00, 0x3F, 0xFF, 0xF0, 0x00, 0x00, 0x1F, 0xFF, 0xFC,
  0x00, 0x00, 0x07, 0xFD, 0xFF, 0x80, 0x00, 0x03, 0xFE, 0x3F, 0xF0, 0x00,
  0x01, 0xFF, 0x8F, 0xFC, 0x00, 0x00, 0x7F, 0xC1, 0xFF, 0x80, 0x00, 0x3F,
  0xE0, 0x3F, 0xF0, 0x00, 0x1F, 0xF8, 0x0F, 0xFC, 0x00, 0x07, 0xFC, 0x01,
  0xFF, 0x80, 0x03, 0xFE, 0x00, 0x3F, 0xF0, 0x01, 0xFF, 0x80, 0x0F, 0xFC,
  0x00, 0x7F, 0xC0, 0x01, 0xFF, 0x80, 0x3F, 0xE0, 0x00, 0x3F, 0xF0, 0x1F,
  0xF8, 0x00, 0x0F, 0xFC, 0x07, 0xFC, 0x00, 0x01, 0xFF, 0x83, 0xFE, 0x00,
  0x00, 0x3F, 0xF1, 0xFF, 0x80, 0x00, 0x0F, 0xFC, 0x7F, 0xC0, 0x00, 0x01,
  0xFF, 0xBF, 0xE0, 0x00, 0x00, 0x3F, 0xF0, 0xFF, 0xE0, 0x00, 0x01, 0xFF,
  0x9F, 0xF8, 0x00, 0x00, 0xFF, 0x8F, 0xFC, 0x00, 0x00, 0xFF, 0xC3, 0xFF,
  0x00, 0x00, 0xFF, 0xC1, 0xFF, 0x80, 0x00, 0x7F, 0xC0, 0x7F, 0xE0, 0x00,
  0x7F, 0xE0, 0x1F, 0xF0, 0x00, 0x3F, 0xE0, 0x0F, 0xFC, 0x00, 0x3F, 0xE0,
  0x03, 0xFF, 0x00, 0x3F, 0xF0, 0x00, 0xFF, 0x80, 0x1F, 0xF0, 0x00, 0x7F,
  0xE0, 0x1F, 0xF8, 0x00, 0x1F, 0xF0, 0x0F, 0xF8, 0x00, 0x0F, 0xFC, 0x0F,
  0xF8, 0x00, 0x03, 0xFE, 0x07, 0xFC, 0x00, 0x00, 0xFF, 0x87, 0xFC, 0x00,
  0x00, 0x7F, 0xE7, 0xFC, 0x00, 0x00, 0x1F, 0xF3, 0xFE, 0x00, 0x00, 0x07,
  0xFF, 0xFE, 0x00, 0x00, 0x03, 0xFF, 0xFF, 0x00, 0x00, 0x00, 0xFF, 0xFF,
  0x00, 0x00, 0x00, 0x7F, 0xFF, 0x00, 0x00, 0x00, 0x1F, 0xFF, 0x80, 0x00,
  0x00, 0x07, 0xFF, 0x80, 0x00, 0x00, 0x03, 0xFF, 0x80, 0x00, 0x00, 0x00,
  0xFF, 0xC0, 0x00, 0x00, 0x00, 0x3F, 0xC0, 0x00, 0x00, 0x00, 0x1F, 0xE0,
  0x00, 0x00, 0x00, 0x0F, 0xF0, 0x00, 0x00, 0x00, 0x07, 0xF8, 0x00, 0x00,
  0x00, 0x03, 0xFC, 0x00, 0x00, 0x00, 0x01, 0xFE, 0x00, 0x00, 0x00, 0x00,
  0xFF, 0x00, 0x00, 0x00, 0x00, 0x7F, 0x80, 0x00, 0x00, 0x00, 0x3F, 0xC0,
  0x00, 0x00, 0x00, 0x1F, 0xE0, 0x00, 0x00, 0x00, 0x0F, 0xF0, 0x00, 0x00,
  0x00, 0x07, 0xF8, 0x00, 0x00, 0x00, 0x03, 0xFC, 0x00, 0x00, 0x00, 0x01,
  0xFE, 0x00, 0x00, 0x00, 0x00, 0xFF, 0x00, 0x00, 0x00, 0x00, 0x7F, 0x80,
  0x00, 0x00, 0x00, 0x3F, 0xC0, 0x00, 0x00, 0x00, 0x1F, 0xE0, 0x00, 0x00,
  0x00, 0x0F, 0xF0, 0x00, 0x00, 0x00, 0x07, 0xF8, 0x00, 0x00, 0x00, 0x03,
  0xFC, 0x00, 0x00, 0x7F, 0xFF, 0xFF, 0xFF, 0xBF, 0xFF, 0xFF, 0xFF, 0xDF,
  0xFF, 0xFF, 0xFF, 0xEF, 0xFF, 0xFF, 0xFF, 0xF7, 0xFF, 0xFF, 0xFF, 0xFB,
  0xFF, 0xFF, 0xFF, 0xFD, 0xFF, 0xFF, 0xFF, 0xFE, 0xFF, 0xFF, 0xFF, 0xFF,
  0x00, 0x00, 0x03, 0xFF, 0x80, 0x00, 0x03, 0xFF, 0x80, 0x00, 0x01, 0xFF,
  0x80, 0x00, 0x01, 0xFF, 0x80, 0x00, 0x01, 0xFF, 0xC0, 0x00, 0x01, 0xFF,
  0xC0, 0x00, 0x00, 0xFF, 0xC0, 0x00, 0x00, 0xFF, 0xC0, 0x00, 0x00, 0xFF,
  0xE0, 0x00, 0x00, 0xFF, 0xE0, 0x00, 0x00, 0x7F, 0xE0, 0x00, 0x00, 0x7F,
  0xE0, 0x00, 0x00, 0x7F, 0xF0, 0x00, 0x00, 0x3F, 0xF0, 0x00, 0x00, 0x3F,
  0xF0, 0x00, 0x00, 0x3F, 0xF8, 0x00, 0x00, 0x3F, 0xF8, 0x00, 0x00, 0x1F,
  0xF8, 0x00, 0x00, 0x1F, 0xF8, 0x00, 0x00, 0x1F, 0xFC, 0x00, 0x00, 0x1F,
  0xFC, 0x00, 0x00, 0x0F, 0xFC, 0x00, 0x00, 0x0F, 0xFC, 0x00, 0x00, 0x0F,
  0xFE, 0x00, 0x00, 0x0F, 0xFE, 0x00, 0x00, 0x07, 0xFE, 0x00, 0x00, 0x07,
  0xFF, 0x00, 0x00, 0x07, 0xFF, 0x00, 0x00, 0x03, 0xFF, 0x00, 0x00, 0x03,
  0xFF, 0x00, 0x00, 0x03, 0xFF, 0xFF, 0xFF, 0xFF, 0xFF, 0xFF, 0xFF, 0xFF,
  0xFF, 0xFF, 0xFF, 0xFF, 0xFF, 0xFF, 0xFF, 0xFF, 0xFF, 0xFF, 0xFF, 0xFF,
  0xFF, 0xFF, 0xFF, 0xFF, 0xFF, 0xFF, 0xFF, 0xFF, 0xFF, 0xFF, 0xFF, 0xFF,
  0xFC, 0xFF, 0xFF, 0xFF, 0xFF, 0xFF, 0xFF, 0xFF, 0xFF, 0xFF, 0xFF, 0xFF,
  0xFF, 0xFF, 0xFF, 0xFF, 0x00, 0xFF, 0x00, 0xFF, 0x00, 0xFF, 0x00, 0xFF,
  0x00, 0xFF, 0x00, 0xFF, 0x00, 0xFF, 0x00, 0xFF, 0x00, 0xFF, 0x00, 0xFF,
  0x00, 0xFF, 0x00, 0xFF, 0x00, 0xFF, 0x00, 0xFF, 0x00, 0xFF, 0x00, 0xFF,
  0x00, 0xFF, 0x00, 0xFF, 0x00, 0xFF, 0x00, 0xFF, 0x00, 0xFF, 0x00, 0xFF,
  0x00, 0xFF, 0x00, 0xFF, 0x00, 0xFF, 0x00, 0xFF, 0x00, 0xFF, 0x00, 0xFF,
  0x00, 0xFF, 0x00, 0xFF, 0x00, 0xFF, 0x00, 0xFF, 0x00, 0xFF, 0x00, 0xFF,
  0x00, 0xFF, 0x00, 0xFF, 0x00, 0xFF, 0x00, 0xFF, 0x00, 0xFF, 0x00, 0xFF,
  0x00, 0xFF, 0x00, 0xFF, 0x00, 0xFF, 0x00, 0xFF, 0x00, 0xFF, 0xFF, 0xFF,
  0xFF, 0xFF, 0xFF, 0xFF, 0xFF, 0xFF, 0xFF, 0xFF, 0xFF, 0xFF, 0xFF, 0xFF,
  0x00, 0x00, 0x7F, 0x80, 0x00, 0x7F, 0x80, 0x00, 0x3F, 0x80, 0x00, 0x3F,
  0xC0, 0x00, 0x3F, 0xC0, 0x00, 0x1F, 0xC0, 0x00, 0x1F, 0xE0, 0x00, 0x1F,
  0xE0, 0x00, 0x0F, 0xF0, 0x00, 0x0F, 0xF0, 0x00, 0x0F, 0xF0, 0x00, 0x07,
  0xF8, 0x00, 0x07, 0xF8, 0x00, 0x07, 0xF8, 0x00, 0x03, 0xFC, 0x00, 0x03,
  0xFC, 0x00, 0x03, 0xFC, 0x00, 0x01, 0xFE, 0x00, 0x01, 0xFE, 0x00, 0x01,
  0xFE, 0x00, 0x00, 0xFF, 0x00, 0x00, 0xFF, 0x00, 0x00, 0xFF, 0x00, 0x00,
  0x7F, 0x80, 0x00, 0x7F, 0x80, 0x00, 0x7F, 0x80, 0x00, 0x3F, 0xC0, 0x00,
  0x3F, 0xC0, 0x00, 0x3F, 0xC0, 0x00, 0x1F, 0xE0, 0x00, 0x1F, 0xE0, 0x00,
  0x1F, 0xE0, 0x00, 0x0F, 0xF0, 0x00, 0x0F, 0xF0, 0x00, 0x0F, 0xF0, 0x00,
  0x07, 0xF8, 0x00, 0x07, 0xF8, 0x00, 0x07, 0xF8, 0x00, 0x03, 0xFC, 0x00,
  0x03, 0xFC, 0x00, 0x03, 0xFC, 0x00, 0x01, 0xFE, 0x00, 0x01, 0xFE, 0x00,
  0x01, 0xFE, 0x00, 0x00, 0xFF, 0xFF, 0xFF, 0xFF, 0xFF, 0xFF, 0xFF, 0xFF,
  0xFF, 0xFF, 0xFF, 0xFF, 0xFF, 0xFF, 0xFF, 0x00, 0xFF, 0x00, 0xFF, 0x00,
  0xFF, 0x00, 0xFF, 0x00, 0xFF, 0x00, 0xFF, 0x00, 0xFF, 0x00, 0xFF, 0x00,
  0xFF, 0x00, 0xFF, 0x00, 0xFF, 0x00, 0xFF, 0x00, 0xFF, 0x00, 0xFF, 0x00,
  0xFF, 0x00, 0xFF, 0x00, 0xFF, 0x00, 0xFF, 0x00, 0xFF, 0x00, 0xFF, 0x00,
  0xFF, 0x00, 0xFF, 0x00, 0xFF, 0x00, 0xFF, 0x00, 0xFF, 0x00, 0xFF, 0x00,
  0xFF, 0x00, 0xFF, 0x00, 0xFF, 0x00, 0xFF, 0x00, 0xFF, 0x00, 0xFF, 0x00,
  0xFF, 0x00, 0xFF, 0x00, 0xFF, 0x00, 0xFF, 0x00, 0xFF, 0x00, 0xFF, 0x00,
  0xFF, 0x00, 0xFF, 0x00, 0xFF, 0x00, 0xFF, 0x00, 0xFF, 0x00, 0xFF, 0x00,
  0xFF, 0xFF, 0xFF, 0xFF, 0xFF, 0xFF, 0xFF, 0xFF, 0xFF, 0xFF, 0xFF, 0xFF,
  0xFF, 0xFF, 0xFF, 0x00, 0x0F, 0xE0, 0x00, 0x00, 0x7F, 0x80, 0x00, 0x03,
  0xFF, 0x00, 0x00, 0x0F, 0xFC, 0x00, 0x00, 0x7F, 0xF8, 0x00, 0x03, 0xFF,
  0xF0, 0x00, 0x0F, 0xFF, 0xC0, 0x00, 0x7F, 0xFF, 0x80, 0x01, 0xFC, 0xFE,
  0x00, 0x0F, 0xF3, 0xFC, 0x00, 0x7F, 0x87, 0xF8, 0x01, 0xFE, 0x1F, 0xE0,
  0x0F, 0xF0, 0x3F, 0xC0, 0x3F, 0x80, 0x7F, 0x81, 0xFE, 0x01, 0xFE, 0x0F,
  0xF0, 0x03, 0xFC, 0x3F, 0xC0, 0x0F, 0xF1, 0xFE, 0x00, 0x1F, 0xE7, 0xF8,
  0x00, 0x7F, 0xFF, 0xC0, 0x00, 0xFF, 0xFF, 0xFF, 0xFF, 0xFF, 0xFF, 0xFF,
  0xFF, 0xFF, 0xFF, 0xFF, 0xFF, 0xFF, 0xFF, 0xFF, 0xFF, 0xFF, 0xFF, 0xFF,
  0xFF, 0xFF, 0xFF, 0xFF, 0xFF, 0xFF, 0xFF, 0x03, 0xFC, 0x1F, 0xE0, 0x7F,
  0x83, 0xFC, 0x0F, 0xE0, 0x3F, 0x81, 0xFC, 0x07, 0xF0, 0x3F, 0x80, 0xFE,
  0x00, 0x1F, 0xFC, 0x00, 0x00, 0xFF, 0xFF, 0x80, 0x03, 0xFF, 0xFF, 0xE0,
  0x0F, 0xFF, 0xFF, 0xF0, 0x1F, 0xFF, 0xFF, 0xF8, 0x7F, 0xFF, 0xFF, 0xFC,
  0x3F, 0xF0, 0x7F, 0xFC, 0x3F, 0x80, 0x0F, 0xFE, 0x1F, 0x00, 0x07, 0xFE,
  0x0C, 0x00, 0x03, 0xFE, 0x04, 0x00, 0x01, 0xFE, 0x00, 0x00, 0x01, 0xFE,
  0x00, 0x00, 0x01, 0xFF, 0x00, 0x3F, 0x81, 0xFF, 0x01, 0xFF, 0xFD, 0xFF,
  0x07, 0xFF, 0xFF, 0xFF, 0x1F, 0xFF, 0xFF, 0xFF, 0x3F, 0xFF, 0xFF, 0xFF,
  0x3F, 0xFC, 0x7F, 0xFF, 0x7F, 0xE0, 0x03, 0xFF, 0x7F, 0x80, 0x01, 0xFF,
  0xFF, 0x80, 0x01, 0xFF, 0xFF, 0x00, 0x01, 0xFF, 0xFF, 0x00, 0x03, 0xFF,
  0xFF, 0x80, 0x03, 0xFF, 0xFF, 0x80, 0x07, 0xFF, 0xFF, 0x80, 0x0F, 0xFF,
  0xFF, 0xC0, 0x1F, 0xFF, 0x7F, 0xFC, 0xFF, 0xFF, 0x7F, 0xFF, 0xFF, 0xFF,
  0x3F, 0xFF, 0xFD, 0xFF, 0x3F, 0xFF, 0xF9, 0xFF, 0x1F, 0xFF, 0xF1, 0xFF,
  0x07, 0xFF, 0xC1, 0xFF, 0x01, 0xFF, 0x00, 0x00, 0xFF, 0x80, 0x00, 0x00,
  0x1F, 0xF0, 0x00, 0x00, 0x03, 0xFE, 0x00, 0x00, 0x00, 0x7F, 0xC0, 0x00,
  0x00, 0x0F, 0xF8, 0x00, 0x00, 0x01, 0xFF, 0x00, 0x00, 0x00, 0x3F, 0xE0,
  0x00, 0x00, 0x07, 0xFC, 0x00, 0x00, 0x00, 0xFF, 0x80, 0x00, 0x00, 0x1F,
  0xF0, 0x00, 0x00, 0x03, 0xFE, 0x00, 0x00, 0x00, 0x7F, 0xC0, 0x00, 0x00,
  0x0F, 0xF8, 0x1F, 0xF0, 0x01, 0xFF, 0x0F, 0xFF, 0xC0, 0x3F, 0xE7, 0xFF,
  0xFC, 0x07, 0xFD, 0xFF, 0xFF, 0xC0, 0xFF, 0xFF, 0xFF, 0xFC, 0x1F, 0xFF,
  0xFF, 0xFF, 0xC3, 0xFF, 0xFF, 0xFF, 0xFC, 0x7F, 0xFF, 0x07, 0xFF, 0xCF,
  0xFF, 0x80, 0x3F, 0xF9, 0xFF, 0xC0, 0x03, 0xFF, 0xBF, 0xF0, 0x00, 0x3F,
  0xF7, 0xFE, 0x00, 0x03, 0xFE, 0xFF, 0x80, 0x00, 0x3F, 0xDF, 0xF0, 0x00,
  0x07, 0xFF, 0xFE, 0x00, 0x00, 0xFF, 0xFF, 0x80, 0x00, 0x1F, 0xFF, 0xF0,
  0x00, 0x03, 0xFF, 0xFE, 0x00, 0x00, 0x7F, 0xFF, 0xC0, 0x00, 0x0F, 0xFF,
  0xF8, 0x00, 0x01, 0xFF, 0xFF, 0x80, 0x00, 0x3F, 0xFF, 0xF0, 0x00, 0x07,
  0xFF, 0xFE, 0x00, 0x01, 0xFF, 0x7F, 0xE0, 0x00, 0x3F, 0xEF, 0xFE, 0x00,
  0x0F, 0xFD, 0xFF, 0xE0, 0x03, 0xFF, 0x3F, 0xFE, 0x00, 0xFF, 0xE7, 0xFF,
  0xF0, 0x7F, 0xF8, 0xFF, 0xFF, 0xFF, 0xFF, 0x1F, 0xFF, 0xFF, 0xFF, 0xC3,
  0xFD, 0xFF, 0xFF, 0xF0, 0x7F, 0x9F, 0xFF, 0xFC, 0x0F, 0xF1, 0xFF, 0xFF,
  0x01, 0xFE, 0x0F, 0xFF, 0x80, 0x00, 0x00, 0x7F, 0xC0, 0x00, 0x00, 0x0F,
  0xFE, 0x00, 0x00, 0x3F, 0xFF, 0xC0, 0x00, 0x3F, 0xFF, 0xF8, 0x00, 0x7F,
  0xFF, 0xFE, 0x00, 0x7F, 0xFF, 0xFF, 0x80, 0x7F, 0xFF, 0xFF, 0xE0, 0x7F,
  0xFF, 0xFF, 0xF8, 0x3F, 0xFC, 0x1F, 0xFE, 0x3F, 0xF8, 0x03, 0xFF, 0x1F,
  0xF0, 0x00, 0x7F, 0xDF, 0xF8, 0x00, 0x3F, 0x0F, 0xF8, 0x00, 0x0E, 0x07,
  0xF8, 0x00, 0x00, 0x07, 0xFC, 0x00, 0x00, 0x03, 0xFE, 0x00, 0x00, 0x01,
  0xFE, 0x00, 0x00, 0x00, 0xFF, 0x00, 0x00, 0x00, 0x7F, 0x80, 0x00, 0x00,
  0x3F, 0xC0, 0x00, 0x00, 0x1F, 0xE0, 0x00, 0x00, 0x0F, 0xF8, 0x00, 0x00,
  0x07, 0xFC, 0x00, 0x00, 0x01, 0xFE, 0x00, 0x01, 0x00, 0xFF, 0x80, 0x00,
  0xF0, 0x7F, 0xE0, 0x00, 0xFF, 0x1F, 0xF8, 0x00, 0x7F, 0xCF, 0xFE, 0x00,
  0xFF, 0xC3, 0xFF, 0xC1, 0xFF, 0xE1, 0xFF, 0xFF, 0xFF, 0xE0, 0x7F, 0xFF,
  0xFF, 0xE0, 0x1F, 0xFF, 0xFF, 0xE0, 0x07, 0xFF, 0xFF, 0xE0, 0x00, 0xFF,
  0xFF, 0xE0, 0x00, 0x1F, 0xFF, 0xC0, 0x00, 0x03, 0xFF, 0x00, 0x00, 0x00,
  0x00, 0x00, 0x3F, 0xE0, 0x00, 0x00, 0x07, 0xFC, 0x00, 0x00, 0x00, 0xFF,
  0x80, 0x00, 0x00, 0x1F, 0xF0, 0x00, 0x00, 0x03, 0xFE, 0x00, 0x00, 0x00,
  0x7F, 0xC0, 0x00, 0x00, 0x0F, 0xF8, 0x00, 0x00, 0x01, 0xFF, 0x00, 0x00,
  0x00, 0x3F, 0xE0, 0x00, 0x00, 0x07, 0xFC, 0x00, 0x00, 0x00, 0xFF, 0x80,
  0x00, 0x00, 0x1F, 0xF0, 0x01, 0xFF, 0x03, 0xFE, 0x00, 0xFF, 0xF8, 0x7F,
  0xC0, 0x7F, 0xFF, 0xCF, 0xF8, 0x1F, 0xFF, 0xFD, 0xFF, 0x07, 0xFF, 0xFF,
  0xFF, 0xE1, 0xFF, 0xFF, 0xFF, 0xFC, 0x7F, 0xFF, 0xFF, 0xFF, 0x9F, 0xFF,
  0x07, 0xFF, 0xF3, 0xFF, 0x80, 0x3F, 0xFE, 0xFF, 0xC0, 0x03, 0xFF, 0xDF,
  0xF8, 0x00, 0x3F, 0xFB, 0xFE, 0x00, 0x03, 0xFF, 0xFF, 0x80, 0x00, 0x3F,
  0xFF, 0xF0, 0x00, 0x07, 0xFF, 0xFE, 0x00, 0x00, 0xFF, 0xFF, 0x80, 0x00,
  0x1F, 0xFF, 0xF0, 0x00, 0x01, 0xFF, 0xFE, 0x00, 0x00, 0x3F, 0xFF, 0xC0,
  0x00, 0x07, 0xFF, 0xF8, 0x00, 0x01, 0xFF, 0xFF, 0x80, 0x00, 0x3F, 0xFF,
  0xF0, 0x00, 0x07, 0xFF, 0xFE, 0x00, 0x00, 0xFF, 0xBF, 0xE0, 0x00, 0x3F,
  0xF7, 0xFE, 0x00, 0x0F, 0xFE, 0xFF, 0xE0, 0x03, 0xFF, 0xCF, 0xFE, 0x00,
  0xFF, 0xF9, 0xFF, 0xF0, 0x7F, 0xFF, 0x1F, 0xFF, 0xFF, 0xFF, 0xE1, 0xFF,
  0xFF, 0xFF, 0xFC, 0x1F, 0xFF, 0xFF, 0x7F, 0x81, 0xFF, 0xFF, 0xCF, 0xF0,
  0x1F, 0xFF, 0xF1, 0xFE, 0x00, 0xFF, 0xF8, 0x3F, 0xC0, 0x07, 0xFC, 0x00,
  0x00, 0x00, 0x0F, 0xFC, 0x00, 0x00, 0x3F, 0xFF, 0xC0, 0x00, 0x3F, 0xFF,
  0xF0, 0x00, 0x7F, 0xFF, 0xFE, 0x00, 0x7F, 0xFF, 0xFF, 0x80, 0x7F, 0xFF,
  0xFF, 0xE0, 0x7F, 0xFF, 0xFF, 0xF0, 0x3F, 0xF0, 0x0F, 0xFC, 0x3F, 0xF0,
  0x01, 0xFF, 0x1F, 0xF0, 0x00, 0xFF, 0x9F, 0xF0, 0x00, 0x3F, 0xCF, 0xF8,
  0x00, 0x0F, 0xF7, 0xF8, 0x00, 0x07, 0xFF, 0xFF, 0xFF, 0xFF, 0xFF, 0xFF,
  0xFF, 0xFF, 0xFF, 0xFF, 0xFF, 0xFF, 0xFF, 0xFF, 0xFF, 0xFF, 0xFF, 0xFF,
  0xFF, 0xFF, 0xFF, 0xFF, 0xFF, 0xFF, 0xFF, 0xFF, 0xFF, 0xFF, 0xFF, 0xFF,
  0xF8, 0x00, 0x00, 0x07, 0xFC, 0x00, 0x00, 0x01, 0xFE, 0x00, 0x00, 0x00,
  0xFF, 0x80, 0x00, 0x20, 0x7F, 0xC0, 0x00, 0x18, 0x1F, 0xF0, 0x00, 0x1E,
  0x0F, 0xFC, 0x00, 0x1F, 0x83, 0xFF, 0x80, 0x3F, 0xF1, 0xFF, 0xFD, 0xFF,
  0xF0, 0x7F, 0xFF, 0xFF, 0xF0, 0x1F, 0xFF, 0xFF, 0xF0, 0x07, 0xFF, 0xFF,
  0xF0, 0x01, 0xFF, 0xFF, 0xE0, 0x00, 0x3F, 0xFF, 0xE0, 0x00, 0x03, 0xFF,
  0x80, 0x00, 0x00, 0x0F, 0xFC, 0x00, 0xFF, 0xF0, 0x0F, 0xFF, 0xC0, 0x7F,
  0xFF, 0x01, 0xFF, 0xFC, 0x0F, 0xFF, 0xF0, 0x3F, 0xFF, 0xC1, 0xFF, 0x80,
  0x07, 0xFC, 0x00, 0x1F, 0xF0, 0x00, 0x7F, 0xC0, 0x01, 0xFF, 0x00, 0x07,
  0xFC, 0x00, 0x1F, 0xF0, 0x0F, 0xFF, 0xFF, 0xBF, 0xFF, 0xFE, 0xFF, 0xFF,
  0xFB, 0xFF, 0xFF, 0xEF, 0xFF, 0xFF, 0xBF, 0xFF, 0xFE, 0xFF, 0xFF, 0xF8,
  0x1F, 0xF0, 0x00, 0x7F, 0xC0, 0x01, 0xFF, 0x00, 0x07, 0xFC, 0x00, 0x1F,
  0xF0, 0x00, 0x7F, 0xC0, 0x01, 0xFF, 0x00, 0x07, 0xFC, 0x00, 0x1F, 0xF0,
  0x00, 0x7F, 0xC0, 0x01, 0xFF, 0x00, 0x07, 0xFC, 0x00, 0x1F, 0xF0, 0x00,
  0x7F, 0xC0, 0x01, 0xFF, 0x00, 0x07, 0xFC, 0x00, 0x1F, 0xF0, 0x00, 0x7F,
  0xC0, 0x01, 0xFF, 0x00, 0x07, 0xFC, 0x00, 0x1F, 0xF0, 0x00, 0x7F, 0xC0,
  0x01, 0xFF, 0x00, 0x07, 0xFC, 0x00, 0x1F, 0xF0, 0x00, 0x7F, 0xC0, 0x00,
  0x00, 0x1F, 0xF0, 0x00, 0x00, 0x1F, 0xFF, 0x0F, 0xF0, 0x1F, 0xFF, 0xF3,
  0xFC, 0x0F, 0xFF, 0xFE, 0xFF, 0x07, 0xFF, 0xFF, 0xFF, 0xC3, 0xFF, 0xFF,
  0xFF, 0xF1, 0xFF, 0xFF, 0xFF, 0xFC, 0xFF, 0xF8, 0x3F, 0xFF, 0x3F, 0xF8,
  0x03, 0xFF, 0xDF, 0xF8, 0x00, 0x7F, 0xF7, 0xFC, 0x00, 0x0F, 0xFD, 0xFF,
  0x00, 0x01, 0xFF, 0xFF, 0x80, 0x00, 0x7F, 0xFF, 0xE0, 0x00, 0x0F, 0xFF,
  0xF8, 0x00, 0x03, 0xFF, 0xFE, 0x00, 0x00, 0xFF, 0xFF, 0x00, 0x00, 0x3F,
  0xFF, 0xC0, 0x00, 0x0F, 0xFF, 0xF8, 0x00, 0x03, 0xFF, 0xFE, 0x00, 0x00,
  0xFF, 0xFF, 0x80, 0x00, 0x3F, 0xFF, 0xE0, 0x00, 0x1F, 0xF7, 0xFC, 0x00,
  0x07, 0xFD, 0xFF, 0x00, 0x03, 0xFF, 0x7F, 0xE0, 0x01, 0xFF, 0xCF, 0xFE,
  0x00, 0xFF, 0xF3, 0xFF, 0xE0, 0xFF, 0xFC, 0x7F, 0xFF, 0xFF, 0xFF, 0x1F,
  0xFF, 0xFF, 0xFF, 0xC3, 0xFF, 0xFF, 0xFF, 0xF0, 0x7F, 0xFF, 0xFB, 0xFC,
  0x0F, 0xFF, 0xFC, 0xFF, 0x00, 0xFF, 0xFC, 0x3F, 0xC0, 0x0F, 0xFC, 0x0F,
  0xF0, 0x00, 0x00, 0x03, 0xFC, 0x00, 0x00, 0x00, 0xFF, 0x00, 0x80, 0x00,
  0x3F, 0xC0, 0xE0, 0x00, 0x1F, 0xF0, 0xFC, 0x00, 0x07, 0xF8, 0xFF, 0x80,
  0x03, 0xFE, 0x3F, 0xF0, 0x01, 0xFF, 0x07, 0xFF, 0x03, 0xFF, 0xC1, 0xFF,
  0xFF, 0xFF, 0xE0, 0x3F, 0xFF, 0xFF, 0xF8, 0x07, 0xFF, 0xFF, 0xFC, 0x00,
  0xFF, 0xFF, 0xFE, 0x00, 0x1F, 0xFF, 0xFF, 0x00, 0x01, 0xFF, 0xFF, 0x00,
  0x00, 0x0F, 0xFE, 0x00, 0x00, 0xFF, 0x00, 0x00, 0x01, 0xFE, 0x00, 0x00,
  0x03, 0xFC, 0x00, 0x00, 0x07, 0xF8, 0x00, 0x00, 0x0F, 0xF0, 0x00, 0x00,
  0x1F, 0xE0, 0x00, 0x00, 0x3F, 0xC0, 0x00, 0x00, 0x7F, 0x80, 0x00, 0x00,
  0xFF, 0x00, 0x00, 0x01, 0xFE, 0x00, 0x00, 0x03, 0xFC, 0x00, 0x00, 0x07,
  0xF8, 0x00, 0x00, 0x0F, 0xF0, 0x1F, 0xF0, 0x1F, 0xE0, 0xFF, 0xF8, 0x3F,
  0xC7, 0xFF, 0xF8, 0x7F, 0x9F, 0xFF, 0xF8, 0xFF, 0x7F, 0xFF, 0xF9, 0xFE,
  0xFF, 0xFF, 0xFB, 0xFF, 0xFF, 0xFF, 0xF7, 0xFF, 0xC0, 0xFF, 0xFF, 0xFF,
  0x00, 0x7F, 0xFF, 0xFC, 0x00, 0xFF, 0xFF, 0xF0, 0x00, 0xFF, 0xFF, 0xC0,
  0x01, 0xFF, 0xFF, 0x80, 0x01, 0xFF, 0xFF, 0x00, 0x03, 0xFF, 0xFE, 0x00,
  0x07, 0xFF, 0xFC, 0x00, 0x0F, 0xFF, 0xF8, 0x00, 0x1F, 0xFF, 0xF0, 0x00,
  0x3F, 0xFF, 0xE0, 0x00, 0x7F, 0xFF, 0xC0, 0x00, 0xFF, 0xFF, 0x80, 0x01,
  0xFF, 0xFF, 0x00, 0x03, 0xFF, 0xFE, 0x00, 0x07, 0xFF, 0xFC, 0x00, 0x0F,
  0xFF, 0xF8, 0x00, 0x1F, 0xFF, 0xF0, 0x00, 0x3F, 0xFF, 0xE0, 0x00, 0x7F,
  0xFF, 0xC0, 0x00, 0xFF, 0xFF, 0x80, 0x01, 0xFF, 0xFF, 0x00, 0x03, 0xFF,
  0xFE, 0x00, 0x07, 0xFF, 0xFC, 0x00, 0x0F, 0xFF, 0xF8, 0x00, 0x1F, 0xFF,
  0xF0, 0x00, 0x3F, 0xC0, 0x1C, 0x1F, 0xCF, 0xFB, 0xFE, 0xFF, 0xFF, 0xFF,
  0xFB, 0xFE, 0x7F, 0x0F, 0x80, 0x00, 0x00, 0x00, 0x00, 0x00, 0x00, 0x00,
  0xFF, 0xBF, 0xEF, 0xFB, 0xFE, 0xFF, 0xBF, 0xEF, 0xFB, 0xFE, 0xFF, 0xBF,
  0xEF, 0xFB, 0xFE, 0xFF, 0xBF, 0xEF, 0xFB, 0xFE, 0xFF, 0xBF, 0xEF, 0xFB,
  0xFE, 0xFF, 0xBF, 0xEF, 0xFB, 0xFE, 0xFF, 0xBF, 0xEF, 0xFB, 0xFE, 0xFF,
  0xBF, 0xEF, 0xFB, 0xFE, 0xFF, 0x80, 0x00, 0x1C, 0x00, 0x1F, 0xC0, 0x0F,
  0xF8, 0x03, 0xFE, 0x00, 0xFF, 0xC0, 0x3F, 0xF0, 0x0F, 0xF8, 0x03, 0xFE,
  0x00, 0x7F, 0x00, 0x0F, 0x80, 0x00, 0x00, 0x00, 0x00, 0x00, 0x00, 0x00,
  0x00, 0x00, 0x00, 0x00, 0x00, 0x00, 0x00, 0xFF, 0x80, 0x3F, 0xE0, 0x0F,
  0xF8, 0x03, 0xFE, 0x00, 0xFF, 0x80, 0x3F, 0xE0, 0x0F, 0xF8, 0x03, 0xFE,
  0x00, 0xFF, 0x80, 0x3F, 0xE0, 0x0F, 0xF8, 0x03, 0xFE, 0x00, 0xFF, 0x80,
  0x3F, 0xE0, 0x0F, 0xF8, 0x03, 0xFE, 0x00, 0xFF, 0x80, 0x3F, 0xE0, 0x0F,
  0xF8, 0x03, 0xFE, 0x00, 0xFF, 0x80, 0x3F, 0xE0, 0x0F, 0xF8, 0x03, 0xFE,
  0x00, 0xFF, 0x80, 0x3F, 0xE0, 0x0F, 0xF8, 0x03, 0xFE, 0x00, 0xFF, 0x80,
  0x3F, 0xE0, 0x0F, 0xF8, 0x03, 0xFE, 0x00, 0xFF, 0x80, 0x3F, 0xE0, 0x0F,
  0xF8, 0x03, 0xFE, 0x00, 0xFF, 0x80, 0x3F, 0xE0, 0x0F, 0xF8, 0x07, 0xFE,
  0x87, 0xFF, 0x3F, 0xFF, 0xCF, 0xFF, 0xF3, 0xFF, 0xF8, 0xFF, 0xFC, 0x3F,
  0xFE, 0x0F, 0xFF, 0x03, 0xFE, 0x00, 0xFF, 0x80, 0x00, 0x00, 0x7F, 0xC0,
  0x00, 0x00, 0x3F, 0xE0, 0x00, 0x00, 0x1F, 0xF0, 0x00, 0x00, 0x0F, 0xF8,
  0x00, 0x00, 0x07, 0xFC, 0x00, 0x00, 0x03, 0xFE, 0x00, 0x00, 0x01, 0xFF,
  0x00, 0x00, 0x00, 0xFF, 0x80, 0x00, 0x00, 0x7F, 0xC0, 0x00, 0x00, 0x3F,
  0xE0, 0x00, 0x00, 0x1F, 0xF0, 0x00, 0x00, 0x0F, 0xF8, 0x00, 0x00, 0x07,
  0xFC, 0x00, 0x3F, 0xFB, 0xFE, 0x00, 0x3F, 0xF9, 0xFF, 0x00, 0x3F, 0xF8,
  0xFF, 0x80, 0x3F, 0xF8, 0x7F, 0xC0, 0x3F, 0xF8, 0x3F, 0xE0, 0x3F, 0xF8,
  0x1F, 0xF0, 0x3F, 0xF8, 0x0F, 0xF8, 0x3F, 0xF8, 0x07, 0xFC, 0x3F, 0xF8,
  0x03, 0xFE, 0x3F, 0xF8, 0x01, 0xFF, 0x3F, 0xF8, 0x00, 0xFF, 0xBF, 0xF8,
  0x00, 0x7F, 0xFF, 0xF8, 0x00, 0x3F, 0xFF, 0xFC, 0x00, 0x1F, 0xFF, 0xFF,
  0x00, 0x0F, 0xFF, 0xFF, 0x80, 0x07, 0xFF, 0xFF, 0xE0, 0x03, 0xFF, 0xFF,
  0xF8, 0x01, 0xFF, 0xFF, 0xFC, 0x00, 0xFF, 0xFB, 0xFF, 0x00, 0x7F, 0xF9,
  0xFF, 0x80, 0x3F, 0xF8, 0x7F, 0xE0, 0x1F, 0xF8, 0x1F, 0xF8, 0x0F, 0xF8,
  0x0F, 0xFC, 0x07, 0xFC, 0x03, 0xFF, 0x03, 0xFE, 0x00, 0xFF, 0xC1, 0xFF,
  0x00, 0x7F, 0xE0, 0xFF, 0x80, 0x1F, 0xF8, 0x7F, 0xC0, 0x0F, 0xFE, 0x3F,
  0xE0, 0x03, 0xFF, 0x1F, 0xF0, 0x00, 0xFF, 0xCF, 0xF8, 0x00, 0x7F, 0xF7,
  0xFC, 0x00, 0x1F, 0xFC, 0xFF, 0xFF, 0xFF, 0xFF, 0xFF, 0xFF, 0xFF, 0xFF,
  0xFF, 0xFF, 0xFF, 0xFF, 0xFF, 0xFF, 0xFF, 0xFF, 0xFF, 0xFF, 0xFF, 0xFF,
  0xFF, 0xFF, 0xFF, 0xFF, 0xFF, 0xFF, 0xFF, 0xFF, 0xFF, 0xFF, 0xFF, 0xFF,
  0xFF, 0xFF, 0xFF, 0xFF, 0xFF, 0xFF, 0xFF, 0xFF, 0xFF, 0xFF, 0xFF, 0xFF,
  0xFF, 0xFF, 0xFF, 0xFF, 0xFF, 0xFF, 0xFF, 0xFC, 0x00, 0x01, 0xFE, 0x00,
  0x0F, 0xF8, 0x0F, 0xF0, 0x7F, 0xF8, 0x03, 0xFF, 0xE0, 0xFF, 0x1F, 0xFF,
  0xE0, 0xFF, 0xFF, 0x8F, 0xF3, 0xFF, 0xFF, 0x1F, 0xFF, 0xFC, 0xFF, 0x7F,
  0xFF, 0xF3, 0xFF, 0xFF, 0xCF, 0xFF, 0xFF, 0xFF, 0xFF, 0xFF, 0xFE, 0xFF,
  0xFF, 0xFF, 0xFF, 0xFF, 0xFF, 0xEF, 0xFF, 0x81, 0xFF, 0xFE, 0x0F, 0xFF,
  0xFF, 0xE0, 0x0F, 0xFF, 0x80, 0x3F, 0xFF, 0xFE, 0x00, 0x7F, 0xF0, 0x01,
  0xFF, 0xFF, 0xC0, 0x07, 0xFF, 0x00, 0x1F, 0xFF, 0xF8, 0x00, 0x3F, 0xE0,
  0x01, 0xFF, 0xFF, 0x80, 0x03, 0xFE, 0x00, 0x0F, 0xFF, 0xF8, 0x00, 0x3F,
  0xE0, 0x00, 0xFF, 0xFF, 0x80, 0x03, 0xFC, 0x00, 0x0F, 0xFF, 0xF8, 0x00,
  0x3F, 0xC0, 0x00, 0xFF, 0xFF, 0x80, 0x03, 0xFC, 0x00, 0x0F, 0xFF, 0xF8,
  0x00, 0x3F, 0xC0, 0x00, 0xFF, 0xFF, 0x80, 0x03, 0xFC, 0x00, 0x0F, 0xFF,
  0xF8, 0x00, 0x3F, 0xC0, 0x00, 0xFF, 0xFF, 0x80, 0x03, 0xFC, 0x00, 0x0F,
  0xFF, 0xF8, 0x00, 0x3F, 0xC0, 0x00, 0xFF, 0xFF, 0x80, 0x03, 0xFC, 0x00,
  0x0F, 0xFF, 0xF8, 0x00, 0x3F, 0xC0, 0x00, 0xFF, 0xFF, 0x80, 0x03, 0xFC,
  0x00, 0x0F, 0xFF, 0xF8, 0x00, 0x3F, 0xC0, 0x00, 0xFF, 0xFF, 0x80, 0x03,
  0xFC, 0x00, 0x0F, 0xFF, 0xF8, 0x00, 0x3F, 0xC0, 0x00, 0xFF, 0xFF, 0x80,
  0x03, 0xFC, 0x00, 0x0F, 0xFF, 0xF8, 0x00, 0x3F, 0xC0, 0x00, 0xFF, 0xFF,
  0x80, 0x03, 0xFC, 0x00, 0x0F, 0xFF, 0xF8, 0x00, 0x3F, 0xC0, 0x00, 0xFF,
  0xFF, 0x80, 0x03, 0xFC, 0x00, 0x0F, 0xFF, 0xF8, 0x00, 0x3F, 0xC0, 0x00,
  0xFF, 0x00, 0x01, 0xFF, 0x01, 0xFE, 0x0F, 0xFF, 0x83, 0xFC, 0x7F, 0xFF,
  0x87, 0xF9, 0xFF, 0xFF, 0x8F, 0xF7, 0xFF, 0xFF, 0x9F, 0xFF, 0xFF, 0xFF,
  0xBF, 0xFF, 0xFF, 0xFF, 0x7F, 0xFC, 0x0F, 0xFF, 0xFF, 0xF0, 0x07, 0xFF,
  0xFF, 0xC0, 0x07, 0xFF, 0xFF, 0x00, 0x0F, 0xFF, 0xFC, 0x00, 0x1F, 0xFF,
  0xF8, 0x00, 0x1F, 0xFF, 0xF0, 0x00, 0x3F, 0xFF, 0xE0, 0x00, 0x7F, 0xFF,
  0xC0, 0x00, 0xFF, 0xFF, 0x80, 0x01, 0xFF, 0xFF, 0x00, 0x03, 0xFF, 0xFE,
  0x00, 0x07, 0xFF, 0xFC, 0x00, 0x0F, 0xFF, 0xF8, 0x00, 0x1F, 0xFF, 0xF0,
  0x00, 0x3F, 0xFF, 0xE0, 0x00, 0x7F, 0xFF, 0xC0, 0x00, 0xFF, 0xFF, 0x80,
  0x01, 0xFF, 0xFF, 0x00, 0x03, 0xFF, 0xFE, 0x00, 0x07, 0xFF, 0xFC, 0x00,
  0x0F, 0xFF, 0xF8, 0x00, 0x1F, 0xFF, 0xF0, 0x00, 0x3F, 0xFF, 0xE0, 0x00,
  0x7F, 0xFF, 0xC0, 0x00, 0xFF, 0xFF, 0x80, 0x01, 0xFF, 0xFF, 0x00, 0x03,
  0xFC, 0x00, 0x0F, 0xFE, 0x00, 0x00, 0x03, 0xFF, 0xFC, 0x00, 0x00, 0xFF,
  0xFF, 0xF0, 0x00, 0x3F, 0xFF, 0xFF, 0x80, 0x07, 0xFF, 0xFF, 0xFC, 0x00,
  0xFF, 0xFF, 0xFF, 0xE0, 0x1F, 0xFF, 0xFF, 0xFF, 0x01, 0xFF, 0xE0, 0x7F,
  0xF8, 0x3F, 0xF8, 0x01, 0xFF, 0x83, 0xFF, 0x00, 0x0F, 0xFC, 0x7F, 0xE0,
  0x00, 0x7F, 0xC7, 0xFC, 0x00, 0x03, 0xFE, 0x7F, 0x80, 0x00, 0x3F, 0xEF,
  0xF8, 0x00, 0x01, 0xFE, 0xFF, 0x80, 0x00, 0x1F, 0xEF, 0xF0, 0x00, 0x01,
  0xFE, 0xFF, 0x00, 0x00, 0x1F, 0xFF, 0xF0, 0x00, 0x01, 0xFF, 0xFF, 0x00,
  0x00, 0x1F, 0xFF, 0xF0, 0x00, 0x01, 0xFE, 0xFF, 0x80, 0x00, 0x1F, 0xEF,
  0xF8, 0x00, 0x01, 0xFE, 0x7F, 0x80, 0x00, 0x3F, 0xE7, 0xFC, 0x00, 0x03,
  0xFE, 0x7F, 0xE0, 0x00, 0x7F, 0xC3, 0xFF, 0x00, 0x0F, 0xFC, 0x3F, 0xF8,
  0x01, 0xFF, 0x81, 0xFF, 0xE0, 0xFF, 0xF8, 0x0F, 0xFF, 0xFF, 0xFF, 0x00,
  0xFF, 0xFF, 0xFF, 0xE0, 0x07, 0xFF, 0xFF, 0xFC, 0x00, 0x1F, 0xFF, 0xFF,
  0x80, 0x00, 0xFF, 0xFF, 0xF0, 0x00, 0x03, 0xFF, 0xFC, 0x00, 0x00, 0x07,
  0xFE, 0x00, 0x00, 0x00, 0x01, 0xFF, 0x00, 0x1F, 0xE1, 0xFF, 0xFC, 0x03,
  0xFC, 0x7F, 0xFF, 0xC0, 0x7F, 0x9F, 0xFF, 0xFC, 0x0F, 0xF7, 0xFF, 0xFF,
  0xC1, 0xFF, 0xFF, 0xFF, 0xFC, 0x3F, 0xFF, 0xFF, 0xFF, 0xC7, 0xFF, 0xF0,
  0x7F, 0xFC, 0xFF, 0xF8, 0x03, 0xFF, 0x9F, 0xFC, 0x00, 0x3F, 0xFB, 0xFF,
  0x00, 0x03, 0xFF, 0x7F, 0xE0, 0x00, 0x3F, 0xEF, 0xF8, 0x00, 0x03, 0xFD,
  0xFF, 0x00, 0x00, 0x7F, 0xFF, 0xE0, 0x00, 0x0F, 0xFF, 0xF8, 0x00, 0x01,
  0xFF, 0xFF, 0x00, 0x00, 0x3F, 0xFF, 0xE0, 0x00, 0x07, 0xFF, 0xFC, 0x00,
  0x00, 0xFF, 0xFF, 0x80, 0x00, 0x1F, 0xFF, 0xF8, 0x00, 0x03, 0xFF, 0xFF,
  0x00, 0x00, 0x7F, 0xFF, 0xE0, 0x00, 0x1F, 0xF7, 0xFE, 0x00, 0x03, 0xFE,
  0xFF, 0xE0, 0x00, 0xFF, 0xDF, 0xFE, 0x00, 0x3F, 0xF3, 0xFF, 0xE0, 0x0F,
  0xFE, 0x7F, 0xFF, 0x07, 0xFF, 0x8F, 0xFF, 0xFF, 0xFF, 0xF1, 0xFF, 0xFF,
  0xFF, 0xFC, 0x3F, 0xFF, 0xFF, 0xFF, 0x07, 0xFD, 0xFF, 0xFF, 0xC0, 0xFF,
  0x9F, 0xFF, 0xF0, 0x1F, 0xF1, 0xFF, 0xF8, 0x03, 0xFE, 0x07, 0xFC, 0x00,
  0x7F, 0xC0, 0x00, 0x00, 0x0F, 0xF8, 0x00, 0x00, 0x01, 0xFF, 0x00, 0x00,
  0x00, 0x3F, 0xE0, 0x00, 0x00, 0x07, 0xFC, 0x00, 0x00, 0x00, 0xFF, 0x80,
  0x00, 0x00, 0x1F, 0xF0, 0x00, 0x00, 0x03, 0xFE, 0x00, 0x00, 0x00, 0x7F,
  0xC0, 0x00, 0x00, 0x0F, 0xF8, 0x00, 0x00, 0x01, 0xFF, 0x00, 0x00, 0x00,
  0x3F, 0xE0, 0x00, 0x00, 0x07, 0xFC, 0x00, 0x00, 0x00, 0x00, 0x1F, 0xF0,
  0x00, 0x00, 0x0F, 0xFF, 0xC3, 0xFC, 0x07, 0xFF, 0xFC, 0x7F, 0x81, 0xFF,
  0xFF, 0xCF, 0xF0, 0x7F, 0xFF, 0xFD, 0xFE, 0x1F, 0xFF, 0xFF, 0xFF, 0xC7,
  0xFF, 0xFF, 0xFF, 0xF9, 0xFF, 0xF0, 0x7F, 0xFF, 0x3F, 0xF8, 0x03, 0xFF,
  0xEF, 0xFC, 0x00, 0x1F, 0xFD, 0xFF, 0x80, 0x03, 0xFF, 0xBF, 0xE0, 0x00,
  0x3F, 0xFF, 0xF8, 0x00, 0x03, 0xFF, 0xFF, 0x00, 0x00, 0x7F, 0xFF, 0xE0,
  0x00, 0x0F, 0xFF, 0xF8, 0x00, 0x01, 0xFF, 0xFF, 0x00, 0x00, 0x1F, 0xFF,
  0xE0, 0x00, 0x03, 0xFF, 0xFC, 0x00, 0x00, 0x7F, 0xFF, 0xC0, 0x00, 0x1F,
  0xFF, 0xF8, 0x00, 0x03, 0xFF, 0xFF, 0x00, 0x00, 0x7F, 0xFF, 0xE0, 0x00,
  0x0F, 0xFB, 0xFE, 0x00, 0x03, 0xFF, 0x7F, 0xE0, 0x00, 0xFF, 0xEF, 0xFE,
  0x00, 0x1F, 0xFC, 0xFF, 0xE0, 0x0F, 0xFF, 0x9F, 0xFF, 0x07, 0xFF, 0xF1,
  0xFF, 0xFF, 0xFF, 0xFE, 0x1F, 0xFF, 0xFF, 0xFF, 0xC1, 0xFF, 0xFF, 0xFF,
  0xF8, 0x1F, 0xFF, 0xFD, 0xFF, 0x01, 0xFF, 0xFF, 0x3F, 0xE0, 0x0F, 0xFF,
  0x87, 0xFC, 0x00, 0x7F, 0xC0, 0xFF, 0x80, 0x00, 0x00, 0x1F, 0xF0, 0x00,
  0x00, 0x03, 0xFE, 0x00, 0x00, 0x00, 0x7F, 0xC0, 0x00, 0x00, 0x0F, 0xF8,
  0x00, 0x00, 0x01, 0xFF, 0x00, 0x00, 0x00, 0x3F, 0xE0, 0x00, 0x00, 0x07,
  0xFC, 0x00, 0x00, 0x00, 0xFF, 0x80, 0x00, 0x00, 0x1F, 0xF0, 0x00, 0x00,
  0x03, 0xFE, 0x00, 0x00, 0x00, 0x7F, 0xC0, 0x00, 0x00, 0x0F, 0xF8, 0x00,
  0x00, 0x01, 0xFF, 0x00, 0x03, 0xFF, 0xFC, 0x3F, 0xFF, 0xF1, 0xFF, 0xFF,
  0xCF, 0xFF, 0xFF, 0x7F, 0xFF, 0xFD, 0xFF, 0xFF, 0xFF, 0xFF, 0xFF, 0xFF,
  0xFF, 0xFF, 0xF8, 0x07, 0xFF, 0x80, 0x0F, 0xFE, 0x00, 0x3F, 0xF0, 0x00,
  0xFF, 0x80, 0x03, 0xFE, 0x00, 0x0F, 0xF8, 0x00, 0x3F, 0xE0, 0x00, 0xFF,
  0x80, 0x03, 0xFE, 0x00, 0x0F, 0xF8, 0x00, 0x3F, 0xE0, 0x00, 0xFF, 0x80,
  0x03, 0xFE, 0x00, 0x0F, 0xF8, 0x00, 0x3F, 0xE0, 0x00, 0xFF, 0x80, 0x03,
  0xFE, 0x00, 0x0F, 0xF8, 0x00, 0x3F, 0xE0, 0x00, 0xFF, 0x80, 0x03, 0xFE,
  0x00, 0x0F, 0xF8, 0x00, 0x3F, 0xE0, 0x00, 0xFF, 0x80, 0x03, 0xFE, 0x00,
  0x00, 0x00, 0x3F, 0xF8, 0x00, 0x07, 0xFF, 0xF8, 0x00, 0x7F, 0xFF, 0xF8,
  0x03, 0xFF, 0xFF, 0xF0, 0x1F, 0xFF, 0xFF, 0xE0, 0x7F, 0xFF, 0xFF, 0xC3,
  0xFF, 0x87, 0xFF, 0x8F, 0xF8, 0x03, 0xF8, 0x3F, 0xC0, 0x03, 0xC0, 0xFF,
  0x00, 0x04, 0x03, 0xFC, 0x00, 0x00, 0x0F, 0xF0, 0x00, 0x00, 0x3F, 0xF0,
  0x00, 0x00, 0xFF, 0xF8, 0x00, 0x01, 0xFF, 0xFE, 0x00, 0x03, 0xFF, 0xFF,
  0x00, 0x07, 0xFF, 0xFF, 0x00, 0x0F, 0xFF, 0xFF, 0x00, 0x0F, 0xFF, 0xFE,
  0x00, 0x07, 0xFF, 0xFC, 0x00, 0x01, 0xFF, 0xF8, 0x00, 0x00, 0xFF, 0xE0,
  0x00, 0x00, 0xFF, 0x81, 0x00, 0x01, 0xFF, 0x0E, 0x00, 0x07, 0xFC, 0x7C,
  0x00, 0x1F, 0xF7, 0xF8, 0x00, 0x7F, 0xBF, 0xF8, 0x03, 0xFE, 0x7F, 0xFF,
  0xFF, 0xF8, 0xFF, 0xFF, 0xFF, 0xC1, 0xFF, 0xFF, 0xFF, 0x03, 0xFF, 0xFF,
  0xF8, 0x07, 0xFF, 0xFF, 0x80, 0x07, 0xFF, 0xF8, 0x00, 0x03, 0xFF, 0x80,
  0x00, 0x03, 0xFC, 0x00, 0x0F, 0xF0, 0x00, 0x3F, 0xC0, 0x00, 0xFF, 0x00,
  0x03, 0xFC, 0x00, 0x0F, 0xF0, 0x00, 0x3F, 0xC0, 0x00, 0xFF, 0x00, 0x03,
  0xFC, 0x03, 0xFF, 0xFF, 0xFF, 0xFF, 0xFF, 0xFF, 0xFF, 0xFF, 0xFF, 0xFF,
  0xFF, 0xFF, 0xFF, 0xFF, 0xFF, 0xFF, 0xFF, 0xFF, 0xFF, 0x03, 0xFC, 0x00,
  0x0F, 0xF0, 0x00, 0x3F, 0xC0, 0x00, 0xFF, 0x00, 0x03, 0xFC, 0x00, 0x0F,
  0xF0, 0x00, 0x3F, 0xC0, 0x00, 0xFF, 0x00, 0x03, 0xFC, 0x00, 0x0F, 0xF0,
  0x00, 0x3F, 0xC0, 0x00, 0xFF, 0x00, 0x03, 0xFC, 0x00, 0x0F, 0xF0, 0x00,
  0x3F, 0xC0, 0x00, 0xFF, 0x00, 0x03, 0xFC, 0x00, 0x0F, 0xF8, 0x00, 0x3F,
  0xE0, 0x00, 0xFF, 0xC1, 0x03, 0xFF, 0xFC, 0x07, 0xFF, 0xF0, 0x1F, 0xFF,
  0xC0, 0x3F, 0xFF, 0x00, 0x7F, 0xFC, 0x00, 0xFF, 0xF0, 0x00, 0xFF, 0x80,
  0xFF, 0x00, 0x03, 0xFF, 0xFE, 0x00, 0x07, 0xFF, 0xFC, 0x00, 0x0F, 0xFF,
  0xF8, 0x00, 0x1F, 0xFF, 0xF0, 0x00, 0x3F, 0xFF, 0xE0, 0x00, 0x7F, 0xFF,
  0xC0, 0x00, 0xFF, 0xFF, 0x80, 0x01, 0xFF, 0xFF, 0x00, 0x03, 0xFF, 0xFE,
  0x00, 0x07, 0xFF, 0xFC, 0x00, 0x0F, 0xFF, 0xF8, 0x00, 0x1F, 0xFF, 0xF0,
  0x00, 0x3F, 0xFF, 0xE0, 0x00, 0x7F, 0xFF, 0xC0, 0x00, 0xFF, 0xFF, 0x80,
  0x01, 0xFF, 0xFF, 0x00, 0x03, 0xFF, 0xFE, 0x00, 0x07, 0xFF, 0xFC, 0x00,
  0x0F, 0xFF, 0xF8, 0x00, 0x1F, 0xFF, 0xF0, 0x00, 0x3F, 0xFF, 0xE0, 0x00,
  0x7F, 0xFF, 0xC0, 0x00, 0xFF, 0xFF, 0xC0, 0x03, 0xFF, 0xFF, 0x80, 0x0F,
  0xFF, 0xFF, 0x80, 0x1F, 0xFF, 0xFF, 0x80, 0xFF, 0xFB, 0xFF, 0xFF, 0xFF,
  0xF7, 0xFF, 0xFF, 0xFF, 0xE7, 0xFF, 0xFF, 0xBF, 0xC7, 0xFF, 0xFE, 0x7F,
  0x87, 0xFF, 0xF8, 0xFF, 0x07, 0xFF, 0xC1, 0xFE, 0x03, 0xFE, 0x00, 0x00,
  0xFF, 0x80, 0x00, 0x1F, 0xF7, 0xFC, 0x00, 0x03, 0xFE, 0x7F, 0xC0, 0x00,
  0x3F, 0xC3, 0xFC, 0x00, 0x07, 0xFC, 0x3F, 0xE0, 0x00, 0x7F, 0xC3, 0xFE,
  0x00, 0x07, 0xF8, 0x1F, 0xE0, 0x00, 0xFF, 0x81, 0xFF, 0x00, 0x0F, 0xF0,
  0x0F, 0xF0, 0x00, 0xFF, 0x00, 0xFF, 0x80, 0x1F, 0xF0, 0x0F, 0xF8, 0x01,
  0xFE, 0x00, 0x7F, 0x80, 0x1F, 0xE0, 0x07, 0xFC, 0x03, 0xFC, 0x00, 0x3F,
  0xC0, 0x3F, 0xC0, 0x03, 0xFC, 0x07, 0xFC, 0x00, 0x3F, 0xE0, 0x7F, 0x80,
  0x01, 0xFE, 0x07, 0xF8, 0x00, 0x1F, 0xE0, 0xFF, 0x00, 0x00, 0xFF, 0x0F,
  0xF0, 0x00, 0x0F, 0xF0, 0xFE, 0x00, 0x00, 0xFF, 0x9F, 0xE0, 0x00, 0x07,
  0xF9, 0xFE, 0x00, 0x00, 0x7F, 0xBF, 0xC0, 0x00, 0x03, 0xFF, 0xFC, 0x00,
  0x00, 0x3F, 0xFF, 0x80, 0x00, 0x03, 0xFF, 0xF8, 0x00, 0x00, 0x1F, 0xFF,
  0x80, 0x00, 0x01, 0xFF, 0xF0, 0x00, 0x00, 0x0F, 0xFF, 0x00, 0x00, 0x00,
  0xFF, 0xE0, 0x00, 0x00, 0x0F, 0xFE, 0x00, 0x00, 0x00, 0x7F, 0xE0, 0x00,
  0x00, 0x07, 0xFC, 0x00, 0x00, 0xFF, 0x80, 0x03, 0xFC, 0x00, 0x1F, 0xF7,
  0xF8, 0x00, 0x3F, 0xC0, 0x01, 0xFE, 0x7F, 0xC0, 0x03, 0xFE, 0x00, 0x1F,
  0xE7, 0xFC, 0x00, 0x7F, 0xE0, 0x03, 0xFE, 0x3F, 0xC0, 0x07, 0xFE, 0x00,
  0x3F, 0xC3, 0xFC, 0x00, 0x7F, 0xF0, 0x03, 0xFC, 0x3F, 0xE0, 0x0F, 0xFF,
  0x00, 0x3F, 0xC1, 0xFE, 0x00, 0xFF, 0xF0, 0x07, 0xF8, 0x1F, 0xE0, 0x0F,
  0xFF, 0x80, 0x7F, 0x81, 0xFF, 0x01, 0xFF, 0xF8, 0x07, 0xF8, 0x0F, 0xF0,
  0x1F, 0xFF, 0x80, 0xFF, 0x00, 0xFF, 0x01, 0xFB, 0xF8, 0x0F, 0xF0, 0x0F,
  0xF0, 0x1F, 0x9F, 0xC0, 0xFF, 0x00, 0x7F, 0x83, 0xF9, 0xFC, 0x0F, 0xE0,
  0x07, 0xF8, 0x3F, 0x1F, 0xC1, 0xFE, 0x00, 0x7F, 0x83, 0xF0, 0xFE, 0x1F,
  0xE0, 0x03, 0xFC, 0x7F, 0x0F, 0xE1, 0xFC, 0x00, 0x3F, 0xC7, 0xE0, 0xFE,
  0x3F, 0xC0, 0x03, 0xFC, 0x7E, 0x07, 0xF3, 0xFC, 0x00, 0x3F, 0xCF, 0xE0,
  0x7F, 0x3F, 0x80, 0x01, 0xFE, 0xFE, 0x07, 0xF3, 0xF8, 0x00, 0x1F, 0xEF,
  0xC0, 0x3F, 0xFF, 0x80, 0x01, 0xFF, 0xFC, 0x03, 0xFF, 0xF0, 0x00, 0x0F,
  0xFF, 0xC0, 0x3F, 0xFF, 0x00, 0x00, 0xFF, 0xF8, 0x01, 0xFF, 0xF0, 0x00,
  0x0F, 0xFF, 0x80, 0x1F, 0xFE, 0x00, 0x00, 0x7F, 0xF8, 0x01, 0xFF, 0xE0,
  0x00, 0x07, 0xFF, 0x00, 0x1F, 0xFE, 0x00, 0x00, 0x7F, 0xF0, 0x00, 0xFF,
  0xE0, 0x00, 0x03, 0xFF, 0x00, 0x0F, 0xFC, 0x00, 0x00, 0x3F, 0xE0, 0x00,
  0xFF, 0xC0, 0x00, 0x03, 0xFE, 0x00, 0x07, 0xFC, 0x00, 0x00, 0x1F, 0xE0,
  0x00, 0x7F, 0x80, 0x00, 0x7F, 0xC0, 0x00, 0xFF, 0xCF, 0xF8, 0x00, 0x7F,
  0xE3, 0xFF, 0x00, 0x1F, 0xF0, 0x7F, 0xC0, 0x0F, 0xF8, 0x0F, 0xF8, 0x07,
  0xFC, 0x01, 0xFF, 0x01, 0xFF, 0x00, 0x7F, 0xC0, 0xFF, 0x80, 0x0F, 0xF8,
  0x7F, 0xC0, 0x01, 0xFF, 0x1F, 0xE0, 0x00, 0x7F, 0xCF, 0xF8, 0x00, 0x0F,
  0xFF, 0xFC, 0x00, 0x01, 0xFF, 0xFE, 0x00, 0x00, 0x7F, 0xFF, 0x80, 0x00,
  0x0F, 0xFF, 0xC0, 0x00, 0x01, 0xFF, 0xE0, 0x00, 0x00, 0x3F, 0xF0, 0x00,
  0x00, 0x0F, 0xFC, 0x00, 0x00, 0x07, 0xFF, 0x80, 0x00, 0x03, 0xFF, 0xE0,
  0x00, 0x00, 0xFF, 0xFC, 0x00, 0x00, 0x7F, 0xFF, 0x80, 0x00, 0x3F, 0xFF,
  0xF0, 0x00, 0x0F, 0xF7, 0xFC, 0x00, 0x07, 0xF8, 0xFF, 0x80, 0x03, 0xFE,
  0x1F, 0xF0, 0x01, 0xFF, 0x07, 0xFC, 0x00, 0x7F, 0xC0, 0xFF, 0x80, 0x3F,
  0xE0, 0x1F, 0xF0, 0x1F, 0xF0, 0x07, 0xFE, 0x07, 0xFC, 0x00, 0xFF, 0x83,
  0xFE, 0x00, 0x3F, 0xF1, 0xFF, 0x00, 0x07, 0xFE, 0xFF, 0xC0, 0x00, 0xFF,
  0xC0, 0xFF, 0x80, 0x00, 0x3F, 0xEF, 0xF8, 0x00, 0x07, 0xFD, 0xFF, 0x00,
  0x01, 0xFF, 0x1F, 0xE0, 0x00, 0x3F, 0xE3, 0xFE, 0x00, 0x07, 0xF8, 0x3F,
  0xC0, 0x01, 0xFF, 0x07, 0xFC, 0x00, 0x3F, 0xC0, 0xFF, 0x80, 0x07, 0xF8,
  0x0F, 0xF8, 0x01, 0xFF, 0x01, 0xFF, 0x00, 0x3F, 0xC0, 0x1F, 0xE0, 0x0F,
  0xF8, 0x03, 0xFE, 0x01, 0xFE, 0x00, 0x3F, 0xC0, 0x3F, 0xC0, 0x07, 0xFC,
  0x0F, 0xF0, 0x00, 0x7F, 0x81, 0xFE, 0x00, 0x0F, 0xF0, 0x7F, 0xC0, 0x01,
  0xFF, 0x0F, 0xF0, 0x00, 0x1F, 0xE1, 0xFE, 0x00, 0x03, 0xFE, 0x7F, 0x80,
  0x00, 0x3F, 0xCF, 0xF0, 0x00, 0x07, 0xF9, 0xFC, 0x00, 0x00, 0x7F, 0xFF,
  0x80, 0x00, 0x0F, 0xFF, 0xF0, 0x00, 0x00, 0xFF, 0xFC, 0x00, 0x00, 0x1F,
  0xFF, 0x80, 0x00, 0x03, 0xFF, 0xE0, 0x00, 0x00, 0x3F, 0xFC, 0x00, 0x00,
  0x07, 0xFF, 0x00, 0x00, 0x00, 0x7F, 0xE0, 0x00, 0x00, 0x0F, 0xFC, 0x00,
  0x00, 0x00, 0xFF, 0x00, 0x00, 0x00, 0x3F, 0xE0, 0x00, 0x00, 0x07, 0xF8,
  0x00, 0x00, 0x01, 0xFF, 0x00, 0x00, 0x00, 0x3F, 0xC0, 0x00, 0x00, 0x0F,
  0xF8, 0x00, 0x00, 0x01, 0xFF, 0x00, 0x00, 0x00, 0x3F, 0xC0, 0x00, 0x00,
  0x0F, 0xF8, 0x00, 0x00, 0x01, 0xFE, 0x00, 0x00, 0x00, 0x7F, 0xC0, 0x00,
  0x00, 0x0F, 0xF0, 0x00, 0x00, 0x03, 0xFE, 0x00, 0x00, 0x00, 0x7F, 0xC0,
  0x00, 0x00, 0x1F, 0xF0, 0x00, 0x00, 0x03, 0xFE, 0x00, 0x00, 0x00, 0xFF,
  0x80, 0x00, 0x00, 0x7F, 0xFF, 0xFF, 0xF7, 0xFF, 0xFF, 0xFF, 0x7F, 0xFF,
  0xFF, 0xF7, 0xFF, 0xFF, 0xFF, 0x7F, 0xFF, 0xFF, 0xF7, 0xFF, 0xFF, 0xFF,
  0x7F, 0xFF, 0xFF, 0xF0, 0x00, 0x07, 0xFE, 0x00, 0x00, 0xFF, 0xC0, 0x00,
  0x1F, 0xF8, 0x00, 0x03, 0xFF, 0x00, 0x00, 0x3F, 0xE0, 0x00, 0x07, 0xFC,
  0x00, 0x00, 0xFF, 0x80, 0x00, 0x1F, 0xF0, 0x00, 0x03, 0xFF, 0x00, 0x00,
  0x7F, 0xE0, 0x00, 0x0F, 0xFC, 0x00, 0x01, 0xFF, 0x80, 0x00, 0x3F, 0xF0,
  0x00, 0x07, 0xFE, 0x00, 0x00, 0x7F, 0xC0, 0x00, 0x0F, 0xF8, 0x00, 0x01,
  0xFF, 0x00, 0x00, 0x3F, 0xE0, 0x00, 0x07, 0xFE, 0x00, 0x00, 0xFF, 0xFF,
  0xFF, 0xFF, 0xFF, 0xFF, 0xFF, 0xFF, 0xFF, 0xFF, 0xFF, 0xFF, 0xFF, 0xFF,
  0xFF, 0xFF, 0xFF, 0xFF, 0xFF, 0xFF, 0xFF, 0xFF, 0xFF, 0xFF, 0xF0, 0x00,
  0x0F, 0xE0, 0x07, 0xFC, 0x03, 0xFF, 0x80, 0xFF, 0xF0, 0x1F, 0xFE, 0x07,
  0xFF, 0xC0, 0xFF, 0xE0, 0x1F, 0xF0, 0x07, 0xFC, 0x00, 0xFF, 0x00, 0x1F,
  0xE0, 0x03, 0xFC, 0x00, 0x7F, 0x80, 0x0F, 0xF0, 0x01, 0xFE, 0x00, 0x3F,
  0xC0, 0x07, 0xF8, 0x00, 0xFF, 0x00, 0x1F, 0xE0, 0x03, 0xFC, 0x00, 0x7F,
  0x80, 0x0F, 0xF0, 0x01, 0xFE, 0x00, 0x3F, 0xC0, 0x0F, 0xF8, 0x03, 0xFE,
  0x03, 0xFF, 0xC0, 0x7F, 0xF0, 0x0F, 0xFC, 0x01, 0xFE, 0x00, 0x3F, 0xF0,
  0x07, 0xFF, 0x00, 0xFF, 0xF0, 0x01, 0xFE, 0x00, 0x1F, 0xE0, 0x03, 0xFC,
  0x00, 0x7F, 0x80, 0x0F, 0xF0, 0x01, 0xFE, 0x00, 0x3F, 0xC0, 0x07, 0xF8,
  0x00, 0xFF, 0x00, 0x1F, 0xE0, 0x03, 0xFC, 0x00, 0x7F, 0x80, 0x0F, 0xF0,
  0x01, 0xFE, 0x00, 0x3F, 0xC0, 0x07, 0xF8, 0x00, 0xFF, 0x00, 0x1F, 0xF0,
  0x01, 0xFF, 0x00, 0x3F, 0xFE, 0x07, 0xFF, 0xC0, 0x7F, 0xF8, 0x0F, 0xFF,
  0x00, 0xFF, 0xE0, 0x07, 0xFC, 0x00, 0x3F, 0x80, 0xFF, 0xFF, 0xFF, 0xFF,
  0xFF, 0xFF, 0xFF, 0xFF, 0xFF, 0xFF, 0xFF, 0xFF, 0xFF, 0xFF, 0xFF, 0xFF,
  0xFF, 0xFF, 0xFF, 0xFF, 0xFF, 0xFF, 0xFF, 0xFF, 0xFF, 0xFF, 0xFF, 0xFF,
  0xFF, 0xFF, 0xFF, 0xFF, 0xFF, 0xFF, 0xFF, 0xFF, 0xFF, 0xFF, 0xFF, 0xFF,
  0xFF, 0xFF, 0xFF, 0xFF, 0xFF, 0xFF, 0xFF, 0xFF, 0xFF, 0xFF, 0xFF, 0xFF,
  0xFF, 0xFF, 0xFF, 0xFF, 0xFF, 0xFF, 0xFF, 0xFF, 0xFF, 0xFF, 0xFF, 0xFF,
  0xFF, 0xFE, 0x00, 0x1F, 0xF0, 0x03, 0xFF, 0x80, 0x7F, 0xF8, 0x0F, 0xFF,
  0x01, 0xFF, 0xF0, 0x0F, 0xFE, 0x00, 0x7F, 0xC0, 0x07, 0xFC, 0x00, 0x7F,
  0x80, 0x0F, 0xF0, 0x01, 0xFE, 0x00, 0x3F, 0xC0, 0x07, 0xF8, 0x00, 0xFF,
  0x00, 0x1F, 0xE0, 0x03, 0xFC, 0x00, 0x7F, 0x80, 0x0F, 0xF0, 0x01, 0xFE,
  0x00, 0x3F, 0xC0, 0x07, 0xF8, 0x00, 0xFF, 0x00, 0x1F, 0xE0, 0x03, 0xFC,
  0x00, 0x3F, 0xE0, 0x07, 0xFF, 0x80, 0x7F, 0xF0, 0x07, 0xFE, 0x00, 0x3F,
  0xC0, 0x1F, 0xF8, 0x07, 0xFF, 0x01, 0xFF, 0xE0, 0x7F, 0xC0, 0x0F, 0xF0,
  0x01, 0xFE, 0x00, 0x3F, 0xC0, 0x07, 0xF8, 0x00, 0xFF, 0x00, 0x1F, 0xE0,
  0x03, 0xFC, 0x00, 0x7F, 0x80, 0x0F, 0xF0, 0x01, 0xFE, 0x00, 0x3F, 0xC0,
  0x07, 0xF8, 0x00, 0xFF, 0x00, 0x1F, 0xE0, 0x03, 0xFC, 0x00, 0xFF, 0x80,
  0x1F, 0xE0, 0x07, 0xFC, 0x0F, 0xFF, 0x81, 0xFF, 0xF0, 0x3F, 0xFC, 0x07,
  0xFF, 0x00, 0xFF, 0xC0, 0x1F, 0xF0, 0x03, 0xF0, 0x00, 0x00, 0x03, 0xF8,
  0x00, 0x00, 0x0F, 0xFE, 0x00, 0x7F, 0x1F, 0xFF, 0xC0, 0xFF, 0x3F, 0xFF,
  0xF0, 0xFF, 0x7F, 0xFF, 0xFF, 0xFE, 0x7F, 0xFF, 0xFF, 0xFE, 0xFF, 0xFF,
  0xFF, 0xFC, 0xFF, 0x0F, 0xFF, 0xFC, 0xFE, 0x03, 0xFF, 0xF8, 0xFE, 0x00,
  0xFF, 0xF0, 0x00, 0x00, 0x1F, 0xC0, 0xFF, 0xFF, 0xFF, 0xFF, 0xFF, 0xFF,
  0xFF, 0xFF, 0xFF, 0xFF, 0xFF, 0xFF, 0xFF, 0xFF, 0x00, 0x00, 0x1F, 0xE0,
  0x00, 0x03, 0xFC, 0x00, 0x00, 0x7F, 0x80, 0x00, 0x0F, 0xF0, 0x00, 0x01,
  0xFE, 0x00, 0x00, 0x3F, 0xC0, 0x00, 0x07, 0xF8, 0x00, 0x00, 0xFF, 0x00,
  0x00, 0x1F, 0xE0, 0x00, 0x03, 0xFC, 0x00, 0x00, 0x7F, 0x80, 0x00, 0x0F,
  0xF0, 0x00, 0x01, 0xFE, 0x00, 0x00, 0x3F, 0xC0, 0x00, 0x07, 0xF8, 0x00,
  0x00, 0xFF, 0x00, 0x00, 0x1F, 0xE0, 0x00, 0x03, 0xFC, 0x00, 0x00, 0x7F,
  0x80, 0x00, 0x0F, 0xF0, 0x00, 0x01, 0xFE, 0x00, 0x00, 0x3F, 0xC0, 0x00,
  0x07, 0xF8, 0x00, 0x00, 0xFF, 0x00, 0x00, 0x1F, 0xE0, 0x00, 0x03, 0xFC,
  0x00, 0x00, 0x7F, 0x80, 0x00, 0x0F, 0xF0, 0x00, 0x01, 0xFE, 0x00, 0x00,
  0x3F, 0xC0, 0x00, 0x07, 0xF8, 0x00, 0x00, 0xFF, 0x00, 0x00, 0x1F, 0xE0,
  0x00, 0x03, 0xFC, 0x00, 0x00, 0x7F, 0x80, 0x00, 0x0F, 0xF0, 0x00, 0x01,
  0xFE, 0x00, 0x00, 0x3F, 0xFF, 0xFF, 0xFF, 0xFF, 0xFF, 0xFF, 0xFF, 0xFF,
  0xFF, 0xFF, 0xFF, 0xFF, 0xFF, 0xC0, 0xFF, 0xFF, 0xFF, 0xFF, 0xFF, 0xFF,
  0xFF, 0xFF, 0xFF, 0xFF, 0xFF, 0xFF, 0xFF, 0xFF, 0x00, 0x00, 0x1F, 0xE0,
  0x00, 0x03, 0xFC, 0x00, 0x00, 0x7F, 0x80, 0x00, 0x0F, 0xF0, 0x00, 0x01,
  0xFE, 0x00, 0x00, 0x3F, 0xC0, 0x00, 0x07, 0xF8, 0x00, 0x00, 0xFF, 0x00,
  0x00, 0x1F, 0xE0, 0x00, 0x03, 0xFC, 0x00, 0x00, 0x7F, 0x80, 0x00, 0x0F,
  0xF0, 0x00, 0x01, 0xFE, 0x00, 0x00, 0x3F, 0xC0, 0x00, 0x07, 0xF8, 0x00,
  0x00, 0xFF, 0x00, 0x00, 0x1F, 0xE0, 0x00, 0x03, 0xFC, 0x00, 0x00, 0x7F,
  0x80, 0x00, 0x0F, 0xF0, 0x00, 0x01, 0xFE, 0x00, 0x00, 0x3F, 0xC0, 0x00,
  0x07, 0xF8, 0x00, 0x00, 0xFF, 0x00, 0x00, 0x1F, 0xE0, 0x00, 0x03, 0xFC,
  0x00, 0x00, 0x7F, 0x80, 0x00, 0x0F, 0xF0, 0x00, 0x01, 0xFE, 0x00, 0x00,
  0x3F, 0xC0, 0x00, 0x07, 0xF8, 0x00, 0x00, 0xFF, 0x00, 0x00, 0x1F, 0xE0,
  0x00, 0x03, 0xFC, 0x00, 0x00, 0x7F, 0x80, 0x00, 0x0F, 0xF0, 0x00, 0x01,
  0xFE, 0x00, 0x00, 0x3F, 0xFF, 0xFF, 0xFF, 0xFF, 0xFF, 0xFF, 0xFF, 0xFF,
  0xFF, 0xFF, 0xFF, 0xFF, 0xFF, 0xC0, 0xFF, 0xFF, 0xFF, 0xFF, 0xFF, 0xFF,
  0xFF, 0xFF, 0xFF, 0xFF, 0xFF, 0xFF, 0xFF, 0xFF, 0x00, 0x00, 0x1F, 0xE0,
  0x00, 0x03, 0xFC, 0x00, 0x00, 0x7F, 0x80, 0x00, 0x0F, 0xF0, 0x00, 0x01,
  0xFE, 0x00, 0x00, 0x3F, 0xC0, 0x00, 0x07, 0xF8, 0x00, 0x00, 0xFF, 0x00,
  0x00, 0x1F, 0xE0, 0x00, 0x03, 0xFC, 0x00, 0x00, 0x7F, 0x80, 0x00, 0x0F,
  0xF0, 0x00, 0x01, 0xFE, 0x00, 0x00, 0x3F, 0xC0, 0x00, 0x07, 0xF8, 0x00,
  0x00, 0xFF, 0x00, 0x00, 0x1F, 0xE0, 0x00, 0x03, 0xFC, 0x00, 0x00, 0x7F,
  0x80, 0x00, 0x0F, 0xF0, 0x00, 0x01, 0xFE, 0x00, 0x00, 0x3F, 0xC0, 0x00,
  0x07, 0xF8, 0x00, 0x00, 0xFF, 0x00, 0x00, 0x1F, 0xE0, 0x00, 0x03, 0xFC,
  0x00, 0x00, 0x7F, 0x80, 0x00, 0x0F, 0xF0, 0x00, 0x01, 0xFE, 0x00, 0x00,
  0x3F, 0xC0, 0x00, 0x07, 0xF8, 0x00, 0x00, 0xFF, 0x00, 0x00, 0x1F, 0xE0,
  0x00, 0x03, 0xFC, 0x00, 0x00, 0x7F, 0x80, 0x00, 0x0F, 0xF0, 0x00, 0x01,
  0xFE, 0x00, 0x00, 0x3F, 0xFF, 0xFF, 0xFF, 0xFF, 0xFF, 0xFF, 0xFF, 0xFF,
  0xFF, 0xFF, 0xFF, 0xFF, 0xFF, 0xC0, 0xFF, 0xFF, 0xFF, 0xFF, 0xFF, 0xFF,
  0xFF, 0xFF, 0xFF, 0xFF, 0xFF, 0xFF, 0xFF, 0xFF, 0x00, 0x00, 0x1F, 0xE0,
  0x00, 0x03, 0xFC, 0x00, 0x00, 0x7F, 0x80, 0x00, 0x0F, 0xF0, 0x00, 0x01,
  0xFE, 0x00, 0x00, 0x3F, 0xC0, 0x00, 0x07, 0xF8, 0x00, 0x00, 0xFF, 0x00,
  0x00, 0x1F, 0xE0, 0x00, 0x03, 0xFC, 0x00, 0x00, 0x7F, 0x80, 0x00, 0x0F,
  0xF0, 0x00, 0x01, 0xFE, 0x00, 0x00, 0x3F, 0xC0, 0x00, 0x07, 0xF8, 0x00,
  0x00, 0xFF, 0x00, 0x00, 0x1F, 0xE0, 0x00, 0x03, 0xFC, 0x00, 0x00, 0x7F,
  0x80, 0x00, 0x0F, 0xF0, 0x00, 0x01, 0xFE, 0x00, 0x00, 0x3F, 0xC0, 0x00,
  0x07, 0xF8, 0x00, 0x00, 0xFF, 0x00, 0x00, 0x1F, 0xE0, 0x00, 0x03, 0xFC,
  0x00, 0x00, 0x7F, 0x80, 0x00, 0x0F, 0xF0, 0x00, 0x01, 0xFE, 0x00, 0x00,
  0x3F, 0xC0, 0x00, 0x07, 0xF8, 0x00, 0x00, 0xFF, 0x00, 0x00, 0x1F, 0xE0,
  0x00, 0x03, 0xFC, 0x00, 0x00, 0x7F, 0x80, 0x00, 0x0F, 0xF0, 0x00, 0x01,
  0xFE, 0x00, 0x00, 0x3F, 0xFF, 0xFF, 0xFF, 0xFF, 0xFF, 0xFF, 0xFF, 0xFF,
  0xFF, 0xFF, 0xFF, 0xFF, 0xFF, 0xC0, 0xFF, 0xFF, 0xFF, 0xFF, 0xFF, 0xFF,
  0xFF, 0xFF, 0xFF, 0xFF, 0xFF, 0xFF, 0xFF, 0xFF, 0x00, 0x00, 0x1F, 0xE0,
  0x00, 0x03, 0xFC, 0x00, 0x00, 0x7F, 0x80, 0x00, 0x0F, 0xF0, 0x00, 0x01,
  0xFE, 0x00, 0x00, 0x3F, 0xC0, 0x00, 0x07, 0xF8, 0x00, 0x00, 0xFF, 0x00,
  0x00, 0x1F, 0xE0, 0x00, 0x03, 0xFC, 0x00, 0x00, 0x7F, 0x80, 0x00, 0x0F,
  0xF0, 0x00, 0x01, 0xFE, 0x00, 0x00, 0x3F, 0xC0, 0x00, 0x07, 0xF8, 0x00,
  0x00, 0xFF, 0x00, 0x00, 0x1F, 0xE0, 0x00, 0x03, 0xFC, 0x00, 0x00, 0x7F,
  0x80, 0x00, 0x0F, 0xF0, 0x00, 0x01, 0xFE, 0x00, 0x00, 0x3F, 0xC0, 0x00,
  0x07, 0xF8, 0x00, 0x00, 0xFF, 0x00, 0x00, 0x1F, 0xE0, 0x00, 0x03, 0xFC,
  0x00, 0x00, 0x7F, 0x80, 0x00, 0x0F, 0xF0, 0x00, 0x01, 0xFE, 0x00, 0x00,
  0x3F, 0xC0, 0x00, 0x07, 0xF8, 0x00, 0x00, 0xFF, 0x00, 0x00, 0x1F, 0xE0,
  0x00, 0x03, 0xFC, 0x00, 0x00, 0x7F, 0x80, 0x00, 0x0F, 0xF0, 0x00, 0x01,
  0xFE, 0x00, 0x00, 0x3F, 0xFF, 0xFF, 0xFF, 0xFF, 0xFF, 0xFF, 0xFF, 0xFF,
  0xFF, 0xFF, 0xFF, 0xFF, 0xFF, 0xC0, 0xFF, 0xFF, 0xFF, 0xFF, 0xFF, 0xFF,
  0xFF, 0xFF, 0xFF, 0xFF, 0xFF, 0xFF, 0xFF, 0xFF, 0x00, 0x00, 0x1F, 0xE0,
  0x00, 0x03, 0xFC, 0x00, 0x00, 0x7F, 0x80, 0x00, 0x0F, 0xF0, 0x00, 0x01,
  0xFE, 0x00, 0x00, 0x3F, 0xC0, 0x00, 0x07, 0xF8, 0x00, 0x00, 0xFF, 0x00,
  0x00, 0x1F, 0xE0, 0x00, 0x03, 0xFC, 0x00, 0x00, 0x7F, 0x80, 0x00, 0x0F,
  0xF0, 0x00, 0x01, 0xFE, 0x00, 0x00, 0x3F, 0xC0, 0x00, 0x07, 0xF8, 0x00,
  0x00, 0xFF, 0x00, 0x00, 0x1F, 0xE0, 0x00, 0x03, 0xFC, 0x00, 0x00, 0x7F,
  0x80, 0x00, 0x0F, 0xF0, 0x00, 0x01, 0xFE, 0x00, 0x00, 0x3F, 0xC0, 0x00,
  0x07, 0xF8, 0x00, 0x00, 0xFF, 0x00, 0x00, 0x1F, 0xE0, 0x00, 0x03, 0xFC,
  0x00, 0x00, 0x7F, 0x80, 0x00, 0x0F, 0xF0, 0x00, 0x01, 0xFE, 0x00, 0x00,
  0x3F, 0xC0, 0x00, 0x07, 0xF8, 0x00, 0x00, 0xFF, 0x00, 0x00, 0x1F, 0xE0,
  0x00, 0x03, 0xFC, 0x00, 0x00, 0x7F, 0x80, 0x00, 0x0F, 0xF0, 0x00, 0x01,
  0xFE, 0x00, 0x00, 0x3F, 0xFF, 0xFF, 0xFF, 0xFF, 0xFF, 0xFF, 0xFF, 0xFF,
  0xFF, 0xFF, 0xFF, 0xFF, 0xFF, 0xC0, 0xFF, 0xFF, 0xFF, 0xFF, 0xFF, 0xFF,
  0xFF, 0xFF, 0xFF, 0xFF, 0xFF, 0xFF, 0xFF, 0xFF, 0x00, 0x00, 0x1F, 0xE0,
  0x00, 0x03, 0xFC, 0x00, 0x00, 0x7F, 0x80, 0x00, 0x0F, 0xF0, 0x00, 0x01,
  0xFE, 0x00, 0x00, 0x3F, 0xC0, 0x00, 0x07, 0xF8, 0x00, 0x00, 0xFF, 0x00,
  0x00, 0x1F, 0xE0, 0x00, 0x03, 0xFC, 0x00, 0x00, 0x7F, 0x80, 0x00, 0x0F,
  0xF0, 0x00, 0x01, 0xFE, 0x00, 0x00, 0x3F, 0xC0, 0x00, 0x07, 0xF8, 0x00,
  0x00, 0xFF, 0x00, 0x00, 0x1F, 0xE0, 0x00, 0x03, 0xFC, 0x00, 0x00, 0x7F,
  0x80, 0x00, 0x0F, 0xF0, 0x00, 0x01, 0xFE, 0x00, 0x00, 0x3F, 0xC0, 0x00,
  0x07, 0xF8, 0x00, 0x00, 0xFF, 0x00, 0x00, 0x1F, 0xE0, 0x00, 0x03, 0xFC,
  0x00, 0x00, 0x7F, 0x80, 0x00, 0x0F, 0xF0, 0x00, 0x01, 0xFE, 0x00, 0x00,
  0x3F, 0xC0, 0x00, 0x07, 0xF8, 0x00, 0x00, 0xFF, 0x00, 0x00, 0x1F, 0xE0,
  0x00, 0x03, 0xFC, 0x00, 0x00, 0x7F, 0x80, 0x00, 0x0F, 0xF0, 0x00, 0x01,
  0xFE, 0x00, 0x00, 0x3F, 0xFF, 0xFF, 0xFF, 0xFF, 0xFF, 0xFF, 0xFF, 0xFF,
  0xFF, 0xFF, 0xFF, 0xFF, 0xFF, 0xC0, 0xFF, 0xFF, 0xFF, 0xFF, 0xFF, 0xFF,
  0xFF, 0xFF, 0xFF, 0xFF, 0xFF, 0xFF, 0xFF, 0xFF, 0x00, 0x00, 0x1F, 0xE0,
  0x00, 0x03, 0xFC, 0x00, 0x00, 0x7F, 0x80, 0x00, 0x0F, 0xF0, 0x00, 0x01,
  0xFE, 0x00, 0x00, 0x3F, 0xC0, 0x00, 0x07, 0xF8, 0x00, 0x00, 0xFF, 0x00,
  0x00, 0x1F, 0xE0, 0x00, 0x03, 0xFC, 0x00, 0x00, 0x7F, 0x80, 0x00, 0x0F,
  0xF0, 0x00, 0x01, 0xFE, 0x00, 0x00, 0x3F, 0xC0, 0x00, 0x07, 0xF8, 0x00,
  0x00, 0xFF, 0x00, 0x00, 0x1F, 0xE0, 0x00, 0x03, 0xFC, 0x00, 0x00, 0x7F,
  0x80, 0x00, 0x0F, 0xF0, 0x00, 0x01, 0xFE, 0x00, 0x00, 0x3F, 0xC0, 0x00,
  0x07, 0xF8, 0x00, 0x00, 0xFF, 0x00, 0x00, 0x1F, 0xE0, 0x00, 0x03, 0xFC,
  0x00, 0x00, 0x7F, 0x80, 0x00, 0x0F, 0xF0, 0x00, 0x01, 0xFE, 0x00, 0x00,
  0x3F, 0xC0, 0x00, 0x07, 0xF8, 0x00, 0x00, 0xFF, 0x00, 0x00, 0x1F, 0xE0,
  0x00, 0x03, 0xFC, 0x00, 0x00, 0x7F, 0x80, 0x00, 0x0F, 0xF0, 0x00, 0x01,
  0xFE, 0x00, 0x00, 0x3F, 0xFF, 0xFF, 0xFF, 0xFF, 0xFF, 0xFF, 0xFF, 0xFF,
  0xFF, 0xFF, 0xFF, 0xFF, 0xFF, 0xC0, 0xFF, 0xFF, 0xFF, 0xFF, 0xFF, 0xFF,
  0xFF, 0xFF, 0xFF, 0xFF, 0xFF, 0xFF, 0xFF, 0xFF, 0x00, 0x00, 0x1F, 0xE0,
  0x00, 0x03, 0xFC, 0x00, 0x00, 0x7F, 0x80, 0x00, 0x0F, 0xF0, 0x00, 0x01,
  0xFE, 0x00, 0x00, 0x3F, 0xC0, 0x00, 0x07, 0xF8, 0x00, 0x00, 0xFF, 0x00,
  0x00, 0x1F, 0xE0, 0x00, 0x03, 0xFC, 0x00, 0x00, 0x7F, 0x80, 0x00, 0x0F,
  0xF0, 0x00, 0x01, 0xFE, 0x00, 0x00, 0x3F, 0xC0, 0x00, 0x07, 0xF8, 0x00,
  0x00, 0xFF, 0x00, 0x00, 0x1F, 0xE0, 0x00, 0x03, 0xFC, 0x00, 0x00, 0x7F,
  0x80, 0x00, 0x0F, 0xF0, 0x00, 0x01, 0xFE, 0x00, 0x00, 0x3F, 0xC0, 0x00,
  0x07, 0xF8, 0x00, 0x00, 0xFF, 0x00, 0x00, 0x1F, 0xE0, 0x00, 0x03, 0xFC,
  0x00, 0x00, 0x7F, 0x80, 0x00, 0x0F, 0xF0, 0x00, 0x01, 0xFE, 0x00, 0x00,
  0x3F, 0xC0, 0x00, 0x07, 0xF8, 0x00, 0x00, 0xFF, 0x00, 0x00, 0x1F, 0xE0,
  0x00, 0x03, 0xFC, 0x00, 0x00, 0x7F, 0x80, 0x00, 0x0F, 0xF0, 0x00, 0x01,
  0xFE, 0x00, 0x00, 0x3F, 0xFF, 0xFF, 0xFF, 0xFF, 0xFF, 0xFF, 0xFF, 0xFF,
  0xFF, 0xFF, 0xFF, 0xFF, 0xFF, 0xC0, 0xFF, 0xFF, 0xFF, 0xFF, 0xFF, 0xFF,
  0xFF, 0xFF, 0xFF, 0xFF, 0xFF, 0xFF, 0xFF, 0xFF, 0x00, 0x00, 0x1F, 0xE0,
  0x00, 0x03, 0xFC, 0x00, 0x00, 0x7F, 0x80, 0x00, 0x0F, 0xF0, 0x00, 0x01,
  0xFE, 0x00, 0x00, 0x3F, 0xC0, 0x00, 0x07, 0xF8, 0x00, 0x00, 0xFF, 0x00,
  0x00, 0x1F, 0xE0, 0x00, 0x03, 0xFC, 0x00, 0x00, 0x7F, 0x80, 0x00, 0x0F,
  0xF0, 0x00, 0x01, 0xFE, 0x00, 0x00, 0x3F, 0xC0, 0x00, 0x07, 0xF8, 0x00,
  0x00, 0xFF, 0x00, 0x00, 0x1F, 0xE0, 0x00, 0x03, 0xFC, 0x00, 0x00, 0x7F,
  0x80, 0x00, 0x0F, 0xF0, 0x00, 0x01, 0xFE, 0x00, 0x00, 0x3F, 0xC0, 0x00,
  0x07, 0xF8, 0x00, 0x00, 0xFF, 0x00, 0x00, 0x1F, 0xE0, 0x00, 0x03, 0xFC,
  0x00, 0x00, 0x7F, 0x80, 0x00, 0x0F, 0xF0, 0x00, 0x01, 0xFE, 0x00, 0x00,
  0x3F, 0xC0, 0x00, 0x07, 0xF8, 0x00, 0x00, 0xFF, 0x00, 0x00, 0x1F, 0xE0,
  0x00, 0x03, 0xFC, 0x00, 0x00, 0x7F, 0x80, 0x00, 0x0F, 0xF0, 0x00, 0x01,
  0xFE, 0x00, 0x00, 0x3F, 0xFF, 0xFF, 0xFF, 0xFF, 0xFF, 0xFF, 0xFF, 0xFF,
  0xFF, 0xFF, 0xFF, 0xFF, 0xFF, 0xC0, 0xFF, 0xFF, 0xFF, 0xFF, 0xFF, 0xFF,
  0xFF, 0xFF, 0xFF, 0xFF, 0xFF, 0xFF, 0xFF, 0xFF, 0x00, 0x00, 0x1F, 0xE0,
  0x00, 0x03, 0xFC, 0x00, 0x00, 0x7F, 0x80, 0x00, 0x0F, 0xF0, 0x00, 0x01,
  0xFE, 0x00, 0x00, 0x3F, 0xC0, 0x00, 0x07, 0xF8, 0x00, 0x00, 0xFF, 0x00,
  0x00, 0x1F, 0xE0, 0x00, 0x03, 0xFC, 0x00, 0x00, 0x7F, 0x80, 0x00, 0x0F,
  0xF0, 0x00, 0x01, 0xFE, 0x00, 0x00, 0x3F, 0xC0, 0x00, 0x07, 0xF8, 0x00,
  0x00, 0xFF, 0x00, 0x00, 0x1F, 0xE0, 0x00, 0x03, 0xFC, 0x00, 0x00, 0x7F,
  0x80, 0x00, 0x0F, 0xF0, 0x00, 0x01, 0xFE, 0x00, 0x00, 0x3F, 0xC0, 0x00,
  0x07, 0xF8, 0x00, 0x00, 0xFF, 0x00, 0x00, 0x1F, 0xE0, 0x00, 0x03, 0xFC,
  0x00, 0x00, 0x7F, 0x80, 0x00, 0x0F, 0xF0, 0x00, 0x01, 0xFE, 0x00, 0x00,
  0x3F, 0xC0, 0x00, 0x07, 0xF8, 0x00, 0x00, 0xFF, 0x00, 0x00, 0x1F, 0xE0,
  0x00, 0x03, 0xFC, 0x00, 0x00, 0x7F, 0x80, 0x00, 0x0F, 0xF0, 0x00, 0x01,
  0xFE, 0x00, 0x00, 0x3F, 0xFF, 0xFF, 0xFF, 0xFF, 0xFF, 0xFF, 0xFF, 0xFF,
  0xFF, 0xFF, 0xFF, 0xFF, 0xFF, 0xC0, 0xFF, 0xFF, 0xFF, 0xFF, 0xFF, 0xFF,
  0xFF, 0xFF, 0xFF, 0xFF, 0xFF, 0xFF, 0xFF, 0xFF, 0x00, 0x00, 0x1F, 0xE0,
  0x00, 0x03, 0xFC, 0x00, 0x00, 0x7F, 0x80, 0x00, 0x0F, 0xF0, 0x00, 0x01,
  0xFE, 0x00, 0x00, 0x3F, 0xC0, 0x00, 0x07, 0xF8, 0x00, 0x00, 0xFF, 0x00,
  0x00, 0x1F, 0xE0, 0x00, 0x03, 0xFC, 0x00, 0x00, 0x7F, 0x80, 0x00, 0x0F,
  0xF0, 0x00, 0x01, 0xFE, 0x00, 0x00, 0x3F, 0xC0, 0x00, 0x07, 0xF8, 0x00,
  0x00, 0xFF, 0x00, 0x00, 0x1F, 0xE0, 0x00, 0x03, 0xFC, 0x00, 0x00, 0x7F,
  0x80, 0x00, 0x0F, 0xF0, 0x00, 0x01, 0xFE, 0x00, 0x00, 0x3F, 0xC0, 0x00,
  0x07, 0xF8, 0x00, 0x00, 0xFF, 0x00, 0x00, 0x1F, 0xE0, 0x00, 0x03, 0xFC,
  0x00, 0x00, 0x7F, 0x80, 0x00, 0x0F, 0xF0, 0x00, 0x01, 0xFE, 0x00, 0x00,
  0x3F, 0xC0, 0x00, 0x07, 0xF8, 0x00, 0x00, 0xFF, 0x00, 0x00, 0x1F, 0xE0,
  0x00, 0x03, 0xFC, 0x00, 0x00, 0x7F, 0x80, 0x00, 0x0F, 0xF0, 0x00, 0x01,
  0xFE, 0x00, 0x00, 0x3F, 0xFF, 0xFF, 0xFF, 0xFF, 0xFF, 0xFF, 0xFF, 0xFF,
  0xFF, 0xFF, 0xFF, 0xFF, 0xFF, 0xC0, 0xFF, 0xFF, 0xFF, 0xFF, 0xFF, 0xFF,
  0xFF, 0xFF, 0xFF, 0xFF, 0xFF, 0xFF, 0xFF, 0xFF, 0x00, 0x00, 0x1F, 0xE0,
  0x00, 0x03, 0xFC, 0x00, 0x00, 0x7F, 0x80, 0x00, 0x0F, 0xF0, 0x00, 0x01,
  0xFE, 0x00, 0x00, 0x3F, 0xC0, 0x00, 0x07, 0xF8, 0x00, 0x00, 0xFF, 0x00,
  0x00, 0x1F, 0xE0, 0x00, 0x03, 0xFC, 0x00, 0x00, 0x7F, 0x80, 0x00, 0x0F,
  0xF0, 0x00, 0x01, 0xFE, 0x00, 0x00, 0x3F, 0xC0, 0x00, 0x07, 0xF8, 0x00,
  0x00, 0xFF, 0x00, 0x00, 0x1F, 0xE0, 0x00, 0x03, 0xFC, 0x00, 0x00, 0x7F,
  0x80, 0x00, 0x0F, 0xF0, 0x00, 0x01, 0xFE, 0x00, 0x00, 0x3F, 0xC0, 0x00,
  0x07, 0xF8, 0x00, 0x00, 0xFF, 0x00, 0x00, 0x1F, 0xE0, 0x00, 0x03, 0xFC,
  0x00, 0x00, 0x7F, 0x80, 0x00, 0x0F, 0xF0, 0x00, 0x01, 0xFE, 0x00, 0x00,
  0x3F, 0xC0, 0x00, 0x07, 0xF8, 0x00, 0x00, 0xFF, 0x00, 0x00, 0x1F, 0xE0,
  0x00, 0x03, 0xFC, 0x00, 0x00, 0x7F, 0x80, 0x00, 0x0F, 0xF0, 0x00, 0x01,
  0xFE, 0x00, 0x00, 0x3F, 0xFF, 0xFF, 0xFF, 0xFF, 0xFF, 0xFF, 0xFF, 0xFF,
  0xFF, 0xFF, 0xFF, 0xFF, 0xFF, 0xC0, 0xFF, 0xFF, 0xFF, 0xFF, 0xFF, 0xFF,
  0xFF, 0xFF, 0xFF, 0xFF, 0xFF, 0xFF, 0xFF, 0xFF, 0x00, 0x00, 0x1F, 0xE0,
  0x00, 0x03, 0xFC, 0x00, 0x00, 0x7F, 0x80, 0x00, 0x0F, 0xF0, 0x00, 0x01,
  0xFE, 0x00, 0x00, 0x3F, 0xC0, 0x00, 0x07, 0xF8, 0x00, 0x00, 0xFF, 0x00,
  0x00, 0x1F, 0xE0, 0x00, 0x03, 0xFC, 0x00, 0x00, 0x7F, 0x80, 0x00, 0x0F,
  0xF0, 0x00, 0x01, 0xFE, 0x00, 0x00, 0x3F, 0xC0, 0x00, 0x07, 0xF8, 0x00,
  0x00, 0xFF, 0x00, 0x00, 0x1F, 0xE0, 0x00, 0x03, 0xFC, 0x00, 0x00, 0x7F,
  0x80, 0x00, 0x0F, 0xF0, 0x00, 0x01, 0xFE, 0x00, 0x00, 0x3F, 0xC0, 0x00,
  0x07, 0xF8, 0x00, 0x00, 0xFF, 0x00, 0x00, 0x1F, 0xE0, 0x00, 0x03, 0xFC,
  0x00, 0x00, 0x7F, 0x80, 0x00, 0x0F, 0xF0, 0x00, 0x01, 0xFE, 0x00, 0x00,
  0x3F, 0xC0, 0x00, 0x07, 0xF8, 0x00, 0x00, 0xFF, 0x00, 0x00, 0x1F, 0xE0,
  0x00, 0x03, 0xFC, 0x00, 0x00, 0x7F, 0x80, 0x00, 0x0F, 0xF0, 0x00, 0x01,
  0xFE, 0x00, 0x00, 0x3F, 0xFF, 0xFF, 0xFF, 0xFF, 0xFF, 0xFF, 0xFF, 0xFF,
  0xFF, 0xFF, 0xFF, 0xFF, 0xFF, 0xC0, 0xFF, 0xFF, 0xFF, 0xFF, 0xFF, 0xFF,
  0xFF, 0xFF, 0xFF, 0xFF, 0xFF, 0xFF, 0xFF, 0xFF, 0x00, 0x00, 0x1F, 0xE0,
  0x00, 0x03, 0xFC, 0x00, 0x00, 0x7F, 0x80, 0x00, 0x0F, 0xF0, 0x00, 0x01,
  0xFE, 0x00, 0x00, 0x3F, 0xC0, 0x00, 0x07, 0xF8, 0x00, 0x00, 0xFF, 0x00,
  0x00, 0x1F, 0xE0, 0x00, 0x03, 0xFC, 0x00, 0x00, 0x7F, 0x80, 0x00, 0x0F,
  0xF0, 0x00, 0x01, 0xFE, 0x00, 0x00, 0x3F, 0xC0, 0x00, 0x07, 0xF8, 0x00,
  0x00, 0xFF, 0x00, 0x00, 0x1F, 0xE0, 0x00, 0x03, 0xFC, 0x00, 0x00, 0x7F,
  0x80, 0x00, 0x0F, 0xF0, 0x00, 0x01, 0xFE, 0x00, 0x00, 0x3F, 0xC0, 0x00,
  0x07, 0xF8, 0x00, 0x00, 0xFF, 0x00, 0x00, 0x1F, 0xE0, 0x00, 0x03, 0xFC,
  0x00, 0x00, 0x7F, 0x80, 0x00, 0x0F, 0xF0, 0x00, 0x01, 0xFE, 0x00, 0x00,
  0x3F, 0xC0, 0x00, 0x07, 0xF8, 0x00, 0x00, 0xFF, 0x00, 0x00, 0x1F, 0xE0,
  0x00, 0x03, 0xFC, 0x00, 0x00, 0x7F, 0x80, 0x00, 0x0F, 0xF0, 0x00, 0x01,
  0xFE, 0x00, 0x00, 0x3F, 0xFF, 0xFF, 0xFF, 0xFF, 0xFF, 0xFF, 0xFF, 0xFF,
  0xFF, 0xFF, 0xFF, 0xFF, 0xFF, 0xC0, 0xFF, 0xFF, 0xFF, 0xFF, 0xFF, 0xFF,
  0xFF, 0xFF, 0xFF, 0xFF, 0xFF, 0xFF, 0xFF, 0xFF, 0x00, 0x00, 0x1F, 0xE0,
  0x00, 0x03, 0xFC, 0x00, 0x00, 0x7F, 0x80, 0x00, 0x0F, 0xF0, 0x00, 0x01,
  0xFE, 0x00, 0x00, 0x3F, 0xC0, 0x00, 0x07, 0xF8, 0x00, 0x00, 0xFF, 0x00,
  0x00, 0x1F, 0xE0, 0x00, 0x03, 0xFC, 0x00, 0x00, 0x7F, 0x80, 0x00, 0x0F,
  0xF0, 0x00, 0x01, 0xFE, 0x00, 0x00, 0x3F, 0xC0, 0x00, 0x07, 0xF8, 0x00,
  0x00, 0xFF, 0x00, 0x00, 0x1F, 0xE0, 0x00, 0x03, 0xFC, 0x00, 0x00, 0x7F,
  0x80, 0x00, 0x0F, 0xF0, 0x00, 0x01, 0xFE, 0x00, 0x00, 0x3F, 0xC0, 0x00,
  0x07, 0xF8, 0x00, 0x00, 0xFF, 0x00, 0x00, 0x1F, 0xE0, 0x00, 0x03, 0xFC,
  0x00, 0x00, 0x7F, 0x80, 0x00, 0x0F, 0xF0, 0x00, 0x01, 0xFE, 0x00, 0x00,
  0x3F, 0xC0, 0x00, 0x07, 0xF8, 0x00, 0x00, 0xFF, 0x00, 0x00, 0x1F, 0xE0,
  0x00, 0x03, 0xFC, 0x00, 0x00, 0x7F, 0x80, 0x00, 0x0F, 0xF0, 0x00, 0x01,
  0xFE, 0x00, 0x00, 0x3F, 0xFF, 0xFF, 0xFF, 0xFF, 0xFF, 0xFF, 0xFF, 0xFF,
  0xFF, 0xFF, 0xFF, 0xFF, 0xFF, 0xC0, 0xFF, 0xFF, 0xFF, 0xFF, 0xFF, 0xFF,
  0xFF, 0xFF, 0xFF, 0xFF, 0xFF, 0xFF, 0xFF, 0xFF, 0x00, 0x00, 0x1F, 0xE0,
  0x00, 0x03, 0xFC, 0x00, 0x00, 0x7F, 0x80, 0x00, 0x0F, 0xF0, 0x00, 0x01,
  0xFE, 0x00, 0x00, 0x3F, 0xC0, 0x00, 0x07, 0xF8, 0x00, 0x00, 0xFF, 0x00,
  0x00, 0x1F, 0xE0, 0x00, 0x03, 0xFC, 0x00, 0x00, 0x7F, 0x80, 0x00, 0x0F,
  0xF0, 0x00, 0x01, 0xFE, 0x00, 0x00, 0x3F, 0xC0, 0x00, 0x07, 0xF8, 0x00,
  0x00, 0xFF, 0x00, 0x00, 0x1F, 0xE0, 0x00, 0x03, 0xFC, 0x00, 0x00, 0x7F,
  0x80, 0x00, 0x0F, 0xF0, 0x00, 0x01, 0xFE, 0x00, 0x00, 0x3F, 0xC0, 0x00,
  0x07, 0xF8, 0x00, 0x00, 0xFF, 0x00, 0x00, 0x1F, 0xE0, 0x00, 0x03, 0xFC,
  0x00, 0x00, 0x7F, 0x80, 0x00, 0x0F, 0xF0, 0x00, 0x01, 0xFE, 0x00, 0x00,
  0x3F, 0xC0, 0x00, 0x07, 0xF8, 0x00, 0x00, 0xFF, 0x00, 0x00, 0x1F, 0xE0,
  0x00, 0x03, 0xFC, 0x00, 0x00, 0x7F, 0x80, 0x00, 0x0F, 0xF0, 0x00, 0x01,
  0xFE, 0x00, 0x00, 0x3F, 0xFF, 0xFF, 0xFF, 0xFF, 0xFF, 0xFF, 0xFF, 0xFF,
  0xFF, 0xFF, 0xFF, 0xFF, 0xFF, 0xC0, 0xFF, 0xFF, 0xFF, 0xFF, 0xFF, 0xFF,
  0xFF, 0xFF, 0xFF, 0xFF, 0xFF, 0xFF, 0xFF, 0xFF, 0x00, 0x00, 0x1F, 0xE0,
  0x00, 0x03, 0xFC, 0x00, 0x00, 0x7F, 0x80, 0x00, 0x0F, 0xF0, 0x00, 0x01,
  0xFE, 0x00, 0x00, 0x3F, 0xC0, 0x00, 0x07, 0xF8, 0x00, 0x00, 0xFF, 0x00,
  0x00, 0x1F, 0xE0, 0x00, 0x03, 0xFC, 0x00, 0x00, 0x7F, 0x80, 0x00, 0x0F,
  0xF0, 0x00, 0x01, 0xFE, 0x00, 0x00, 0x3F, 0xC0, 0x00, 0x07, 0xF8, 0x00,
  0x00, 0xFF, 0x00, 0x00, 0x1F, 0xE0, 0x00, 0x03, 0xFC, 0x00, 0x00, 0x7F,
  0x80, 0x00, 0x0F, 0xF0, 0x00, 0x01, 0xFE, 0x00, 0x00, 0x3F, 0xC0, 0x00,
  0x07, 0xF8, 0x00, 0x00, 0xFF, 0x00, 0x00, 0x1F, 0xE0, 0x00, 0x03, 0xFC,
  0x00, 0x00, 0x7F, 0x80, 0x00, 0x0F, 0xF0, 0x00, 0x01, 0xFE, 0x00, 0x00,
  0x3F, 0xC0, 0x00, 0x07, 0xF8, 0x00, 0x00, 0xFF, 0x00, 0x00, 0x1F, 0xE0,
  0x00, 0x03, 0xFC, 0x00, 0x00, 0x7F, 0x80, 0x00, 0x0F, 0xF0, 0x00, 0x01,
  0xFE, 0x00, 0x00, 0x3F, 0xFF, 0xFF, 0xFF, 0xFF, 0xFF, 0xFF, 0xFF, 0xFF,
  0xFF, 0xFF, 0xFF, 0xFF, 0xFF, 0xC0, 0xFF, 0xFF, 0xFF, 0xFF, 0xFF, 0xFF,
  0xFF, 0xFF, 0xFF, 0xFF, 0xFF, 0xFF, 0xFF, 0xFF, 0x00, 0x00, 0x1F, 0xE0,
  0x00, 0x03, 0xFC, 0x00, 0x00, 0x7F, 0x80, 0x00, 0x0F, 0xF0, 0x00, 0x01,
  0xFE, 0x00, 0x00, 0x3F, 0xC0, 0x00, 0x07, 0xF8, 0x00, 0x00, 0xFF, 0x00,
  0x00, 0x1F, 0xE0, 0x00, 0x03, 0xFC, 0x00, 0x00, 0x7F, 0x80, 0x00, 0x0F,
  0xF0, 0x00, 0x01, 0xFE, 0x00, 0x00, 0x3F, 0xC0, 0x00, 0x07, 0xF8, 0x00,
  0x00, 0xFF, 0x00, 0x00, 0x1F, 0xE0, 0x00, 0x03, 0xFC, 0x00, 0x00, 0x7F,
  0x80, 0x00, 0x0F, 0xF0, 0x00, 0x01, 0xFE, 0x00, 0x00, 0x3F, 0xC0, 0x00,
  0x07, 0xF8, 0x00, 0x00, 0xFF, 0x00, 0x00, 0x1F, 0xE0, 0x00, 0x03, 0xFC,
  0x00, 0x00, 0x7F, 0x80, 0x00, 0x0F, 0xF0, 0x00, 0x01, 0xFE, 0x00, 0x00,
  0x3F, 0xC0, 0x00, 0x07, 0xF8, 0x00, 0x00, 0xFF, 0x00, 0x00, 0x1F, 0xE0,
  0x00, 0x03, 0xFC, 0x00, 0x00, 0x7F, 0x80, 0x00, 0x0F, 0xF0, 0x00, 0x01,
  0xFE, 0x00, 0x00, 0x3F, 0xFF, 0xFF, 0xFF, 0xFF, 0xFF, 0xFF, 0xFF, 0xFF,
  0xFF, 0xFF, 0xFF, 0xFF, 0xFF, 0xC0, 0xFF, 0xFF, 0xFF, 0xFF, 0xFF, 0xFF,
  0xFF, 0xFF, 0xFF, 0xFF, 0xFF, 0xFF, 0xFF, 0xFF, 0x00, 0x00, 0x1F, 0xE0,
  0x00, 0x03, 0xFC, 0x00, 0x00, 0x7F, 0x80, 0x00, 0x0F, 0xF0, 0x00, 0x01,
  0xFE, 0x00, 0x00, 0x3F, 0xC0, 0x00, 0x07, 0xF8, 0x00, 0x00, 0xFF, 0x00,
  0x00, 0x1F, 0xE0, 0x00, 0x03, 0xFC, 0x00, 0x00, 0x7F, 0x80, 0x00, 0x0F,
  0xF0, 0x00, 0x01, 0xFE, 0x00, 0x00, 0x3F, 0xC0, 0x00, 0x07, 0xF8, 0x00,
  0x00, 0xFF, 0x00, 0x00, 0x1F, 0xE0, 0x00, 0x03, 0xFC, 0x00, 0x00, 0x7F,
  0x80, 0x00, 0x0F, 0xF0, 0x00, 0x01, 0xFE, 0x00, 0x00, 0x3F, 0xC0, 0x00,
  0x07, 0xF8, 0x00, 0x00, 0xFF, 0x00, 0x00, 0x1F, 0xE0, 0x00, 0x03, 0xFC,
  0x00, 0x00, 0x7F, 0x80, 0x00, 0x0F, 0xF0, 0x00, 0x01, 0xFE, 0x00, 0x00,
  0x3F, 0xC0, 0x00, 0x07, 0xF8, 0x00, 0x00, 0xFF, 0x00, 0x00, 0x1F, 0xE0,
  0x00, 0x03, 0xFC, 0x00, 0x00, 0x7F, 0x80, 0x00, 0x0F, 0xF0, 0x00, 0x01,
  0xFE, 0x00, 0x00, 0x3F, 0xFF, 0xFF, 0xFF, 0xFF, 0xFF, 0xFF, 0xFF, 0xFF,
  0xFF, 0xFF, 0xFF, 0xFF, 0xFF, 0xC0, 0xFF, 0xFF, 0xFF, 0xFF, 0xFF, 0xFF,
  0xFF, 0xFF, 0xFF, 0xFF, 0xFF, 0xFF, 0xFF, 0xFF, 0x00, 0x00, 0x1F, 0xE0,
  0x00, 0x03, 0xFC, 0x00, 0x00, 0x7F, 0x80, 0x00, 0x0F, 0xF0, 0x00, 0x01,
  0xFE, 0x00, 0x00, 0x3F, 0xC0, 0x00, 0x07, 0xF8, 0x00, 0x00, 0xFF, 0x00,
  0x00, 0x1F, 0xE0, 0x00, 0x03, 0xFC, 0x00, 0x00, 0x7F, 0x80, 0x00, 0x0F,
  0xF0, 0x00, 0x01, 0xFE, 0x00, 0x00, 0x3F, 0xC0, 0x00, 0x07, 0xF8, 0x00,
  0x00, 0xFF, 0x00, 0x00, 0x1F, 0xE0, 0x00, 0x03, 0xFC, 0x00, 0x00, 0x7F,
  0x80, 0x00, 0x0F, 0xF0, 0x00, 0x01, 0xFE, 0x00, 0x00, 0x3F, 0xC0, 0x00,
  0x07, 0xF8, 0x00, 0x00, 0xFF, 0x00, 0x00, 0x1F, 0xE0, 0x00, 0x03, 0xFC,
  0x00, 0x00, 0x7F, 0x80, 0x00, 0x0F, 0xF0, 0x00, 0x01, 0xFE, 0x00, 0x00,
  0x3F, 0xC0, 0x00, 0x07, 0xF8, 0x00, 0x00, 0xFF, 0x00, 0x00, 0x1F, 0xE0,
  0x00, 0x03, 0xFC, 0x00, 0x00, 0x7F, 0x80, 0x00, 0x0F, 0xF0, 0x00, 0x01,
  0xFE, 0x00, 0x00, 0x3F, 0xFF, 0xFF, 0xFF, 0xFF, 0xFF, 0xFF, 0xFF, 0xFF,
  0xFF, 0xFF, 0xFF, 0xFF, 0xFF, 0xC0, 0xFF, 0xFF, 0xFF, 0xFF, 0xFF, 0xFF,
  0xFF, 0xFF, 0xFF, 0xFF, 0xFF, 0xFF, 0xFF, 0xFF, 0x00, 0x00, 0x1F, 0xE0,
  0x00, 0x03, 0xFC, 0x00, 0x00, 0x7F, 0x80, 0x00, 0x0F, 0xF0, 0x00, 0x01,
  0xFE, 0x00, 0x00, 0x3F, 0xC0, 0x00, 0x07, 0xF8, 0x00, 0x00, 0xFF, 0x00,
  0x00, 0x1F, 0xE0, 0x00, 0x03, 0xFC, 0x00, 0x00, 0x7F, 0x80, 0x00, 0x0F,
  0xF0, 0x00, 0x01, 0xFE, 0x00, 0x00, 0x3F, 0xC0, 0x00, 0x07, 0xF8, 0x00,
  0x00, 0xFF, 0x00, 0x00, 0x1F, 0xE0, 0x00, 0x03, 0xFC, 0x00, 0x00, 0x7F,
  0x80, 0x00, 0x0F, 0xF0, 0x00, 0x01, 0xFE, 0x00, 0x00, 0x3F, 0xC0, 0x00,
  0x07, 0xF8, 0x00, 0x00, 0xFF, 0x00, 0x00, 0x1F, 0xE0, 0x00, 0x03, 0xFC,
  0x00, 0x00, 0x7F, 0x80, 0x00, 0x0F, 0xF0, 0x00, 0x01, 0xFE, 0x00, 0x00,
  0x3F, 0xC0, 0x00, 0x07, 0xF8, 0x00, 0x00, 0xFF, 0x00, 0x00, 0x1F, 0xE0,
  0x00, 0x03, 0xFC, 0x00, 0x00, 0x7F, 0x80, 0x00, 0x0F, 0xF0, 0x00, 0x01,
  0xFE, 0x00, 0x00, 0x3F, 0xFF, 0xFF, 0xFF, 0xFF, 0xFF, 0xFF, 0xFF, 0xFF,
  0xFF, 0xFF, 0xFF, 0xFF, 0xFF, 0xC0, 0xFF, 0xFF, 0xFF, 0xFF, 0xFF, 0xFF,
  0xFF, 0xFF, 0xFF, 0xFF, 0xFF, 0xFF, 0xFF, 0xFF, 0x00, 0x00, 0x1F, 0xE0,
  0x00, 0x03, 0xFC, 0x00, 0x00, 0x7F, 0x80, 0x00, 0x0F, 0xF0, 0x00, 0x01,
  0xFE, 0x00, 0x00, 0x3F, 0xC0, 0x00, 0x07, 0xF8, 0x00, 0x00, 0xFF, 0x00,
  0x00, 0x1F, 0xE0, 0x00, 0x03, 0xFC, 0x00, 0x00, 0x7F, 0x80, 0x00, 0x0F,
  0xF0, 0x00, 0x01, 0xFE, 0x00, 0x00, 0x3F, 0xC0, 0x00, 0x07, 0xF8, 0x00,
  0x00, 0xFF, 0x00, 0x00, 0x1F, 0xE0, 0x00, 0x03, 0xFC, 0x00, 0x00, 0x7F,
  0x80, 0x00, 0x0F, 0xF0, 0x00, 0x01, 0xFE, 0x00, 0x00, 0x3F, 0xC0, 0x00,
  0x07, 0xF8, 0x00, 0x00, 0xFF, 0x00, 0x00, 0x1F, 0xE0, 0x00, 0x03, 0xFC,
  0x00, 0x00, 0x7F, 0x80, 0x00, 0x0F, 0xF0, 0x00, 0x01, 0xFE, 0x00, 0x00,
  0x3F, 0xC0, 0x00, 0x07, 0xF8, 0x00, 0x00, 0xFF, 0x00, 0x00, 0x1F, 0xE0,
  0x00, 0x03, 0xFC, 0x00, 0x00, 0x7F, 0x80, 0x00, 0x0F, 0xF0, 0x00, 0x01,
  0xFE, 0x00, 0x00, 0x3F, 0xFF, 0xFF, 0xFF, 0xFF, 0xFF, 0xFF, 0xFF, 0xFF,
  0xFF, 0xFF, 0xFF, 0xFF, 0xFF, 0xC0, 0xFF, 0xFF, 0xFF, 0xFF, 0xFF, 0xFF,
  0xFF, 0xFF, 0xFF, 0xFF, 0xFF, 0xFF, 0xFF, 0xFF, 0x00, 0x00, 0x1F, 0xE0,
  0x00, 0x03, 0xFC, 0x00, 0x00, 0x7F, 0x80, 0x00, 0x0F, 0xF0, 0x00, 0x01,
  0xFE, 0x00, 0x00, 0x3F, 0xC0, 0x00, 0x07, 0xF8, 0x00, 0x00, 0xFF, 0x00,
  0x00, 0x1F, 0xE0, 0x00, 0x03, 0xFC, 0x00, 0x00, 0x7F, 0x80, 0x00, 0x0F,
  0xF0, 0x00, 0x01, 0xFE, 0x00, 0x00, 0x3F, 0xC0, 0x00, 0x07, 0xF8, 0x00,
  0x00, 0xFF, 0x00, 0x00, 0x1F, 0xE0, 0x00, 0x03, 0xFC, 0x00, 0x00, 0x7F,
  0x80, 0x00, 0x0F, 0xF0, 0x00, 0x01, 0xFE, 0x00, 0x00, 0x3F, 0xC0, 0x00,
  0x07, 0xF8, 0x00, 0x00, 0xFF, 0x00, 0x00, 0x1F, 0xE0, 0x00, 0x03, 0xFC,
  0x00, 0x00, 0x7F, 0x80, 0x00, 0x0F, 0xF0, 0x00, 0x01, 0xFE, 0x00, 0x00,
  0x3F, 0xC0, 0x00, 0x07, 0xF8, 0x00, 0x00, 0xFF, 0x00, 0x00, 0x1F, 0xE0,
  0x00, 0x03, 0xFC, 0x00, 0x00, 0x7F, 0x80, 0x00, 0x0F, 0xF0, 0x00, 0x01,
  0xFE, 0x00, 0x00, 0x3F, 0xFF, 0xFF, 0xFF, 0xFF, 0xFF, 0xFF, 0xFF, 0xFF,
  0xFF, 0xFF, 0xFF, 0xFF, 0xFF, 0xC0, 0xFF, 0xFF, 0xFF, 0xFF, 0xFF, 0xFF,
  0xFF, 0xFF, 0xFF, 0xFF, 0xFF, 0xFF, 0xFF, 0xFF, 0x00, 0x00, 0x1F, 0xE0,
  0x00, 0x03, 0xFC, 0x00, 0x00, 0x7F, 0x80, 0x00, 0x0F, 0xF0, 0x00, 0x01,
  0xFE, 0x00, 0x00, 0x3F, 0xC0, 0x00, 0x07, 0xF8, 0x00, 0x00, 0xFF, 0x00,
  0x00, 0x1F, 0xE0, 0x00, 0x03, 0xFC, 0x00, 0x00, 0x7F, 0x80, 0x00, 0x0F,
  0xF0, 0x00, 0x01, 0xFE, 0x00, 0x00, 0x3F, 0xC0, 0x00, 0x07, 0xF8, 0x00,
  0x00, 0xFF, 0x00, 0x00, 0x1F, 0xE0, 0x00, 0x03, 0xFC, 0x00, 0x00, 0x7F,
  0x80, 0x00, 0x0F, 0xF0, 0x00, 0x01, 0xFE, 0x00, 0x00, 0x3F, 0xC0, 0x00,
  0x07, 0xF8, 0x00, 0x00, 0xFF, 0x00, 0x00, 0x1F, 0xE0, 0x00, 0x03, 0xFC,
  0x00, 0x00, 0x7F, 0x80, 0x00, 0x0F, 0xF0, 0x00, 0x01, 0xFE, 0x00, 0x00,
  0x3F, 0xC0, 0x00, 0x07, 0xF8, 0x00, 0x00, 0xFF, 0x00, 0x00, 0x1F, 0xE0,
  0x00, 0x03, 0xFC, 0x00, 0x00, 0x7F, 0x80, 0x00, 0x0F, 0xF0, 0x00, 0x01,
  0xFE, 0x00, 0x00, 0x3F, 0xFF, 0xFF, 0xFF, 0xFF, 0xFF, 0xFF, 0xFF, 0xFF,
  0xFF, 0xFF, 0xFF, 0xFF, 0xFF, 0xC0, 0xFF, 0xFF, 0xFF, 0xFF, 0xFF, 0xFF,
  0xFF, 0xFF, 0xFF, 0xFF, 0xFF, 0xFF, 0xFF, 0xFF, 0x00, 0x00, 0x1F, 0xE0,
  0x00, 0x03, 0xFC, 0x00, 0x00, 0x7F, 0x80, 0x00, 0x0F, 0xF0, 0x00, 0x01,
  0xFE, 0x00, 0x00, 0x3F, 0xC0, 0x00, 0x07, 0xF8, 0x00, 0x00, 0xFF, 0x00,
  0x00, 0x1F, 0xE0, 0x00, 0x03, 0xFC, 0x00, 0x00, 0x7F, 0x80, 0x00, 0x0F,
  0xF0, 0x00, 0x01, 0xFE, 0x00, 0x00, 0x3F, 0xC0, 0x00, 0x07, 0xF8, 0x00,
  0x00, 0xFF, 0x00, 0x00, 0x1F, 0xE0, 0x00, 0x03, 0xFC, 0x00, 0x00, 0x7F,
  0x80, 0x00, 0x0F, 0xF0, 0x00, 0x01, 0xFE, 0x00, 0x00, 0x3F, 0xC0, 0x00,
  0x07, 0xF8, 0x00, 0x00, 0xFF, 0x00, 0x00, 0x1F, 0xE0, 0x00, 0x03, 0xFC,
  0x00, 0x00, 0x7F, 0x80, 0x00, 0x0F, 0xF0, 0x00, 0x01, 0xFE, 0x00, 0x00,
  0x3F, 0xC0, 0x00, 0x07, 0xF8, 0x00, 0x00, 0xFF, 0x00, 0x00, 0x1F, 0xE0,
  0x00, 0x03, 0xFC, 0x00, 0x00, 0x7F, 0x80, 0x00, 0x0F, 0xF0, 0x00, 0x01,
  0xFE, 0x00, 0x00, 0x3F, 0xFF, 0xFF, 0xFF, 0xFF, 0xFF, 0xFF, 0xFF, 0xFF,
  0xFF, 0xFF, 0xFF, 0xFF, 0xFF, 0xC0, 0xFF, 0xFF, 0xFF, 0xFF, 0xFF, 0xFF,
  0xFF, 0xFF, 0xFF, 0xFF, 0xFF, 0xFF, 0xFF, 0xFF, 0x00, 0x00, 0x1F, 0xE0,
  0x00, 0x03, 0xFC, 0x00, 0x00, 0x7F, 0x80, 0x00, 0x0F, 0xF0, 0x00, 0x01,
  0xFE, 0x00, 0x00, 0x3F, 0xC0, 0x00, 0x07, 0xF8, 0x00, 0x00, 0xFF, 0x00,
  0x00, 0x1F, 0xE0, 0x00, 0x03, 0xFC, 0x00, 0x00, 0x7F, 0x80, 0x00, 0x0F,
  0xF0, 0x00, 0x01, 0xFE, 0x00, 0x00, 0x3F, 0xC0, 0x00, 0x07, 0xF8, 0x00,
  0x00, 0xFF, 0x00, 0x00, 0x1F, 0xE0, 0x00, 0x03, 0xFC, 0x00, 0x00, 0x7F,
  0x80, 0x00, 0x0F, 0xF0, 0x00, 0x01, 0xFE, 0x00, 0x00, 0x3F, 0xC0, 0x00,
  0x07, 0xF8, 0x00, 0x00, 0xFF, 0x00, 0x00, 0x1F, 0xE0, 0x00, 0x03, 0xFC,
  0x00, 0x00, 0x7F, 0x80, 0x00, 0x0F, 0xF0, 0x00, 0x01, 0xFE, 0x00, 0x00,
  0x3F, 0xC0, 0x00, 0x07, 0xF8, 0x00, 0x00, 0xFF, 0x00, 0x00, 0x1F, 0xE0,
  0x00, 0x03, 0xFC, 0x00, 0x00, 0x7F, 0x80, 0x00, 0x0F, 0xF0, 0x00, 0x01,
  0xFE, 0x00, 0x00, 0x3F, 0xFF, 0xFF, 0xFF, 0xFF, 0xFF, 0xFF, 0xFF, 0xFF,
  0xFF, 0xFF, 0xFF, 0xFF, 0xFF, 0xC0, 0xFF, 0xFF, 0xFF, 0xFF, 0xFF, 0xFF,
  0xFF, 0xFF, 0xFF, 0xFF, 0xFF, 0xFF, 0xFF, 0xFF, 0x00, 0x00, 0x1F, 0xE0,
  0x00, 0x03, 0xFC, 0x00, 0x00, 0x7F, 0x80, 0x00, 0x0F, 0xF0, 0x00, 0x01,
  0xFE, 0x00, 0x00, 0x3F, 0xC0, 0x00, 0x07, 0xF8, 0x00, 0x00, 0xFF, 0x00,
  0x00, 0x1F, 0xE0, 0x00, 0x03, 0xFC, 0x00, 0x00, 0x7F, 0x80, 0x00, 0x0F,
  0xF0, 0x00, 0x01, 0xFE, 0x00, 0x00, 0x3F, 0xC0, 0x00, 0x07, 0xF8, 0x00,
  0x00, 0xFF, 0x00, 0x00, 0x1F, 0xE0, 0x00, 0x03, 0xFC, 0x00, 0x00, 0x7F,
  0x80, 0x00, 0x0F, 0xF0, 0x00, 0x01, 0xFE, 0x00, 0x00, 0x3F, 0xC0, 0x00,
  0x07, 0xF8, 0x00, 0x00, 0xFF, 0x00, 0x00, 0x1F, 0xE0, 0x00, 0x03, 0xFC,
  0x00, 0x00, 0x7F, 0x80, 0x00, 0x0F, 0xF0, 0x00, 0x01, 0xFE, 0x00, 0x00,
  0x3F, 0xC0, 0x00, 0x07, 0xF8, 0x00, 0x00, 0xFF, 0x00, 0x00, 0x1F, 0xE0,
  0x00, 0x03, 0xFC, 0x00, 0x00, 0x7F, 0x80, 0x00, 0x0F, 0xF0, 0x00, 0x01,
  0xFE, 0x00, 0x00, 0x3F, 0xFF, 0xFF, 0xFF, 0xFF, 0xFF, 0xFF, 0xFF, 0xFF,
  0xFF, 0xFF, 0xFF, 0xFF, 0xFF, 0xC0, 0xFF, 0xFF, 0xFF, 0xFF, 0xFF, 0xFF,
  0xFF, 0xFF, 0xFF, 0xFF, 0xFF, 0xFF, 0xFF, 0xFF, 0x00, 0x00, 0x1F, 0xE0,
  0x00, 0x03, 0xFC, 0x00, 0x00, 0x7F, 0x80, 0x00, 0x0F, 0xF0, 0x00, 0x01,
  0xFE, 0x00, 0x00, 0x3F, 0xC0, 0x00, 0x07, 0xF8, 0x00, 0x00, 0xFF, 0x00,
  0x00, 0x1F, 0xE0, 0x00, 0x03, 0xFC, 0x00, 0x00, 0x7F, 0x80, 0x00, 0x0F,
  0xF0, 0x00, 0x01, 0xFE, 0x00, 0x00, 0x3F, 0xC0, 0x00, 0x07, 0xF8, 0x00,
  0x00, 0xFF, 0x00, 0x00, 0x1F, 0xE0, 0x00, 0x03, 0xFC, 0x00, 0x00, 0x7F,
  0x80, 0x00, 0x0F, 0xF0, 0x00, 0x01, 0xFE, 0x00, 0x00, 0x3F, 0xC0, 0x00,
  0x07, 0xF8, 0x00, 0x00, 0xFF, 0x00, 0x00, 0x1F, 0xE0, 0x00, 0x03, 0xFC,
  0x00, 0x00, 0x7F, 0x80, 0x00, 0x0F, 0xF0, 0x00, 0x01, 0xFE, 0x00, 0x00,
  0x3F, 0xC0, 0x00, 0x07, 0xF8, 0x00, 0x00, 0xFF, 0x00, 0x00, 0x1F, 0xE0,
  0x00, 0x03, 0xFC, 0x00, 0x00, 0x7F, 0x80, 0x00, 0x0F, 0xF0, 0x00, 0x01,
  0xFE, 0x00, 0x00, 0x3F, 0xFF, 0xFF, 0xFF, 0xFF, 0xFF, 0xFF, 0xFF, 0xFF,
  0xFF, 0xFF, 0xFF, 0xFF, 0xFF, 0xC0, 0xFF, 0xFF, 0xFF, 0xFF, 0xFF, 0xFF,
  0xFF, 0xFF, 0xFF, 0xFF, 0xFF, 0xFF, 0xFF, 0xFF, 0x00, 0x00, 0x1F, 0xE0,
  0x00, 0x03, 0xFC, 0x00, 0x00, 0x7F, 0x80, 0x00, 0x0F, 0xF0, 0x00, 0x01,
  0xFE, 0x00, 0x00, 0x3F, 0xC0, 0x00, 0x07, 0xF8, 0x00, 0x00, 0xFF, 0x00,
  0x00, 0x1F, 0xE0, 0x00, 0x03, 0xFC, 0x00, 0x00, 0x7F, 0x80, 0x00, 0x0F,
  0xF0, 0x00, 0x01, 0xFE, 0x00, 0x00, 0x3F, 0xC0, 0x00, 0x07, 0xF8, 0x00,
  0x00, 0xFF, 0x00, 0x00, 0x1F, 0xE0, 0x00, 0x03, 0xFC, 0x00, 0x00, 0x7F,
  0x80, 0x00, 0x0F, 0xF0, 0x00, 0x01, 0xFE, 0x00, 0x00, 0x3F, 0xC0, 0x00,
  0x07, 0xF8, 0x00, 0x00, 0xFF, 0x00, 0x00, 0x1F, 0xE0, 0x00, 0x03, 0xFC,
  0x00, 0x00, 0x7F, 0x80, 0x00, 0x0F, 0xF0, 0x00, 0x01, 0xFE, 0x00, 0x00,
  0x3F, 0xC0, 0x00, 0x07, 0xF8, 0x00, 0x00, 0xFF, 0x00, 0x00, 0x1F, 0xE0,
  0x00, 0x03, 0xFC, 0x00, 0x00, 0x7F, 0x80, 0x00, 0x0F, 0xF0, 0x00, 0x01,
  0xFE, 0x00, 0x00, 0x3F, 0xFF, 0xFF, 0xFF, 0xFF, 0xFF, 0xFF, 0xFF, 0xFF,
  0xFF, 0xFF, 0xFF, 0xFF, 0xFF, 0xC0, 0xFF, 0xFF, 0xFF, 0xFF, 0xFF, 0xFF,
  0xFF, 0xFF, 0xFF, 0xFF, 0xFF, 0xFF, 0xFF, 0xFF, 0x00, 0x00, 0x1F, 0xE0,
  0x00, 0x03, 0xFC, 0x00, 0x00, 0x7F, 0x80, 0x00, 0x0F, 0xF0, 0x00, 0x01,
  0xFE, 0x00, 0x00, 0x3F, 0xC0, 0x00, 0x07, 0xF8, 0x00, 0x00, 0xFF, 0x00,
  0x00, 0x1F, 0xE0, 0x00, 0x03, 0xFC, 0x00, 0x00, 0x7F, 0x80, 0x00, 0x0F,
  0xF0, 0x00, 0x01, 0xFE, 0x00, 0x00, 0x3F, 0xC0, 0x00, 0x07, 0xF8, 0x00,
  0x00, 0xFF, 0x00, 0x00, 0x1F, 0xE0, 0x00, 0x03, 0xFC, 0x00, 0x00, 0x7F,
  0x80, 0x00, 0x0F, 0xF0, 0x00, 0x01, 0xFE, 0x00, 0x00, 0x3F, 0xC0, 0x00,
  0x07, 0xF8, 0x00, 0x00, 0xFF, 0x00, 0x00, 0x1F, 0xE0, 0x00, 0x03, 0xFC,
  0x00, 0x00, 0x7F, 0x80, 0x00, 0x0F, 0xF0, 0x00, 0x01, 0xFE, 0x00, 0x00,
  0x3F, 0xC0, 0x00, 0x07, 0xF8, 0x00, 0x00, 0xFF, 0x00, 0x00, 0x1F, 0xE0,
  0x00, 0x03, 0xFC, 0x00, 0x00, 0x7F, 0x80, 0x00, 0x0F, 0xF0, 0x00, 0x01,
  0xFE, 0x00, 0x00, 0x3F, 0xFF, 0xFF, 0xFF, 0xFF, 0xFF, 0xFF, 0xFF, 0xFF,
  0xFF, 0xFF, 0xFF, 0xFF, 0xFF, 0xC0, 0xFF, 0xFF, 0xFF, 0xFF, 0xFF, 0xFF,
  0xFF, 0xFF, 0xFF, 0xFF, 0xFF, 0xFF, 0xFF, 0xFF, 0x00, 0x00, 0x1F, 0xE0,
  0x00, 0x03, 0xFC, 0x00, 0x00, 0x7F, 0x80, 0x00, 0x0F, 0xF0, 0x00, 0x01,
  0xFE, 0x00, 0x00, 0x3F, 0xC0, 0x00, 0x07, 0xF8, 0x00, 0x00, 0xFF, 0x00,
  0x00, 0x1F, 0xE0, 0x00, 0x03, 0xFC, 0x00, 0x00, 0x7F, 0x80, 0x00, 0x0F,
  0xF0, 0x00, 0x01, 0xFE, 0x00, 0x00, 0x3F, 0xC0, 0x00, 0x07, 0xF8, 0x00,
  0x00, 0xFF, 0x00, 0x00, 0x1F, 0xE0, 0x00, 0x03, 0xFC, 0x00, 0x00, 0x7F,
  0x80, 0x00, 0x0F, 0xF0, 0x00, 0x01, 0xFE, 0x00, 0x00, 0x3F, 0xC0, 0x00,
  0x07, 0xF8, 0x00, 0x00, 0xFF, 0x00, 0x00, 0x1F, 0xE0, 0x00, 0x03, 0xFC,
  0x00, 0x00, 0x7F, 0x80, 0x00, 0x0F, 0xF0, 0x00, 0x01, 0xFE, 0x00, 0x00,
  0x3F, 0xC0, 0x00, 0x07, 0xF8, 0x00, 0x00, 0xFF, 0x00, 0x00, 0x1F, 0xE0,
  0x00, 0x03, 0xFC, 0x00, 0x00, 0x7F, 0x80, 0x00, 0x0F, 0xF0, 0x00, 0x01,
  0xFE, 0x00, 0x00, 0x3F, 0xFF, 0xFF, 0xFF, 0xFF, 0xFF, 0xFF, 0xFF, 0xFF,
  0xFF, 0xFF, 0xFF, 0xFF, 0xFF, 0xC0, 0xFF, 0xFF, 0xFF, 0xFF, 0xFF, 0xFF,
  0xFF, 0xFF, 0xFF, 0xFF, 0xFF, 0xFF, 0xFF, 0xFF, 0x00, 0x00, 0x1F, 0xE0,
  0x00, 0x03, 0xFC, 0x00, 0x00, 0x7F, 0x80, 0x00, 0x0F, 0xF0, 0x00, 0x01,
  0xFE, 0x00, 0x00, 0x3F, 0xC0, 0x00, 0x07, 0xF8, 0x00, 0x00, 0xFF, 0x00,
  0x00, 0x1F, 0xE0, 0x00, 0x03, 0xFC, 0x00, 0x00, 0x7F, 0x80, 0x00, 0x0F,
  0xF0, 0x00, 0x01, 0xFE, 0x00, 0x00, 0x3F, 0xC0, 0x00, 0x07, 0xF8, 0x00,
  0x00, 0xFF, 0x00, 0x00, 0x1F, 0xE0, 0x00, 0x03, 0xFC, 0x00, 0x00, 0x7F,
  0x80, 0x00, 0x0F, 0xF0, 0x00, 0x01, 0xFE, 0x00, 0x00, 0x3F, 0xC0, 0x00,
  0x07, 0xF8, 0x00, 0x00, 0xFF, 0x00, 0x00, 0x1F, 0xE0, 0x00, 0x03, 0xFC,
  0x00, 0x00, 0x7F, 0x80, 0x00, 0x0F, 0xF0, 0x00, 0x01, 0xFE, 0x00, 0x00,
  0x3F, 0xC0, 0x00, 0x07, 0xF8, 0x00, 0x00, 0xFF, 0x00, 0x00, 0x1F, 0xE0,
  0x00, 0x03, 0xFC, 0x00, 0x00, 0x7F, 0x80, 0x00, 0x0F, 0xF0, 0x00, 0x01,
  0xFE, 0x00, 0x00, 0x3F, 0xFF, 0xFF, 0xFF, 0xFF, 0xFF, 0xFF, 0xFF, 0xFF,
  0xFF, 0xFF, 0xFF, 0xFF, 0xFF, 0xC0, 0x00, 0x1F, 0x0F, 0xF1, 0xFF, 0x7F,
  0xFF, 0xFF, 0xFF, 0xFF, 0xFF, 0xFE, 0x7F, 0xC7, 0xF0, 0x00, 0x00, 0x00,
  0x00, 0x00, 0x00, 0x01, 0xFC, 0x3F, 0x87, 0xF0, 0xFE, 0x1F, 0xC3, 0xF8,
  0x7F, 0x0F, 0xE1, 0xFC, 0x3F, 0x87, 0xF0, 0xFE, 0x1F, 0xC7, 0xF8, 0xFF,
  0x1F, 0xE3, 0xFC, 0x7F, 0x8F, 0xF1, 0xFE, 0x3F, 0xC7, 0xF8, 0xFF, 0x9F,
  0xF3, 0xFE, 0x7F, 0xCF, 0xF9, 0xFF, 0x3F, 0xE7, 0xFC, 0xFF, 0x9F, 0xF0,
  0x00, 0x03, 0xF0, 0x00, 0x00, 0x03, 0xF0, 0x00, 0x00, 0x03, 0xF0, 0x00,
  0x00, 0x03, 0xF0, 0x00, 0x00, 0x03, 0xF0, 0x00, 0x00, 0x0F, 0xFC, 0x00,
  0x00, 0x7F, 0xFF, 0x80, 0x00, 0xFF, 0xFF, 0xE0, 0x03, 0xFF, 0xFF, 0xF0,
  0x07, 0xFF, 0xFF, 0xF8, 0x0F, 0xFF, 0xFF, 0xFC, 0x1F, 0xFF, 0xFF, 0xFE,
  0x1F, 0xFF, 0xF7, 0xFE, 0x3F, 0xF3, 0xF3, 0xFF, 0x3F, 0xE3, 0xF1, 0xFE,
  0x7F, 0xC3, 0xF0, 0xF8, 0x7F, 0xC3, 0xF0, 0x40, 0x7F, 0x83, 0xF0, 0x00,
  0xFF, 0x83, 0xF0, 0x00, 0xFF, 0x83, 0xF0, 0x00, 0xFF, 0x83, 0xF0, 0x00,
  0xFF, 0x03, 0xF0, 0x00, 0xFF, 0x03, 0xF0, 0x00, 0xFF, 0x83, 0xF0, 0x00,
  0xFF, 0x83, 0xF0, 0x00, 0x7F, 0x83, 0xF0, 0x00, 0x7F, 0x83, 0xF0, 0x40,
  0x7F, 0xC3, 0xF0, 0x70, 0x7F, 0xE3, 0xF0, 0xFE, 0x3F, 0xF3, 0xF1, 0xFF,
  0x3F, 0xFB, 0xF3, 0xFF, 0x1F, 0xFF, 0xFF, 0xFE, 0x0F, 0xFF, 0xFF, 0xFC,
  0x0F, 0xFF, 0xFF, 0xFC, 0x07, 0xFF, 0xFF, 0xF8, 0x01, 0xFF, 0xFF, 0xF0,
  0x00, 0xFF, 0xFF, 0xC0, 0x00, 0x3F, 0xFF, 0x00, 0x00, 0x03, 0xF0, 0x00,
  0x00, 0x03, 0xF0, 0x00, 0x00, 0x03, 0xF0, 0x00, 0x00, 0x03, 0xF0, 0x00,
  0x00, 0x03, 0xF0, 0x00, 0x00, 0x03, 0xF0, 0x00, 0x00, 0x3F, 0xF0, 0x00,
  0x00, 0xFF, 0xFF, 0x00, 0x00, 0xFF, 0xFF, 0xC0, 0x01, 0xFF, 0xFF, 0xF0,
  0x01, 0xFF, 0xFF, 0xFC, 0x00, 0xFF, 0xFF, 0xFF, 0x00, 0xFF, 0xFF, 0xFF,
  0xC0, 0x7F, 0xFF, 0xFF, 0xE0, 0x7F, 0xF8, 0x3F, 0xF8, 0x3F, 0xF0, 0x07,
  0xFC, 0x1F, 0xF0, 0x01, 0xF8, 0x0F, 0xF8, 0x00, 0xF0, 0x07, 0xFC, 0x00,
  0x20, 0x03, 0xFC, 0x00, 0x00, 0x01, 0xFE, 0x00, 0x00, 0x00, 0xFF, 0x80,
  0x00, 0x00, 0x7F, 0xC0, 0x00, 0x00, 0x3F, 0xE0, 0x00, 0x00, 0x0F, 0xF8,
  0x00, 0x00, 0x07, 0xFC, 0x00, 0x00, 0x01, 0xFF, 0x00, 0x00, 0x00, 0xFF,
  0xC0, 0x00, 0x00, 0x3F, 0xE0, 0x00, 0x01, 0xFF, 0xFF, 0xFC, 0x00, 0xFF,
  0xFF, 0xFE, 0x00, 0x7F, 0xFF, 0xFF, 0x00, 0x3F, 0xFF, 0xFF, 0x80, 0x1F,
  0xFF, 0xFF, 0xC0, 0x00, 0x3F, 0xE0, 0x00, 0x00, 0x1F, 0xF0, 0x00, 0x00,
  0x0F, 0xF8, 0x00, 0x00, 0x07, 0xFC, 0x00, 0x00, 0x07, 0xFC, 0x00, 0x00,
  0x03, 0xFE, 0x00, 0x00, 0x01, 0xFF, 0x00, 0x00, 0x01, 0xFF, 0x00, 0x04,
  0x00, 0xFF, 0x80, 0x03, 0x80, 0xFF, 0x80, 0x03, 0xF0, 0xFF, 0x80, 0x03,
  0xFE, 0xFF, 0xFF, 0xFF, 0xFE, 0xFF, 0xFF, 0xFF, 0xFF, 0x7F, 0xFF, 0xFF,
  0xFF, 0x3F, 0xFF, 0xFF, 0xFF, 0x9F, 0xFF, 0xFF, 0xFF, 0x8F, 0xFF, 0xFF,
  0xFF, 0x87, 0xFF, 0xFF, 0xFF, 0x03, 0xFF, 0xFF, 0xFE, 0x00, 0x08, 0x00,
  0x00, 0x00, 0x0C, 0x00, 0x00, 0x30, 0x1E, 0x1F, 0xF0, 0x78, 0x3F, 0x7F,
  0xFE, 0xFC, 0xFF, 0xFF, 0xFF, 0xFE, 0x7F, 0xFF, 0xFF, 0xFF, 0x3F, 0xFF,
  0xFF, 0xFC, 0x1F, 0xFF, 0xFF, 0xF8, 0x0F, 0xFF, 0xFF, 0xF0, 0x1F, 0xF0,
  0x1F, 0xF0, 0x1F, 0xE0, 0x07, 0xF8, 0x3F, 0xC0, 0x07, 0xF8, 0x3F, 0xC0,
  0x03, 0xFC, 0x3F, 0x80, 0x03, 0xFC, 0x3F, 0x80, 0x01, 0xFC, 0x3F, 0x80,
  0x01, 0xFC, 0x3F, 0x80, 0x01, 0xFC, 0x3F, 0x80, 0x01, 0xFC, 0x3F, 0x80,
  0x01, 0xFC, 0x3F, 0xC0, 0x03, 0xFC, 0x3F, 0xC0, 0x07, 0xF8, 0x1F, 0xE0,
  0x07, 0xF8, 0x1F, 0xF0, 0x1F, 0xF0, 0x1F, 0xFF, 0xFF, 0xF0, 0x3F, 0xFF,
  0xFF, 0xF8, 0x7F, 0xFF, 0xFF, 0xFC, 0xFF, 0xFF, 0xFF, 0xFF, 0x7F, 0xFF,
  0xFF, 0xFE, 0x3F, 0x7F, 0xFE, 0xFC, 0x1E, 0x1F, 0xF0, 0x78, 0x0C, 0x00,
  0x00, 0x30, 0x08, 0x00, 0x00, 0x10, 0xFF, 0xE0, 0x00, 0x01, 0xFF, 0x9F,
  0xF8, 0x00, 0x00, 0xFF, 0x8F, 0xFC, 0x00, 0x00, 0xFF, 0xC3, 0xFF, 0x00,
  0x00, 0xFF, 0xC1, 0xFF, 0x80, 0x00, 0x7F, 0xC0, 0x7F, 0xE0, 0x00, 0x7F,
  0xE0, 0x1F, 0xF0, 0x00, 0x3F, 0xE0, 0x0F, 0xFC, 0x00, 0x3F, 0xF0, 0x03,
  0xFF, 0x00, 0x1F, 0xF0, 0x00, 0xFF, 0x80, 0x1F, 0xF0, 0x00, 0x7F, 0xE0,
  0x0F, 0xF8, 0x00, 0x1F, 0xF0, 0x0F, 0xF8, 0x00, 0x0F, 0xFC, 0x0F, 0xFC,
  0x00, 0x03, 0xFE, 0x07, 0xFC, 0x00, 0x00, 0xFF, 0x87, 0xFC, 0x00, 0x00,
  0x7F, 0xC3, 0xFE, 0x00, 0x00, 0x1F, 0xF3, 0xFE, 0x00, 0x00, 0x0F, 0xFD,
  0xFE, 0x00, 0x00, 0x03, 0xFF, 0xFF, 0x00, 0x00, 0x00, 0xFF, 0xFF, 0x00,
  0x00, 0x00, 0x7F, 0xFF, 0x80, 0x00, 0x3F, 0xFF, 0xFF, 0xFF, 0xC0, 0x1F,
  0xFF, 0xFF, 0xFF, 0xE0, 0x0F, 0xFF, 0xFF, 0xFF, 0xF0, 0x07, 0xFF, 0xFF,
  0xFF, 0xF8, 0x03, 0xFF, 0xFF, 0xFF, 0xFC, 0x00, 0x00, 0x1F, 0xE0, 0x00,
  0x00, 0x00, 0x0F, 0xF0, 0x00, 0x00, 0x00, 0x07, 0xF8, 0x00, 0x00, 0x00,
  0x03, 0xFC, 0x00, 0x00, 0x00, 0x01, 0xFE, 0x00, 0x00, 0x0F, 0xFF, 0xFF,
  0xFF, 0xF0, 0x07, 0xFF, 0xFF, 0xFF, 0xF8, 0x03, 0xFF, 0xFF, 0xFF, 0xFC,
  0x01, 0xFF, 0xFF, 0xFF, 0xFE, 0x00, 0xFF, 0xFF, 0xFF, 0xFF, 0x00, 0x00,
  0x07, 0xF8, 0x00, 0x00, 0x00, 0x03, 0xFC, 0x00, 0x00, 0x00, 0x01, 0xFE,
  0x00, 0x00, 0x00, 0x00, 0xFF, 0x00, 0x00, 0x00, 0x00, 0x7F, 0x80, 0x00,
  0x00, 0x00, 0x3F, 0xC0, 0x00, 0x00, 0x00, 0x1F, 0xE0, 0x00, 0x00, 0x00,
  0x0F, 0xF0, 0x00, 0x00, 0x00, 0x07, 0xF8, 0x00, 0x00, 0x00, 0x03, 0xFC,
  0x00, 0x00, 0xFF, 0xFF, 0xFF, 0xFF, 0xFF, 0xFF, 0xFF, 0xFF, 0xFF, 0xFF,
  0xFF, 0xFF, 0xFF, 0xFF, 0xFF, 0xFF, 0xFF, 0xFF, 0xFF, 0xFF, 0xFF, 0xFF,
  0xFF, 0xFF, 0xFF, 0xFF, 0x00, 0x00, 0x00, 0x00, 0x00, 0xFF, 0xFF, 0xFF,
  0xFF, 0xFF, 0xFF, 0xFF, 0xFF, 0xFF, 0xFF, 0xFF, 0xFF, 0xFF, 0xFF, 0xFF,
  0xFF, 0xFF, 0xFF, 0xFF, 0xFF, 0xFF, 0xFF, 0xFF, 0xFF, 0xFF, 0xFF, 0x00,
  0x3F, 0xFC, 0x00, 0x00, 0xFF, 0xFF, 0x00, 0x03, 0xFF, 0xFF, 0xC0, 0x07,
  0xFF, 0xFF, 0xE0, 0x0F, 0xFF, 0xFF, 0xF0, 0x1F, 0xFF, 0xFF, 0xF8, 0x1F,
  0xFF, 0xFF, 0xFC, 0x3F, 0xF8, 0x1F, 0xFC, 0x3F, 0xF0, 0x07, 0xFE, 0x3F,
  0xE0, 0x03, 0xFE, 0x3F, 0xC0, 0x01, 0xF0, 0x3F, 0xC0, 0x01, 0xC0, 0x3F,
  0xC0, 0x00, 0x00, 0x3F, 0xE0, 0x00, 0x00, 0x3F, 0xE0, 0x00, 0x00, 0x3F,
  0xF8, 0x00, 0x00, 0x1F, 0xFE, 0x00, 0x00, 0x0F, 0xFF, 0xC0, 0x00, 0x0F,
  0xFF, 0xF0, 0x00, 0x07, 0xFF, 0xFE, 0x00, 0x03, 0xFF, 0xFF, 0x80, 0x07,
  0xFF, 0xFF, 0xC0, 0x0F, 0xFF, 0xFF, 0xF0, 0x1F, 0xFF, 0xFF, 0xF8, 0x3F,
  0xF0, 0xFF, 0xFC, 0x3F, 0xC0, 0x3F, 0xFE, 0x7F, 0xC0, 0x0F, 0xFE, 0x7F,
  0x80, 0x03, 0xFF, 0x7F, 0x80, 0x01, 0xFF, 0x7F, 0x80, 0x01, 0xFF, 0x7F,
  0xC0, 0x00, 0xFF, 0x7F, 0xC0, 0x00, 0xFF, 0x7F, 0xE0, 0x00, 0xFF, 0x3F,
  0xF8, 0x00, 0xFF, 0x3F, 0xFE, 0x01, 0xFF, 0x1F, 0xFF, 0xC1, 0xFE, 0x0F,
  0xFF, 0xFB, 0xFE, 0x07, 0xFF, 0xFF, 0xFC, 0x01, 0xFF, 0xFF, 0xFC, 0x00,
  0xFF, 0xFF, 0xF0, 0x00, 0x1F, 0xFF, 0xE0, 0x00, 0x07, 0xFF, 0xF0, 0x00,
  0x00, 0xFF, 0xF8, 0x00, 0x00, 0x3F, 0xFC, 0x00, 0x00, 0x0F, 0xFC, 0x00,
  0x00, 0x07, 0xFE, 0x00, 0x00, 0x03, 0xFE, 0x07, 0x00, 0x01, 0xFE, 0x1F,
  0x00, 0x01, 0xFE, 0xFF, 0x80, 0x01, 0xFF, 0xFF, 0x80, 0x01, 0xFE, 0xFF,
  0xC0, 0x01, 0xFE, 0x7F, 0xE0, 0x03, 0xFE, 0x7F, 0xF0, 0x07, 0xFE, 0x3F,
  0xFE, 0x7F, 0xFC, 0x1F, 0xFF, 0xFF, 0xFC, 0x1F, 0xFF, 0xFF, 0xF8, 0x0F,
  0xFF, 0xFF, 0xF0, 0x03, 0xFF, 0xFF, 0xE0, 0x01, 0xFF, 0xFF, 0xC0, 0x00,
  0x7F, 0xFF, 0x00, 0x00, 0x0F, 0xF8, 0x00, 0x3E, 0x00, 0xF8, 0xFE, 0x03,
  0xFB, 0xFC, 0x0F, 0xF7, 0xFC, 0x1F, 0xFF, 0xF8, 0x3F, 0xFF, 0xF0, 0x7F,
  0xFF, 0xC0, 0xFF, 0x3F, 0x80, 0xFC, 0x3C, 0x00, 0x70, 0x00, 0x00, 0x3F,
  0xFF, 0x00, 0x00, 0x00, 0x00, 0xFF, 0xFF, 0xF0, 0x00, 0x00, 0x01, 0xFF,
  0xFF, 0xFE, 0x00, 0x00, 0x03, 0xFF, 0xFF, 0xFF, 0x80, 0x00, 0x03, 0xFF,
  0xC0, 0xFF, 0xF0, 0x00, 0x03, 0xFE, 0x00, 0x07, 0xFC, 0x00, 0x03, 0xF8,
  0x00, 0x00, 0xFF, 0x00, 0x03, 0xF8, 0x00, 0x00, 0x1F, 0xC0, 0x03, 0xF8,
  0x00, 0x00, 0x07, 0xF0, 0x03, 0xF0, 0x00, 0x00, 0x01, 0xFC, 0x03, 0xF0,
  0x01, 0xFE, 0x00, 0x7E, 0x01, 0xF8, 0x03, 0xFF, 0xE0, 0x1F, 0x81, 0xF8,
  0x07, 0xFF, 0xF8, 0x07, 0xE0, 0xF8, 0x07, 0xFF, 0xFF, 0x01, 0xF0, 0xFC,
  0x07, 0xFF, 0xFF, 0x80, 0xFC, 0x7C, 0x07, 0xFE, 0x3F, 0xE0, 0x3E, 0x7E,
  0x03, 0xF8, 0x07, 0xF8, 0x1F, 0x3E, 0x03, 0xF8, 0x00, 0xFC, 0x0F, 0xDF,
  0x01, 0xF8, 0x00, 0x78, 0x03, 0xEF, 0x81, 0xFC, 0x00, 0x10, 0x01, 0xF7,
  0xC0, 0xFC, 0x00, 0x00, 0x00, 0xFB, 0xE0, 0x7E, 0x00, 0x00, 0x00, 0x7F,
  0xE0, 0x3F, 0x00, 0x00, 0x00, 0x3F, 0xF0, 0x1F, 0x80, 0x00, 0x00, 0x1F,
  0xF8, 0x0F, 0xC0, 0x00, 0x00, 0x0F, 0xBC, 0x07, 0xE0, 0x00, 0x00, 0x07,
  0xDF, 0x03, 0xF0, 0x00, 0x00, 0x03, 0xEF, 0x81, 0xFC, 0x00, 0x00, 0x01,
  0xF7, 0xC0, 0xFE, 0x00, 0x0C, 0x00, 0xFB, 0xE0, 0x3F, 0x80, 0x0F, 0x80,
  0x7D, 0xF0, 0x1F, 0xE0, 0x0F, 0xE0, 0x7C, 0x7C, 0x07, 0xF8, 0x0F, 0xF0,
  0x3E, 0x3E, 0x03, 0xFF, 0xFF, 0xF0, 0x3F, 0x1F, 0x80, 0xFF, 0xFF, 0xF0,
  0x1F, 0x07, 0xC0, 0x3F, 0xFF, 0xF0, 0x1F, 0x83, 0xF0, 0x07, 0xFF, 0xF0,
  0x0F, 0x80, 0xFC, 0x01, 0xFF, 0xE0, 0x0F, 0xC0, 0x3F, 0x00, 0x0F, 0x00,
  0x0F, 0xC0, 0x1F, 0xC0, 0x00, 0x00, 0x0F, 0xC0, 0x07, 0xF0, 0x00, 0x00,
  0x0F, 0xE0, 0x01, 0xFC, 0x00, 0x00, 0x1F, 0xE0, 0x00, 0x7F, 0x80, 0x00,
  0x1F, 0xE0, 0x00, 0x1F, 0xF8, 0x00, 0x7F, 0xE0, 0x00, 0x07, 0xFF, 0xFF,
  0xFF, 0xC0, 0x00, 0x00, 0xFF, 0xFF, 0xFF, 0xC0, 0x00, 0x00, 0x1F, 0xFF,
  0xFF, 0x80, 0x00, 0x00, 0x03, 0xFF, 0xFF, 0x00, 0x00, 0x00, 0x00, 0x3F,
  0xFC, 0x00, 0x00, 0x00, 0xFF, 0xF0, 0x00, 0x7F, 0xFF, 0x80, 0x3F, 0xFF,
  0xFC, 0x0F, 0xFF, 0xFF, 0xC3, 0xFF, 0xFF, 0xFC, 0xFF, 0xE7, 0xFF, 0x8F,
  0xC0, 0x0F, 0xF8, 0x70, 0x00, 0xFF, 0x04, 0x00, 0x1F, 0xE0, 0x00, 0x01,
  0xFC, 0x00, 0x00, 0x3F, 0x80, 0x7F, 0x87, 0xF0, 0x7F, 0xFE, 0xFE, 0x3F,
  0xFF, 0xFF, 0xCF, 0xFF, 0xFF, 0xF9, 0xFF, 0x03, 0xFF, 0x7F, 0x80, 0x0F,
  0xEF, 0xE0, 0x01, 0xFF, 0xFC, 0x00, 0x3F, 0xFF, 0x00, 0x0F, 0xFF, 0xE0,
  0x01, 0xFF, 0xFE, 0x00, 0x3F, 0xFF, 0xC0, 0x0F, 0xFB, 0xFE, 0x07, 0xFF,
  0x7F, 0xFF, 0xFF, 0xE7, 0xFF, 0xFF, 0xFC, 0xFF, 0xFF, 0xBF, 0x87, 0xFF,
  0xC7, 0xF0, 0x7F, 0xF0, 0xFE, 0x00, 0x08, 0x00, 0x20, 0x00, 0x18, 0x00,
  0x60, 0x00, 0x78, 0x01, 0xE0, 0x01, 0xF8, 0x07, 0xF0, 0x07, 0xF8, 0x1F,
  0xE0, 0x1F, 0xE0, 0x7F, 0x80, 0x7F, 0x81, 0xFE, 0x01, 0xFE, 0x07, 0xF8,
  0x07, 0xF8, 0x1F, 0xE0, 0x1F, 0xE0, 0x7F, 0x80, 0x7F, 0x81, 0xFE, 0x01,
  0xFE, 0x07, 0xF8, 0x07, 0xF8, 0x0F, 0xE0, 0x0F, 0xE0, 0x3F, 0x80, 0x3F,
  0x80, 0x7E, 0x00, 0x7F, 0x80, 0xFE, 0x00, 0x7F, 0x80, 0xFE, 0x00, 0x7F,
  0x81, 0xFE, 0x00, 0x7F, 0x81, 0xFE, 0x00, 0x7F, 0x81, 0xFE, 0x00, 0x7F,
  0x81, 0xFE, 0x00, 0x7F, 0x81, 0xFE, 0x00, 0x7F, 0x81, 0xFE, 0x00, 0x7F,
  0x81, 0xFE, 0x00, 0x7F, 0x81, 0xFE, 0x00, 0x7E, 0x01, 0xFC, 0x00, 0x78,
  0x01, 0xE0, 0x00, 0x60, 0x01, 0x80, 0x00, 0x80, 0x02, 0x00, 0xFF, 0xFF,
  0xFF, 0xFF, 0xFF, 0xFF, 0xFF, 0xFF, 0xFF, 0xFF, 0xFF, 0xFF, 0xFF, 0xFF,
  0xFF, 0xFF, 0xFF, 0xFF, 0xFF, 0xFF, 0xFF, 0xFF, 0xFF, 0xFF, 0xFF, 0xFF,
  0xFF, 0xFF, 0xFF, 0xFF, 0x00, 0x00, 0x03, 0xFC, 0x00, 0x00, 0x0F, 0xF0,
  0x00, 0x00, 0x3F, 0xC0, 0x00, 0x00, 0xFF, 0x00, 0x00, 0x03, 0xFC, 0x00,
  0x00, 0x0F, 0xF0, 0x00, 0x00, 0x3F, 0xC0, 0x00, 0x00, 0xFF, 0x00, 0x00,
  0x03, 0xFC, 0x00, 0x00, 0x0F, 0xF0, 0x00, 0x00, 0x3F, 0xC0, 0x00, 0x00,
  0xFF, 0xFF, 0xFF, 0xFF, 0xFF, 0xFF, 0xFF, 0xFF, 0xFF, 0xFF, 0xFF, 0xFF,
  0xFF, 0xFF, 0xFF, 0xFF, 0xFF, 0xF8, 0x00, 0x7F, 0xF0, 0x00, 0x07, 0xFF,
  0xF0, 0x00, 0x3F, 0xFF, 0xF0, 0x03, 0xFC, 0x1F, 0xE0, 0x1F, 0x80, 0x0F,
  0xC0, 0x7C, 0x00, 0x1F, 0x83, 0xE0, 0x00, 0x1E, 0x1F, 0x00, 0x00, 0x7C,
  0x78, 0x7F, 0xC0, 0xFB, 0xC1, 0xFF, 0x81, 0xEF, 0x07, 0xFF, 0x07, 0xBC,
  0x1E, 0x3C, 0x1E, 0xF0, 0x78, 0x78, 0x3F, 0x81, 0xE3, 0xC0, 0xFE, 0x07,
  0x9F, 0x03, 0xF8, 0x1F, 0xFC, 0x0F, 0xF0, 0x7F, 0xC0, 0x3F, 0xC1, 0xEF,
  0x01, 0xEF, 0x07, 0x9E, 0x07, 0xBC, 0x1E, 0x7C, 0x1E, 0x78, 0x78, 0xF8,
  0xF9, 0xF1, 0xE1, 0xF3, 0xC3, 0xE0, 0x00, 0x1E, 0x0F, 0xC0, 0x00, 0xF8,
  0x1F, 0x80, 0x0F, 0xC0, 0x3F, 0xC0, 0xFE, 0x00, 0x3F, 0xFF, 0xF0, 0x00,
  0x7F, 0xFF, 0x00, 0x00, 0x7F, 0xF0, 0x00, 0xFF, 0xFF, 0xFF, 0xFF, 0xFF,
  0xFF, 0xFF, 0xFF, 0xFF, 0xFF, 0xFF, 0xFF, 0xFF, 0xFF, 0xFF, 0xFF, 0xFF,
  0xF0, 0x07, 0xF8, 0x07, 0xFF, 0x83, 0xFF, 0xF1, 0xFF, 0xFE, 0x7F, 0xFF,
  0xBF, 0x03, 0xFF, 0xC0, 0x7F, 0xE0, 0x1F, 0xF8, 0x07, 0xFE, 0x01, 0xFF,
  0x80, 0x7F, 0xF0, 0x3F, 0xFE, 0x1F, 0xDF, 0xFF, 0xE3, 0xFF, 0xF8, 0xFF,
  0xFC, 0x0F, 0xFC, 0x00, 0xFE, 0x00, 0x00, 0x1F, 0xC0, 0x00, 0x00, 0x7F,
  0x00, 0x00, 0x01, 0xFC, 0x00, 0x00, 0x07, 0xF0, 0x00, 0x00, 0x1F, 0xC0,
  0x00, 0x00, 0x7F, 0x00, 0x00, 0x01, 0xFC, 0x00, 0x00, 0x07, 0xF0, 0x00,
  0x00, 0x1F, 0xC0, 0x00, 0x00, 0x7F, 0x00, 0x00, 0x01, 0xFC, 0x00, 0x3F,
  0xFF, 0xFF, 0xFF, 0xFF, 0xFF, 0xFF, 0xFF, 0xFF, 0xFF, 0xFF, 0xFF, 0xFF,
  0xFF, 0xFF, 0xFF, 0xFF, 0xFF, 0xFF, 0xFF, 0xFF, 0xFF, 0xFF, 0xFF, 0xFF,
  0xFF, 0xF0, 0x01, 0xFC, 0x00, 0x00, 0x07, 0xF0, 0x00, 0x00, 0x1F, 0xC0,
  0x00, 0x00, 0x7F, 0x00, 0x00, 0x01, 0xFC, 0x00, 0x00, 0x07, 0xF0, 0x00,
  0x00, 0x1F, 0xC0, 0x00, 0x00, 0x7F, 0x00, 0x00, 0x01, 0xFC, 0x00, 0x00,
  0x07, 0xF0, 0x00, 0x00, 0x00, 0x00, 0x00, 0x00, 0x00, 0x00, 0x0F, 0xFF,
  0xFF, 0xFF, 0xFF, 0xFF, 0xFF, 0xFF, 0xFF, 0xFF, 0xFF, 0xFF, 0xFF, 0xFF,
  0xFF, 0xFF, 0xFF, 0xFF, 0xFF, 0xFF, 0xFF, 0xFF, 0xFF, 0xFF, 0xFF, 0xFF,
  0xFC, 0x07, 0xFE, 0x00, 0xFF, 0xF8, 0x3F, 0xFF, 0xC3, 0xFF, 0xFE, 0x7F,
  0xFF, 0xEF, 0xFB, 0xFF, 0x7E, 0x0F, 0xF1, 0xC0, 0x7F, 0x04, 0x07, 0xF0,
  0x00, 0x7F, 0x00, 0x0F, 0xF0, 0x00, 0xFE, 0x00, 0x1F, 0xE0, 0x03, 0xFC,
  0x00, 0x7F, 0x80, 0x0F, 0xF0, 0x01, 0xFE, 0x00, 0x3F, 0xC0, 0x07, 0xF8,
  0x00, 0xFF, 0x00, 0x1F, 0xE0, 0x03, 0xFC, 0x00, 0x7F, 0xFF, 0xFF, 0xFF,
  0xFF, 0xFF, 0xFF, 0xFF, 0xFF, 0xFF, 0xFF, 0xFF, 0xFF, 0xFF, 0xFF, 0x07,
  0xFE, 0x00, 0x7F, 0xFC, 0x0F, 0xFF, 0xF0, 0xFF, 0xFF, 0xC7, 0xFF, 0xFE,
  0x7F, 0x8F, 0xF8, 0xF8, 0x1F, 0xC1, 0x80, 0xFE, 0x00, 0x07, 0xF0, 0x00,
  0x3F, 0x00, 0x03, 0xF8, 0x03, 0xFF, 0x80, 0x1F, 0xF8, 0x00, 0xFF, 0x80,
  0x07, 0xFF, 0x00, 0x3F, 0xFC, 0x00, 0x0F, 0xF0, 0x00, 0x3F, 0x80, 0x00,
  0xFE, 0x10, 0x07, 0xF3, 0xC0, 0x3F, 0xFE, 0x03, 0xFF, 0xFC, 0x3F, 0xDF,
  0xFF, 0xFE, 0x7F, 0xFF, 0xE1, 0xFF, 0xFF, 0x07, 0xFF, 0xF0, 0x1F, 0xFE,
  0x00, 0x0F, 0x80, 0x00, 0x0F, 0xF8, 0x7F, 0x87, 0xF8, 0x3F, 0xC1, 0xFC,
  0x1F, 0xE0, 0xFE, 0x0F, 0xF0, 0x7F, 0x07, 0xF0, 0x3F, 0x80, 0xFF, 0x80,
  0x01, 0xFE, 0x03, 0xFE, 0x00, 0x07, 0xF8, 0x0F, 0xF8, 0x00, 0x1F, 0xE0,
  0x3F, 0xE0, 0x00, 0x7F, 0x80, 0xFF, 0x80, 0x01, 0xFE, 0x03, 0xFE, 0x00,
  0x07, 0xF8, 0x0F, 0xF8, 0x00, 0x1F, 0xE0, 0x3F, 0xE0, 0x00, 0x7F, 0x80,
  0xFF, 0x80, 0x01, 0xFE, 0x03, 0xFE, 0x00, 0x07, 0xF8, 0x0F, 0xF8, 0x00,
  0x1F, 0xE0, 0x3F, 0xE0, 0x00, 0x7F, 0x80, 0xFF, 0x80, 0x01, 0xFE, 0x03,
  0xFE, 0x00, 0x07, 0xF8, 0x0F, 0xF8, 0x00, 0x1F, 0xE0, 0x3F, 0xE0, 0x00,
  0x7F, 0x80, 0xFF, 0x80, 0x01, 0xFE, 0x03, 0xFE, 0x00, 0x07, 0xF8, 0x0F,
  0xF8, 0x00, 0x1F, 0xE0, 0x3F, 0xE0, 0x00, 0x7F, 0x80, 0xFF, 0x80, 0x01,
  0xFE, 0x03, 0xFE, 0x00, 0x07, 0xF8, 0x0F, 0xF8, 0x00, 0x3F, 0xE0, 0x3F,
  0xE0, 0x00, 0xFF, 0x80, 0xFF, 0xC0, 0x07, 0xFF, 0x03, 0xFF, 0x80, 0x3F,
  0xFC, 0x0F, 0xFF, 0x83, 0xFF, 0xF8, 0x7F, 0xFF, 0xFF, 0xFF, 0xFF, 0xFF,
  0xFF, 0xFF, 0xFF, 0xFF, 0xFF, 0xFF, 0xFB, 0xFF, 0xFF, 0xF7, 0xFF, 0xE7,
  0xFF, 0xFF, 0xCF, 0xFF, 0x1F, 0xFF, 0xFF, 0x1F, 0xF8, 0x3F, 0xFF, 0xFC,
  0x1F, 0x00, 0x3F, 0xEF, 0xF0, 0x00, 0x00, 0x00, 0x3F, 0xC0, 0x00, 0x00,
  0x00, 0xFF, 0x00, 0x00, 0x00, 0x03, 0xFC, 0x00, 0x00, 0x00, 0x0F, 0xF0,
  0x00, 0x00, 0x00, 0x3F, 0xC0, 0x00, 0x00, 0x00, 0xFF, 0x00, 0x00, 0x00,
  0x03, 0xFC, 0x00, 0x00, 0x00, 0x0F, 0xF0, 0x00, 0x00, 0x00, 0x3F, 0xC0,
  0x00, 0x00, 0x00, 0xFF, 0x00, 0x00, 0x00, 0x03, 0xFC, 0x00, 0x00, 0x00,
  0x0F, 0xF0, 0x00, 0x00, 0x00, 0x00, 0x00, 0x7F, 0xFF, 0xFF, 0xF0, 0x1F,
  0xFF, 0xFF, 0xFF, 0x07, 0xFF, 0xFF, 0xFF, 0xF0, 0xFF, 0xFF, 0xFF, 0xFF,
  0x1F, 0xFF, 0xFF, 0xFF, 0xF3, 0xFF, 0xFF, 0xFF, 0xFF, 0x7F, 0xFF, 0xFF,
  0xFF, 0xF7, 0xFF, 0xFF, 0xF0, 0x7F, 0xFF, 0xFF, 0xFF, 0x07, 0xFF, 0xFF,
  0xFF, 0xF0, 0x7F, 0xFF, 0xFF, 0xFF, 0x07, 0xFF, 0xFF, 0xFF, 0xF0, 0x7F,
  0xFF, 0xFF, 0xFF, 0x07, 0xFF, 0xFF, 0xFF, 0xF0, 0x7F, 0xFF, 0xFF, 0xFF,
  0x07, 0xFF, 0xFF, 0xFF, 0xF0, 0x7F, 0xFF, 0xFF, 0xFF, 0x07, 0xFF, 0xFF,
  0xFF, 0xF0, 0x7F, 0xFF, 0xFF, 0xFF, 0x07, 0xF7, 0xFF, 0xFF, 0xF0, 0x7F,
  0x7F, 0xFF, 0xFF, 0x07, 0xF3, 0xFF, 0xFF, 0xF0, 0x7F, 0x1F, 0xFF, 0xFF,
  0x07, 0xF0, 0xFF, 0xFF, 0xF0, 0x7F, 0x07, 0xFF, 0xFF, 0x07, 0xF0, 0x3F,
  0xFF, 0xF0, 0x7F, 0x00, 0x7F, 0xFF, 0x07, 0xF0, 0x00, 0x07, 0xF0, 0x7F,
  0x00, 0x00, 0x7F, 0x07, 0xF0, 0x00, 0x07, 0xF0, 0x7F, 0x00, 0x00, 0x7F,
  0x07, 0xF0, 0x00, 0x07, 0xF0, 0x7F, 0x00, 0x00, 0x7F, 0x07, 0xF0, 0x00,
  0x07, 0xF0, 0x7F, 0x00, 0x00, 0x7F, 0x07, 0xF0, 0x00, 0x07, 0xF0, 0x7F,
  0x00, 0x00, 0x7F, 0x07, 0xF0, 0x00, 0x07, 0xF0, 0x7F, 0x00, 0x00, 0x7F,
  0x07, 0xF0, 0x00, 0x07, 0xF0, 0x7F, 0x00, 0x00, 0x7F, 0x07, 0xF0, 0x00,
  0x07, 0xF0, 0x7F, 0x00, 0x00, 0x7F, 0x07, 0xF0, 0x00, 0x07, 0xF0, 0x7F,
  0x00, 0x00, 0x7F, 0x07, 0xF0, 0x00, 0x07, 0xF0, 0x7F, 0x00, 0x00, 0x7F,
  0x07, 0xF0, 0x00, 0x07, 0xF0, 0x7F, 0x00, 0x00, 0x7F, 0x07, 0xF0, 0x00,
  0x07, 0xF0, 0x7F, 0x00, 0x00, 0x7F, 0x07, 0xF0, 0x00, 0x07, 0xF0, 0x7F,
  0x00, 0x00, 0x7F, 0x07, 0xF0, 0x00, 0x07, 0xF0, 0x7F, 0x00, 0x00, 0x7F,
  0x07, 0xF0, 0x00, 0x07, 0xF0, 0x7F, 0x00, 0x00, 0x7F, 0x07, 0xF0, 0x00,
  0x07, 0xF0, 0x7F, 0x00, 0x00, 0x7F, 0x07, 0xF0, 0x00, 0x07, 0xF0, 0x7F,
  0x3F, 0x8F, 0xF9, 0xFF, 0xFF, 0xFF, 0xFF, 0xFF, 0xFF, 0xFB, 0xFF, 0x7F,
  0xC7, 0xF0, 0x10, 0x00, 0x1F, 0x80, 0x3E, 0x00, 0xF8, 0x01, 0xFF, 0x07,
  0xFF, 0x8F, 0xFF, 0xBF, 0xFF, 0x06, 0x7E, 0x00, 0x7E, 0x00, 0xFC, 0x61,
  0xFB, 0xC7, 0xEF, 0xFF, 0xCF, 0xFF, 0x0F, 0xFE, 0x0F, 0xF0, 0x01, 0x00,
  0x00, 0xFC, 0x07, 0xF0, 0x3F, 0xC3, 0xFF, 0x1F, 0xFD, 0xFF, 0xFF, 0xFF,
  0xDF, 0xFF, 0x7F, 0xFC, 0xF7, 0xF1, 0x9F, 0xC0, 0x7F, 0x01, 0xFC, 0x07,
  0xF0, 0x1F, 0xC0, 0x7F, 0x01, 0xFC, 0x07, 0xF0, 0x1F, 0xC0, 0x7F, 0x01,
  0xFC, 0x07, 0xF0, 0x1F, 0xC0, 0x7F, 0x01, 0xFC, 0x07, 0xF0, 0x1F, 0xC0,
  0x7F, 0x00, 0x7F, 0xF0, 0x00, 0x07, 0xFF, 0xF0, 0x00, 0x3F, 0xFF, 0xF0,
  0x03, 0xFF, 0xFF, 0xE0, 0x1F, 0xFF, 0xFF, 0xC0, 0xFF, 0xFF, 0xFF, 0x83,
  0xFF, 0x07, 0xFE, 0x1F, 0xF0, 0x07, 0xFC, 0x7F, 0x80, 0x0F, 0xF3, 0xFC,
  0x00, 0x1F, 0xEF, 0xF0, 0x00, 0x7F, 0xBF, 0x80, 0x00, 0xFE, 0xFE, 0x00,
  0x03, 0xFB, 0xF8, 0x00, 0x0F, 0xFF, 0xE0, 0x00, 0x3F, 0xFF, 0x80, 0x00,
  0xFF, 0xFE, 0x00, 0x03, 0xFB, 0xF8, 0x00, 0x0F, 0xEF, 0xF0, 0x00, 0x7F,
  0xBF, 0xC0, 0x01, 0xFE, 0x7F, 0x80, 0x0F, 0xF9, 0xFF, 0x00, 0x7F, 0xC3,
  0xFF, 0x03, 0xFF, 0x0F, 0xFF, 0xFF, 0xF8, 0x1F, 0xFF, 0xFF, 0xC0, 0x3F,
  0xFF, 0xFE, 0x00, 0x7F, 0xFF, 0xF0, 0x00, 0x7F, 0xFF, 0x80, 0x00, 0x7F,
  0xF0, 0x00, 0x08, 0x00, 0x20, 0x00, 0x30, 0x00, 0xE0, 0x00, 0xF0, 0x03,
  0xE0, 0x03, 0xF0, 0x1F, 0xC0, 0x0F, 0xF0, 0x1F, 0xC0, 0x0F, 0xF0, 0x1F,
  0xC0, 0x0F, 0xF0, 0x3F, 0xC0, 0x0F, 0xF0, 0x3F, 0xC0, 0x0F, 0xF0, 0x3F,
  0xC0, 0x0F, 0xF0, 0x3F, 0xC0, 0x0F, 0xF0, 0x3F, 0xC0, 0x0F, 0xF0, 0x3F,
  0xC0, 0x0F, 0xF0, 0x3F, 0xC0, 0x0F, 0xF0, 0x3F, 0xC0, 0x0F, 0xE0, 0x3F,
  0x80, 0x3F, 0x80, 0xFF, 0x00, 0xFF, 0x03, 0xFC, 0x03, 0xFC, 0x0F, 0xF0,
  0x0F, 0xF0, 0x3F, 0xC0, 0x3F, 0xC0, 0xFF, 0x00, 0xFF, 0x03, 0xFC, 0x03,
  0xFC, 0x0F, 0xF0, 0x0F, 0xF0, 0x3F, 0xC0, 0x3F, 0xC0, 0xFF, 0x00, 0xFF,
  0x03, 0xFC, 0x00, 0xFC, 0x03, 0xF0, 0x00, 0xF0, 0x03, 0xC0, 0x00, 0xC0,
  0x03, 0x80, 0x00, 0x80, 0x02, 0x00, 0x00, 0x00, 0x00, 0x00, 0x00, 0x02,
  0x00, 0x00, 0x03, 0xF0, 0x00, 0x00, 0x0C, 0x00, 0x00, 0x1F, 0xC0, 0x00,
  0x00, 0x7C, 0x00, 0x00, 0xFF, 0x00, 0x00, 0x03, 0xF8, 0x00, 0x0F, 0xFC,
  0x00, 0x00, 0x0F, 0xE0, 0x00, 0x7F, 0xF0, 0x00, 0x00, 0x7F, 0x00, 0x07,
  0xFF, 0xC0, 0x00, 0x03, 0xF8, 0x00, 0x3F, 0xFF, 0x00, 0x00, 0x0F, 0xE0,
  0x00, 0x7F, 0xFC, 0x00, 0x00, 0x7F, 0x00, 0x01, 0xFF, 0xF0, 0x00, 0x03,
  0xF8, 0x00, 0x03, 0xDF, 0xC0, 0x00, 0x0F, 0xE0, 0x00, 0x06, 0x7F, 0x00,
  0x00, 0x7F, 0x00, 0x00, 0x01, 0xFC, 0x00, 0x03, 0xF8, 0x00, 0x00, 0x07,
  0xF0, 0x00, 0x0F, 0xE0, 0x00, 0x00, 0x1F, 0xC0, 0x00, 0x7F, 0x00, 0x00,
  0x00, 0x7F, 0x00, 0x03, 0xF8, 0x00, 0x00, 0x01, 0xFC, 0x00, 0x0F, 0xE0,
  0x00, 0x00, 0x07, 0xF0, 0x00, 0x7F, 0x00, 0x00, 0x00, 0x1F, 0xC0, 0x03,
  0xF8, 0x00, 0x00, 0x00, 0x7F, 0x00, 0x0F, 0xE0, 0x00, 0x00, 0x01, 0xFC,
  0x00, 0x7F, 0x00, 0x1F, 0xC0, 0x07, 0xF0, 0x03, 0xF8, 0x00, 0xFF, 0x00,
  0x1F, 0xC0, 0x0F, 0xE0, 0x07, 0xFC, 0x00, 0x7F, 0x00, 0x7F, 0x00, 0x1F,
  0xF0, 0x01, 0xFC, 0x03, 0xF8, 0x00, 0xFF, 0xC0, 0x07, 0xF0, 0x0F, 0xE0,
  0x07, 0xFF, 0x00, 0x1F, 0xC0, 0x7F, 0x00, 0x3F, 0xFC, 0x00, 0x7F, 0x03,
  0xF8, 0x00, 0xFF, 0xF0, 0x01, 0xFC, 0x1F, 0xE0, 0x07, 0xEF, 0xC0, 0x00,
  0x00, 0x7F, 0x00, 0x3F, 0x3F, 0x00, 0x00, 0x03, 0xF8, 0x00, 0xFC, 0xFC,
  0x00, 0x00, 0x1F, 0xE0, 0x07, 0xE3, 0xF0, 0x00, 0x00, 0x7F, 0x00, 0x3F,
  0x0F, 0xC0, 0x00, 0x03, 0xF8, 0x01, 0xFC, 0x3F, 0x00, 0x00, 0x1F, 0xE0,
  0x07, 0xE0, 0xFC, 0x00, 0x00, 0x7F, 0x00, 0x3F, 0x03, 0xF0, 0x00, 0x03,
  0xF8, 0x01, 0xFC, 0x0F, 0xC0, 0x00, 0x1F, 0xE0, 0x07, 0xFF, 0xFF, 0xF0,
  0x00, 0x7F, 0x00, 0x1F, 0xFF, 0xFF, 0xC0, 0x03, 0xF8, 0x00, 0x7F, 0xFF,
  0xFF, 0x00, 0x1F, 0xE0, 0x01, 0xFF, 0xFF, 0xFC, 0x00, 0x7F, 0x00, 0x07,
  0xFF, 0xFF, 0xF0, 0x03, 0xF8, 0x00, 0x1F, 0xFF, 0xFF, 0xC0, 0x1F, 0xE0,
  0x00, 0x00, 0x07, 0xF0, 0x00, 0x7F, 0x00, 0x00, 0x00, 0x1F, 0xC0, 0x03,
  0xF8, 0x00, 0x00, 0x00, 0x7F, 0x00, 0x0F, 0xE0, 0x00, 0x00, 0x01, 0xFC,
  0x00, 0x0F, 0x00, 0x00, 0x00, 0x07, 0xF0, 0x00, 0x18, 0x00, 0x00, 0x00,
  0x00, 0x00, 0x00, 0x20, 0x00, 0x00, 0x00, 0x00, 0x00, 0x00, 0x00, 0x00,
  0x00, 0x02, 0x00, 0x00, 0x01, 0xF8, 0x00, 0x00, 0x06, 0x00, 0x00, 0x07,
  0xF0, 0x00, 0x00, 0x1F, 0x00, 0x00, 0x1F, 0xE0, 0x00, 0x00, 0x7F, 0x00,
  0x00, 0xFF, 0xC0, 0x00, 0x00, 0xFE, 0x00, 0x03, 0xFF, 0x80, 0x00, 0x03,
  0xF8, 0x00, 0x1F, 0xFF, 0x00, 0x00, 0x0F, 0xE0, 0x00, 0x7F, 0xFE, 0x00,
  0x00, 0x1F, 0xC0, 0x00, 0x7F, 0xFC, 0x00, 0x00, 0x7F, 0x00, 0x00, 0xFF,
  0xF8, 0x00, 0x01, 0xFC, 0x00, 0x00, 0xF7, 0xF0, 0x00, 0x03, 0xF8, 0x00,
  0x00, 0xCF, 0xE0, 0x00, 0x0F, 0xE0, 0x00, 0x00, 0x1F, 0xC0, 0x00, 0x3F,
  0x80, 0x00, 0x00, 0x3F, 0x80, 0x00, 0x7F, 0x00, 0x00, 0x00, 0x7F, 0x00,
  0x01, 0xFC, 0x00, 0x00, 0x00, 0xFE, 0x00, 0x07, 0xF0, 0x00, 0x00, 0x01,
  0xFC, 0x00, 0x0F, 0xE0, 0x00, 0x00, 0x03, 0xF8, 0x00, 0x3F, 0x80, 0x00,
  0x00, 0x07, 0xF0, 0x00, 0xFE, 0x00, 0x00, 0x00, 0x0F, 0xE0, 0x01, 0xFC,
  0x00, 0x00, 0x00, 0x1F, 0xC0, 0x07, 0xF0, 0x0F, 0xFC, 0x00, 0x3F, 0x80,
  0x1F, 0xC0, 0x7F, 0xFE, 0x00, 0x7F, 0x00, 0x3F, 0x81, 0xFF, 0xFE, 0x00,
  0xFE, 0x00, 0xFE, 0x07, 0xFF, 0xFE, 0x01, 0xFC, 0x03, 0xF8, 0x0F, 0xFF,
  0xFC, 0x03, 0xF8, 0x07, 0xF0, 0x3F, 0xEF, 0xF8, 0x07, 0xF0, 0x1F, 0xC0,
  0x7F, 0x07, 0xF8, 0x0F, 0xE0, 0x7F, 0x00, 0x1C, 0x0F, 0xF0, 0x1F, 0xC1,
  0xFE, 0x00, 0x08, 0x0F, 0xE0, 0x00, 0x03, 0xF8, 0x00, 0x00, 0x3F, 0xC0,
  0x00, 0x0F, 0xE0, 0x00, 0x00, 0x7F, 0x00, 0x00, 0x3F, 0xC0, 0x00, 0x01,
  0xFE, 0x00, 0x00, 0x7F, 0x00, 0x00, 0x03, 0xF8, 0x00, 0x01, 0xFC, 0x00,
  0x00, 0x0F, 0xF0, 0x00, 0x07, 0xF8, 0x00, 0x00, 0x3F, 0xC0, 0x00, 0x0F,
  0xE0, 0x00, 0x00, 0xFF, 0x00, 0x00, 0x3F, 0x80, 0x00, 0x03, 0xFC, 0x00,
  0x00, 0xFF, 0x00, 0x00, 0x0F, 0xF0, 0x00, 0x01, 0xFC, 0x00, 0x00, 0x3F,
  0xC0, 0x00, 0x07, 0xF0, 0x00, 0x00, 0xFF, 0x00, 0x00, 0x1F, 0xE0, 0x00,
  0x03, 0xFC, 0x00, 0x00, 0x3F, 0x80, 0x00, 0x0F, 0xF0, 0x00, 0x00, 0xFE,
  0x00, 0x00, 0x7F, 0xFF, 0xF8, 0x03, 0xFC, 0x00, 0x00, 0xFF, 0xFF, 0xF0,
  0x07, 0xF0, 0x00, 0x01, 0xFF, 0xFF, 0xE0, 0x1F, 0xC0, 0x00, 0x03, 0xFF,
  0xFF, 0xC0, 0x3F, 0x80, 0x00, 0x07, 0xFF, 0xFF, 0x80, 0x1E, 0x00, 0x00,
  0x0F, 0xFF, 0xFF, 0x00, 0x18, 0x00, 0x00, 0x00, 0x00, 0x00, 0x00, 0x10,
  0x00, 0x00, 0x00, 0x00, 0x00, 0x00, 0x00, 0x00, 0x00, 0x00, 0x20, 0x00,
  0x01, 0xFF, 0x80, 0x00, 0x00, 0x0E, 0x00, 0x00, 0xFF, 0xF8, 0x00, 0x00,
  0x07, 0xC0, 0x00, 0xFF, 0xFF, 0x00, 0x00, 0x03, 0xF8, 0x00, 0x7F, 0xFF,
  0xE0, 0x00, 0x00, 0xFE, 0x00, 0x1F, 0xFF, 0xF8, 0x00, 0x00, 0x7F, 0x00,
  0x0F, 0xF1, 0xFF, 0x00, 0x00, 0x3F, 0xC0, 0x00, 0xF8, 0x1F, 0xC0, 0x00,
  0x0F, 0xE0, 0x00, 0x0C, 0x07, 0xF0, 0x00, 0x07, 0xF0, 0x00, 0x00, 0x01,
  0xFC, 0x00, 0x03, 0xFC, 0x00, 0x00, 0x00, 0x7E, 0x00, 0x00, 0xFE, 0x00,
  0x00, 0x00, 0x3F, 0x80, 0x00, 0x7F, 0x00, 0x00, 0x01, 0xFF, 0xC0, 0x00,
  0x3F, 0x80, 0x00, 0x00, 0x7F, 0xE0, 0x00, 0x0F, 0xE0, 0x00, 0x00, 0x1F,
  0xF0, 0x00, 0x07, 0xF0, 0x00, 0x00, 0x07, 0xFF, 0x00, 0x03, 0xF8, 0x00,
  0x00, 0x01, 0xFF, 0xE0, 0x00, 0xFE, 0x00, 0x00, 0x00, 0x03, 0xFC, 0x00,
  0x7F, 0x00, 0x00, 0x00, 0x00, 0x7F, 0x00, 0x3F, 0x80, 0x00, 0x00, 0x00,
  0x0F, 0xE0, 0x0F, 0xE0, 0x00, 0x00, 0x08, 0x03, 0xF8, 0x07, 0xF0, 0x01,
  0xFC, 0x0F, 0x00, 0xFE, 0x03, 0xF8, 0x00, 0xFF, 0x0F, 0xC0, 0x7F, 0x80,
  0xFE, 0x00, 0x7F, 0xC3, 0xFC, 0x3F, 0xC0, 0x7F, 0x00, 0x1F, 0xF0, 0xFF,
  0xFF, 0xF0, 0x3F, 0x80, 0x0F, 0xFC, 0x1F, 0xFF, 0xF8, 0x0F, 0xE0, 0x07,
  0xFF, 0x03, 0xFF, 0xFE, 0x07, 0xF0, 0x01, 0xFF, 0xC0, 0x7F, 0xFF, 0x03,
  0xF8, 0x00, 0xFF, 0xF0, 0x0F, 0xFF, 0x00, 0xFE, 0x00, 0x7E, 0xFC, 0x00,
  0x3E, 0x00, 0x7F, 0x00, 0x3F, 0xBF, 0x00, 0x00, 0x00, 0x3F, 0x80, 0x0F,
  0xCF, 0xC0, 0x00, 0x00, 0x0F, 0xE0, 0x07, 0xE3, 0xF0, 0x00, 0x00, 0x07,
  0xF0, 0x03, 0xF8, 0xFC, 0x00, 0x00, 0x03, 0xF8, 0x00, 0xFC, 0x3F, 0x00,
  0x00, 0x00, 0xFE, 0x00, 0x7E, 0x0F, 0xC0, 0x00, 0x00, 0x7F, 0x00, 0x3F,
  0x03, 0xF0, 0x00, 0x00, 0x3F, 0x80, 0x1F, 0xC0, 0xFC, 0x00, 0x00, 0x0F,
  0xE0, 0x07, 0xFF, 0xFF, 0xF0, 0x00, 0x07, 0xF0, 0x01, 0xFF, 0xFF, 0xFC,
  0x00, 0x03, 0xF8, 0x00, 0x7F, 0xFF, 0xFF, 0x00, 0x00, 0xFE, 0x00, 0x1F,
  0xFF, 0xFF, 0xC0, 0x00, 0x7F, 0x00, 0x07, 0xFF, 0xFF, 0xF0, 0x00, 0x3F,
  0x80, 0x01, 0xFF, 0xFF, 0xFC, 0x00, 0x0F, 0xE0, 0x00, 0x00, 0x07, 0xF0,
  0x00, 0x07, 0xF0, 0x00, 0x00, 0x01, 0xFC, 0x00, 0x03, 0xF8, 0x00, 0x00,
  0x00, 0x7F, 0x00, 0x00, 0xFE, 0x00, 0x00, 0x00, 0x1F, 0xC0, 0x00, 0x0F,
  0x00, 0x00, 0x00, 0x07, 0xF0, 0x00, 0x01, 0x80, 0x00, 0x00, 0x00, 0x00,
  0x00, 0x00, 0x20, 0x00, 0x00, 0x00, 0x00, 0x00, 0x00, 0x07, 0x80, 0x00,
  0x00, 0x7F, 0x80, 0x00, 0x03, 0xFF, 0x00, 0x00, 0x1F, 0xFE, 0x00, 0x00,
  0x7F, 0xF8, 0x00, 0x01, 0xFF, 0xE0, 0x00, 0x07, 0xFF, 0x80, 0x00, 0x1F,
  0xFE, 0x00, 0x00, 0x3F, 0xF8, 0x00, 0x00, 0xFF, 0xC0, 0x00, 0x01, 0xFE,
  0x00, 0x00, 0x00, 0xC0, 0x00, 0x00, 0x00, 0x00, 0x00, 0x00, 0x00, 0x00,
  0x00, 0x00, 0x00, 0x00, 0x00, 0x07, 0xFC, 0x00, 0x00, 0x1F, 0xF0, 0x00,
  0x00, 0x7F, 0xC0, 0x00, 0x01, 0xFF, 0x00, 0x00, 0x07, 0xFC, 0x00, 0x00,
  0x1F, 0xE0, 0x00, 0x00, 0xFF, 0x80, 0x00, 0x07, 0xFE, 0x00, 0x00, 0x3F,
  0xF8, 0x00, 0x01, 0xFF, 0xC0, 0x00, 0x0F, 0xFE, 0x00, 0x00, 0x7F, 0xF0,
  0x00, 0x03, 0xFF, 0x80, 0x00, 0x1F, 0xFC, 0x00, 0x00, 0xFF, 0xE0, 0x00,
  0x03, 0xFF, 0x00, 0x00, 0x1F, 0xF8, 0x00, 0x00, 0x7F, 0xC0, 0x00, 0x01,
  0xFF, 0x00, 0x00, 0x0F, 0xF8, 0x00, 0x00, 0x3F, 0xE0, 0x00, 0xC0, 0xFF,
  0x80, 0x03, 0xE3, 0xFF, 0x00, 0x1F, 0xF7, 0xFC, 0x00, 0xFF, 0xDF, 0xF8,
  0x07, 0xFE, 0x7F, 0xFC, 0xFF, 0xF8, 0xFF, 0xFF, 0xFF, 0xC3, 0xFF, 0xFF,
  0xFF, 0x07, 0xFF, 0xFF, 0xF8, 0x0F, 0xFF, 0xFF, 0xC0, 0x1F, 0xFF, 0xFC,
  0x00, 0x1F, 0xFF, 0xE0, 0x00, 0x1F, 0xFC, 0x00, 0x00, 0x07, 0xF8, 0x00,
  0x00, 0x00, 0x00, 0xFF, 0x00, 0x00, 0x00, 0x00, 0x0F, 0xF0, 0x00, 0x00,
  0x00, 0x01, 0xFE, 0x00, 0x00, 0x00, 0x00, 0x1F, 0xE0, 0x00, 0x00, 0x00,
  0x01, 0xFC, 0x00, 0x00, 0x00, 0x00, 0x3F, 0x80, 0x00, 0x00, 0x00, 0x03,
  0xF8, 0x00, 0x00, 0x00, 0x00, 0x7F, 0x00, 0x00, 0x00, 0x00, 0x07, 0xF0,
  0x00, 0x00, 0x00, 0x00, 0xFE, 0x00, 0x00, 0x00, 0x00, 0x00, 0x00, 0x00,
  0x00, 0x00, 0x00, 0x00, 0x00, 0x00, 0x00, 0x00, 0x00, 0x00, 0x00, 0x00,
  0x00, 0x00, 0x00, 0x00, 0x00, 0x00, 0x00, 0x00, 0x00, 0x00, 0x00, 0x00,
  0x7F, 0xC0, 0x00, 0x00, 0x00, 0x0F, 0xF8, 0x00, 0x00, 0x00, 0x03, 0xFF,
  0x80, 0x00, 0x00, 0x00, 0x7F, 0xF0, 0x00, 0x00, 0x00, 0x1F, 0xFE, 0x00,
  0x00, 0x00, 0x03, 0xFF, 0xE0, 0x00, 0x00, 0x00, 0x7F, 0xFC, 0x00, 0x00,
  0x00, 0x1F, 0xFF, 0xC0, 0x00, 0x00, 0x03, 0xFF, 0xF8, 0x00, 0x00, 0x00,
  0x7F, 0xFF, 0x00, 0x00, 0x00, 0x1F, 0xEF, 0xF0, 0x00, 0x00, 0x03, 0xFD,
  0xFE, 0x00, 0x00, 0x00, 0xFF, 0xBF, 0xC0, 0x00, 0x00, 0x1F, 0xE7, 0xFC,
  0x00, 0x00, 0x03, 0xFC, 0x7F, 0x80, 0x00, 0x00, 0xFF, 0x8F, 0xF8, 0x00,
  0x00, 0x1F, 0xE1, 0xFF, 0x00, 0x00, 0x07, 0xFC, 0x1F, 0xE0, 0x00, 0x00,
  0xFF, 0x83, 0xFE, 0x00, 0x00, 0x1F, 0xE0, 0x7F, 0xC0, 0x00, 0x07, 0xFC,
  0x07, 0xF8, 0x00, 0x00, 0xFF, 0x00, 0xFF, 0x80, 0x00, 0x1F, 0xE0, 0x0F,
  0xF0, 0x00, 0x07, 0xFC, 0x01, 0xFF, 0x00, 0x00, 0xFF, 0x00, 0x3F, 0xE0,
  0x00, 0x3F, 0xE0, 0x03, 0xFC, 0x00, 0x07, 0xFC, 0x00, 0x7F, 0xC0, 0x00,
  0xFF, 0x00, 0x0F, 0xF8, 0x00, 0x3F, 0xE0, 0x00, 0xFF, 0x80, 0x07, 0xFF,
  0xFF, 0xFF, 0xF0, 0x00, 0xFF, 0xFF, 0xFF, 0xFE, 0x00, 0x3F, 0xFF, 0xFF,
  0xFF, 0xE0, 0x07, 0xFF, 0xFF, 0xFF, 0xFC, 0x01, 0xFF, 0xFF, 0xFF, 0xFF,
  0x80, 0x3F, 0xFF, 0xFF, 0xFF, 0xF8, 0x07, 0xFF, 0xFF, 0xFF, 0xFF, 0x01,
  0xFF, 0x00, 0x00, 0x3F, 0xF0, 0x3F, 0xE0, 0x00, 0x03, 0xFE, 0x0F, 0xFC,
  0x00, 0x00, 0x7F, 0xC1, 0xFF, 0x00, 0x00, 0x0F, 0xFC, 0x3F, 0xE0, 0x00,
  0x00, 0xFF, 0x8F, 0xF8, 0x00, 0x00, 0x1F, 0xF1, 0xFF, 0x00, 0x00, 0x03,
  0xFF, 0x3F, 0xE0, 0x00, 0x00, 0x3F, 0xEF, 0xF8, 0x00, 0x00, 0x07, 0xFF,
  0xFF, 0x00, 0x00, 0x00, 0x7F, 0xC0, 0x00, 0x00, 0x03, 0xFC, 0x00, 0x00,
  0x00, 0x00, 0x7F, 0x80, 0x00, 0x00, 0x00, 0x1F, 0xE0, 0x00, 0x00, 0x00,
  0x03, 0xFC, 0x00, 0x00, 0x00, 0x00, 0xFF, 0x00, 0x00, 0x00, 0x00, 0x1F,
  0xC0, 0x00, 0x00, 0x00, 0x07, 0xF8, 0x00, 0x00, 0x00, 0x00, 0xFE, 0x00,
  0x00, 0x00, 0x00, 0x1F, 0xC0, 0x00, 0x00, 0x00, 0x07, 0xF0, 0x00, 0x00,
  0x00, 0x00, 0xFE, 0x00, 0x00, 0x00, 0x00, 0x00, 0x00, 0x00, 0x00, 0x00,
  0x00, 0x00, 0x00, 0x00, 0x00, 0x00, 0x00, 0x00, 0x00, 0x00, 0x00, 0x00,
  0x00, 0x00, 0x00, 0x00, 0x00, 0x00, 0x00, 0x00, 0x00, 0x00, 0x7F, 0xC0,
  0x00, 0x00, 0x00, 0x0F, 0xF8, 0x00, 0x00, 0x00, 0x03, 0xFF, 0x80, 0x00,
  0x00, 0x00, 0x7F, 0xF0, 0x00, 0x00, 0x00, 0x1F, 0xFE, 0x00, 0x00, 0x00,
  0x03, 0xFF, 0xE0, 0x00, 0x00, 0x00, 0x7F, 0xFC, 0x00, 0x00, 0x00, 0x1F,
  0xFF, 0xC0, 0x00, 0x00, 0x03, 0xFF, 0xF8, 0x00, 0x00, 0x00, 0x7F, 0xFF,
  0x00, 0x00, 0x00, 0x1F, 0xEF, 0xF0, 0x00, 0x00, 0x03, 0xFD, 0xFE, 0x00,
  0x00, 0x00, 0xFF, 0xBF, 0xC0, 0x00, 0x00, 0x1F, 0xE7, 0xFC, 0x00, 0x00,
  0x03, 0xFC, 0x7F, 0x80, 0x00, 0x00, 0xFF, 0x8F, 0xF8, 0x00, 0x00, 0x1F,
  0xE1, 0xFF, 0x00, 0x00, 0x07, 0xFC, 0x1F, 0xE0, 0x00, 0x00, 0xFF, 0x83,
  0xFE, 0x00, 0x00, 0x1F, 0xE0, 0x7F, 0xC0, 0x00, 0x07, 0xFC, 0x07, 0xF8,
  0x00, 0x00, 0xFF, 0x00, 0xFF, 0x80, 0x00, 0x1F, 0xE0, 0x0F, 0xF0, 0x00,
  0x07, 0xFC, 0x01, 0xFF, 0x00, 0x00, 0xFF, 0x00, 0x3F, 0xE0, 0x00, 0x3F,
  0xE0, 0x03, 0xFC, 0x00, 0x07, 0xFC, 0x00, 0x7F, 0xC0, 0x00, 0xFF, 0x00,
  0x0F, 0xF8, 0x00, 0x3F, 0xE0, 0x00, 0xFF, 0x80, 0x07, 0xFF, 0xFF, 0xFF,
  0xF0, 0x00, 0xFF, 0xFF, 0xFF, 0xFE, 0x00, 0x3F, 0xFF, 0xFF, 0xFF, 0xE0,
  0x07, 0xFF, 0xFF, 0xFF, 0xFC, 0x01, 0xFF, 0xFF, 0xFF, 0xFF, 0x80, 0x3F,
  0xFF, 0xFF, 0xFF, 0xF8, 0x07, 0xFF, 0xFF, 0xFF, 0xFF, 0x01, 0xFF, 0x00,
  0x00, 0x3F, 0xF0, 0x3F, 0xE0, 0x00, 0x03, 0xFE, 0x0F, 0xFC, 0x00, 0x00,
  0x7F, 0xC1, 0xFF, 0x00, 0x00, 0x0F, 0xFC, 0x3F, 0xE0, 0x00, 0x00, 0xFF,
  0x8F, 0xF8, 0x00, 0x00, 0x1F, 0xF1, 0xFF, 0x00, 0x00, 0x03, 0xFF, 0x3F,
  0xE0, 0x00, 0x00, 0x3F, 0xEF, 0xF8, 0x00, 0x00, 0x07, 0xFF, 0xFF, 0x00,
  0x00, 0x00, 0x7F, 0xC0, 0x00, 0x00, 0x3F, 0x80, 0x00, 0x00, 0x00, 0x0F,
  0xF8, 0x00, 0x00, 0x00, 0x03, 0xFF, 0x80, 0x00, 0x00, 0x00, 0xFF, 0xF8,
  0x00, 0x00, 0x00, 0x3F, 0xFF, 0x80, 0x00, 0x00, 0x07, 0xF7, 0xF0, 0x00,
  0x00, 0x01, 0xFC, 0x7F, 0x00, 0x00, 0x00, 0x7F, 0x07, 0xF0, 0x00, 0x00,
  0x1F, 0xE0, 0xFF, 0x00, 0x00, 0x07, 0xF8, 0x0F, 0xF0, 0x00, 0x01, 0xFE,
  0x00, 0xFF, 0x00, 0x00, 0x00, 0x00, 0x00, 0x00, 0x00, 0x00, 0x00, 0x00,
  0x00, 0x00, 0x00, 0x00, 0x00, 0x00, 0x00, 0x00, 0x00, 0x00, 0x00, 0x00,
  0x00, 0x00, 0x00, 0x00, 0x00, 0x00, 0x00, 0x00, 0x7F, 0xC0, 0x00, 0x00,
  0x00, 0x0F, 0xF8, 0x00, 0x00, 0x00, 0x03, 0xFF, 0x80, 0x00, 0x00, 0x00,
  0x7F, 0xF0, 0x00, 0x00, 0x00, 0x1F, 0xFE, 0x00, 0x00, 0x00, 0x03, 0xFF,
  0xE0, 0x00, 0x00, 0x00, 0x7F, 0xFC, 0x00, 0x00, 0x00, 0x1F, 0xFF, 0xC0,
  0x00, 0x00, 0x03, 0xFF, 0xF8, 0x00, 0x00, 0x00, 0x7F, 0xFF, 0x00, 0x00,
  0x00, 0x1F, 0xEF, 0xF0, 0x00, 0x00, 0x03, 0xFD, 0xFE, 0x00, 0x00, 0x00,
  0xFF, 0xBF, 0xC0, 0x00, 0x00, 0x1F, 0xE7, 0xFC, 0x00, 0x00, 0x03, 0xFC,
  0x7F, 0x80, 0x00, 0x00, 0xFF, 0x8F, 0xF8, 0x00, 0x00, 0x1F, 0xE1, 0xFF,
  0x00, 0x00, 0x07, 0xFC, 0x1F, 0xE0, 0x00, 0x00, 0xFF, 0x83, 0xFE, 0x00,
  0x00, 0x1F, 0xE0, 0x7F, 0xC0, 0x00, 0x07, 0xFC, 0x07, 0xF8, 0x00, 0x00,
  0xFF, 0x00, 0xFF, 0x80, 0x00, 0x1F, 0xE0, 0x0F, 0xF0, 0x00, 0x07, 0xFC,
  0x01, 0xFF, 0x00, 0x00, 0xFF, 0x00, 0x3F, 0xE0, 0x00, 0x3F, 0xE0, 0x03,
  0xFC, 0x00, 0x07, 0xFC, 0x00, 0x7F, 0xC0, 0x00, 0xFF, 0x00, 0x0F, 0xF8,
  0x00, 0x3F, 0xE0, 0x00, 0xFF, 0x80, 0x07, 0xFF, 0xFF, 0xFF, 0xF0, 0x00,
  0xFF, 0xFF, 0xFF, 0xFE, 0x00, 0x3F, 0xFF, 0xFF, 0xFF, 0xE0, 0x07, 0xFF,
  0xFF, 0xFF, 0xFC, 0x01, 0xFF, 0xFF, 0xFF, 0xFF, 0x80, 0x3F, 0xFF, 0xFF,
  0xFF, 0xF8, 0x07, 0xFF, 0xFF, 0xFF, 0xFF, 0x01, 0xFF, 0x00, 0x00, 0x3F,
  0xF0, 0x3F, 0xE0, 0x00, 0x03, 0xFE, 0x0F, 0xFC, 0x00, 0x00, 0x7F, 0xC1,
  0xFF, 0x00, 0x00, 0x0F, 0xFC, 0x3F, 0xE0, 0x00, 0x00, 0xFF, 0x8F, 0xF8,
  0x00, 0x00, 0x1F, 0xF1, 0xFF, 0x00, 0x00, 0x03, 0xFF, 0x3F, 0xE0, 0x00,
  0x00, 0x3F, 0xEF, 0xF8, 0x00, 0x00, 0x07, 0xFF, 0xFF, 0x00, 0x00, 0x00,
  0x7F, 0xC0, 0x00, 0x03, 0xE0, 0x00, 0x00, 0x00, 0x01, 0xFF, 0x01, 0xF0,
  0x00, 0x00, 0x7F, 0xF8, 0x7E, 0x00, 0x00, 0x0F, 0xFF, 0xCF, 0xC0, 0x00,
  0x03, 0xFF, 0xFF, 0xF8, 0x00, 0x00, 0x7F, 0xFF, 0xFF, 0x00, 0x00, 0x0F,
  0xC7, 0xFF, 0xC0, 0x00, 0x01, 0xF0, 0x7F, 0xF0, 0x00, 0x00, 0x3E, 0x03,
  0xFC, 0x00, 0x00, 0x00, 0x00, 0x1E, 0x00, 0x00, 0x00, 0x00, 0x00, 0x00,
  0x00, 0x00, 0x00, 0x00, 0x00, 0x00, 0x00, 0x00, 0x00, 0x00, 0x00, 0x00,
  0x00, 0x00, 0x00, 0x00, 0x00, 0x00, 0x00, 0x00, 0x00, 0x00, 0x00, 0x00,
  0x03, 0xFE, 0x00, 0x00, 0x00, 0x00, 0x7F, 0xC0, 0x00, 0x00, 0x00, 0x1F,
  0xFC, 0x00, 0x00, 0x00, 0x03, 0xFF, 0x80, 0x00, 0x00, 0x00, 0xFF, 0xF0,
  0x00, 0x00, 0x00, 0x1F, 0xFF, 0x00, 0x00, 0x00, 0x03, 0xFF, 0xE0, 0x00,
  0x00, 0x00, 0xFF, 0xFE, 0x00, 0x00, 0x00, 0x1F, 0xFF, 0xC0, 0x00, 0x00,
  0x03, 0xFF, 0xF8, 0x00, 0x00, 0x00, 0xFF, 0x7F, 0x80, 0x00, 0x00, 0x1F,
  0xEF, 0xF0, 0x00, 0x00, 0x07, 0xFD, 0xFE, 0x00, 0x00, 0x00, 0xFF, 0x3F,
  0xE0, 0x00, 0x00, 0x1F, 0xE3, 0xFC, 0x00, 0x00, 0x07, 0xFC, 0x7F, 0xC0,
  0x00, 0x00, 0xFF, 0x0F, 0xF8, 0x00, 0x00, 0x3F, 0xE0, 0xFF, 0x00, 0x00,
  0x07, 0xFC, 0x1F, 0xF0, 0x00, 0x00, 0xFF, 0x03, 0xFE, 0x00, 0x00, 0x3F,
  0xE0, 0x3F, 0xC0, 0x00, 0x07, 0xF8, 0x07, 0xFC, 0x00, 0x00, 0xFF, 0x00,
  0x7F, 0x80, 0x00, 0x3F, 0xE0, 0x0F, 0xF8, 0x00, 0x07, 0xF8, 0x01, 0xFF,
  0x00, 0x01, 0xFF, 0x00, 0x1F, 0xE0, 0x00, 0x3F, 0xE0, 0x03, 0xFE, 0x00,
  0x07, 0xF8, 0x00, 0x7F, 0xC0, 0x01, 0xFF, 0x00, 0x07, 0xFC, 0x00, 0x3F,
  0xFF, 0xFF, 0xFF, 0x80, 0x07, 0xFF, 0xFF, 0xFF, 0xF0, 0x01, 0xFF, 0xFF,
  0xFF, 0xFF, 0x00, 0x3F, 0xFF, 0xFF, 0xFF, 0xE0, 0x0F, 0xFF, 0xFF, 0xFF,
  0xFC, 0x01, 0xFF, 0xFF, 0xFF, 0xFF, 0xC0, 0x3F, 0xFF, 0xFF, 0xFF, 0xF8,
  0x0F, 0xF8, 0x00, 0x01, 0xFF, 0x81, 0xFF, 0x00, 0x00, 0x1F, 0xF0, 0x7F,
  0xE0, 0x00, 0x03, 0xFE, 0x0F, 0xF8, 0x00, 0x00, 0x7F, 0xE1, 0xFF, 0x00,
  0x00, 0x07, 0xFC, 0x7F, 0xC0, 0x00, 0x00, 0xFF, 0x8F, 0xF8, 0x00, 0x00,
  0x1F, 0xF9, 0xFF, 0x00, 0x00, 0x01, 0xFF, 0x7F, 0xC0, 0x00, 0x00, 0x3F,
  0xFF, 0xF8, 0x00, 0x00, 0x03, 0xFE, 0x00, 0x0F, 0x80, 0x3E, 0x00, 0x00,
  0x03, 0xF8, 0x0F, 0xE0, 0x00, 0x00, 0xFF, 0x83, 0xFE, 0x00, 0x00, 0x1F,
  0xF0, 0x7F, 0xC0, 0x00, 0x03, 0xFE, 0x0F, 0xF8, 0x00, 0x00, 0x7F, 0xC1,
  0xFF, 0x00, 0x00, 0x0F, 0xF8, 0x1F, 0xC0, 0x00, 0x00, 0xFE, 0x03, 0xF8,
  0x00, 0x00, 0x07, 0x80, 0x1C, 0x00, 0x00, 0x00, 0x00, 0x00, 0x00, 0x00,
  0x00, 0x00, 0x00, 0x00, 0x00, 0x00, 0x00, 0x00, 0x00, 0x00, 0x00, 0x00,
  0x00, 0x00, 0x00, 0x00, 0x00, 0x00, 0x00, 0x00, 0x00, 0x00, 0x00, 0x00,
  0x00, 0x00, 0x00, 0x00, 0x03, 0xFE, 0x00, 0x00, 0x00, 0x00, 0x7F, 0xC0,
  0x00, 0x00, 0x00, 0x1F, 0xFC, 0x00, 0x00, 0x00, 0x03, 0xFF, 0x80, 0x00,
  0x00, 0x00, 0xFF, 0xF0, 0x00, 0x00, 0x00, 0x1F, 0xFF, 0x00, 0x00, 0x00,
  0x03, 0xFF, 0xE0, 0x00, 0x00, 0x00, 0xFF, 0xFE, 0x00, 0x00, 0x00, 0x1F,
  0xFF, 0xC0, 0x00, 0x00, 0x03, 0xFF, 0xF8, 0x00, 0x00, 0x00, 0xFF, 0x7F,
  0x80, 0x00, 0x00, 0x1F, 0xEF, 0xF0, 0x00, 0x00, 0x07, 0xFD, 0xFE, 0x00,
  0x00, 0x00, 0xFF, 0x3F, 0xE0, 0x00, 0x00, 0x1F, 0xE3, 0xFC, 0x00, 0x00,
  0x07, 0xFC, 0x7F, 0xC0, 0x00, 0x00, 0xFF, 0x0F, 0xF8, 0x00, 0x00, 0x3F,
  0xE0, 0xFF, 0x00, 0x00, 0x07, 0xFC, 0x1F, 0xF0, 0x00, 0x00, 0xFF, 0x03,
  0xFE, 0x00, 0x00, 0x3F, 0xE0, 0x3F, 0xC0, 0x00, 0x07, 0xF8, 0x07, 0xFC,
  0x00, 0x00, 0xFF, 0x00, 0x7F, 0x80, 0x00, 0x3F, 0xE0, 0x0F, 0xF8, 0x00,
  0x07, 0xF8, 0x01, 0xFF, 0x00, 0x01, 0xFF, 0x00, 0x1F, 0xE0, 0x00, 0x3F,
  0xE0, 0x03, 0xFE, 0x00, 0x07, 0xF8, 0x00, 0x7F, 0xC0, 0x01, 0xFF, 0x00,
  0x07, 0xFC, 0x00, 0x3F, 0xFF, 0xFF, 0xFF, 0x80, 0x07, 0xFF, 0xFF, 0xFF,
  0xF0, 0x01, 0xFF, 0xFF, 0xFF, 0xFF, 0x00, 0x3F, 0xFF, 0xFF, 0xFF, 0xE0,
  0x0F, 0xFF, 0xFF, 0xFF, 0xFC, 0x01, 0xFF, 0xFF, 0xFF, 0xFF, 0xC0, 0x3F,
  0xFF, 0xFF, 0xFF, 0xF8, 0x0F, 0xF8, 0x00, 0x01, 0xFF, 0x81, 0xFF, 0x00,
  0x00, 0x1F, 0xF0, 0x7F, 0xE0, 0x00, 0x03, 0xFE, 0x0F, 0xF8, 0x00, 0x00,
  0x7F, 0xE1, 0xFF, 0x00, 0x00, 0x07, 0xFC, 0x7F, 0xC0, 0x00, 0x00, 0xFF,
  0x8F, 0xF8, 0x00, 0x00, 0x1F, 0xF9, 0xFF, 0x00, 0x00, 0x01, 0xFF, 0x7F,
  0xC0, 0x00, 0x00, 0x3F, 0xFF, 0xF8, 0x00, 0x00, 0x03, 0xFE, 0x00, 0x00,
  0x0E, 0x00, 0x00, 0x00, 0x00, 0x0F, 0xF8, 0x00, 0x00, 0x00, 0x03, 0xFF,
  0x80, 0x00, 0x00, 0x00, 0xFF, 0xF8, 0x00, 0x00, 0x00, 0x1F, 0xFF, 0x00,
  0x00, 0x00, 0x07, 0xE3, 0xF0, 0x00, 0x00, 0x00, 0xF8, 0x3E, 0x00, 0x00,
  0x00, 0x1E, 0x07, 0xC0, 0x00, 0x00, 0x03, 0xC0, 0xF8, 0x00, 0x00, 0x00,
  0x7C, 0x1F, 0x00, 0x00, 0x00, 0x0F, 0xC7, 0xE0, 0x00, 0x00, 0x00, 0xFF,
  0xF8, 0x00, 0x00, 0x00, 0x1F, 0xFF, 0x00, 0x00, 0x00, 0x01, 0xFF, 0xC0,
  0x00, 0x00, 0x00, 0x1F, 0xF0, 0x00, 0x00, 0x00, 0x00, 0x78, 0x00, 0x00,
  0x00, 0x00, 0x00, 0x00, 0x00, 0x00, 0x00, 0x00, 0x00, 0x00, 0x00, 0x00,
  0x00, 0x00, 0x00, 0x00, 0x00, 0x00, 0x00, 0x00, 0x00, 0x00, 0x00, 0x07,
  0xFC, 0x00, 0x00, 0x00, 0x00, 0xFF, 0x80, 0x00, 0x00, 0x00, 0x3F, 0xF8,
  0x00, 0x00, 0x00, 0x07, 0xFF, 0x00, 0x00, 0x00, 0x01, 0xFF, 0xE0, 0x00,
  0x00, 0x00, 0x3F, 0xFE, 0x00, 0x00, 0x00, 0x07, 0xFF, 0xC0, 0x00, 0x00,
  0x01, 0xFF, 0xFC, 0x00, 0x00, 0x00, 0x3F, 0xFF, 0x80, 0x00, 0x00, 0x07,
  0xFF, 0xF0, 0x00, 0x00, 0x01, 0xFE, 0xFF, 0x00, 0x00, 0x00, 0x3F, 0xDF,
  0xE0, 0x00, 0x00, 0x0F, 0xFB, 0xFC, 0x00, 0x00, 0x01, 0xFE, 0x7F, 0xC0,
  0x00, 0x00, 0x3F, 0xC7, 0xF8, 0x00, 0x00, 0x0F, 0xF8, 0xFF, 0x80, 0x00,
  0x01, 0xFE, 0x1F, 0xF0, 0x00, 0x00, 0x7F, 0xC1, 0xFE, 0x00, 0x00, 0x0F,
  0xF8, 0x3F, 0xE0, 0x00, 0x01, 0xFE, 0x07, 0xFC, 0x00, 0x00, 0x7F, 0xC0,
  0x7F, 0x80, 0x00, 0x0F, 0xF0, 0x0F, 0xF8, 0x00, 0x01, 0xFE, 0x00, 0xFF,
  0x00, 0x00, 0x7F, 0xC0, 0x1F, 0xF0, 0x00, 0x0F, 0xF0, 0x03, 0xFE, 0x00,
  0x03, 0xFE, 0x00, 0x3F, 0xC0, 0x00, 0x7F, 0xC0, 0x07, 0xFC, 0x00, 0x0F,
  0xF0, 0x00, 0xFF, 0x80, 0x03, 0xFE, 0x00, 0x0F, 0xF8, 0x00, 0x7F, 0xFF,
  0xFF, 0xFF, 0x00, 0x0F, 0xFF, 0xFF, 0xFF, 0xE0, 0x03, 0xFF, 0xFF, 0xFF,
  0xFE, 0x00, 0x7F, 0xFF, 0xFF, 0xFF, 0xC0, 0x1F, 0xFF, 0xFF, 0xFF, 0xF8,
  0x03, 0xFF, 0xFF, 0xFF, 0xFF, 0x80, 0x7F, 0xFF, 0xFF, 0xFF, 0xF0, 0x1F,
  0xF0, 0x00, 0x03, 0xFF, 0x03, 0xFE, 0x00, 0x00, 0x3F, 0xE0, 0xFF, 0xC0,
  0x00, 0x07, 0xFC, 0x1F, 0xF0, 0x00, 0x00, 0xFF, 0xC3, 0xFE, 0x00, 0x00,
  0x0F, 0xF8, 0xFF, 0x80, 0x00, 0x01, 0xFF, 0x1F, 0xF0, 0x00, 0x00, 0x3F,
  0xF3, 0xFE, 0x00, 0x00, 0x03, 0xFE, 0xFF, 0x80, 0x00, 0x00, 0x7F, 0xFF,
  0xF0, 0x00, 0x00, 0x07, 0xFC, 0x00, 0x00, 0x00, 0x07, 0xFF, 0xFF, 0xFF,
  0xF0, 0x00, 0x00, 0x00, 0xFF, 0xFF, 0xFF, 0xFF, 0x00, 0x00, 0x00, 0x0F,
  0xFF, 0xFF, 0xFF, 0xF0, 0x00, 0x00, 0x01, 0xFF, 0xFF, 0xFF, 0xFF, 0x00,
  0x00, 0x00, 0x3F, 0xFF, 0xFF, 0xFF, 0xF0, 0x00, 0x00, 0x03, 0xFF, 0xFF,
  0xFF, 0xFF, 0x00, 0x00, 0x00, 0x7F, 0xFF, 0xFF, 0xFF, 0xF0, 0x00, 0x00,
  0x07, 0xFF, 0xFF, 0xFF, 0xFF, 0x00, 0x00, 0x00, 0xFF, 0xFF, 0x80, 0x00,
  0x00, 0x00, 0x00, 0x1F, 0xFF, 0xF8, 0x00, 0x00, 0x00, 0x00, 0x01, 0xFE,
  0xFF, 0x80, 0x00, 0x00, 0x00, 0x00, 0x3F, 0xEF, 0xF8, 0x00, 0x00, 0x00,
  0x00, 0x07, 0xFC, 0xFF, 0x80, 0x00, 0x00, 0x00, 0x00, 0x7F, 0xCF, 0xF8,
  0x00, 0x00, 0x00, 0x00, 0x0F, 0xF8, 0xFF, 0x80, 0x00, 0x00, 0x00, 0x00,
  0xFF, 0x8F, 0xF8, 0x00, 0x00, 0x00, 0x00, 0x1F, 0xF0, 0xFF, 0x80, 0x00,
  0x00, 0x00, 0x03, 0xFE, 0x0F, 0xF8, 0x00, 0x00, 0x00, 0x00, 0x3F, 0xE0,
  0xFF, 0x80, 0x00, 0x00, 0x00, 0x07, 0xFC, 0x0F, 0xFF, 0xFF, 0xFE, 0x00,
  0x00, 0xFF, 0xC0, 0xFF, 0xFF, 0xFF, 0xE0, 0x00, 0x0F, 0xF8, 0x0F, 0xFF,
  0xFF, 0xFE, 0x00, 0x01, 0xFF, 0x00, 0xFF, 0xFF, 0xFF, 0xE0, 0x00, 0x1F,
  0xF0, 0x0F, 0xFF, 0xFF, 0xFE, 0x00, 0x03, 0xFE, 0x00, 0xFF, 0xFF, 0xFF,
  0xE0, 0x00, 0x7F, 0xE0, 0x0F, 0xFF, 0xFF, 0xFE, 0x00, 0x07, 0xFC, 0x00,
  0xFF, 0xFF, 0xFF, 0xE0, 0x00, 0xFF, 0x80, 0x0F, 0xF8, 0x00, 0x00, 0x00,
  0x1F, 0xF8, 0x00, 0xFF, 0x80, 0x00, 0x00, 0x01, 0xFF, 0xFF, 0xFF, 0xF8,
  0x00, 0x00, 0x00, 0x3F, 0xFF, 0xFF, 0xFF, 0x80, 0x00, 0x00, 0x03, 0xFF,
  0xFF, 0xFF, 0xF8, 0x00, 0x00, 0x00, 0x7F, 0xFF, 0xFF, 0xFF, 0x80, 0x00,
  0x00, 0x0F, 0xFF, 0xFF, 0xFF, 0xF8, 0x00, 0x00, 0x00, 0xFF, 0xFF, 0xFF,
  0xFF, 0x80, 0x00, 0x00, 0x1F, 0xFF, 0xFF, 0xFF, 0xF8, 0x00, 0x00, 0x03,
  0xFF, 0x00, 0x00, 0xFF, 0x80, 0x00, 0x00, 0x3F, 0xF0, 0x00, 0x0F, 0xF8,
  0x00, 0x00, 0x07, 0xFE, 0x00, 0x00, 0xFF, 0xFF, 0xFF, 0xF0, 0xFF, 0xC0,
  0x00, 0x0F, 0xFF, 0xFF, 0xFF, 0x0F, 0xFC, 0x00, 0x00, 0xFF, 0xFF, 0xFF,
  0xF1, 0xFF, 0x80, 0x00, 0x0F, 0xFF, 0xFF, 0xFF, 0x1F, 0xF8, 0x00, 0x00,
  0xFF, 0xFF, 0xFF, 0xF3, 0xFF, 0x00, 0x00, 0x0F, 0xFF, 0xFF, 0xFF, 0x7F,
  0xE0, 0x00, 0x00, 0xFF, 0xFF, 0xFF, 0xFF, 0xFE, 0x00, 0x00, 0x0F, 0xFF,
  0xFF, 0xFF, 0x00, 0x00, 0x3F, 0xFE, 0x00, 0x00, 0x00, 0x3F, 0xFF, 0xF8,
  0x00, 0x00, 0x1F, 0xFF, 0xFF, 0xC0, 0x00, 0x0F, 0xFF, 0xFF, 0xFE, 0x00,
  0x03, 0xFF, 0xFF, 0xFF, 0xE0, 0x01, 0xFF, 0xFF, 0xFF, 0xFE, 0x00, 0x7F,
  0xFF, 0xFF, 0xFF, 0xE0, 0x1F, 0xFF, 0xFF, 0xFF, 0xFE, 0x07, 0xFF, 0xF0,
  0x07, 0xFF, 0x80, 0xFF, 0xF8, 0x00, 0x3F, 0xE0, 0x3F, 0xFC, 0x00, 0x01,
  0xF8, 0x0F, 0xFF, 0x00, 0x00, 0x1E, 0x01, 0xFF, 0x80, 0x00, 0x01, 0x80,
  0x7F, 0xF0, 0x00, 0x00, 0x00, 0x0F, 0xFC, 0x00, 0x00, 0x00, 0x01, 0xFF,
  0x00, 0x00, 0x00, 0x00, 0x7F, 0xE0, 0x00, 0x00, 0x00, 0x0F, 0xF8, 0x00,
  0x00, 0x00, 0x01, 0xFF, 0x00, 0x00, 0x00, 0x00, 0x3F, 0xE0, 0x00, 0x00,
  0x00, 0x07, 0xF8, 0x00, 0x00, 0x00, 0x00, 0xFF, 0x00, 0x00, 0x00, 0x00,
  0x3F, 0xE0, 0x00, 0x00, 0x00, 0x07, 0xFC, 0x00, 0x00, 0x00, 0x00, 0xFF,
  0x80, 0x00, 0x00, 0x00, 0x0F, 0xF0, 0x00, 0x00, 0x00, 0x01, 0xFE, 0x00,
  0x00, 0x00, 0x00, 0x3F, 0xC0, 0x00, 0x00, 0x00, 0x07, 0xFC, 0x00, 0x00,
  0x00, 0x00, 0xFF, 0x80, 0x00, 0x00, 0x00, 0x1F, 0xF0, 0x00, 0x00, 0x00,
  0x01, 0xFF, 0x00, 0x00, 0x00, 0x00, 0x3F, 0xE0, 0x00, 0x00, 0x00, 0x07,
  0xFE, 0x00, 0x00, 0x00, 0x00, 0x7F, 0xE0, 0x00, 0x00, 0x30, 0x0F, 0xFE,
  0x00, 0x00, 0x0F, 0x00, 0xFF, 0xE0, 0x00, 0x03, 0xF0, 0x1F, 0xFE, 0x00,
  0x00, 0xFF, 0x01, 0xFF, 0xF0, 0x00, 0x7F, 0xF0, 0x1F, 0xFF, 0xE0, 0xFF,
  0xFF, 0x01, 0xFF, 0xFF, 0xFF, 0xFF, 0xC0, 0x1F, 0xFF, 0xFF, 0xFF, 0xF0,
  0x01, 0xFF, 0xFF, 0xFF, 0xFC, 0x00, 0x1F, 0xFF, 0xFF, 0xFF, 0x00, 0x01,
  0xFF, 0xFF, 0xFF, 0xC0, 0x00, 0x0F, 0xFF, 0xFF, 0xE0, 0x00, 0x00, 0x7F,
  0xFF, 0xF0, 0x00, 0x00, 0x00, 0xFF, 0xE0, 0x00, 0x00, 0x00, 0x1F, 0x00,
  0x00, 0x00, 0x00, 0x07, 0xC0, 0x00, 0x00, 0x00, 0x00, 0xFF, 0x80, 0x00,
  0x00, 0x00, 0x3F, 0xFC, 0x00, 0x00, 0x00, 0x07, 0xFF, 0xC0, 0x00, 0x00,
  0x01, 0xFF, 0xF8, 0x00, 0x00, 0x00, 0x03, 0x3F, 0x80, 0x00, 0x00, 0x00,
  0x03, 0xF0, 0x00, 0x00, 0x00, 0x00, 0x7E, 0x00, 0x00, 0x00, 0x03, 0x0F,
  0xC0, 0x00, 0x00, 0x01, 0xF3, 0xF8, 0x00, 0x00, 0x00, 0x7F, 0xFE, 0x00,
  0x00, 0x00, 0x07, 0xFF, 0xC0, 0x00, 0x00, 0x00, 0x7F, 0xF0, 0x00, 0x00,
  0x00, 0x07, 0xF8, 0x00, 0x00, 0x00, 0x00, 0x08, 0x00, 0x00, 0x03, 0xFC,
  0x00, 0x00, 0x3F, 0xE0, 0x00, 0x01, 0xFE, 0x00, 0x00, 0x0F, 0xE0, 0x00,
  0x00, 0xFF, 0x00, 0x00, 0x07, 0xF0, 0x00, 0x00, 0x7F, 0x80, 0x00, 0x03,
  0xF8, 0x00, 0x00, 0x3F, 0x80, 0x00, 0x01, 0xFC, 0x00, 0x00, 0x0F, 0xC0,
  0x00, 0x00, 0x00, 0x00, 0x00, 0x00, 0x00, 0x00, 0x00, 0x00, 0x00, 0x00,
  0x00, 0x00, 0x00, 0x00, 0x00, 0x00, 0xFF, 0xFF, 0xFF, 0xFF, 0xFF, 0xFF,
  0xFF, 0xFF, 0xFF, 0xFF, 0xFF, 0xFF, 0xFF, 0xFF, 0xFF, 0xFF, 0xFF, 0xFF,
  0xFF, 0xFF, 0xFF, 0xFF, 0xFF, 0xFF, 0xFF, 0xFF, 0xFF, 0xFF, 0xFF, 0x00,
  0x00, 0x0F, 0xF0, 0x00, 0x00, 0xFF, 0x00, 0x00, 0x0F, 0xF0, 0x00, 0x00,
  0xFF, 0x00, 0x00, 0x0F, 0xF0, 0x00, 0x00, 0xFF, 0x00, 0x00, 0x0F, 0xF0,
  0x00, 0x00, 0xFF, 0x00, 0x00, 0x0F, 0xF0, 0x00, 0x00, 0xFF, 0x00, 0x00,
  0x0F, 0xFF, 0xFF, 0xFE, 0xFF, 0xFF, 0xFF, 0xEF, 0xFF, 0xFF, 0xFE, 0xFF,
  0xFF, 0xFF, 0xEF, 0xFF, 0xFF, 0xFE, 0xFF, 0xFF, 0xFF, 0xEF, 0xFF, 0xFF,
  0xFE, 0xFF, 0xFF, 0xFF, 0xEF, 0xF0, 0x00, 0x00, 0xFF, 0x00, 0x00, 0x0F,
  0xF0, 0x00, 0x00, 0xFF, 0x00, 0x00, 0x0F, 0xF0, 0x00, 0x00, 0xFF, 0x00,
  0x00, 0x0F, 0xF0, 0x00, 0x00, 0xFF, 0x00, 0x00, 0x0F, 0xF0, 0x00, 0x00,
  0xFF, 0x00, 0x00, 0x0F, 0xF0, 0x00, 0x00, 0xFF, 0xFF, 0xFF, 0xFF, 0xFF,
  0xFF, 0xFF, 0xFF, 0xFF, 0xFF, 0xFF, 0xFF, 0xFF, 0xFF, 0xFF, 0xFF, 0xFF,
  0xFF, 0xFF, 0xFF, 0xFF, 0xFF, 0xFF, 0xFF, 0xFF, 0xFF, 0xFF, 0xFF, 0x00,
  0x01, 0xFE, 0x00, 0x00, 0x1F, 0xE0, 0x00, 0x03, 0xFC, 0x00, 0x00, 0x3F,
  0xC0, 0x00, 0x07, 0xF8, 0x00, 0x00, 0x7F, 0x80, 0x00, 0x07, 0xF0, 0x00,
  0x00, 0xFE, 0x00, 0x00, 0x0F, 0xE0, 0x00, 0x01, 0xFC, 0x00, 0x00, 0x1F,
  0xC0, 0x00, 0x00, 0x00, 0x00, 0x00, 0x00, 0x00, 0x00, 0x00, 0x00, 0x00,
  0x00, 0x00, 0x00, 0x00, 0x00, 0x00, 0x00, 0xFF, 0xFF, 0xFF, 0xFF, 0xFF,
  0xFF, 0xFF, 0xFF, 0xFF, 0xFF, 0xFF, 0xFF, 0xFF, 0xFF, 0xFF, 0xFF, 0xFF,
  0xFF, 0xFF, 0xFF, 0xFF, 0xFF, 0xFF, 0xFF, 0xFF, 0xFF, 0xFF, 0xFF, 0xFF,
  0x00, 0x00, 0x0F, 0xF0, 0x00, 0x00, 0xFF, 0x00, 0x00, 0x0F, 0xF0, 0x00,
  0x00, 0xFF, 0x00, 0x00, 0x0F, 0xF0, 0x00, 0x00, 0xFF, 0x00, 0x00, 0x0F,
  0xF0, 0x00, 0x00, 0xFF, 0x00, 0x00, 0x0F, 0xF0, 0x00, 0x00, 0xFF, 0x00,
  0x00, 0x0F, 0xFF, 0xFF, 0xFE, 0xFF, 0xFF, 0xFF, 0xEF, 0xFF, 0xFF, 0xFE,
  0xFF, 0xFF, 0xFF, 0xEF, 0xFF, 0xFF, 0xFE, 0xFF, 0xFF, 0xFF, 0xEF, 0xFF,
  0xFF, 0xFE, 0xFF, 0xFF, 0xFF, 0xEF, 0xF0, 0x00, 0x00, 0xFF, 0x00, 0x00,
  0x0F, 0xF0, 0x00, 0x00, 0xFF, 0x00, 0x00, 0x0F, 0xF0, 0x00, 0x00, 0xFF,
  0x00, 0x00, 0x0F, 0xF0, 0x00, 0x00, 0xFF, 0x00, 0x00, 0x0F, 0xF0, 0x00,
  0x00, 0xFF, 0x00, 0x00, 0x0F, 0xF0, 0x00, 0x00, 0xFF, 0xFF, 0xFF, 0xFF,
  0xFF, 0xFF, 0xFF, 0xFF, 0xFF, 0xFF, 0xFF, 0xFF, 0xFF, 0xFF, 0xFF, 0xFF,
  0xFF, 0xFF, 0xFF, 0xFF, 0xFF, 0xFF, 0xFF, 0xFF, 0xFF, 0xFF, 0xFF, 0xFF,
  0x00, 0x1F, 0xC0, 0x00, 0x03, 0xFE, 0x00, 0x00, 0x7F, 0xF0, 0x00, 0x0F,
  0xFF, 0x80, 0x01, 0xFF, 0xFC, 0x00, 0x1F, 0xDF, 0xE0, 0x03, 0xF8, 0xFE,
  0x00, 0x7F, 0x07, 0xF0, 0x0F, 0xF0, 0x3F, 0x81, 0xFE, 0x03, 0xFC, 0x3F,
  0xC0, 0x1F, 0xE0, 0x00, 0x00, 0x00, 0x00, 0x00, 0x00, 0x00, 0x00, 0x00,
  0x00, 0x00, 0x00, 0x00, 0x00, 0x00, 0x00, 0x00, 0xFF, 0xFF, 0xFF, 0xFF,
  0xFF, 0xFF, 0xFF, 0xFF, 0xFF, 0xFF, 0xFF, 0xFF, 0xFF, 0xFF, 0xFF, 0xFF,
  0xFF, 0xFF, 0xFF, 0xFF, 0xFF, 0xFF, 0xFF, 0xFF, 0xFF, 0xFF, 0xFF, 0xFF,
  0xFF, 0x00, 0x00, 0x0F, 0xF0, 0x00, 0x00, 0xFF, 0x00, 0x00, 0x0F, 0xF0,
  0x00, 0x00, 0xFF, 0x00, 0x00, 0x0F, 0xF0, 0x00, 0x00, 0xFF, 0x00, 0x00,
  0x0F, 0xF0, 0x00, 0x00, 0xFF, 0x00, 0x00, 0x0F, 0xF0, 0x00, 0x00, 0xFF,
  0x00, 0x00, 0x0F, 0xFF, 0xFF, 0xFE, 0xFF, 0xFF, 0xFF, 0xEF, 0xFF, 0xFF,
  0xFE, 0xFF, 0xFF, 0xFF, 0xEF, 0xFF, 0xFF, 0xFE, 0xFF, 0xFF, 0xFF, 0xEF,
  0xFF, 0xFF, 0xFE, 0xFF, 0xFF, 0xFF, 0xEF, 0xF0, 0x00, 0x00, 0xFF, 0x00,
  0x00, 0x0F, 0xF0, 0x00, 0x00, 0xFF, 0x00, 0x00, 0x0F, 0xF0, 0x00, 0x00,
  0xFF, 0x00, 0x00, 0x0F, 0xF0, 0x00, 0x00, 0xFF, 0x00, 0x00, 0x0F, 0xF0,
  0x00, 0x00, 0xFF, 0x00, 0x00, 0x0F, 0xF0, 0x00, 0x00, 0xFF, 0xFF, 0xFF,
  0xFF, 0xFF, 0xFF, 0xFF, 0xFF, 0xFF, 0xFF, 0xFF, 0xFF, 0xFF, 0xFF, 0xFF,
  0xFF, 0xFF, 0xFF, 0xFF, 0xFF, 0xFF, 0xFF, 0xFF, 0xFF, 0xFF, 0xFF, 0xFF,
  0xFF, 0x07, 0xC0, 0x1F, 0x00, 0xFE, 0x03, 0xF8, 0x0F, 0xF0, 0x7F, 0xC1,
  0xFF, 0x07, 0xFC, 0x1F, 0xF0, 0x7F, 0xC1, 0xFF, 0x07, 0xFC, 0x0F, 0xF0,
  0x3F, 0x80, 0xFE, 0x03, 0xF8, 0x03, 0xC0, 0x0E, 0x00, 0x00, 0x00, 0x00,
  0x00, 0x00, 0x00, 0x00, 0x00, 0x00, 0x00, 0x00, 0x00, 0x00, 0x00, 0x00,
  0x00, 0x00, 0x00, 0x00, 0x00, 0x0F, 0xFF, 0xFF, 0xFF, 0xFF, 0xFF, 0xFF,
  0xFF, 0xFF, 0xFF, 0xFF, 0xFF, 0xFF, 0xFF, 0xFF, 0xFF, 0xFF, 0xFF, 0xFF,
  0xFF, 0xFF, 0xFF, 0xFF, 0xFF, 0xFF, 0xFF, 0xFF, 0xFF, 0xFF, 0xF0, 0x00,
  0x00, 0xFF, 0x00, 0x00, 0x0F, 0xF0, 0x00, 0x00, 0xFF, 0x00, 0x00, 0x0F,
  0xF0, 0x00, 0x00, 0xFF, 0x00, 0x00, 0x0F, 0xF0, 0x00, 0x00, 0xFF, 0x00,
  0x00, 0x0F, 0xF0, 0x00, 0x00, 0xFF, 0x00, 0x00, 0x0F, 0xF0, 0x00, 0x00,
  0xFF, 0xFF, 0xFF, 0xEF, 0xFF, 0xFF, 0xFE, 0xFF, 0xFF, 0xFF, 0xEF, 0xFF,
  0xFF, 0xFE, 0xFF, 0xFF, 0xFF, 0xEF, 0xFF, 0xFF, 0xFE, 0xFF, 0xFF, 0xFF,
  0xEF, 0xFF, 0xFF, 0xFE, 0xFF, 0x00, 0x00, 0x0F, 0xF0, 0x00, 0x00, 0xFF,
  0x00, 0x00, 0x0F, 0xF0, 0x00, 0x00, 0xFF, 0x00, 0x00, 0x0F, 0xF0, 0x00,
  0x00, 0xFF, 0x00, 0x00, 0x0F, 0xF0, 0x00, 0x00, 0xFF, 0x00, 0x00, 0x0F,
  0xF0, 0x00, 0x00, 0xFF, 0x00, 0x00, 0x0F, 0xFF, 0xFF, 0xFF, 0xFF, 0xFF,
  0xFF, 0xFF, 0xFF, 0xFF, 0xFF, 0xFF, 0xFF, 0xFF, 0xFF, 0xFF, 0xFF, 0xFF,
  0xFF, 0xFF, 0xFF, 0xFF, 0xFF, 0xFF, 0xFF, 0xFF, 0xFF, 0xFF, 0xF0, 0xFF,
  0x81, 0xFE, 0x03, 0xFC, 0x0F, 0xF0, 0x1F, 0xC0, 0x7F, 0x80, 0xFE, 0x03,
  0xFC, 0x07, 0xF0, 0x0F, 0xC0, 0x3F, 0x80, 0x00, 0x00, 0x00, 0x00, 0x00,
  0x00, 0x00, 0x00, 0x07, 0xFC, 0x1F, 0xF0, 0x7F, 0xC1, 0xFF, 0x07, 0xFC,
  0x1F, 0xF0, 0x7F, 0xC1, 0xFF, 0x07, 0xFC, 0x1F, 0xF0, 0x7F, 0xC1, 0xFF,
  0x07, 0xFC, 0x1F, 0xF0, 0x7F, 0xC1, 0xFF, 0x07, 0xFC, 0x1F, 0xF0, 0x7F,
  0xC1, 0xFF, 0x07, 0xFC, 0x1F, 0xF0, 0x7F, 0xC1, 0xFF, 0x07, 0xFC, 0x1F,
  0xF0, 0x7F, 0xC1, 0xFF, 0x07, 0xFC, 0x1F, 0xF0, 0x7F, 0xC1, 0xFF, 0x07,
  0xFC, 0x1F, 0xF0, 0x7F, 0xC1, 0xFF, 0x07, 0xFC, 0x1F, 0xF0, 0x7F, 0xC1,
  0xFF, 0x07, 0xFC, 0x1F, 0xF0, 0x7F, 0xC1, 0xFF, 0x07, 0xFC, 0x1F, 0xF0,
  0x07, 0xF8, 0x7F, 0x83, 0xFC, 0x1F, 0xC1, 0xFE, 0x0F, 0xE0, 0xFF, 0x07,
  0xF0, 0x7F, 0x83, 0xF8, 0x1F, 0x80, 0x00, 0x00, 0x00, 0x00, 0x00, 0x00,
  0x00, 0x00, 0xFF, 0x87, 0xFC, 0x3F, 0xE1, 0xFF, 0x0F, 0xF8, 0x7F, 0xC3,
  0xFE, 0x1F, 0xF0, 0xFF, 0x87, 0xFC, 0x3F, 0xE1, 0xFF, 0x0F, 0xF8, 0x7F,
  0xC3, 0xFE, 0x1F, 0xF0, 0xFF, 0x87, 0xFC, 0x3F, 0xE1, 0xFF, 0x0F, 0xF8,
  0x7F, 0xC3, 0xFE, 0x1F, 0xF0, 0xFF, 0x87, 0xFC, 0x3F, 0xE1, 0xFF, 0x0F,
  0xF8, 0x7F, 0xC3, 0xFE, 0x1F, 0xF0, 0xFF, 0x87, 0xFC, 0x3F, 0xE1, 0xFF,
  0x0F, 0xF8, 0x7F, 0xC3, 0xFE, 0x1F, 0xF0, 0xFF, 0x87, 0xFC, 0x3F, 0xE1,
  0xFF, 0x0F, 0xF8, 0x7F, 0xC0, 0x00, 0xFF, 0x00, 0x00, 0x7F, 0xC0, 0x00,
  0x7F, 0xF0, 0x00, 0x7F, 0xFC, 0x00, 0x7F, 0xFE, 0x00, 0x7F, 0xBF, 0x80,
  0x7F, 0x8F, 0xE0, 0x3F, 0x87, 0xF8, 0x3F, 0x81, 0xFE, 0x3F, 0x80, 0x7F,
  0xBF, 0xC0, 0x1F, 0xE0, 0x00, 0x00, 0x00, 0x00, 0x00, 0x00, 0x00, 0x00,
  0x00, 0x00, 0x00, 0x00, 0x00, 0x00, 0x00, 0x00, 0xFF, 0x80, 0x00, 0x7F,
  0xC0, 0x00, 0x3F, 0xE0, 0x00, 0x1F, 0xF0, 0x00, 0x0F, 0xF8, 0x00, 0x07,
  0xFC, 0x00, 0x03, 0xFE, 0x00, 0x01, 0xFF, 0x00, 0x00, 0xFF, 0x80, 0x00,
  0x7F, 0xC0, 0x00, 0x3F, 0xE0, 0x00, 0x1F, 0xF0, 0x00, 0x0F, 0xF8, 0x00,
  0x07, 0xFC, 0x00, 0x03, 0xFE, 0x00, 0x01, 0xFF, 0x00, 0x00, 0xFF, 0x80,
  0x00, 0x7F, 0xC0, 0x00, 0x3F, 0xE0, 0x00, 0x1F, 0xF0, 0x00, 0x0F, 0xF8,
  0x00, 0x07, 0xFC, 0x00, 0x03, 0xFE, 0x00, 0x01, 0xFF, 0x00, 0x00, 0xFF,
  0x80, 0x00, 0x7F, 0xC0, 0x00, 0x3F, 0xE0, 0x00, 0x1F, 0xF0, 0x00, 0x0F,
  0xF8, 0x00, 0x07, 0xFC, 0x00, 0x03, 0xFE, 0x00, 0x01, 0xFF, 0x00, 0x00,
  0xFF, 0x80, 0x00, 0x7F, 0xC0, 0x00, 0x3F, 0xE0, 0x00, 0x1F, 0xF0, 0x00,
  0x0F, 0xF8, 0x00, 0x07, 0xFC, 0x00, 0x03, 0xFE, 0x00, 0x01, 0xFF, 0x00,
  0x00, 0xFF, 0x80, 0x00, 0x7F, 0xC0, 0x00, 0x3F, 0xE0, 0x00, 0x1F, 0xF0,
  0x00, 0x0F, 0xF8, 0x00, 0x07, 0xFC, 0x00, 0x3E, 0x00, 0xF8, 0xFE, 0x03,
  0xFB, 0xFC, 0x0F, 0xF7, 0xFC, 0x1F, 0xFF, 0xF8, 0x3F, 0xFF, 0xF0, 0x7F,
  0xFF, 0xC0, 0xFF, 0x3F, 0x80, 0xFC, 0x3C, 0x00, 0x70, 0x00, 0x00, 0x00,
  0x00, 0x00, 0x00, 0x00, 0x00, 0x00, 0x00, 0x00, 0x00, 0x00, 0x00, 0x00,
  0x00, 0x00, 0x00, 0xFF, 0x80, 0x01, 0xFF, 0x00, 0x03, 0xFE, 0x00, 0x07,
  0xFC, 0x00, 0x0F, 0xF8, 0x00, 0x1F, 0xF0, 0x00, 0x3F, 0xE0, 0x00, 0x7F,
  0xC0, 0x00, 0xFF, 0x80, 0x01, 0xFF, 0x00, 0x03, 0xFE, 0x00, 0x07, 0xFC,
  0x00, 0x0F, 0xF8, 0x00, 0x1F, 0xF0, 0x00, 0x3F, 0xE0, 0x00, 0x7F, 0xC0,
  0x00, 0xFF, 0x80, 0x01, 0xFF, 0x00, 0x03, 0xFE, 0x00, 0x07, 0xFC, 0x00,
  0x0F, 0xF8, 0x00, 0x1F, 0xF0, 0x00, 0x3F, 0xE0, 0x00, 0x7F, 0xC0, 0x00,
  0xFF, 0x80, 0x01, 0xFF, 0x00, 0x03, 0xFE, 0x00, 0x07, 0xFC, 0x00, 0x0F,
  0xF8, 0x00, 0x1F, 0xF0, 0x00, 0x3F, 0xE0, 0x00, 0x7F, 0xC0, 0x00, 0xFF,
  0x80, 0x01, 0xFF, 0x00, 0x03, 0xFE, 0x00, 0x07, 0xFC, 0x00, 0x0F, 0xF8,
  0x00, 0x1F, 0xF0, 0x00, 0x3F, 0xE0, 0x00, 0x7F, 0xC0, 0x00, 0xFF, 0x80,
  0x01, 0xFF, 0x00, 0x03, 0xFE, 0x00, 0x07, 0xFC, 0x00, 0x0F, 0xF8, 0x00,
  0x1F, 0xF0, 0x00, 0x07, 0xFF, 0xFF, 0xE0, 0x00, 0x00, 0x7F, 0xFF, 0xFF,
  0xC0, 0x00, 0x07, 0xFF, 0xFF, 0xFF, 0x80, 0x00, 0x7F, 0xFF, 0xFF, 0xFC,
  0x00, 0x07, 0xFF, 0xFF, 0xFF, 0xF0, 0x00, 0x7F, 0xFF, 0xFF, 0xFF, 0x80,
  0x07, 0xFF, 0xFF, 0xFF, 0xFC, 0x00, 0x7F, 0xFF, 0xFF, 0xFF, 0xE0, 0x07,
  0xFC, 0x00, 0x7F, 0xFF, 0x00, 0x7F, 0xC0, 0x00, 0xFF, 0xF0, 0x07, 0xFC,
  0x00, 0x03, 0xFF, 0x80, 0x7F, 0xC0, 0x00, 0x1F, 0xF8, 0x07, 0xFC, 0x00,
  0x00, 0xFF, 0xC0, 0x7F, 0xC0, 0x00, 0x07, 0xFC, 0x07, 0xFC, 0x00, 0x00,
  0x7F, 0xE0, 0x7F, 0xC0, 0x00, 0x03, 0xFE, 0x07, 0xFC, 0x00, 0x00, 0x3F,
  0xE0, 0x7F, 0xC0, 0x00, 0x03, 0xFE, 0x07, 0xFC, 0x00, 0x00, 0x1F, 0xFF,
  0xFF, 0xFF, 0xF0, 0x01, 0xFF, 0xFF, 0xFF, 0xFF, 0x00, 0x1F, 0xFF, 0xFF,
  0xFF, 0xF0, 0x01, 0xFF, 0xFF, 0xFF, 0xFF, 0x00, 0x1F, 0xFF, 0xFF, 0xFF,
  0xF0, 0x01, 0xFF, 0xFF, 0xFF, 0xFF, 0x00, 0x1F, 0xFF, 0xFF, 0xFF, 0xF0,
  0x01, 0xFF, 0x07, 0xFC, 0x00, 0x00, 0x1F, 0xF0, 0x7F, 0xC0, 0x00, 0x01,
  0xFF, 0x07, 0xFC, 0x00, 0x00, 0x3F, 0xE0, 0x7F, 0xC0, 0x00, 0x03, 0xFE,
  0x07, 0xFC, 0x00, 0x00, 0x3F, 0xE0, 0x7F, 0xC0, 0x00, 0x07, 0xFE, 0x07,
  0xFC, 0x00, 0x00, 0xFF, 0xC0, 0x7F, 0xC0, 0x00, 0x0F, 0xFC, 0x07, 0xFC,
  0x00, 0x01, 0xFF, 0x80, 0x7F, 0xC0, 0x00, 0x3F, 0xF8, 0x07, 0xFC, 0x00,
  0x0F, 0xFF, 0x00, 0x7F, 0xC0, 0x07, 0xFF, 0xE0, 0x07, 0xFF, 0xFF, 0xFF,
  0xFC, 0x00, 0x7F, 0xFF, 0xFF, 0xFF, 0xC0, 0x07, 0xFF, 0xFF, 0xFF, 0xF0,
  0x00, 0x7F, 0xFF, 0xFF, 0xFE, 0x00, 0x07, 0xFF, 0xFF, 0xFF, 0xC0, 0x00,
  0x7F, 0xFF, 0xFF, 0xF0, 0x00, 0x07, 0xFF, 0xFF, 0xFC, 0x00, 0x00, 0x7F,
  0xFF, 0xFC, 0x00, 0x00, 0x00, 0x1F, 0x80, 0x00, 0x00, 0x01, 0xFF, 0x03,
  0xF0, 0x00, 0x1F, 0xFC, 0x1F, 0x80, 0x01, 0xFF, 0xF9, 0xF8, 0x00, 0x0F,
  0xFF, 0xFF, 0xC0, 0x00, 0xFF, 0xFF, 0xFE, 0x00, 0x07, 0xE3, 0xFF, 0xE0,
  0x00, 0x3F, 0x07, 0xFF, 0x00, 0x01, 0xF8, 0x1F, 0xF0, 0x00, 0x00, 0x00,
  0x1C, 0x00, 0x00, 0x00, 0x00, 0x00, 0x00, 0x00, 0x00, 0x00, 0x00, 0x00,
  0x00, 0x00, 0x00, 0x00, 0x00, 0x00, 0x00, 0x00, 0x00, 0x00, 0x00, 0x00,
  0x00, 0x1F, 0xF8, 0x00, 0x00, 0xFF, 0xFF, 0xC0, 0x00, 0x07, 0xFF, 0xFF,
  0x00, 0x00, 0x3F, 0xFF, 0xFC, 0x00, 0x01, 0xFF, 0xFF, 0xE0, 0x00, 0x0F,
  0xFF, 0xFF, 0x80, 0x00, 0x7F, 0xFF, 0xFC, 0x00, 0x03, 0xFF, 0xFF, 0xF0,
  0x00, 0x1F, 0xFF, 0xFF, 0xC0, 0x00, 0xFF, 0xFF, 0xFE, 0x00, 0x07, 0xFF,
  0xFF, 0xF8, 0x00, 0x3F, 0xFF, 0xFF, 0xE0, 0x01, 0xFF, 0xFF, 0xFF, 0x00,
  0x0F, 0xFF, 0xFF, 0xFC, 0x00, 0x7F, 0xFF, 0xBF, 0xE0, 0x03, 0xFF, 0xFC,
  0xFF, 0x80, 0x1F, 0xFF, 0xE7, 0xFE, 0x00, 0xFF, 0xFF, 0x1F, 0xF0, 0x07,
  0xFF, 0xF8, 0x7F, 0xC0, 0x3F, 0xFF, 0xC3, 0xFF, 0x01, 0xFF, 0xFE, 0x0F,
  0xF8, 0x0F, 0xFF, 0xF0, 0x3F, 0xE0, 0x7F, 0xFF, 0x81, 0xFF, 0x83, 0xFF,
  0xFC, 0x07, 0xFC, 0x1F, 0xFF, 0xE0, 0x1F, 0xF0, 0xFF, 0xFF, 0x00, 0xFF,
  0x87, 0xFF, 0xF8, 0x03, 0xFE, 0x3F, 0xFF, 0xC0, 0x1F, 0xF9, 0xFF, 0xFE,
  0x00, 0x7F, 0xCF, 0xFF, 0xF0, 0x01, 0xFF, 0x7F, 0xFF, 0x80, 0x0F, 0xFF,
  0xFF, 0xFC, 0x00, 0x3F, 0xFF, 0xFF, 0xE0, 0x00, 0xFF, 0xFF, 0xFF, 0x00,
  0x07, 0xFF, 0xFF, 0xF8, 0x00, 0x1F, 0xFF, 0xFF, 0xC0, 0x00, 0x7F, 0xFF,
  0xFE, 0x00, 0x03, 0xFF, 0xFF, 0xF0, 0x00, 0x0F, 0xFF, 0xFF, 0x80, 0x00,
  0x3F, 0xFF, 0xFC, 0x00, 0x01, 0xFF, 0xFF, 0xE0, 0x00, 0x07, 0xFF, 0xFF,
  0x00, 0x00, 0x3F, 0xFF, 0xF8, 0x00, 0x00, 0xFF, 0xFF, 0xC0, 0x00, 0x03,
  0xFF, 0xFE, 0x00, 0x00, 0x1F, 0xFF, 0xF0, 0x00, 0x00, 0x7F, 0x80, 0x00,
  0x00, 0xFF, 0x00, 0x00, 0x00, 0x00, 0x00, 0xFF, 0x00, 0x00, 0x00, 0x00,
  0x00, 0x7F, 0x80, 0x00, 0x00, 0x00, 0x00, 0x7F, 0x80, 0x00, 0x00, 0x00,
  0x00, 0x3F, 0xC0, 0x00, 0x00, 0x00, 0x00, 0x1F, 0xC0, 0x00, 0x00, 0x00,
  0x00, 0x1F, 0xC0, 0x00, 0x00, 0x00, 0x00, 0x0F, 0xE0, 0x00, 0x00, 0x00,
  0x00, 0x0F, 0xE0, 0x00, 0x00, 0x00, 0x00, 0x07, 0xF0, 0x00, 0x00, 0x00,
  0x00, 0x07, 0xF0, 0x00, 0x00, 0x00, 0x00, 0x00, 0x00, 0x00, 0x00, 0x00,
  0x00, 0x00, 0x00, 0x00, 0x00, 0x00, 0x00, 0x00, 0x00, 0x00, 0x00, 0x00,
  0x00, 0x00, 0x00, 0x00, 0x00, 0x00, 0x00, 0x3F, 0xFE, 0x00, 0x00, 0x00,
  0x01, 0xFF, 0xFF, 0xC0, 0x00, 0x00, 0x07, 0xFF, 0xFF, 0xF0, 0x00, 0x00,
  0x1F, 0xFF, 0xFF, 0xFC, 0x00, 0x00, 0x3F, 0xFF, 0xFF, 0xFE, 0x00, 0x00,
  0xFF, 0xFF, 0xFF, 0xFF, 0x00, 0x01, 0xFF, 0xFF, 0xFF, 0xFF, 0x80, 0x03,
  0xFF, 0xFF, 0xFF, 0xFF, 0xC0, 0x03, 0xFF, 0xF0, 0x07, 0xFF, 0xE0, 0x07,
  0xFF, 0xC0, 0x01, 0xFF, 0xF0, 0x0F, 0xFF, 0x00, 0x00, 0x7F, 0xF8, 0x1F,
  0xFE, 0x00, 0x00, 0x3F, 0xF8, 0x1F, 0xF8, 0x00, 0x00, 0x1F, 0xFC, 0x3F,
  0xF8, 0x00, 0x00, 0x0F, 0xFC, 0x3F, 0xF0, 0x00, 0x00, 0x07, 0xFE, 0x3F,
  0xE0, 0x00, 0x00, 0x03, 0xFE, 0x7F, 0xE0, 0x00, 0x00, 0x03, 0xFE, 0x7F,
  0xC0, 0x00, 0x00, 0x01, 0xFF, 0x7F, 0xC0, 0x00, 0x00, 0x01, 0xFF, 0x7F,
  0xC0, 0x00, 0x00, 0x01, 0xFF, 0x7F, 0x80, 0x00, 0x00, 0x01, 0xFF, 0x7F,
  0x80, 0x00, 0x00, 0x00, 0xFF, 0xFF, 0x80, 0x00, 0x00, 0x00, 0xFF, 0xFF,
  0x80, 0x00, 0x00, 0x00, 0xFF, 0xFF, 0x80, 0x00, 0x00, 0x00, 0xFF, 0x7F,
  0x80, 0x00, 0x00, 0x00, 0xFF, 0x7F, 0x80, 0x00, 0x00, 0x01, 0xFF, 0x7F,
  0x80, 0x00, 0x00, 0x01, 0xFF, 0x7F, 0xC0, 0x00, 0x00, 0x01, 0xFF, 0x7F,
  0xC0, 0x00, 0x00, 0x01, 0xFF, 0x7F, 0xC0, 0x00, 0x00, 0x03, 0xFF, 0x7F,
  0xE0, 0x00, 0x00, 0x03, 0xFE, 0x3F, 0xE0, 0x00, 0x00, 0x07, 0xFE, 0x3F,
  0xF0, 0x00, 0x00, 0x07, 0xFE, 0x1F, 0xF8, 0x00, 0x00, 0x0F, 0xFC, 0x1F,
  0xFC, 0x00, 0x00, 0x1F, 0xFC, 0x0F, 0xFE, 0x00, 0x00, 0x3F, 0xF8, 0x0F,
  0xFF, 0x00, 0x00, 0x7F, 0xF0, 0x07, 0xFF, 0xC0, 0x01, 0xFF, 0xF0, 0x03,
  0xFF, 0xF8, 0x1F, 0xFF, 0xE0, 0x01, 0xFF, 0xFF, 0xFF, 0xFF, 0xC0, 0x00,
  0xFF, 0xFF, 0xFF, 0xFF, 0x80, 0x00, 0x7F, 0xFF, 0xFF, 0xFF, 0x00, 0x00,
  0x3F, 0xFF, 0xFF, 0xFE, 0x00, 0x00, 0x1F, 0xFF, 0xFF, 0xF8, 0x00, 0x00,
  0x07, 0xFF, 0xFF, 0xF0, 0x00, 0x00, 0x01, 0xFF, 0xFF, 0x80, 0x00, 0x00,
  0x00, 0x1F, 0xFC, 0x00, 0x00, 0x00, 0x00, 0x00, 0x7F, 0x80, 0x00, 0x00,
  0x00, 0x00, 0xFF, 0x80, 0x00, 0x00, 0x00, 0x00, 0xFF, 0x00, 0x00, 0x00,
  0x00, 0x00, 0xFE, 0x00, 0x00, 0x00, 0x00, 0x01, 0xFE, 0x00, 0x00, 0x00,
  0x00, 0x01, 0xFC, 0x00, 0x00, 0x00, 0x00, 0x03, 0xFC, 0x00, 0x00, 0x00,
  0x00, 0x03, 0xF8, 0x00, 0x00, 0x00, 0x00, 0x03, 0xF8, 0x00, 0x00, 0x00,
  0x00, 0x07, 0xF0, 0x00, 0x00, 0x00, 0x00, 0x07, 0xF0, 0x00, 0x00, 0x00,
  0x00, 0x00, 0x00, 0x00, 0x00, 0x00, 0x00, 0x00, 0x00, 0x00, 0x00, 0x00,
  0x00, 0x00, 0x00, 0x00, 0x00, 0x00, 0x00, 0x00, 0x00, 0x00, 0x00, 0x00,
  0x00, 0x3F, 0xFE, 0x00, 0x00, 0x00, 0x01, 0xFF, 0xFF, 0xC0, 0x00, 0x00,
  0x07, 0xFF, 0xFF, 0xF0, 0x00, 0x00, 0x1F, 0xFF, 0xFF, 0xFC, 0x00, 0x00,
  0x3F, 0xFF, 0xFF, 0xFE, 0x00, 0x00, 0xFF, 0xFF, 0xFF, 0xFF, 0x00, 0x01,
  0xFF, 0xFF, 0xFF, 0xFF, 0x80, 0x03, 0xFF, 0xFF, 0xFF, 0xFF, 0xC0, 0x03,
  0xFF, 0xF0, 0x07, 0xFF, 0xE0, 0x07, 0xFF, 0xC0, 0x01, 0xFF, 0xF0, 0x0F,
  0xFF, 0x00, 0x00, 0x7F, 0xF8, 0x1F, 0xFE, 0x00, 0x00, 0x3F, 0xF8, 0x1F,
  0xF8, 0x00, 0x00, 0x1F, 0xFC, 0x3F, 0xF8, 0x00, 0x00, 0x0F, 0xFC, 0x3F,
  0xF0, 0x00, 0x00, 0x07, 0xFE, 0x3F, 0xE0, 0x00, 0x00, 0x03, 0xFE, 0x7F,
  0xE0, 0x00, 0x00, 0x03, 0xFE, 0x7F, 0xC0, 0x00, 0x00, 0x01, 0xFF, 0x7F,
  0xC0, 0x00, 0x00, 0x01, 0xFF, 0x7F, 0xC0, 0x00, 0x00, 0x01, 0xFF, 0x7F,
  0x80, 0x00, 0x00, 0x01, 0xFF, 0x7F, 0x80, 0x00, 0x00, 0x00, 0xFF, 0xFF,
  0x80, 0x00, 0x00, 0x00, 0xFF, 0xFF, 0x80, 0x00, 0x00, 0x00, 0xFF, 0xFF,
  0x80, 0x00, 0x00, 0x00, 0xFF, 0x7F, 0x80, 0x00, 0x00, 0x00, 0xFF, 0x7F,
  0x80, 0x00, 0x00, 0x01, 0xFF, 0x7F, 0x80, 0x00, 0x00, 0x01, 0xFF, 0x7F,
  0xC0, 0x00, 0x00, 0x01, 0xFF, 0x7F, 0xC0, 0x00, 0x00, 0x01, 0xFF, 0x7F,
  0xC0, 0x00, 0x00, 0x03, 0xFF, 0x7F, 0xE0, 0x00, 0x00, 0x03, 0xFE, 0x3F,
  0xE0, 0x00, 0x00, 0x07, 0xFE, 0x3F, 0xF0, 0x00, 0x00, 0x07, 0xFE, 0x1F,
  0xF8, 0x00, 0x00, 0x0F, 0xFC, 0x1F, 0xFC, 0x00, 0x00, 0x1F, 0xFC, 0x0F,
  0xFE, 0x00, 0x00, 0x3F, 0xF8, 0x0F, 0xFF, 0x00, 0x00, 0x7F, 0xF0, 0x07,
  0xFF, 0xC0, 0x01, 0xFF, 0xF0, 0x03, 0xFF, 0xF8, 0x1F, 0xFF, 0xE0, 0x01,
  0xFF, 0xFF, 0xFF, 0xFF, 0xC0, 0x00, 0xFF, 0xFF, 0xFF, 0xFF, 0x80, 0x00,
  0x7F, 0xFF, 0xFF, 0xFF, 0x00, 0x00, 0x3F, 0xFF, 0xFF, 0xFE, 0x00, 0x00,
  0x1F, 0xFF, 0xFF, 0xF8, 0x00, 0x00, 0x07, 0xFF, 0xFF, 0xF0, 0x00, 0x00,
  0x01, 0xFF, 0xFF, 0x80, 0x00, 0x00, 0x00, 0x1F, 0xFC, 0x00, 0x00, 0x00,
  0x00, 0x07, 0xF0, 0x00, 0x00, 0x00, 0x00, 0x0F, 0xF8, 0x00, 0x00, 0x00,
  0x00, 0x1F, 0xFC, 0x00, 0x00, 0x00, 0x00, 0x3F, 0xFE, 0x00, 0x00, 0x00,
  0x00, 0x7F, 0xFF, 0x00, 0x00, 0x00, 0x00, 0xFF, 0x7F, 0x00, 0x00, 0x00,
  0x00, 0xFE, 0x3F, 0x80, 0x00, 0x00, 0x01, 0xFC, 0x1F, 0xC0, 0x00, 0x00,
  0x03, 0xF8, 0x1F, 0xE0, 0x00, 0x00, 0x07, 0xF8, 0x0F, 0xF0, 0x00, 0x00,
  0x0F, 0xF0, 0x07, 0xF8, 0x00, 0x00, 0x00, 0x00, 0x00, 0x00, 0x00, 0x00,
  0x00, 0x00, 0x00, 0x00, 0x00, 0x00, 0x00, 0x00, 0x00, 0x00, 0x00, 0x00,
  0x00, 0x00, 0x00, 0x00, 0x00, 0x00, 0x00, 0x3F, 0xFE, 0x00, 0x00, 0x00,
  0x01, 0xFF, 0xFF, 0xC0, 0x00, 0x00, 0x07, 0xFF, 0xFF, 0xF0, 0x00, 0x00,
  0x1F, 0xFF, 0xFF, 0xFC, 0x00, 0x00, 0x3F, 0xFF, 0xFF, 0xFE, 0x00, 0x00,
  0xFF, 0xFF, 0xFF, 0xFF, 0x00, 0x01, 0xFF, 0xFF, 0xFF, 0xFF, 0x80, 0x03,
  0xFF, 0xFF, 0xFF, 0xFF, 0xC0, 0x03, 0xFF, 0xF0, 0x07, 0xFF, 0xE0, 0x07,
  0xFF, 0xC0, 0x01, 0xFF, 0xF0, 0x0F, 0xFF, 0x00, 0x00, 0x7F, 0xF8, 0x1F,
  0xFE, 0x00, 0x00, 0x3F, 0xF8, 0x1F, 0xF8, 0x00, 0x00, 0x1F, 0xFC, 0x3F,
  0xF8, 0x00, 0x00, 0x0F, 0xFC, 0x3F, 0xF0, 0x00, 0x00, 0x07, 0xFE, 0x3F,
  0xE0, 0x00, 0x00, 0x03, 0xFE, 0x7F, 0xE0, 0x00, 0x00, 0x03, 0xFE, 0x7F,
  0xC0, 0x00, 0x00, 0x01, 0xFF, 0x7F, 0xC0, 0x00, 0x00, 0x01, 0xFF, 0x7F,
  0xC0, 0x00, 0x00, 0x01, 0xFF, 0x7F, 0x80, 0x00, 0x00, 0x01, 0xFF, 0x7F,
  0x80, 0x00, 0x00, 0x00, 0xFF, 0xFF, 0x80, 0x00, 0x00, 0x00, 0xFF, 0xFF,
  0x80, 0x00, 0x00, 0x00, 0xFF, 0xFF, 0x80, 0x00, 0x00, 0x00, 0xFF, 0x7F,
  0x80, 0x00, 0x00, 0x00, 0xFF, 0x7F, 0x80, 0x00, 0x00, 0x01, 0xFF, 0x7F,
  0x80, 0x00, 0x00, 0x01, 0xFF, 0x7F, 0xC0, 0x00, 0x00, 0x01, 0xFF, 0x7F,
  0xC0, 0x00, 0x00, 0x01, 0xFF, 0x7F, 0xC0, 0x00, 0x00, 0x03, 0xFF, 0x7F,
  0xE0, 0x00, 0x00, 0x03, 0xFE, 0x3F, 0xE0, 0x00, 0x00, 0x07, 0xFE, 0x3F,
  0xF0, 0x00, 0x00, 0x07, 0xFE, 0x1F, 0xF8, 0x00, 0x00, 0x0F, 0xFC, 0x1F,
  0xFC, 0x00, 0x00, 0x1F, 0xFC, 0x0F, 0xFE, 0x00, 0x00, 0x3F, 0xF8, 0x0F,
  0xFF, 0x00, 0x00, 0x7F, 0xF0, 0x07, 0xFF, 0xC0, 0x01, 0xFF, 0xF0, 0x03,
  0xFF, 0xF8, 0x1F, 0xFF, 0xE0, 0x01, 0xFF, 0xFF, 0xFF, 0xFF, 0xC0, 0x00,
  0xFF, 0xFF, 0xFF, 0xFF, 0x80, 0x00, 0x7F, 0xFF, 0xFF, 0xFF, 0x00, 0x00,
  0x3F, 0xFF, 0xFF, 0xFE, 0x00, 0x00, 0x1F, 0xFF, 0xFF, 0xF8, 0x00, 0x00,
  0x07, 0xFF, 0xFF, 0xF0, 0x00, 0x00, 0x01, 0xFF, 0xFF, 0x80, 0x00, 0x00,
  0x00, 0x1F, 0xFC, 0x00, 0x00, 0x00, 0x00, 0x7C, 0x00, 0x00, 0x00, 0x00,
  0x01, 0xFF, 0x01, 0xF0, 0x00, 0x00, 0x03, 0xFF, 0xC3, 0xF0, 0x00, 0x00,
  0x03, 0xFF, 0xF3, 0xF0, 0x00, 0x00, 0x07, 0xFF, 0xFF, 0xF0, 0x00, 0x00,
  0x07, 0xFF, 0xFF, 0xF0, 0x00, 0x00, 0x07, 0xE3, 0xFF, 0xE0, 0x00, 0x00,
  0x07, 0xC1, 0xFF, 0xC0, 0x00, 0x00, 0x07, 0xC0, 0x7F, 0x80, 0x00, 0x00,
  0x00, 0x00, 0x1E, 0x00, 0x00, 0x00, 0x00, 0x00, 0x00, 0x00, 0x00, 0x00,
  0x00, 0x00, 0x00, 0x00, 0x00, 0x00, 0x00, 0x00, 0x00, 0x00, 0x00, 0x00,
  0x00, 0x00, 0x00, 0x00, 0x00, 0x00, 0x00, 0x3F, 0xFE, 0x00, 0x00, 0x00,
  0x01, 0xFF, 0xFF, 0xC0, 0x00, 0x00, 0x07, 0xFF, 0xFF, 0xF0, 0x00, 0x00,
  0x1F, 0xFF, 0xFF, 0xFC, 0x00, 0x00, 0x3F, 0xFF, 0xFF, 0xFE, 0x00, 0x00,
  0xFF, 0xFF, 0xFF, 0xFF, 0x00, 0x01, 0xFF, 0xFF, 0xFF, 0xFF, 0x80, 0x03,
  0xFF, 0xFF, 0xFF, 0xFF, 0xC0, 0x03, 0xFF, 0xF0, 0x07, 0xFF, 0xE0, 0x07,
  0xFF, 0xC0, 0x01, 0xFF, 0xF0, 0x0F, 0xFF, 0x00, 0x00, 0x7F, 0xF8, 0x1F,
  0xFE, 0x00, 0x00, 0x3F, 0xF8, 0x1F, 0xF8, 0x00, 0x00, 0x1F, 0xFC, 0x3F,
  0xF8, 0x00, 0x00, 0x0F, 0xFC, 0x3F, 0xF0, 0x00, 0x00, 0x07, 0xFE, 0x3F,
  0xE0, 0x00, 0x00, 0x03, 0xFE, 0x7F, 0xE0, 0x00, 0x00, 0x03, 0xFE, 0x7F,
  0xC0, 0x00, 0x00, 0x01, 0xFF, 0x7F, 0xC0, 0x00, 0x00, 0x01, 0xFF, 0x7F,
  0xC0, 0x00, 0x00, 0x01, 0xFF, 0x7F, 0x80, 0x00, 0x00, 0x01, 0xFF, 0x7F,
  0x80, 0x00, 0x00, 0x00, 0xFF, 0xFF, 0x80, 0x00, 0x00, 0x00, 0xFF, 0xFF,
  0x80, 0x00, 0x00, 0x00, 0xFF, 0xFF, 0x80, 0x00, 0x00, 0x00, 0xFF, 0x7F,
  0x80, 0x00, 0x00, 0x00, 0xFF, 0x7F, 0x80, 0x00, 0x00, 0x01, 0xFF, 0x7F,
  0x80, 0x00, 0x00, 0x01, 0xFF, 0x7F, 0xC0, 0x00, 0x00, 0x01, 0xFF, 0x7F,
  0xC0, 0x00, 0x00, 0x01, 0xFF, 0x7F, 0xC0, 0x00, 0x00, 0x03, 0xFF, 0x7F,
  0xE0, 0x00, 0x00, 0x03, 0xFE, 0x3F, 0xE0, 0x00, 0x00, 0x07, 0xFE, 0x3F,
  0xF0, 0x00, 0x00, 0x07, 0xFE, 0x1F, 0xF8, 0x00, 0x00, 0x0F, 0xFC, 0x1F,
  0xFC, 0x00, 0x00, 0x1F, 0xFC, 0x0F, 0xFE, 0x00, 0x00, 0x3F, 0xF8, 0x0F,
  0xFF, 0x00, 0x00, 0x7F, 0xF0, 0x07, 0xFF, 0xC0, 0x01, 0xFF, 0xF0, 0x03,
  0xFF, 0xF8, 0x1F, 0xFF, 0xE0, 0x01, 0xFF, 0xFF, 0xFF, 0xFF, 0xC0, 0x00,
  0xFF, 0xFF, 0xFF, 0xFF, 0x80, 0x00, 0x7F, 0xFF, 0xFF, 0xFF, 0x00, 0x00,
  0x3F, 0xFF, 0xFF, 0xFE, 0x00, 0x00, 0x1F, 0xFF, 0xFF, 0xF8, 0x00, 0x00,
  0x07, 0xFF, 0xFF, 0xF0, 0x00, 0x00, 0x01, 0xFF, 0xFF, 0x80, 0x00, 0x00,
  0x00, 0x1F, 0xFC, 0x00, 0x00, 0x00, 0x01, 0xF0, 0x07, 0xC0, 0x00, 0x00,
  0x03, 0xF8, 0x0F, 0xE0, 0x00, 0x00, 0x07, 0xFC, 0x1F, 0xF0, 0x00, 0x00,
  0x07, 0xFC, 0x1F, 0xF0, 0x00, 0x00, 0x07, 0xFC, 0x1F, 0xF0, 0x00, 0x00,
  0x07, 0xFC, 0x1F, 0xF0, 0x00, 0x00, 0x07, 0xF8, 0x1F, 0xE0, 0x00, 0x00,
  0x03, 0xF8, 0x0F, 0xE0, 0x00, 0x00, 0x01, 0xE0, 0x03, 0x80, 0x00, 0x00,
  0x00, 0x00, 0x00, 0x00, 0x00, 0x00, 0x00, 0x00, 0x00, 0x00, 0x00, 0x00,
  0x00, 0x00, 0x00, 0x00, 0x00, 0x00, 0x00, 0x00, 0x00, 0x00, 0x00, 0x00,
  0x00, 0x00, 0x00, 0x00, 0x00, 0x00, 0x00, 0x3F, 0xFE, 0x00, 0x00, 0x00,
  0x01, 0xFF, 0xFF, 0xC0, 0x00, 0x00, 0x07, 0xFF, 0xFF, 0xF0, 0x00, 0x00,
  0x1F, 0xFF, 0xFF, 0xFC, 0x00, 0x00, 0x3F, 0xFF, 0xFF, 0xFE, 0x00, 0x00,
  0xFF, 0xFF, 0xFF, 0xFF, 0x00, 0x01, 0xFF, 0xFF, 0xFF, 0xFF, 0x80, 0x03,
  0xFF, 0xFF, 0xFF, 0xFF, 0xC0, 0x03, 0xFF, 0xF0, 0x07, 0xFF, 0xE0, 0x07,
  0xFF, 0xC0, 0x01, 0xFF, 0xF0, 0x0F, 0xFF, 0x00, 0x00, 0x7F, 0xF8, 0x1F,
  0xFE, 0x00, 0x00, 0x3F, 0xF8, 0x1F, 0xF8, 0x00, 0x00, 0x1F, 0xFC, 0x3F,
  0xF8, 0x00, 0x00, 0x0F, 0xFC, 0x3F, 0xF0, 0x00, 0x00, 0x07, 0xFE, 0x3F,
  0xE0, 0x00, 0x00, 0x03, 0xFE, 0x7F, 0xE0, 0x00, 0x00, 0x03, 0xFE, 0x7F,
  0xC0, 0x00, 0x00, 0x01, 0xFF, 0x7F, 0xC0, 0x00, 0x00, 0x01, 0xFF, 0x7F,
  0xC0, 0x00, 0x00, 0x01, 0xFF, 0x7F, 0x80, 0x00, 0x00, 0x01, 0xFF, 0x7F,
  0x80, 0x00, 0x00, 0x00, 0xFF, 0xFF, 0x80, 0x00, 0x00, 0x00, 0xFF, 0xFF,
  0x80, 0x00, 0x00, 0x00, 0xFF, 0xFF, 0x80, 0x00, 0x00, 0x00, 0xFF, 0x7F,
  0x80, 0x00, 0x00, 0x00, 0xFF, 0x7F, 0x80, 0x00, 0x00, 0x01, 0xFF, 0x7F,
  0x80, 0x00, 0x00, 0x01, 0xFF, 0x7F, 0xC0, 0x00, 0x00, 0x01, 0xFF, 0x7F,
  0xC0, 0x00, 0x00, 0x01, 0xFF, 0x7F, 0xC0, 0x00, 0x00, 0x03, 0xFF, 0x7F,
  0xE0, 0x00, 0x00, 0x03, 0xFE, 0x3F, 0xE0, 0x00, 0x00, 0x07, 0xFE, 0x3F,
  0xF0, 0x00, 0x00, 0x07, 0xFE, 0x1F, 0xF8, 0x00, 0x00, 0x0F, 0xFC, 0x1F,
  0xFC, 0x00, 0x00, 0x1F, 0xFC, 0x0F, 0xFE, 0x00, 0x00, 0x3F, 0xF8, 0x0F,
  0xFF, 0x00, 0x00, 0x7F, 0xF0, 0x07, 0xFF, 0xC0, 0x01, 0xFF, 0xF0, 0x03,
  0xFF, 0xF8, 0x1F, 0xFF, 0xE0, 0x01, 0xFF, 0xFF, 0xFF, 0xFF, 0xC0, 0x00,
  0xFF, 0xFF, 0xFF, 0xFF, 0x80, 0x00, 0x7F, 0xFF, 0xFF, 0xFF, 0x00, 0x00,
  0x3F, 0xFF, 0xFF, 0xFE, 0x00, 0x00, 0x1F, 0xFF, 0xFF, 0xF8, 0x00, 0x00,
  0x07, 0xFF, 0xFF, 0xF0, 0x00, 0x00, 0x01, 0xFF, 0xFF, 0x80, 0x00, 0x00,
  0x00, 0x1F, 0xFC, 0x00, 0x00, 0x04, 0x00, 0x00, 0x80, 0x30, 0x00, 0x07,
  0x01, 0xE0, 0x00, 0x3E, 0x0F, 0xE0, 0x01, 0xFC, 0x7F, 0xC0, 0x0F, 0xFB,
  0xFF, 0x80, 0x7F, 0xF7, 0xFF, 0x03, 0xFF, 0x8F, 0xFE, 0x1F, 0xFC, 0x1F,
  0xFC, 0xFF, 0xE0, 0x3F, 0xFF, 0xFF, 0x00, 0x7F, 0xFF, 0xF0, 0x00, 0xFF,
  0xFF, 0x80, 0x01, 0xFF, 0xFC, 0x00, 0x03, 0xFF, 0xE0, 0x00, 0x07, 0xFF,
  0x00, 0x00, 0x1F, 0xFE, 0x00, 0x00, 0xFF, 0xFC, 0x00, 0x07, 0xFF, 0xF8,
  0x00, 0x3F, 0xFF, 0xF0, 0x01, 0xFF, 0xFF, 0xE0, 0x0F, 0xFD, 0xFF, 0xC0,
  0x7F, 0xE3, 0xFF, 0x83, 0xFF, 0x07, 0xFF, 0x1F, 0xF8, 0x0F, 0xFE, 0xFF,
  0xC0, 0x1F, 0xFD, 0xFE, 0x00, 0x3F, 0xE3, 0xF0, 0x00, 0x7F, 0x07, 0x80,
  0x00, 0xF8, 0x0C, 0x00, 0x01, 0xC0, 0x10, 0x00, 0x00, 0x00, 0x00, 0x00,
  0x00, 0x00, 0x01, 0x00, 0x00, 0x00, 0x3F, 0xFE, 0x03, 0x80, 0x00, 0x01,
  0xFF, 0xFF, 0xC3, 0xC0, 0x00, 0x07, 0xFF, 0xFF, 0xF7, 0xF0, 0x00, 0x1F,
  0xFF, 0xFF, 0xFF, 0xE0, 0x00, 0x3F, 0xFF, 0xFF, 0xFF, 0xC0, 0x00, 0xFF,
  0xFF, 0xFF, 0xFF, 0xC0, 0x01, 0xFF, 0xFF, 0xFF, 0xFF, 0x80, 0x03, 0xFF,
  0xFF, 0xFF, 0xFF, 0xC0, 0x03, 0xFF, 0xF0, 0x07, 0xFF, 0xE0, 0x07, 0xFF,
  0xC0, 0x01, 0xFF, 0xF0, 0x0F, 0xFF, 0x00, 0x01, 0xFF, 0xF8, 0x1F, 0xFE,
  0x00, 0x03, 0xFF, 0xF8, 0x1F, 0xF8, 0x00, 0x07, 0xFF, 0xFC, 0x3F, 0xF8,
  0x00, 0x07, 0xFF, 0xFC, 0x3F, 0xF0, 0x00, 0x0F, 0xE7, 0xFE, 0x3F, 0xE0,
  0x00, 0x1F, 0xC3, 0xFE, 0x7F, 0xE0, 0x00, 0x3F, 0x83, 0xFE, 0x7F, 0xC0,
  0x00, 0x3F, 0x81, 0xFF, 0x7F, 0xC0, 0x00, 0x7F, 0x01, 0xFF, 0x7F, 0xC0,
  0x00, 0xFE, 0x01, 0xFF, 0x7F, 0x80, 0x01, 0xFC, 0x01, 0xFF, 0x7F, 0x80,
  0x01, 0xFC, 0x00, 0xFF, 0xFF, 0x80, 0x03, 0xF8, 0x00, 0xFF, 0xFF, 0x80,
  0x07, 0xF0, 0x00, 0xFF, 0xFF, 0x80, 0x07, 0xF0, 0x00, 0xFF, 0x7F, 0x80,
  0x0F, 0xE0, 0x00, 0xFF, 0x7F, 0x80, 0x1F, 0xC0, 0x01, 0xFF, 0x7F, 0x80,
  0x3F, 0x80, 0x01, 0xFF, 0x7F, 0xC0, 0x3F, 0x80, 0x01, 0xFF, 0x7F, 0xC0,
  0x7F, 0x00, 0x01, 0xFF, 0x7F, 0xC0, 0xFE, 0x00, 0x03, 0xFF, 0x3F, 0xE0,
  0xFE, 0x00, 0x03, 0xFE, 0x3F, 0xE1, 0xFC, 0x00, 0x07, 0xFE, 0x3F, 0xF3,
  0xF8, 0x00, 0x07, 0xFE, 0x1F, 0xFF, 0xF0, 0x00, 0x0F, 0xFC, 0x1F, 0xFF,
  0xF0, 0x00, 0x1F, 0xFC, 0x0F, 0xFF, 0xE0, 0x00, 0x3F, 0xF8, 0x0F, 0xFF,
  0xC0, 0x00, 0x7F, 0xF0, 0x07, 0xFF, 0xC0, 0x01, 0xFF, 0xF0, 0x03, 0xFF,
  0xF8, 0x1F, 0xFF, 0xE0, 0x01, 0xFF, 0xFF, 0xFF, 0xFF, 0xC0, 0x00, 0xFF,
  0xFF, 0xFF, 0xFF, 0x80, 0x01, 0xFF, 0xFF, 0xFF, 0xFF, 0x00, 0x03, 0xFF,
  0xFF, 0xFF, 0xFE, 0x00, 0x07, 0xFF, 0xFF, 0xFF, 0xF8, 0x00, 0x03, 0xF7,
  0xFF, 0xFF, 0xF0, 0x00, 0x01, 0xE1, 0xFF, 0xFF, 0x80, 0x00, 0x00, 0xC0,
  0x1F, 0xFC, 0x00, 0x00, 0x00, 0x40, 0x00, 0x00, 0x00, 0x00, 0x00, 0x7F,
  0x80, 0x00, 0x00, 0x03, 0xFC, 0x00, 0x00, 0x00, 0x3F, 0xC0, 0x00, 0x00,
  0x01, 0xFE, 0x00, 0x00, 0x00, 0x0F, 0xE0, 0x00, 0x00, 0x00, 0xFF, 0x00,
  0x00, 0x00, 0x07, 0xF0, 0x00, 0x00, 0x00, 0x7F, 0x00, 0x00, 0x00, 0x03,
  0xF8, 0x00, 0x00, 0x00, 0x3F, 0x80, 0x00, 0x00, 0x01, 0xFC, 0x00, 0x00,
  0x00, 0x00, 0x00, 0x00, 0x00, 0x00, 0x00, 0x00, 0x00, 0x00, 0x00, 0x00,
  0x00, 0x00, 0x00, 0x00, 0x00, 0x00, 0x00, 0x00, 0x00, 0x00, 0xFF, 0x00,
  0x00, 0x1F, 0xFF, 0xF0, 0x00, 0x01, 0xFF, 0xFF, 0x00, 0x00, 0x1F, 0xFF,
  0xF0, 0x00, 0x01, 0xFF, 0xFF, 0x00, 0x00, 0x1F, 0xFF, 0xF0, 0x00, 0x01,
  0xFF, 0xFF, 0x00, 0x00, 0x1F, 0xFF, 0xF0, 0x00, 0x01, 0xFF, 0xFF, 0x00,
  0x00, 0x1F, 0xFF, 0xF0, 0x00, 0x01, 0xFF, 0xFF, 0x00, 0x00, 0x1F, 0xFF,
  0xF0, 0x00, 0x01, 0xFF, 0xFF, 0x00, 0x00, 0x1F, 0xFF, 0xF0, 0x00, 0x01,
  0xFF, 0xFF, 0x00, 0x00, 0x1F, 0xFF, 0xF0, 0x00, 0x01, 0xFF, 0xFF, 0x00,
  0x00, 0x1F, 0xFF, 0xF0, 0x00, 0x01, 0xFF, 0xFF, 0x00, 0x00, 0x1F, 0xFF,
  0xF0, 0x00, 0x01, 0xFF, 0xFF, 0x00, 0x00, 0x1F, 0xFF, 0xF0, 0x00, 0x01,
  0xFF, 0xFF, 0x00, 0x00, 0x1F, 0xFF, 0xF0, 0x00, 0x01, 0xFF, 0xFF, 0x00,
  0x00, 0x1F, 0xFF, 0xF0, 0x00, 0x01, 0xFF, 0xFF, 0x00, 0x00, 0x1F, 0xFF,
  0xF0, 0x00, 0x01, 0xFF, 0xFF, 0x00, 0x00, 0x1F, 0xFF, 0xF0, 0x00, 0x01,
  0xFF, 0xFF, 0x80, 0x00, 0x1F, 0xFF, 0xF8, 0x00, 0x01, 0xFF, 0xFF, 0x80,
  0x00, 0x1F, 0xFF, 0xF8, 0x00, 0x01, 0xFE, 0x7F, 0xC0, 0x00, 0x3F, 0xE7,
  0xFC, 0x00, 0x03, 0xFE, 0x7F, 0xE0, 0x00, 0x7F, 0xE3, 0xFF, 0x00, 0x0F,
  0xFC, 0x3F, 0xFC, 0x03, 0xFF, 0xC1, 0xFF, 0xFF, 0xFF, 0xF8, 0x0F, 0xFF,
  0xFF, 0xFF, 0x00, 0xFF, 0xFF, 0xFF, 0xF0, 0x07, 0xFF, 0xFF, 0xFE, 0x00,
  0x3F, 0xFF, 0xFF, 0x80, 0x00, 0xFF, 0xFF, 0xF0, 0x00, 0x03, 0xFF, 0xFC,
  0x00, 0x00, 0x07, 0xFE, 0x00, 0x00, 0x00, 0x00, 0x3F, 0xE0, 0x00, 0x00,
  0x03, 0xFC, 0x00, 0x00, 0x00, 0x3F, 0xC0, 0x00, 0x00, 0x07, 0xF8, 0x00,
  0x00, 0x00, 0x7F, 0x00, 0x00, 0x00, 0x0F, 0xF0, 0x00, 0x00, 0x00, 0xFE,
  0x00, 0x00, 0x00, 0x0F, 0xE0, 0x00, 0x00, 0x01, 0xFC, 0x00, 0x00, 0x00,
  0x1F, 0xC0, 0x00, 0x00, 0x03, 0xF8, 0x00, 0x00, 0x00, 0x00, 0x00, 0x00,
  0x00, 0x00, 0x00, 0x00, 0x00, 0x00, 0x00, 0x00, 0x00, 0x00, 0x00, 0x00,
  0x00, 0x00, 0x00, 0x00, 0x00, 0x00, 0xFF, 0x00, 0x00, 0x1F, 0xFF, 0xF0,
  0x00, 0x01, 0xFF, 0xFF, 0x00, 0x00, 0x1F, 0xFF, 0xF0, 0x00, 0x01, 0xFF,
  0xFF, 0x00, 0x00, 0x1F, 0xFF, 0xF0, 0x00, 0x01, 0xFF, 0xFF, 0x00, 0x00,
  0x1F, 0xFF, 0xF0, 0x00, 0x01, 0xFF, 0xFF, 0x00, 0x00, 0x1F, 0xFF, 0xF0,
  0x00, 0x01, 0xFF, 0xFF, 0x00, 0x00, 0x1F, 0xFF, 0xF0, 0x00, 0x01, 0xFF,
  0xFF, 0x00, 0x00, 0x1F, 0xFF, 0xF0, 0x00, 0x01, 0xFF, 0xFF, 0x00, 0x00,
  0x1F, 0xFF, 0xF0, 0x00, 0x01, 0xFF, 0xFF, 0x00, 0x00, 0x1F, 0xFF, 0xF0,
  0x00, 0x01, 0xFF, 0xFF, 0x00, 0x00, 0x1F, 0xFF, 0xF0, 0x00, 0x01, 0xFF,
  0xFF, 0x00, 0x00, 0x1F, 0xFF, 0xF0, 0x00, 0x01, 0xFF, 0xFF, 0x00, 0x00,
  0x1F, 0xFF, 0xF0, 0x00, 0x01, 0xFF, 0xFF, 0x00, 0x00, 0x1F, 0xFF, 0xF0,
  0x00, 0x01, 0xFF, 0xFF, 0x00, 0x00, 0x1F, 0xFF, 0xF0, 0x00, 0x01, 0xFF,
  0xFF, 0x00, 0x00, 0x1F, 0xFF, 0xF0, 0x00, 0x01, 0xFF, 0xFF, 0x80, 0x00,
  0x1F, 0xFF, 0xF8, 0x00, 0x01, 0xFF, 0xFF, 0x80, 0x00, 0x1F, 0xFF, 0xF8,
  0x00, 0x01, 0xFE, 0x7F, 0xC0, 0x00, 0x3F, 0xE7, 0xFC, 0x00, 0x03, 0xFE,
  0x7F, 0xE0, 0x00, 0x7F, 0xE3, 0xFF, 0x00, 0x0F, 0xFC, 0x3F, 0xFC, 0x03,
  0xFF, 0xC1, 0xFF, 0xFF, 0xFF, 0xF8, 0x0F, 0xFF, 0xFF, 0xFF, 0x00, 0xFF,
  0xFF, 0xFF, 0xF0, 0x07, 0xFF, 0xFF, 0xFE, 0x00, 0x3F, 0xFF, 0xFF, 0x80,
  0x00, 0xFF, 0xFF, 0xF0, 0x00, 0x03, 0xFF, 0xFC, 0x00, 0x00, 0x07, 0xFE,
  0x00, 0x00, 0x00, 0x03, 0xFC, 0x00, 0x00, 0x00, 0x7F, 0xE0, 0x00, 0x00,
  0x07, 0xFE, 0x00, 0x00, 0x00, 0xFF, 0xF0, 0x00, 0x00, 0x1F, 0xFF, 0x80,
  0x00, 0x03, 0xF9, 0xFC, 0x00, 0x00, 0x7F, 0x9F, 0xE0, 0x00, 0x0F, 0xF0,
  0xFF, 0x00, 0x00, 0xFE, 0x07, 0xF0, 0x00, 0x1F, 0xC0, 0x3F, 0x80, 0x03,
  0xF8, 0x01, 0xFC, 0x00, 0x00, 0x00, 0x00, 0x00, 0x00, 0x00, 0x00, 0x00,
  0x00, 0x00, 0x00, 0x00, 0x00, 0x00, 0x00, 0x00, 0x00, 0x00, 0x00, 0x00,
  0x00, 0x00, 0xFF, 0x00, 0x00, 0x1F, 0xFF, 0xF0, 0x00, 0x01, 0xFF, 0xFF,
  0x00, 0x00, 0x1F, 0xFF, 0xF0, 0x00, 0x01, 0xFF, 0xFF, 0x00, 0x00, 0x1F,
  0xFF, 0xF0, 0x00, 0x01, 0xFF, 0xFF, 0x00, 0x00, 0x1F, 0xFF, 0xF0, 0x00,
  0x01, 0xFF, 0xFF, 0x00, 0x00, 0x1F, 0xFF, 0xF0, 0x00, 0x01, 0xFF, 0xFF,
  0x00, 0x00, 0x1F, 0xFF, 0xF0, 0x00, 0x01, 0xFF, 0xFF, 0x00, 0x00, 0x1F,
  0xFF, 0xF0, 0x00, 0x01, 0xFF, 0xFF, 0x00, 0x00, 0x1F, 0xFF, 0xF0, 0x00,
  0x01, 0xFF, 0xFF, 0x00, 0x00, 0x1F, 0xFF, 0xF0, 0x00, 0x01, 0xFF, 0xFF,
  0x00, 0x00, 0x1F, 0xFF, 0xF0, 0x00, 0x01, 0xFF, 0xFF, 0x00, 0x00, 0x1F,
  0xFF, 0xF0, 0x00, 0x01, 0xFF, 0xFF, 0x00, 0x00, 0x1F, 0xFF, 0xF0, 0x00,
  0x01, 0xFF, 0xFF, 0x00, 0x00, 0x1F, 0xFF, 0xF0, 0x00, 0x01, 0xFF, 0xFF,
  0x00, 0x00, 0x1F, 0xFF, 0xF0, 0x00, 0x01, 0xFF, 0xFF, 0x00, 0x00, 0x1F,
  0xFF, 0xF0, 0x00, 0x01, 0xFF, 0xFF, 0x80, 0x00, 0x1F, 0xFF, 0xF8, 0x00,
  0x01, 0xFF, 0xFF, 0x80, 0x00, 0x1F, 0xFF, 0xF8, 0x00, 0x01, 0xFE, 0x7F,
  0xC0, 0x00, 0x3F, 0xE7, 0xFC, 0x00, 0x03, 0xFE, 0x7F, 0xE0, 0x00, 0x7F,
  0xE3, 0xFF, 0x00, 0x0F, 0xFC, 0x3F, 0xFC, 0x03, 0xFF, 0xC1, 0xFF, 0xFF,
  0xFF, 0xF8, 0x0F, 0xFF, 0xFF, 0xFF, 0x00, 0xFF, 0xFF, 0xFF, 0xF0, 0x07,
  0xFF, 0xFF, 0xFE, 0x00, 0x3F, 0xFF, 0xFF, 0x80, 0x00, 0xFF, 0xFF, 0xF0,
  0x00, 0x03, 0xFF, 0xFC, 0x00, 0x00, 0x07, 0xFE, 0x00, 0x00, 0x00, 0x78,
  0x01, 0xE0, 0x00, 0x0F, 0xC0, 0x7F, 0x00, 0x01, 0xFE, 0x07, 0xF8, 0x00,
  0x1F, 0xE0, 0x7F, 0x80, 0x01, 0xFF, 0x0F, 0xF8, 0x00, 0x1F, 0xE0, 0x7F,
  0x80, 0x01, 0xFE, 0x07, 0xF8, 0x00, 0x0F, 0xC0, 0x3F, 0x00, 0x00, 0x78,
  0x01, 0xE0, 0x00, 0x00, 0x00, 0x00, 0x00, 0x00, 0x00, 0x00, 0x00, 0x00,
  0x00, 0x00, 0x00, 0x00, 0x00, 0x00, 0x00, 0x00, 0x00, 0x00, 0x00, 0x00,
  0x00, 0x00, 0x00, 0x00, 0x00, 0x0F, 0xF0, 0x00, 0x01, 0xFF, 0xFF, 0x00,
  0x00, 0x1F, 0xFF, 0xF0, 0x00, 0x01, 0xFF, 0xFF, 0x00, 0x00, 0x1F, 0xFF,
  0xF0, 0x00, 0x01, 0xFF, 0xFF, 0x00, 0x00, 0x1F, 0xFF, 0xF0, 0x00, 0x01,
  0xFF, 0xFF, 0x00, 0x00, 0x1F, 0xFF, 0xF0, 0x00, 0x01, 0xFF, 0xFF, 0x00,
  0x00, 0x1F, 0xFF, 0xF0, 0x00, 0x01, 0xFF, 0xFF, 0x00, 0x00, 0x1F, 0xFF,
  0xF0, 0x00, 0x01, 0xFF, 0xFF, 0x00, 0x00, 0x1F, 0xFF, 0xF0, 0x00, 0x01,
  0xFF, 0xFF, 0x00, 0x00, 0x1F, 0xFF, 0xF0, 0x00, 0x01, 0xFF, 0xFF, 0x00,
  0x00, 0x1F, 0xFF, 0xF0, 0x00, 0x01, 0xFF, 0xFF, 0x00, 0x00, 0x1F, 0xFF,
  0xF0, 0x00, 0x01, 0xFF, 0xFF, 0x00, 0x00, 0x1F, 0xFF, 0xF0, 0x00, 0x01,
  0xFF, 0xFF, 0x00, 0x00, 0x1F, 0xFF, 0xF0, 0x00, 0x01, 0xFF, 0xFF, 0x00,
  0x00, 0x1F, 0xFF, 0xF0, 0x00, 0x01, 0xFF, 0xFF, 0x00, 0x00, 0x1F, 0xFF,
  0xF0, 0x00, 0x01, 0xFF, 0xFF, 0x00, 0x00, 0x1F, 0xFF, 0xF8, 0x00, 0x01,
  0xFF, 0xFF, 0x80, 0x00, 0x1F, 0xFF, 0xF8, 0x00, 0x01, 0xFF, 0xFF, 0x80,
  0x00, 0x1F, 0xE7, 0xFC, 0x00, 0x03, 0xFE, 0x7F, 0xC0, 0x00, 0x3F, 0xE7,
  0xFE, 0x00, 0x07, 0xFE, 0x3F, 0xF0, 0x00, 0xFF, 0xC3, 0xFF, 0xC0, 0x3F,
  0xFC, 0x1F, 0xFF, 0xFF, 0xFF, 0x80, 0xFF, 0xFF, 0xFF, 0xF0, 0x0F, 0xFF,
  0xFF, 0xFF, 0x00, 0x7F, 0xFF, 0xFF, 0xE0, 0x03, 0xFF, 0xFF, 0xF8, 0x00,
  0x0F, 0xFF, 0xFF, 0x00, 0x00, 0x3F, 0xFF, 0xC0, 0x00, 0x00, 0x7F, 0xE0,
  0x00, 0x00, 0x00, 0x07, 0xFC, 0x00, 0x00, 0x00, 0x03, 0xFC, 0x00, 0x00,
  0x00, 0x01, 0xFE, 0x00, 0x00, 0x00, 0x01, 0xFE, 0x00, 0x00, 0x00, 0x00,
  0xFE, 0x00, 0x00, 0x00, 0x00, 0xFF, 0x00, 0x00, 0x00, 0x00, 0x7F, 0x00,
  0x00, 0x00, 0x00, 0x3F, 0x80, 0x00, 0x00, 0x00, 0x3F, 0x80, 0x00, 0x00,
  0x00, 0x1F, 0xC0, 0x00, 0x00, 0x00, 0x1F, 0xC0, 0x00, 0x00, 0x00, 0x00,
  0x00, 0x00, 0x00, 0x00, 0x00, 0x00, 0x00, 0x00, 0x00, 0x00, 0x00, 0x00,
  0x00, 0x00, 0x00, 0x00, 0x00, 0x01, 0x00, 0x00, 0x00, 0x00, 0x00, 0x7F,
  0xE0, 0x00, 0x01, 0xFF, 0x9F, 0xF8, 0x00, 0x00, 0xFF, 0x8F, 0xFC, 0x00,
  0x00, 0xFF, 0xC3, 0xFF, 0x00, 0x00, 0xFF, 0xC1, 0xFF, 0x80, 0x00, 0x7F,
  0xC0, 0x7F, 0xE0, 0x00, 0x7F, 0xE0, 0x1F, 0xF0, 0x00, 0x3F, 0xE0, 0x0F,
  0xFC, 0x00, 0x3F, 0xE0, 0x03, 0xFF, 0x00, 0x3F, 0xF0, 0x00, 0xFF, 0x80,
  0x1F, 0xF0, 0x00, 0x7F, 0xE0, 0x1F, 0xF8, 0x00, 0x1F, 0xF0, 0x0F, 0xF8,
  0x00, 0x0F, 0xFC, 0x0F, 0xF8, 0x00, 0x03, 0xFE, 0x07, 0xFC, 0x00, 0x00,
  0xFF, 0x87, 0xFC, 0x00, 0x00, 0x7F, 0xE7, 0xFC, 0x00, 0x00, 0x1F, 0xF3,
  0xFE, 0x00, 0x00, 0x07, 0xFF, 0xFE, 0x00, 0x00, 0x03, 0xFF, 0xFF, 0x00,
  0x00, 0x00, 0xFF, 0xFF, 0x00, 0x00, 0x00, 0x7F, 0xFF, 0x00, 0x00, 0x00,
  0x1F, 0xFF, 0x80, 0x00, 0x00, 0x07, 0xFF, 0x80, 0x00, 0x00, 0x03, 0xFF,
  0x80, 0x00, 0x00, 0x00, 0xFF, 0xC0, 0x00, 0x00, 0x00, 0x3F, 0xC0, 0x00,
  0x00, 0x00, 0x1F, 0xE0, 0x00, 0x00, 0x00, 0x0F, 0xF0, 0x00, 0x00, 0x00,
  0x07, 0xF8, 0x00, 0x00, 0x00, 0x03, 0xFC, 0x00, 0x00, 0x00, 0x01, 0xFE,
  0x00, 0x00, 0x00, 0x00, 0xFF, 0x00, 0x00, 0x00, 0x00, 0x7F, 0x80, 0x00,
  0x00, 0x00, 0x3F, 0xC0, 0x00, 0x00, 0x00, 0x1F, 0xE0, 0x00, 0x00, 0x00,
  0x0F, 0xF0, 0x00, 0x00, 0x00, 0x07, 0xF8, 0x00, 0x00, 0x00, 0x03, 0xFC,
  0x00, 0x00, 0x00, 0x01, 0xFE, 0x00, 0x00, 0x00, 0x00, 0xFF, 0x00, 0x00,
  0x00, 0x00, 0x7F, 0x80, 0x00, 0x00, 0x00, 0x3F, 0xC0, 0x00, 0x00, 0x00,
  0x1F, 0xE0, 0x00, 0x00, 0x00, 0x0F, 0xF0, 0x00, 0x00, 0x00, 0x07, 0xF8,
  0x00, 0x00, 0x00, 0x03, 0xFC, 0x00, 0x00, 0xFF, 0x80, 0x00, 0x00, 0x7F,
  0xC0, 0x00, 0x00, 0x3F, 0xE0, 0x00, 0x00, 0x1F, 0xF0, 0x00, 0x00, 0x0F,
  0xF8, 0x00, 0x00, 0x07, 0xFC, 0x00, 0x00, 0x03, 0xFF, 0xFF, 0xE0, 0x01,
  0xFF, 0xFF, 0xFE, 0x00, 0xFF, 0xFF, 0xFF, 0xC0, 0x7F, 0xFF, 0xFF, 0xF8,
  0x3F, 0xFF, 0xFF, 0xFE, 0x1F, 0xFF, 0xFF, 0xFF, 0x8F, 0xFF, 0xFF, 0xFF,
  0xC7, 0xFF, 0xFF, 0xFF, 0xF3, 0xFE, 0x00, 0x3F, 0xF9, 0xFF, 0x00, 0x0F,
  0xFE, 0xFF, 0x80, 0x03, 0xFF, 0x7F, 0xC0, 0x00, 0xFF, 0xBF, 0xE0, 0x00,
  0x3F, 0xFF, 0xF0, 0x00, 0x1F, 0xFF, 0xF8, 0x00, 0x0F, 0xFF, 0xFC, 0x00,
  0x07, 0xFF, 0xFE, 0x00, 0x03, 0xFF, 0xFF, 0x00, 0x01, 0xFF, 0xFF, 0x80,
  0x00, 0xFF, 0xFF, 0xC0, 0x00, 0xFF, 0xFF, 0xE0, 0x00, 0x7F, 0xDF, 0xF0,
  0x00, 0x7F, 0xEF, 0xF8, 0x00, 0x7F, 0xF7, 0xFF, 0xFF, 0xFF, 0xF3, 0xFF,
  0xFF, 0xFF, 0xF1, 0xFF, 0xFF, 0xFF, 0xF8, 0xFF, 0xFF, 0xFF, 0xF8, 0x7F,
  0xFF, 0xFF, 0xF8, 0x3F, 0xFF, 0xFF, 0xF0, 0x1F, 0xFF, 0xFF, 0xF0, 0x0F,
  0xFF, 0xFF, 0xC0, 0x07, 0xFC, 0x00, 0x00, 0x03, 0xFE, 0x00, 0x00, 0x01,
  0xFF, 0x00, 0x00, 0x00, 0xFF, 0x80, 0x00, 0x00, 0x7F, 0xC0, 0x00, 0x00,
  0x3F, 0xE0, 0x00, 0x00, 0x1F, 0xF0, 0x00, 0x00, 0x0F, 0xF8, 0x00, 0x00,
  0x07, 0xFC, 0x00, 0x00, 0x00, 0x00, 0x3F, 0xFC, 0x00, 0x00, 0xFF, 0xFF,
  0x80, 0x00, 0xFF, 0xFF, 0xF0, 0x00, 0xFF, 0xFF, 0xFC, 0x00, 0xFF, 0xFF,
  0xFF, 0x00, 0xFF, 0xFF, 0xFF, 0xC0, 0xFF, 0xFF, 0xFF, 0xF0, 0x7F, 0xF0,
  0x7F, 0xF8, 0x7F, 0xE0, 0x0F, 0xFE, 0x3F, 0xE0, 0x03, 0xFF, 0x3F, 0xE0,
  0x00, 0xFF, 0x9F, 0xF0, 0x00, 0x7F, 0xCF, 0xF8, 0x00, 0x1F, 0xE7, 0xFC,
  0x00, 0x0F, 0xF3, 0xFE, 0x00, 0x07, 0xF9, 0xFF, 0x00, 0x07, 0xFC, 0xFF,
  0x80, 0x03, 0xFC, 0x7F, 0xC0, 0x03, 0xFE, 0x3F, 0xE0, 0x03, 0xFE, 0x1F,
  0xF0, 0x7F, 0xFE, 0x0F, 0xF8, 0x3F, 0xFE, 0x07, 0xFC, 0x1F, 0xFE, 0x03,
  0xFE, 0x0F, 0xFE, 0x01, 0xFF, 0x07, 0xFF, 0xC0, 0xFF, 0x83, 0xFF, 0xF8,
  0x7F, 0xC1, 0xFF, 0xFE, 0x3F, 0xE0, 0x03, 0xFF, 0x9F, 0xF0, 0x00, 0x7F,
  0xCF, 0xF8, 0x00, 0x1F, 0xF7, 0xFC, 0x00, 0x07, 0xFB, 0xFE, 0x00, 0x03,
  0xFF, 0xFF, 0x00, 0x01, 0xFF, 0xFF, 0x80, 0x00, 0x7F, 0xFF, 0xC0, 0x00,
  0x3F, 0xFF, 0xE0, 0x00, 0x1F, 0xFF, 0xF0, 0x00, 0x1F, 0xFF, 0xF8, 0x00,
  0x0F, 0xFF, 0xFC, 0x00, 0x0F, 0xFF, 0xFE, 0x00, 0x0F, 0xFD, 0xFF, 0x00,
  0x0F, 0xFE, 0xFF, 0x8F, 0xFF, 0xFF, 0x7F, 0xC7, 0xFF, 0xFF, 0x3F, 0xE3,
  0xFF, 0xFF, 0x1F, 0xF1, 0xFF, 0xFF, 0x0F, 0xF8, 0xFF, 0xFF, 0x07, 0xFC,
  0x7F, 0xFF, 0x03, 0xFE, 0x3F, 0xFE, 0x00, 0x00, 0x03, 0xF0, 0x00, 0x00,
  0xFF, 0x00, 0x00, 0x00, 0xFF, 0x00, 0x00, 0x00, 0x7F, 0x80, 0x00, 0x00,
  0x7F, 0x80, 0x00, 0x00, 0x3F, 0xC0, 0x00, 0x00, 0x3F, 0xC0, 0x00, 0x00,
  0x1F, 0xC0, 0x00, 0x00, 0x0F, 0xE0, 0x00, 0x00, 0x0F, 0xE0, 0x00, 0x00,
  0x07, 0xF0, 0x00, 0x00, 0x07, 0xF0, 0x00, 0x00, 0x00, 0x00, 0x00, 0x00,
  0x00, 0x00, 0x00, 0x00, 0x00, 0x00, 0x00, 0x00, 0x00, 0x00, 0x00, 0x00,
  0x1F, 0xFC, 0x00, 0x00, 0xFF, 0xFF, 0x80, 0x03, 0xFF, 0xFF, 0xE0, 0x0F,
  0xFF, 0xFF, 0xF0, 0x1F, 0xFF, 0xFF, 0xF8, 0x7F, 0xFF, 0xFF, 0xFC, 0x3F,
  0xF0, 0x7F, 0xFC, 0x3F, 0x80, 0x0F, 0xFE, 0x1F, 0x00, 0x07, 0xFE, 0x0C,
  0x00, 0x03, 0xFE, 0x04, 0x00, 0x01, 0xFE, 0x00, 0x00, 0x01, 0xFE, 0x00,
  0x00, 0x01, 0xFF, 0x00, 0x3F, 0x81, 0xFF, 0x01, 0xFF, 0xFD, 0xFF, 0x07,
  0xFF, 0xFF, 0xFF, 0x1F, 0xFF, 0xFF, 0xFF, 0x3F, 0xFF, 0xFF, 0xFF, 0x3F,
  0xFC, 0x7F, 0xFF, 0x7F, 0xE0, 0x03, 0xFF, 0x7F, 0x80, 0x01, 0xFF, 0xFF,
  0x80, 0x01, 0xFF, 0xFF, 0x00, 0x01, 0xFF, 0xFF, 0x00, 0x03, 0xFF, 0xFF,
  0x80, 0x03, 0xFF, 0xFF, 0x80, 0x07, 0xFF, 0xFF, 0x80, 0x0F, 0xFF, 0xFF,
  0xC0, 0x1F, 0xFF, 0x7F, 0xFC, 0xFF, 0xFF, 0x7F, 0xFF, 0xFF, 0xFF, 0x3F,
  0xFF, 0xFD, 0xFF, 0x3F, 0xFF, 0xF9, 0xFF, 0x1F, 0xFF, 0xF1, 0xFF, 0x07,
  0xFF, 0xC1, 0xFF, 0x01, 0xFF, 0x00, 0x00, 0x00, 0x00, 0x7F, 0x80, 0x00,
  0x00, 0x7F, 0x80, 0x00, 0x00, 0xFF, 0x00, 0x00, 0x00, 0xFE, 0x00, 0x00,
  0x01, 0xFE, 0x00, 0x00, 0x01, 0xFC, 0x00, 0x00, 0x03, 0xFC, 0x00, 0x00,
  0x03, 0xF8, 0x00, 0x00, 0x03, 0xF8, 0x00, 0x00, 0x07, 0xF0, 0x00, 0x00,
  0x07, 0xF0, 0x00, 0x00, 0x00, 0x00, 0x00, 0x00, 0x00, 0x00, 0x00, 0x00,
  0x00, 0x00, 0x00, 0x00, 0x00, 0x00, 0x00, 0x00, 0x1F, 0xFC, 0x00, 0x00,
  0xFF, 0xFF, 0x80, 0x03, 0xFF, 0xFF, 0xE0, 0x0F, 0xFF, 0xFF, 0xF0, 0x1F,
  0xFF, 0xFF, 0xF8, 0x7F, 0xFF, 0xFF, 0xFC, 0x3F, 0xF0, 0x7F, 0xFC, 0x3F,
  0x80, 0x0F, 0xFE, 0x1F, 0x00, 0x07, 0xFE, 0x0C, 0x00, 0x03, 0xFE, 0x04,
  0x00, 0x01, 0xFE, 0x00, 0x00, 0x01, 0xFE, 0x00, 0x00, 0x01, 0xFF, 0x00,
  0x3F, 0x81, 0xFF, 0x01, 0xFF, 0xFD, 0xFF, 0x07, 0xFF, 0xFF, 0xFF, 0x1F,
  0xFF, 0xFF, 0xFF, 0x3F, 0xFF, 0xFF, 0xFF, 0x3F, 0xFC, 0x7F, 0xFF, 0x7F,
  0xE0, 0x03, 0xFF, 0x7F, 0x80, 0x01, 0xFF, 0xFF, 0x80, 0x01, 0xFF, 0xFF,
  0x00, 0x01, 0xFF, 0xFF, 0x00, 0x03, 0xFF, 0xFF, 0x80, 0x03, 0xFF, 0xFF,
  0x80, 0x07, 0xFF, 0xFF, 0x80, 0x0F, 0xFF, 0xFF, 0xC0, 0x1F, 0xFF, 0x7F,
  0xFC, 0xFF, 0xFF, 0x7F, 0xFF, 0xFF, 0xFF, 0x3F, 0xFF, 0xFD, 0xFF, 0x3F,
  0xFF, 0xF9, 0xFF, 0x1F, 0xFF, 0xF1, 0xFF, 0x07, 0xFF, 0xC1, 0xFF, 0x01,
  0xFF, 0x00, 0x00, 0x00, 0x07, 0xF0, 0x00, 0x00, 0x0F, 0xF8, 0x00, 0x00,
  0x1F, 0xFC, 0x00, 0x00, 0x3F, 0xFE, 0x00, 0x00, 0x7F, 0xFF, 0x00, 0x00,
  0xFF, 0x7F, 0x00, 0x00, 0xFE, 0x3F, 0x80, 0x01, 0xFC, 0x1F, 0xC0, 0x03,
  0xF8, 0x1F, 0xE0, 0x07, 0xF8, 0x0F, 0xF0, 0x0F, 0xF0, 0x07, 0xF8, 0x00,
  0x00, 0x00, 0x00, 0x00, 0x00, 0x00, 0x00, 0x00, 0x00, 0x00, 0x00, 0x00,
  0x00, 0x00, 0x00, 0x00, 0x1F, 0xFC, 0x00, 0x00, 0xFF, 0xFF, 0x80, 0x03,
  0xFF, 0xFF, 0xE0, 0x0F, 0xFF, 0xFF, 0xF0, 0x1F, 0xFF, 0xFF, 0xF8, 0x7F,
  0xFF, 0xFF, 0xFC, 0x3F, 0xF0, 0x7F, 0xFC, 0x3F, 0x80, 0x0F, 0xFE, 0x1F,
  0x00, 0x07, 0xFE, 0x0C, 0x00, 0x03, 0xFE, 0x04, 0x00, 0x01, 0xFE, 0x00,
  0x00, 0x01, 0xFE, 0x00, 0x00, 0x01, 0xFF, 0x00, 0x3F, 0x81, 0xFF, 0x01,
  0xFF, 0xFD, 0xFF, 0x07, 0xFF, 0xFF, 0xFF, 0x1F, 0xFF, 0xFF, 0xFF, 0x3F,
  0xFF, 0xFF, 0xFF, 0x3F, 0xFC, 0x7F, 0xFF, 0x7F, 0xE0, 0x03, 0xFF, 0x7F,
  0x80, 0x01, 0xFF, 0xFF, 0x80, 0x01, 0xFF, 0xFF, 0x00, 0x01, 0xFF, 0xFF,
  0x00, 0x03, 0xFF, 0xFF, 0x80, 0x03, 0xFF, 0xFF, 0x80, 0x07, 0xFF, 0xFF,
  0x80, 0x0F, 0xFF, 0xFF, 0xC0, 0x1F, 0xFF, 0x7F, 0xFC, 0xFF, 0xFF, 0x7F,
  0xFF, 0xFF, 0xFF, 0x3F, 0xFF, 0xFD, 0xFF, 0x3F, 0xFF, 0xF9, 0xFF, 0x1F,
  0xFF, 0xF1, 0xFF, 0x07, 0xFF, 0xC1, 0xFF, 0x01, 0xFF, 0x00, 0x00, 0x00,
  0x7C, 0x00, 0x00, 0x01, 0xFF, 0x01, 0xF0, 0x03, 0xFF, 0xC3, 0xF0, 0x03,
  0xFF, 0xF3, 0xF0, 0x07, 0xFF, 0xFF, 0xF0, 0x07, 0xFF, 0xFF, 0xF0, 0x07,
  0xE3, 0xFF, 0xE0, 0x07, 0xC1, 0xFF, 0xC0, 0x07, 0xC0, 0x7F, 0x80, 0x00,
  0x00, 0x1E, 0x00, 0x00, 0x00, 0x00, 0x00, 0x00, 0x00, 0x00, 0x00, 0x00,
  0x00, 0x00, 0x00, 0x00, 0x00, 0x00, 0x00, 0x00, 0x1F, 0xFC, 0x00, 0x00,
  0xFF, 0xFF, 0x80, 0x03, 0xFF, 0xFF, 0xE0, 0x0F, 0xFF, 0xFF, 0xF0, 0x1F,
  0xFF, 0xFF, 0xF8, 0x7F, 0xFF, 0xFF, 0xFC, 0x3F, 0xF0, 0x7F, 0xFC, 0x3F,
  0x80, 0x0F, 0xFE, 0x1F, 0x00, 0x07, 0xFE, 0x0C, 0x00, 0x03, 0xFE, 0x04,
  0x00, 0x01, 0xFE, 0x00, 0x00, 0x01, 0xFE, 0x00, 0x00, 0x01, 0xFF, 0x00,
  0x3F, 0x81, 0xFF, 0x01, 0xFF, 0xFD, 0xFF, 0x07, 0xFF, 0xFF, 0xFF, 0x1F,
  0xFF, 0xFF, 0xFF, 0x3F, 0xFF, 0xFF, 0xFF, 0x3F, 0xFC, 0x7F, 0xFF, 0x7F,
  0xE0, 0x03, 0xFF, 0x7F, 0x80, 0x01, 0xFF, 0xFF, 0x80, 0x01, 0xFF, 0xFF,
  0x00, 0x01, 0xFF, 0xFF, 0x00, 0x03, 0xFF, 0xFF, 0x80, 0x03, 0xFF, 0xFF,
  0x80, 0x07, 0xFF, 0xFF, 0x80, 0x0F, 0xFF, 0xFF, 0xC0, 0x1F, 0xFF, 0x7F,
  0xFC, 0xFF, 0xFF, 0x7F, 0xFF, 0xFF, 0xFF, 0x3F, 0xFF, 0xFD, 0xFF, 0x3F,
  0xFF, 0xF9, 0xFF, 0x1F, 0xFF, 0xF1, 0xFF, 0x07, 0xFF, 0xC1, 0xFF, 0x01,
  0xFF, 0x00, 0x00, 0x01, 0xF0, 0x07, 0xC0, 0x03, 0xF8, 0x0F, 0xE0, 0x07,
  0xFC, 0x1F, 0xF0, 0x07, 0xFC, 0x1F, 0xF0, 0x07, 0xFC, 0x1F, 0xF0, 0x07,
  0xFC, 0x1F, 0xF0, 0x07, 0xF8, 0x1F, 0xE0, 0x03, 0xF8, 0x0F, 0xE0, 0x01,
  0xE0, 0x03, 0x80, 0x00, 0x00, 0x00, 0x00, 0x00, 0x00, 0x00, 0x00, 0x00,
  0x00, 0x00, 0x00, 0x00, 0x00, 0x00, 0x00, 0x00, 0x00, 0x00, 0x00, 0x00,
  0x1F, 0xFC, 0x00, 0x00, 0xFF, 0xFF, 0x80, 0x03, 0xFF, 0xFF, 0xE0, 0x0F,
  0xFF, 0xFF, 0xF0, 0x1F, 0xFF, 0xFF, 0xF8, 0x7F, 0xFF, 0xFF, 0xFC, 0x3F,
  0xF0, 0x7F, 0xFC, 0x3F, 0x80, 0x0F, 0xFE, 0x1F, 0x00, 0x07, 0xFE, 0x0C,
  0x00, 0x03, 0xFE, 0x04, 0x00, 0x01, 0xFE, 0x00, 0x00, 0x01, 0xFE, 0x00,
  0x00, 0x01, 0xFF, 0x00, 0x3F, 0x81, 0xFF, 0x01, 0xFF, 0xFD, 0xFF, 0x07,
  0xFF, 0xFF, 0xFF, 0x1F, 0xFF, 0xFF, 0xFF, 0x3F, 0xFF, 0xFF, 0xFF, 0x3F,
  0xFC, 0x7F, 0xFF, 0x7F, 0xE0, 0x03, 0xFF, 0x7F, 0x80, 0x01, 0xFF, 0xFF,
  0x80, 0x01, 0xFF, 0xFF, 0x00, 0x01, 0xFF, 0xFF, 0x00, 0x03, 0xFF, 0xFF,
  0x80, 0x03, 0xFF, 0xFF, 0x80, 0x07, 0xFF, 0xFF, 0x80, 0x0F, 0xFF, 0xFF,
  0xC0, 0x1F, 0xFF, 0x7F, 0xFC, 0xFF, 0xFF, 0x7F, 0xFF, 0xFF, 0xFF, 0x3F,
  0xFF, 0xFD, 0xFF, 0x3F, 0xFF, 0xF9, 0xFF, 0x1F, 0xFF, 0xF1, 0xFF, 0x07,
  0xFF, 0xC1, 0xFF, 0x01, 0xFF, 0x00, 0x00, 0x00, 0x01, 0xC0, 0x00, 0x00,
  0x0F, 0xF8, 0x00, 0x00, 0x1F, 0xFC, 0x00, 0x00, 0x3F, 0xFE, 0x00, 0x00,
  0x3F, 0xFE, 0x00, 0x00, 0x7E, 0x3F, 0x00, 0x00, 0x7C, 0x1F, 0x00, 0x00,
  0x78, 0x1F, 0x00, 0x00, 0x78, 0x1F, 0x00, 0x00, 0x7C, 0x1F, 0x00, 0x00,
  0x7E, 0x3F, 0x00, 0x00, 0x7F, 0xFE, 0x00, 0x00, 0x3F, 0xFE, 0x00, 0x00,
  0x1F, 0xFC, 0x00, 0x00, 0x0F, 0xF8, 0x00, 0x00, 0x03, 0xE0, 0x00, 0x00,
  0x00, 0x00, 0x00, 0x00, 0x00, 0x00, 0x00, 0x00, 0x00, 0x00, 0x00, 0x00,
  0x1F, 0xFC, 0x00, 0x00, 0xFF, 0xFF, 0x80, 0x03, 0xFF, 0xFF, 0xE0, 0x0F,
  0xFF, 0xFF, 0xF0, 0x1F, 0xFF, 0xFF, 0xF8, 0x7F, 0xFF, 0xFF, 0xFC, 0x3F,
  0xF0, 0x7F, 0xFC, 0x3F, 0x80, 0x0F, 0xFE, 0x1F, 0x00, 0x07, 0xFE, 0x0C,
  0x00, 0x03, 0xFE, 0x04, 0x00, 0x01, 0xFE, 0x00, 0x00, 0x01, 0xFE, 0x00,
  0x00, 0x01, 0xFF, 0x00, 0x3F, 0x81, 0xFF, 0x01, 0xFF, 0xFD, 0xFF, 0x07,
  0xFF, 0xFF, 0xFF, 0x1F, 0xFF, 0xFF, 0xFF, 0x3F, 0xFF, 0xFF, 0xFF, 0x3F,
  0xFC, 0x7F, 0xFF, 0x7F, 0xE0, 0x03, 0xFF, 0x7F, 0x80, 0x01, 0xFF, 0xFF,
  0x80, 0x01, 0xFF, 0xFF, 0x00, 0x01, 0xFF, 0xFF, 0x00, 0x03, 0xFF, 0xFF,
  0x80, 0x03, 0xFF, 0xFF, 0x80, 0x07, 0xFF, 0xFF, 0x80, 0x0F, 0xFF, 0xFF,
  0xC0, 0x1F, 0xFF, 0x7F, 0xFC, 0xFF, 0xFF, 0x7F, 0xFF, 0xFF, 0xFF, 0x3F,
  0xFF, 0xFD, 0xFF, 0x3F, 0xFF, 0xF9, 0xFF, 0x1F, 0xFF, 0xF1, 0xFF, 0x07,
  0xFF, 0xC1, 0xFF, 0x01, 0xFF, 0x00, 0x00, 0x00, 0x3F, 0xF8, 0x00, 0x1F,
  0xFC, 0x00, 0x00, 0xFF, 0xFF, 0x80, 0x3F, 0xFF, 0x80, 0x01, 0xFF, 0xFF,
  0xF0, 0x7F, 0xFF, 0xF0, 0x01, 0xFF, 0xFF, 0xFC, 0x7F, 0xFF, 0xFC, 0x01,
  0xFF, 0xFF, 0xFF, 0x7F, 0xFF, 0xFF, 0x03, 0xFF, 0xFF, 0xFF, 0xFF, 0xFF,
  0xFF, 0xC0, 0xFF, 0xE3, 0xFF, 0xFF, 0xFF, 0xFF, 0xF0, 0x3F, 0x80, 0x1F,
  0xFF, 0xF0, 0x1F, 0xFC, 0x0F, 0x00, 0x07, 0xFF, 0xE0, 0x03, 0xFE, 0x03,
  0x00, 0x01, 0xFF, 0xE0, 0x00, 0xFF, 0x80, 0x00, 0x00, 0xFF, 0xE0, 0x00,
  0x3F, 0xC0, 0x00, 0x00, 0x3F, 0xF0, 0x00, 0x1F, 0xE0, 0x00, 0x00, 0x1F,
  0xF0, 0x00, 0x0F, 0xF0, 0x01, 0xFE, 0x0F, 0xF8, 0x00, 0x03, 0xFC, 0x07,
  0xFF, 0xF7, 0xFF, 0xFF, 0xFF, 0xFE, 0x0F, 0xFF, 0xFF, 0xFF, 0xFF, 0xFF,
  0xFF, 0x1F, 0xFF, 0xFF, 0xFF, 0xFF, 0xFF, 0xFF, 0x9F, 0xFF, 0xFF, 0xFF,
  0xFF, 0xFF, 0xFF, 0xCF, 0xFC, 0x03, 0xFF, 0xFF, 0xFF, 0xFF, 0xEF, 0xF8,
  0x00, 0x7F, 0xE0, 0x00, 0x00, 0x07, 0xF8, 0x00, 0x1F, 0xF0, 0x00, 0x00,
  0x07, 0xF8, 0x00, 0x0F, 0xF8, 0x00, 0x00, 0x03, 0xFC, 0x00, 0x07, 0xFE,
  0x00, 0x00, 0x01, 0xFE, 0x00, 0x07, 0xFF, 0x00, 0x00, 0x40, 0xFF, 0x00,
  0x03, 0xFF, 0xC0, 0x00, 0x30, 0x7F, 0x80, 0x03, 0xFF, 0xF0, 0x00, 0x3E,
  0x3F, 0xE0, 0x03, 0xFF, 0xFC, 0x00, 0x3F, 0x9F, 0xF0, 0x03, 0xFF, 0xFF,
  0x00, 0x7F, 0xE7, 0xFE, 0x03, 0xF9, 0xFF, 0xFF, 0xFF, 0xE3, 0xFF, 0xFF,
  0xF8, 0x7F, 0xFF, 0xFF, 0xE0, 0xFF, 0xFF, 0xF8, 0x1F, 0xFF, 0xFF, 0xE0,
  0x3F, 0xFF, 0xF8, 0x07, 0xFF, 0xFF, 0xE0, 0x0F, 0xFF, 0xF8, 0x01, 0xFF,
  0xFF, 0xE0, 0x03, 0xFF, 0xF0, 0x00, 0x3F, 0xFF, 0xC0, 0x00, 0x7F, 0xC0,
  0x00, 0x03, 0xFF, 0x00, 0x00, 0x00, 0x0F, 0xFE, 0x00, 0x00, 0x3F, 0xFF,
  0xC0, 0x00, 0x3F, 0xFF, 0xF8, 0x00, 0x7F, 0xFF, 0xFE, 0x00, 0x7F, 0xFF,
  0xFF, 0x80, 0x7F, 0xFF, 0xFF, 0xE0, 0x7F, 0xFF, 0xFF, 0xF8, 0x3F, 0xFC,
  0x1F, 0xFE, 0x3F, 0xF8, 0x03, 0xFF, 0x1F, 0xF0, 0x00, 0x7F, 0xDF, 0xF8,
  0x00, 0x3F, 0x0F, 0xF8, 0x00, 0x0E, 0x07, 0xF8, 0x00, 0x00, 0x07, 0xFC,
  0x00, 0x00, 0x03, 0xFE, 0x00, 0x00, 0x01, 0xFE, 0x00, 0x00, 0x00, 0xFF,
  0x00, 0x00, 0x00, 0x7F, 0x80, 0x00, 0x00, 0x3F, 0xC0, 0x00, 0x00, 0x1F,
  0xE0, 0x00, 0x00, 0x0F, 0xF8, 0x00, 0x00, 0x07, 0xFC, 0x00, 0x00, 0x01,
  0xFE, 0x00, 0x01, 0x00, 0xFF, 0x80, 0x00, 0xF0, 0x7F, 0xE0, 0x00, 0xFF,
  0x1F, 0xF8, 0x00, 0x7F, 0xCF, 0xFE, 0x00, 0xFF, 0xC3, 0xFF, 0xC1, 0xFF,
  0xE1, 0xFF, 0xFF, 0xFF, 0xE0, 0x7F, 0xFF, 0xFF, 0xE0, 0x1F, 0xFF, 0xFF,
  0xE0, 0x07, 0xFF, 0xFF, 0xE0, 0x00, 0xFF, 0xFF, 0xE0, 0x00, 0x1F, 0xFF,
  0xC0, 0x00, 0x03, 0xFF, 0x00, 0x00, 0x00, 0xF0, 0x00, 0x00, 0x00, 0xF8,
  0x00, 0x00, 0x00, 0x7F, 0xC0, 0x00, 0x00, 0x7F, 0xF0, 0x00, 0x00, 0x7F,
  0xFC, 0x00, 0x00, 0x1F, 0xFF, 0x00, 0x00, 0x03, 0x1F, 0x80, 0x00, 0x00,
  0x07, 0xC0, 0x00, 0x00, 0x03, 0xF0, 0x00, 0x00, 0x41, 0xF0, 0x00, 0x00,
  0xF1, 0xF8, 0x00, 0x00, 0xFF, 0xFC, 0x00, 0x00, 0x3F, 0xFC, 0x00, 0x00,
  0x1F, 0xFC, 0x00, 0x00, 0x03, 0xFC, 0x00, 0x00, 0x00, 0x20, 0x00, 0x00,
  0x00, 0xFF, 0x80, 0x00, 0x00, 0x3F, 0xC0, 0x00, 0x00, 0x0F, 0xE0, 0x00,
  0x00, 0x07, 0xF8, 0x00, 0x00, 0x01, 0xFC, 0x00, 0x00, 0x00, 0xFF, 0x00,
  0x00, 0x00, 0x3F, 0x80, 0x00, 0x00, 0x1F, 0xE0, 0x00, 0x00, 0x07, 0xF0,
  0x00, 0x00, 0x03, 0xF8, 0x00, 0x00, 0x00, 0xFE, 0x00, 0x00, 0x00, 0x00,
  0x00, 0x00, 0x00, 0x00, 0x00, 0x00, 0x00, 0x00, 0x00, 0x00, 0x00, 0x00,
  0x00, 0x00, 0x00, 0x1F, 0xF8, 0x00, 0x00, 0x7F, 0xFF, 0x80, 0x00, 0x7F,
  0xFF, 0xE0, 0x00, 0xFF, 0xFF, 0xFC, 0x00, 0xFF, 0xFF, 0xFF, 0x00, 0xFF,
  0xFF, 0xFF, 0xC0, 0xFF, 0xFF, 0xFF, 0xE0, 0x7F, 0xE0, 0x1F, 0xF8, 0x7F,
  0xE0, 0x03, 0xFE, 0x3F, 0xE0, 0x01, 0xFF, 0x3F, 0xE0, 0x00, 0x7F, 0x9F,
  0xF0, 0x00, 0x1F, 0xEF, 0xF0, 0x00, 0x0F, 0xFF, 0xFF, 0xFF, 0xFF, 0xFF,
  0xFF, 0xFF, 0xFF, 0xFF, 0xFF, 0xFF, 0xFF, 0xFF, 0xFF, 0xFF, 0xFF, 0xFF,
  0xFF, 0xFF, 0xFF, 0xFF, 0xFF, 0xFF, 0xFF, 0xFF, 0xFF, 0xFF, 0xFF, 0xFF,
  0xFF, 0xF0, 0x00, 0x00, 0x0F, 0xF8, 0x00, 0x00, 0x03, 0xFC, 0x00, 0x00,
  0x01, 0xFF, 0x00, 0x00, 0x40, 0xFF, 0x80, 0x00, 0x30, 0x3F, 0xE0, 0x00,
  0x3C, 0x1F, 0xF8, 0x00, 0x3F, 0x07, 0xFF, 0x00, 0x7F, 0xE3, 0xFF, 0xFB,
  0xFF, 0xE0, 0xFF, 0xFF, 0xFF, 0xE0, 0x3F, 0xFF, 0xFF, 0xE0, 0x0F, 0xFF,
  0xFF, 0xE0, 0x03, 0xFF, 0xFF, 0xC0, 0x00, 0x7F, 0xFF, 0xC0, 0x00, 0x07,
  0xFF, 0x00, 0x00, 0x00, 0x00, 0x3F, 0xC0, 0x00, 0x00, 0x3F, 0xC0, 0x00,
  0x00, 0x1F, 0xE0, 0x00, 0x00, 0x1F, 0xE0, 0x00, 0x00, 0x0F, 0xF0, 0x00,
  0x00, 0x07, 0xF0, 0x00, 0x00, 0x07, 0xF8, 0x00, 0x00, 0x03, 0xF8, 0x00,
  0x00, 0x03, 0xF8, 0x00, 0x00, 0x01, 0xFC, 0x00, 0x00, 0x01, 0xFC, 0x00,
  0x00, 0x00, 0x00, 0x00, 0x00, 0x00, 0x00, 0x00, 0x00, 0x00, 0x00, 0x00,
  0x00, 0x00, 0x00, 0x00, 0x00, 0x00, 0x1F, 0xF8, 0x00, 0x00, 0x7F, 0xFF,
  0x80, 0x00, 0x7F, 0xFF, 0xE0, 0x00, 0xFF, 0xFF, 0xFC, 0x00, 0xFF, 0xFF,
  0xFF, 0x00, 0xFF, 0xFF, 0xFF, 0xC0, 0xFF, 0xFF, 0xFF, 0xE0, 0x7F, 0xE0,
  0x1F, 0xF8, 0x7F, 0xE0, 0x03, 0xFE, 0x3F, 0xE0, 0x01, 0xFF, 0x3F, 0xE0,
  0x00, 0x7F, 0x9F, 0xF0, 0x00, 0x1F, 0xEF, 0xF0, 0x00, 0x0F, 0xFF, 0xFF,
  0xFF, 0xFF, 0xFF, 0xFF, 0xFF, 0xFF, 0xFF, 0xFF, 0xFF, 0xFF, 0xFF, 0xFF,
  0xFF, 0xFF, 0xFF, 0xFF, 0xFF, 0xFF, 0xFF, 0xFF, 0xFF, 0xFF, 0xFF, 0xFF,
  0xFF, 0xFF, 0xFF, 0xFF, 0xF0, 0x00, 0x00, 0x0F, 0xF8, 0x00, 0x00, 0x03,
  0xFC, 0x00, 0x00, 0x01, 0xFF, 0x00, 0x00, 0x40, 0xFF, 0x80, 0x00, 0x30,
  0x3F, 0xE0, 0x00, 0x3C, 0x1F, 0xF8, 0x00, 0x3F, 0x07, 0xFF, 0x00, 0x7F,
  0xE3, 0xFF, 0xFB, 0xFF, 0xE0, 0xFF, 0xFF, 0xFF, 0xE0, 0x3F, 0xFF, 0xFF,
  0xE0, 0x0F, 0xFF, 0xFF, 0xE0, 0x03, 0xFF, 0xFF, 0xC0, 0x00, 0x7F, 0xFF,
  0xC0, 0x00, 0x07, 0xFF, 0x00, 0x00, 0x00, 0x07, 0xF8, 0x00, 0x00, 0x03,
  0xFE, 0x00, 0x00, 0x03, 0xFF, 0x80, 0x00, 0x03, 0xFF, 0xC0, 0x00, 0x03,
  0xFF, 0xF0, 0x00, 0x03, 0xFD, 0xFC, 0x00, 0x03, 0xFC, 0x7F, 0x00, 0x01,
  0xFC, 0x3F, 0xC0, 0x01, 0xFC, 0x0F, 0xF0, 0x01, 0xFC, 0x03, 0xF8, 0x01,
  0xFE, 0x00, 0xFE, 0x00, 0x00, 0x00, 0x00, 0x00, 0x00, 0x00, 0x00, 0x00,
  0x00, 0x00, 0x00, 0x00, 0x00, 0x00, 0x00, 0x00, 0x00, 0x1F, 0xF8, 0x00,
  0x00, 0x7F, 0xFF, 0x80, 0x00, 0x7F, 0xFF, 0xE0, 0x00, 0xFF, 0xFF, 0xFC,
  0x00, 0xFF, 0xFF, 0xFF, 0x00, 0xFF, 0xFF, 0xFF, 0xC0, 0xFF, 0xFF, 0xFF,
  0xE0, 0x7F, 0xE0, 0x1F, 0xF8, 0x7F, 0xE0, 0x03, 0xFE, 0x3F, 0xE0, 0x01,
  0xFF, 0x3F, 0xE0, 0x00, 0x7F, 0x9F, 0xF0, 0x00, 0x1F, 0xEF, 0xF0, 0x00,
  0x0F, 0xFF, 0xFF, 0xFF, 0xFF, 0xFF, 0xFF, 0xFF, 0xFF, 0xFF, 0xFF, 0xFF,
  0xFF, 0xFF, 0xFF, 0xFF, 0xFF, 0xFF, 0xFF, 0xFF, 0xFF, 0xFF, 0xFF, 0xFF,
  0xFF, 0xFF, 0xFF, 0xFF, 0xFF, 0xFF, 0xFF, 0xF0, 0x00, 0x00, 0x0F, 0xF8,
  0x00, 0x00, 0x03, 0xFC, 0x00, 0x00, 0x01, 0xFF, 0x00, 0x00, 0x40, 0xFF,
  0x80, 0x00, 0x30, 0x3F, 0xE0, 0x00, 0x3C, 0x1F, 0xF8, 0x00, 0x3F, 0x07,
  0xFF, 0x00, 0x7F, 0xE3, 0xFF, 0xFB, 0xFF, 0xE0, 0xFF, 0xFF, 0xFF, 0xE0,
  0x3F, 0xFF, 0xFF, 0xE0, 0x0F, 0xFF, 0xFF, 0xE0, 0x03, 0xFF, 0xFF, 0xC0,
  0x00, 0x7F, 0xFF, 0xC0, 0x00, 0x07, 0xFF, 0x00, 0x00, 0x00, 0xF0, 0x03,
  0xC0, 0x00, 0xFE, 0x03, 0xF8, 0x00, 0xFF, 0x03, 0xFC, 0x00, 0x7F, 0xC1,
  0xFF, 0x00, 0x3F, 0xE0, 0xFF, 0x80, 0x1F, 0xF0, 0x7F, 0x80, 0x0F, 0xF0,
  0x3F, 0xC0, 0x03, 0xF0, 0x0F, 0xC0, 0x00, 0xF0, 0x03, 0xC0, 0x00, 0x00,
  0x00, 0x00, 0x00, 0x00, 0x00, 0x00, 0x00, 0x00, 0x00, 0x00, 0x00, 0x00,
  0x00, 0x00, 0x00, 0x00, 0x00, 0x00, 0x00, 0x00, 0x3F, 0xF0, 0x00, 0x00,
  0xFF, 0xFF, 0x00, 0x00, 0xFF, 0xFF, 0xC0, 0x01, 0xFF, 0xFF, 0xF8, 0x01,
  0xFF, 0xFF, 0xFE, 0x01, 0xFF, 0xFF, 0xFF, 0x81, 0xFF, 0xFF, 0xFF, 0xC0,
  0xFF, 0xC0, 0x3F, 0xF0, 0xFF, 0xC0, 0x07, 0xFC, 0x7F, 0xC0, 0x03, 0xFE,
  0x7F, 0xC0, 0x00, 0xFF, 0x3F, 0xE0, 0x00, 0x3F, 0xDF, 0xE0, 0x00, 0x1F,
  0xFF, 0xFF, 0xFF, 0xFF, 0xFF, 0xFF, 0xFF, 0xFF, 0xFF, 0xFF, 0xFF, 0xFF,
  0xFF, 0xFF, 0xFF, 0xFF, 0xFF, 0xFF, 0xFF, 0xFF, 0xFF, 0xFF, 0xFF, 0xFF,
  0xFF, 0xFF, 0xFF, 0xFF, 0xFF, 0xFF, 0xE0, 0x00, 0x00, 0x1F, 0xF0, 0x00,
  0x00, 0x07, 0xF8, 0x00, 0x00, 0x03, 0xFE, 0x00, 0x00, 0x81, 0xFF, 0x00,
  0x00, 0x60, 0x7F, 0xC0, 0x00, 0x78, 0x3F, 0xF0, 0x00, 0x7E, 0x0F, 0xFE,
  0x00, 0xFF, 0xC7, 0xFF, 0xF7, 0xFF, 0xC1, 0xFF, 0xFF, 0xFF, 0xC0, 0x7F,
  0xFF, 0xFF, 0xC0, 0x1F, 0xFF, 0xFF, 0xC0, 0x07, 0xFF, 0xFF, 0x80, 0x00,
  0xFF, 0xFF, 0x80, 0x00, 0x0F, 0xFE, 0x00, 0x00, 0xFF, 0x07, 0xF8, 0x1F,
  0xE0, 0x7F, 0x03, 0xFC, 0x0F, 0xE0, 0x7F, 0x81, 0xFC, 0x0F, 0xE0, 0x3F,
  0x81, 0xFC, 0x00, 0x00, 0x00, 0x00, 0x00, 0x00, 0x00, 0x00, 0x0F, 0xF8,
  0x7F, 0xC3, 0xFE, 0x1F, 0xF0, 0xFF, 0x87, 0xFC, 0x3F, 0xE1, 0xFF, 0x0F,
  0xF8, 0x7F, 0xC3, 0xFE, 0x1F, 0xF0, 0xFF, 0x87, 0xFC, 0x3F, 0xE1, 0xFF,
  0x0F, 0xF8, 0x7F, 0xC3, 0xFE, 0x1F, 0xF0, 0xFF, 0x87, 0xFC, 0x3F, 0xE1,
  0xFF, 0x0F, 0xF8, 0x7F, 0xC3, 0xFE, 0x1F, 0xF0, 0xFF, 0x87, 0xFC, 0x3F,
  0xE1, 0xFF, 0x0F, 0xF8, 0x07, 0xF8, 0x3F, 0xC3, 0xFC, 0x1F, 0xE1, 0xFE,
  0x0F, 0xE0, 0x7F, 0x07, 0xF0, 0x3F, 0x83, 0xF8, 0x1F, 0xC0, 0x00, 0x00,
  0x00, 0x00, 0x00, 0x00, 0x00, 0x00, 0xFF, 0x87, 0xFC, 0x3F, 0xE1, 0xFF,
  0x0F, 0xF8, 0x7F, 0xC3, 0xFE, 0x1F, 0xF0, 0xFF, 0x87, 0xFC, 0x3F, 0xE1,
  0xFF, 0x0F, 0xF8, 0x7F, 0xC3, 0xFE, 0x1F, 0xF0, 0xFF, 0x87, 0xFC, 0x3F,
  0xE1, 0xFF, 0x0F, 0xF8, 0x7F, 0xC3, 0xFE, 0x1F, 0xF0, 0xFF, 0x87, 0xFC,
  0x3F, 0xE1, 0xFF, 0x0F, 0xF8, 0x7F, 0xC3, 0xFE, 0x1F, 0xF0, 0xFF, 0x80,
  0x00, 0x7F, 0x00, 0x00, 0x7F, 0xC0, 0x00, 0x7F, 0xF0, 0x00, 0x7F, 0xFC,
  0x00, 0x7F, 0xFF, 0x00, 0x3F, 0xBF, 0xC0, 0x3F, 0x8F, 0xE0, 0x3F, 0x83,
  0xF8, 0x3F, 0xC0, 0xFE, 0x3F, 0xC0, 0x7F, 0xBF, 0xC0, 0x1F, 0xE0, 0x00,
  0x00, 0x00, 0x00, 0x00, 0x00, 0x00, 0x00, 0x00, 0x00, 0x00, 0x00, 0x00,
  0x00, 0x00, 0x00, 0xFF, 0x80, 0x00, 0x7F, 0xC0, 0x00, 0x3F, 0xE0, 0x00,
  0x1F, 0xF0, 0x00, 0x0F, 0xF8, 0x00, 0x07, 0xFC, 0x00, 0x03, 0xFE, 0x00,
  0x01, 0xFF, 0x00, 0x00, 0xFF, 0x80, 0x00, 0x7F, 0xC0, 0x00, 0x3F, 0xE0,
  0x00, 0x1F, 0xF0, 0x00, 0x0F, 0xF8, 0x00, 0x07, 0xFC, 0x00, 0x03, 0xFE,
  0x00, 0x01, 0xFF, 0x00, 0x00, 0xFF, 0x80, 0x00, 0x7F, 0xC0, 0x00, 0x3F,
  0xE0, 0x00, 0x1F, 0xF0, 0x00, 0x0F, 0xF8, 0x00, 0x07, 0xFC, 0x00, 0x03,
  0xFE, 0x00, 0x01, 0xFF, 0x00, 0x00, 0xFF, 0x80, 0x00, 0x7F, 0xC0, 0x00,
  0x3F, 0xE0, 0x00, 0x1F, 0xF0, 0x00, 0x0F, 0xF8, 0x00, 0x07, 0xFC, 0x00,
  0x03, 0xFE, 0x00, 0x01, 0xFF, 0x00, 0x00, 0xFF, 0x80, 0x00, 0x3E, 0x00,
  0xF8, 0xFE, 0x03, 0xF9, 0xFE, 0x0F, 0xFF, 0xFC, 0x1F, 0xFF, 0xF8, 0x3F,
  0xFF, 0xF0, 0x7F, 0xDF, 0xE0, 0x7F, 0x3F, 0x80, 0xFE, 0x1E, 0x00, 0x70,
  0x00, 0x00, 0x00, 0x00, 0x00, 0x00, 0x00, 0x00, 0x00, 0x00, 0x00, 0x00,
  0x00, 0x00, 0x00, 0x00, 0x00, 0x00, 0xFF, 0x80, 0x01, 0xFF, 0x00, 0x03,
  0xFE, 0x00, 0x07, 0xFC, 0x00, 0x0F, 0xF8, 0x00, 0x1F, 0xF0, 0x00, 0x3F,
  0xE0, 0x00, 0x7F, 0xC0, 0x00, 0xFF, 0x80, 0x01, 0xFF, 0x00, 0x03, 0xFE,
  0x00, 0x07, 0xFC, 0x00, 0x0F, 0xF8, 0x00, 0x1F, 0xF0, 0x00, 0x3F, 0xE0,
  0x00, 0x7F, 0xC0, 0x00, 0xFF, 0x80, 0x01, 0xFF, 0x00, 0x03, 0xFE, 0x00,
  0x07, 0xFC, 0x00, 0x0F, 0xF8, 0x00, 0x1F, 0xF0, 0x00, 0x3F, 0xE0, 0x00,
  0x7F, 0xC0, 0x00, 0xFF, 0x80, 0x01, 0xFF, 0x00, 0x03, 0xFE, 0x00, 0x07,
  0xFC, 0x00, 0x0F, 0xF8, 0x00, 0x1F, 0xF0, 0x00, 0x3F, 0xE0, 0x00, 0x7F,
  0xC0, 0x00, 0xFF, 0x80, 0x00, 0x78, 0x00, 0x00, 0x00, 0x1F, 0xC0, 0x04,
  0x00, 0x07, 0xFC, 0x07, 0x00, 0x03, 0xFF, 0xC7, 0xE0, 0x00, 0xFF, 0xFF,
  0xF8, 0x00, 0x3F, 0xFF, 0xFF, 0x00, 0x1F, 0xFF, 0xFF, 0x80, 0x00, 0xFF,
  0xFF, 0x80, 0x00, 0x0F, 0xFF, 0xC0, 0x00, 0x00, 0x7F, 0xF8, 0x00, 0x00,
  0x0F, 0xFF, 0x00, 0x00, 0x00, 0xFF, 0xE0, 0x00, 0x00, 0x1F, 0xFC, 0x00,
  0x00, 0x03, 0xFF, 0x00, 0x00, 0x00, 0x7F, 0xE0, 0x00, 0x1E, 0x0F, 0xF8,
  0x00, 0x7F, 0xF1, 0xFF, 0x00, 0x7F, 0xFF, 0x7F, 0xC0, 0x3F, 0xFF, 0xEF,
  0xF0, 0x1F, 0xFF, 0xFF, 0xFE, 0x0F, 0xFF, 0xFF, 0xFF, 0x87, 0xFF, 0xFF,
  0xFF, 0xE3, 0xFF, 0xE0, 0xFF, 0xFC, 0xFF, 0xC0, 0x0F, 0xFF, 0x7F, 0xE0,
  0x01, 0xFF, 0xDF, 0xF0, 0x00, 0x3F, 0xF7, 0xFC, 0x00, 0x07, 0xFF, 0xFE,
  0x00, 0x01, 0xFF, 0xFF, 0x80, 0x00, 0x7F, 0xFF, 0xE0, 0x00, 0x0F, 0xFF,
  0xF0, 0x00, 0x03, 0xFF, 0xFC, 0x00, 0x00, 0xFF, 0xFF, 0x00, 0x00, 0x3F,
  0xFF, 0xE0, 0x00, 0x0F, 0xFF, 0xF8, 0x00, 0x07, 0xFF, 0xFE, 0x00, 0x01,
  0xFF, 0x7F, 0xC0, 0x00, 0x7F, 0x9F, 0xF0, 0x00, 0x3F, 0xE7, 0xFE, 0x00,
  0x1F, 0xF0, 0xFF, 0xC0, 0x0F, 0xFC, 0x3F, 0xFE, 0x1F, 0xFE, 0x07, 0xFF,
  0xFF, 0xFF, 0x80, 0xFF, 0xFF, 0xFF, 0xC0, 0x1F, 0xFF, 0xFF, 0xE0, 0x03,
  0xFF, 0xFF, 0xF0, 0x00, 0x7F, 0xFF, 0xF0, 0x00, 0x07, 0xFF, 0xF8, 0x00,
  0x00, 0x3F, 0xF0, 0x00, 0x00, 0xFC, 0x00, 0x00, 0x03, 0xFE, 0x07, 0xE0,
  0x0F, 0xFE, 0x0F, 0xC0, 0x3F, 0xFF, 0x3F, 0x00, 0x7F, 0xFF, 0xFE, 0x01,
  0xFF, 0xFF, 0xFC, 0x03, 0xF1, 0xFF, 0xF0, 0x07, 0xE0, 0xFF, 0xE0, 0x0F,
  0xC0, 0xFF, 0x80, 0x00, 0x00, 0x38, 0x00, 0x00, 0x00, 0x00, 0x00, 0x00,
  0x00, 0x00, 0x00, 0x00, 0x00, 0x00, 0x00, 0x00, 0x00, 0x00, 0x00, 0x00,
  0x7F, 0xC0, 0x7F, 0x83, 0xFF, 0xE0, 0xFF, 0x1F, 0xFF, 0xE1, 0xFE, 0x7F,
  0xFF, 0xE3, 0xFD, 0xFF, 0xFF, 0xE7, 0xFF, 0xFF, 0xFF, 0xEF, 0xFF, 0xFF,
  0xFF, 0xDF, 0xFF, 0x03, 0xFF, 0xFF, 0xFC, 0x01, 0xFF, 0xFF, 0xF0, 0x01,
  0xFF, 0xFF, 0xC0, 0x03, 0xFF, 0xFF, 0x00, 0x07, 0xFF, 0xFE, 0x00, 0x07,
  0xFF, 0xFC, 0x00, 0x0F, 0xFF, 0xF8, 0x00, 0x1F, 0xFF, 0xF0, 0x00, 0x3F,
  0xFF, 0xE0, 0x00, 0x7F, 0xFF, 0xC0, 0x00, 0xFF, 0xFF, 0x80, 0x01, 0xFF,
  0xFF, 0x00, 0x03, 0xFF, 0xFE, 0x00, 0x07, 0xFF, 0xFC, 0x00, 0x0F, 0xFF,
  0xF8, 0x00, 0x1F, 0xFF, 0xF0, 0x00, 0x3F, 0xFF, 0xE0, 0x00, 0x7F, 0xFF,
  0xC0, 0x00, 0xFF, 0xFF, 0x80, 0x01, 0xFF, 0xFF, 0x00, 0x03, 0xFF, 0xFE,
  0x00, 0x07, 0xFF, 0xFC, 0x00, 0x0F, 0xFF, 0xF8, 0x00, 0x1F, 0xFF, 0xF0,
  0x00, 0x3F, 0xFF, 0xE0, 0x00, 0x7F, 0xFF, 0xC0, 0x00, 0xFF, 0x00, 0x7F,
  0x80, 0x00, 0x00, 0x03, 0xFC, 0x00, 0x00, 0x00, 0x3F, 0xC0, 0x00, 0x00,
  0x01, 0xFE, 0x00, 0x00, 0x00, 0x1F, 0xE0, 0x00, 0x00, 0x00, 0xFE, 0x00,
  0x00, 0x00, 0x0F, 0xF0, 0x00, 0x00, 0x00, 0x7F, 0x00, 0x00, 0x00, 0x03,
  0xF8, 0x00, 0x00, 0x00, 0x3F, 0x80, 0x00, 0x00, 0x01, 0xF8, 0x00, 0x00,
  0x00, 0x00, 0x00, 0x00, 0x00, 0x00, 0x00, 0x00, 0x00, 0x00, 0x00, 0x00,
  0x00, 0x00, 0x00, 0x00, 0x00, 0x00, 0x00, 0xFF, 0xE0, 0x00, 0x00, 0x3F,
  0xFF, 0xC0, 0x00, 0x0F, 0xFF, 0xFF, 0x00, 0x03, 0xFF, 0xFF, 0xF8, 0x00,
  0x7F, 0xFF, 0xFF, 0xC0, 0x0F, 0xFF, 0xFF, 0xFE, 0x01, 0xFF, 0xFF, 0xFF,
  0xF0, 0x1F, 0xFE, 0x07, 0xFF, 0x83, 0xFF, 0x80, 0x1F, 0xF8, 0x3F, 0xF0,
  0x00, 0xFF, 0xC7, 0xFE, 0x00, 0x07, 0xFC, 0x7F, 0xC0, 0x00, 0x3F, 0xE7,
  0xF8, 0x00, 0x03, 0xFE, 0xFF, 0x80, 0x00, 0x1F, 0xEF, 0xF8, 0x00, 0x01,
  0xFE, 0xFF, 0x00, 0x00, 0x1F, 0xEF, 0xF0, 0x00, 0x01, 0xFF, 0xFF, 0x00,
  0x00, 0x1F, 0xFF, 0xF0, 0x00, 0x01, 0xFF, 0xFF, 0x00, 0x00, 0x1F, 0xEF,
  0xF8, 0x00, 0x01, 0xFE, 0xFF, 0x80, 0x00, 0x1F, 0xE7, 0xF8, 0x00, 0x03,
  0xFE, 0x7F, 0xC0, 0x00, 0x3F, 0xE7, 0xFE, 0x00, 0x07, 0xFC, 0x3F, 0xF0,
  0x00, 0xFF, 0xC3, 0xFF, 0x80, 0x1F, 0xF8, 0x1F, 0xFE, 0x0F, 0xFF, 0x80,
  0xFF, 0xFF, 0xFF, 0xF0, 0x0F, 0xFF, 0xFF, 0xFE, 0x00, 0x7F, 0xFF, 0xFF,
  0xC0, 0x01, 0xFF, 0xFF, 0xF8, 0x00, 0x0F, 0xFF, 0xFF, 0x00, 0x00, 0x3F,
  0xFF, 0xC0, 0x00, 0x00, 0x7F, 0xE0, 0x00, 0x00, 0x00, 0x3F, 0xE0, 0x00,
  0x00, 0x03, 0xFC, 0x00, 0x00, 0x00, 0x7F, 0x80, 0x00, 0x00, 0x07, 0xF8,
  0x00, 0x00, 0x00, 0x7F, 0x00, 0x00, 0x00, 0x0F, 0xF0, 0x00, 0x00, 0x00,
  0xFE, 0x00, 0x00, 0x00, 0x1F, 0xE0, 0x00, 0x00, 0x01, 0xFC, 0x00, 0x00,
  0x00, 0x1F, 0x80, 0x00, 0x00, 0x03, 0xF8, 0x00, 0x00, 0x00, 0x00, 0x00,
  0x00, 0x00, 0x00, 0x00, 0x00, 0x00, 0x00, 0x00, 0x00, 0x00, 0x00, 0x00,
  0x00, 0x00, 0x00, 0x00, 0xFF, 0xE0, 0x00, 0x00, 0x3F, 0xFF, 0xC0, 0x00,
  0x0F, 0xFF, 0xFF, 0x00, 0x03, 0xFF, 0xFF, 0xF8, 0x00, 0x7F, 0xFF, 0xFF,
  0xC0, 0x0F, 0xFF, 0xFF, 0xFE, 0x01, 0xFF, 0xFF, 0xFF, 0xF0, 0x1F, 0xFE,
  0x07, 0xFF, 0x83, 0xFF, 0x80, 0x1F, 0xF8, 0x3F, 0xF0, 0x00, 0xFF, 0xC7,
  0xFE, 0x00, 0x07, 0xFC, 0x7F, 0xC0, 0x00, 0x3F, 0xE7, 0xF8, 0x00, 0x03,
  0xFE, 0xFF, 0x80, 0x00, 0x1F, 0xEF, 0xF8, 0x00, 0x01, 0xFE, 0xFF, 0x00,
  0x00, 0x1F, 0xEF, 0xF0, 0x00, 0x01, 0xFF, 0xFF, 0x00, 0x00, 0x1F, 0xFF,
  0xF0, 0x00, 0x01, 0xFF, 0xFF, 0x00, 0x00, 0x1F, 0xEF, 0xF8, 0x00, 0x01,
  0xFE, 0xFF, 0x80, 0x00, 0x1F, 0xE7, 0xF8, 0x00, 0x03, 0xFE, 0x7F, 0xC0,
  0x00, 0x3F, 0xE7, 0xFE, 0x00, 0x07, 0xFC, 0x3F, 0xF0, 0x00, 0xFF, 0xC3,
  0xFF, 0x80, 0x1F, 0xF8, 0x1F, 0xFE, 0x0F, 0xFF, 0x80, 0xFF, 0xFF, 0xFF,
  0xF0, 0x0F, 0xFF, 0xFF, 0xFE, 0x00, 0x7F, 0xFF, 0xFF, 0xC0, 0x01, 0xFF,
  0xFF, 0xF8, 0x00, 0x0F, 0xFF, 0xFF, 0x00, 0x00, 0x3F, 0xFF, 0xC0, 0x00,
  0x00, 0x7F, 0xE0, 0x00, 0x00, 0x03, 0xFC, 0x00, 0x00, 0x00, 0x7F, 0xC0,
  0x00, 0x00, 0x0F, 0xFE, 0x00, 0x00, 0x00, 0xFF, 0xF0, 0x00, 0x00, 0x1F,
  0xFF, 0x80, 0x00, 0x03, 0xFB, 0xFC, 0x00, 0x00, 0x7F, 0x1F, 0xE0, 0x00,
  0x0F, 0xF0, 0xFE, 0x00, 0x01, 0xFE, 0x07, 0xF0, 0x00, 0x1F, 0xC0, 0x3F,
  0x80, 0x03, 0xF8, 0x03, 0xFC, 0x00, 0x00, 0x00, 0x00, 0x00, 0x00, 0x00,
  0x00, 0x00, 0x00, 0x00, 0x00, 0x00, 0x00, 0x00, 0x00, 0x00, 0x00, 0x00,
  0x00, 0xFF, 0xE0, 0x00, 0x00, 0x3F, 0xFF, 0xC0, 0x00, 0x0F, 0xFF, 0xFF,
  0x00, 0x03, 0xFF, 0xFF, 0xF8, 0x00, 0x7F, 0xFF, 0xFF, 0xC0, 0x0F, 0xFF,
  0xFF, 0xFE, 0x01, 0xFF, 0xFF, 0xFF, 0xF0, 0x1F, 0xFE, 0x07, 0xFF, 0x83,
  0xFF, 0x80, 0x1F, 0xF8, 0x3F, 0xF0, 0x00, 0xFF, 0xC7, 0xFE, 0x00, 0x07,
  0xFC, 0x7F, 0xC0, 0x00, 0x3F, 0xE7, 0xF8, 0x00, 0x03, 0xFE, 0xFF, 0x80,
  0x00, 0x1F, 0xEF, 0xF8, 0x00, 0x01, 0xFE, 0xFF, 0x00, 0x00, 0x1F, 0xEF,
  0xF0, 0x00, 0x01, 0xFF, 0xFF, 0x00, 0x00, 0x1F, 0xFF, 0xF0, 0x00, 0x01,
  0xFF, 0xFF, 0x00, 0x00, 0x1F, 0xEF, 0xF8, 0x00, 0x01, 0xFE, 0xFF, 0x80,
  0x00, 0x1F, 0xE7, 0xF8, 0x00, 0x03, 0xFE, 0x7F, 0xC0, 0x00, 0x3F, 0xE7,
  0xFE, 0x00, 0x07, 0xFC, 0x3F, 0xF0, 0x00, 0xFF, 0xC3, 0xFF, 0x80, 0x1F,
  0xF8, 0x1F, 0xFE, 0x0F, 0xFF, 0x80, 0xFF, 0xFF, 0xFF, 0xF0, 0x0F, 0xFF,
  0xFF, 0xFE, 0x00, 0x7F, 0xFF, 0xFF, 0xC0, 0x01, 0xFF, 0xFF, 0xF8, 0x00,
  0x0F, 0xFF, 0xFF, 0x00, 0x00, 0x3F, 0xFF, 0xC0, 0x00, 0x00, 0x7F, 0xE0,
  0x00, 0x00, 0x3F, 0x00, 0x00, 0x00, 0x07, 0xFC, 0x0F, 0xC0, 0x00, 0xFF,
  0xE0, 0xFC, 0x00, 0x1F, 0xFF, 0x9F, 0x80, 0x01, 0xFF, 0xFF, 0xF8, 0x00,
  0x3F, 0xFF, 0xFF, 0x80, 0x03, 0xF1, 0xFF, 0xF0, 0x00, 0x3F, 0x07, 0xFF,
  0x00, 0x03, 0xF0, 0x3F, 0xE0, 0x00, 0x00, 0x00, 0x70, 0x00, 0x00, 0x00,
  0x00, 0x00, 0x00, 0x00, 0x00, 0x00, 0x00, 0x00, 0x00, 0x00, 0x00, 0x00,
  0x00, 0x00, 0x00, 0x00, 0x00, 0x0F, 0xFE, 0x00, 0x00, 0x03, 0xFF, 0xFC,
  0x00, 0x00, 0xFF, 0xFF, 0xF0, 0x00, 0x3F, 0xFF, 0xFF, 0x80, 0x07, 0xFF,
  0xFF, 0xFC, 0x00, 0xFF, 0xFF, 0xFF, 0xE0, 0x1F, 0xFF, 0xFF, 0xFF, 0x01,
  0xFF, 0xE0, 0x7F, 0xF8, 0x3F, 0xF8, 0x01, 0xFF, 0x83, 0xFF, 0x00, 0x0F,
  0xFC, 0x7F, 0xE0, 0x00, 0x7F, 0xC7, 0xFC, 0x00, 0x03, 0xFE, 0x7F, 0x80,
  0x00, 0x3F, 0xEF, 0xF8, 0x00, 0x01, 0xFE, 0xFF, 0x80, 0x00, 0x1F, 0xEF,
  0xF0, 0x00, 0x01, 0xFE, 0xFF, 0x00, 0x00, 0x1F, 0xFF, 0xF0, 0x00, 0x01,
  0xFF, 0xFF, 0x00, 0x00, 0x1F, 0xFF, 0xF0, 0x00, 0x01, 0xFE, 0xFF, 0x80,
  0x00, 0x1F, 0xEF, 0xF8, 0x00, 0x01, 0xFE, 0x7F, 0x80, 0x00, 0x3F, 0xE7,
  0xFC, 0x00, 0x03, 0xFE, 0x7F, 0xE0, 0x00, 0x7F, 0xC3, 0xFF, 0x00, 0x0F,
  0xFC, 0x3F, 0xF8, 0x01, 0xFF, 0x81, 0xFF, 0xE0, 0xFF, 0xF8, 0x0F, 0xFF,
  0xFF, 0xFF, 0x00, 0xFF, 0xFF, 0xFF, 0xE0, 0x07, 0xFF, 0xFF, 0xFC, 0x00,
  0x1F, 0xFF, 0xFF, 0x80, 0x00, 0xFF, 0xFF, 0xF0, 0x00, 0x03, 0xFF, 0xFC,
  0x00, 0x00, 0x07, 0xFE, 0x00, 0x00, 0x00, 0x78, 0x03, 0xE0, 0x00, 0x1F,
  0xC0, 0x7F, 0x00, 0x01, 0xFE, 0x07, 0xF8, 0x00, 0x3F, 0xE0, 0xFF, 0x80,
  0x03, 0xFE, 0x0F, 0xF8, 0x00, 0x3F, 0xE0, 0xFF, 0x80, 0x01, 0xFE, 0x07,
  0xF8, 0x00, 0x0F, 0xC0, 0x3F, 0x00, 0x00, 0x78, 0x01, 0xC0, 0x00, 0x00,
  0x00, 0x00, 0x00, 0x00, 0x00, 0x00, 0x00, 0x00, 0x00, 0x00, 0x00, 0x00,
  0x00, 0x00, 0x00, 0x00, 0x00, 0x00, 0x00, 0x00, 0x00, 0x00, 0x0F, 0xFE,
  0x00, 0x00, 0x03, 0xFF, 0xFC, 0x00, 0x00, 0xFF, 0xFF, 0xF0, 0x00, 0x3F,
  0xFF, 0xFF, 0x80, 0x07, 0xFF, 0xFF, 0xFC, 0x00, 0xFF, 0xFF, 0xFF, 0xE0,
  0x1F, 0xFF, 0xFF, 0xFF, 0x01, 0xFF, 0xE0, 0x7F, 0xF8, 0x3F, 0xF8, 0x01,
  0xFF, 0x83, 0xFF, 0x00, 0x0F, 0xFC, 0x7F, 0xE0, 0x00, 0x7F, 0xC7, 0xFC,
  0x00, 0x03, 0xFE, 0x7F, 0x80, 0x00, 0x3F, 0xEF, 0xF8, 0x00, 0x01, 0xFE,
  0xFF, 0x80, 0x00, 0x1F, 0xEF, 0xF0, 0x00, 0x01, 0xFE, 0xFF, 0x00, 0x00,
  0x1F, 0xFF, 0xF0, 0x00, 0x01, 0xFF, 0xFF, 0x00, 0x00, 0x1F, 0xFF, 0xF0,
  0x00, 0x01, 0xFE, 0xFF, 0x80, 0x00, 0x1F, 0xEF, 0xF8, 0x00, 0x01, 0xFE,
  0x7F, 0x80, 0x00, 0x3F, 0xE7, 0xFC, 0x00, 0x03, 0xFE, 0x7F, 0xE0, 0x00,
  0x7F, 0xC3, 0xFF, 0x00, 0x0F, 0xFC, 0x3F, 0xF8, 0x01, 0xFF, 0x81, 0xFF,
  0xE0, 0xFF, 0xF8, 0x0F, 0xFF, 0xFF, 0xFF, 0x00, 0xFF, 0xFF, 0xFF, 0xE0,
  0x07, 0xFF, 0xFF, 0xFC, 0x00, 0x1F, 0xFF, 0xFF, 0x80, 0x00, 0xFF, 0xFF,
  0xF0, 0x00, 0x03, 0xFF, 0xFC, 0x00, 0x00, 0x07, 0xFE, 0x00, 0x00, 0x00,
  0x02, 0x00, 0x00, 0x00, 0x3F, 0x00, 0x00, 0x01, 0xFE, 0x00, 0x00, 0x0F,
  0xFC, 0x00, 0x00, 0x3F, 0xF0, 0x00, 0x00, 0xFF, 0xC0, 0x00, 0x03, 0xFF,
  0x00, 0x00, 0x0F, 0xFC, 0x00, 0x00, 0x3F, 0xE0, 0x00, 0x00, 0x7F, 0x00,
  0x00, 0x00, 0x30, 0x00, 0x00, 0x00, 0x00, 0x00, 0x00, 0x00, 0x00, 0x00,
  0x00, 0x00, 0x00, 0x0F, 0xFF, 0xFF, 0xFF, 0xFF, 0xFF, 0xFF, 0xFF, 0xFF,
  0xFF, 0xFF, 0xFF, 0xFF, 0xFF, 0xFF, 0xFF, 0xFF, 0xFF, 0xFF, 0xFF, 0xFF,
  0xFF, 0xFF, 0xFF, 0xFF, 0xFF, 0xFF, 0xFF, 0xFF, 0xFF, 0xF0, 0x00, 0x00,
  0x00, 0x00, 0x00, 0x00, 0x00, 0x00, 0x00, 0x00, 0x00, 0x00, 0x3E, 0x00,
  0x00, 0x01, 0xFE, 0x00, 0x00, 0x0F, 0xF8, 0x00, 0x00, 0x3F, 0xF0, 0x00,
  0x00, 0xFF, 0xC0, 0x00, 0x03, 0xFF, 0x00, 0x00, 0x0F, 0xFC, 0x00, 0x00,
  0x3F, 0xE0, 0x00, 0x00, 0x7F, 0x80, 0x00, 0x00, 0xFC, 0x00, 0x00, 0x00,
  0x00, 0x00, 0x08, 0x00, 0x00, 0xFF, 0xE0, 0xE0, 0x00, 0x3F, 0xFF, 0xDF,
  0x00, 0x0F, 0xFF, 0xFF, 0xF8, 0x03, 0xFF, 0xFF, 0xFE, 0x00, 0x7F, 0xFF,
  0xFF, 0xE0, 0x0F, 0xFF, 0xFF, 0xFE, 0x01, 0xFF, 0xFF, 0xFF, 0xF0, 0x1F,
  0xFE, 0x07, 0xFF, 0x83, 0xFF, 0x80, 0x7F, 0xF8, 0x3F, 0xE0, 0x07, 0xFF,
  0xC7, 0xFC, 0x00, 0xFF, 0xFC, 0x7F, 0xC0, 0x1F, 0xBF, 0xE7, 0xF8, 0x03,
  0xF3, 0xFE, 0xFF, 0x80, 0x3E, 0x1F, 0xEF, 0xF8, 0x07, 0xE1, 0xFE, 0xFF,
  0x00, 0xFC, 0x1F, 0xEF, 0xF0, 0x0F, 0x81, 0xFF, 0xFF, 0x01, 0xF8, 0x1F,
  0xFF, 0xF0, 0x3F, 0x01, 0xFF, 0xFF, 0x07, 0xE0, 0x1F, 0xEF, 0xF8, 0x7C,
  0x01, 0xFE, 0xFF, 0x8F, 0xC0, 0x1F, 0xE7, 0xF9, 0xF8, 0x03, 0xFE, 0x7F,
  0xDF, 0x00, 0x3F, 0xE7, 0xFF, 0xF0, 0x07, 0xFC, 0x3F, 0xFE, 0x00, 0xFF,
  0xC3, 0xFF, 0xC0, 0x1F, 0xF8, 0x1F, 0xFE, 0x07, 0xFF, 0x80, 0xFF, 0xFF,
  0xFF, 0xF0, 0x0F, 0xFF, 0xFF, 0xFE, 0x00, 0x7F, 0xFF, 0xFF, 0xC0, 0x0F,
  0xFF, 0xFF, 0xF8, 0x01, 0xFF, 0xFF, 0xFF, 0x00, 0x0F, 0xBF, 0xFF, 0xC0,
  0x00, 0x70, 0x7F, 0xE0, 0x00, 0x02, 0x00, 0x00, 0x00, 0x00, 0x03, 0xFE,
  0x00, 0x00, 0x03, 0xFC, 0x00, 0x00, 0x03, 0xFC, 0x00, 0x00, 0x07, 0xF8,
  0x00, 0x00, 0x07, 0xF0, 0x00, 0x00, 0x0F, 0xF0, 0x00, 0x00, 0x0F, 0xE0,
  0x00, 0x00, 0x1F, 0xE0, 0x00, 0x00, 0x1F, 0xC0, 0x00, 0x00, 0x1F, 0x80,
  0x00, 0x00, 0x3F, 0x80, 0x00, 0x00, 0x00, 0x00, 0x00, 0x00, 0x00, 0x00,
  0x00, 0x00, 0x00, 0x00, 0x00, 0x00, 0x00, 0x00, 0x00, 0x00, 0x00, 0x00,
  0xFF, 0x00, 0x03, 0xFF, 0xFE, 0x00, 0x07, 0xFF, 0xFC, 0x00, 0x0F, 0xFF,
  0xF8, 0x00, 0x1F, 0xFF, 0xF0, 0x00, 0x3F, 0xFF, 0xE0, 0x00, 0x7F, 0xFF,
  0xC0, 0x00, 0xFF, 0xFF, 0x80, 0x01, 0xFF, 0xFF, 0x00, 0x03, 0xFF, 0xFE,
  0x00, 0x07, 0xFF, 0xFC, 0x00, 0x0F, 0xFF, 0xF8, 0x00, 0x1F, 0xFF, 0xF0,
  0x00, 0x3F, 0xFF, 0xE0, 0x00, 0x7F, 0xFF, 0xC0, 0x00, 0xFF, 0xFF, 0x80,
  0x01, 0xFF, 0xFF, 0x00, 0x03, 0xFF, 0xFE, 0x00, 0x07, 0xFF, 0xFC, 0x00,
  0x0F, 0xFF, 0xF8, 0x00, 0x1F, 0xFF, 0xF0, 0x00, 0x3F, 0xFF, 0xE0, 0x00,
  0x7F, 0xFF, 0xC0, 0x00, 0xFF, 0xFF, 0xC0, 0x03, 0xFF, 0xFF, 0x80, 0x0F,
  0xFF, 0xFF, 0x80, 0x1F, 0xFF, 0xFF, 0x80, 0xFF, 0xFB, 0xFF, 0xFF, 0xFF,
  0xF7, 0xFF, 0xFF, 0xFF, 0xE7, 0xFF, 0xFF, 0xBF, 0xC7, 0xFF, 0xFE, 0x7F,
  0x87, 0xFF, 0xF8, 0xFF, 0x07, 0xFF, 0xC1, 0xFE, 0x03, 0xFE, 0x00, 0x00,
  0x00, 0x00, 0xFF, 0x00, 0x00, 0x03, 0xFC, 0x00, 0x00, 0x07, 0xF8, 0x00,
  0x00, 0x0F, 0xE0, 0x00, 0x00, 0x3F, 0xC0, 0x00, 0x00, 0x7F, 0x00, 0x00,
  0x01, 0xFE, 0x00, 0x00, 0x03, 0xF8, 0x00, 0x00, 0x0F, 0xF0, 0x00, 0x00,
  0x1F, 0xC0, 0x00, 0x00, 0x3F, 0x00, 0x00, 0x00, 0x00, 0x00, 0x00, 0x00,
  0x00, 0x00, 0x00, 0x00, 0x00, 0x00, 0x00, 0x00, 0x00, 0x00, 0x00, 0x00,
  0x00, 0x00, 0xFF, 0x00, 0x03, 0xFF, 0xFE, 0x00, 0x07, 0xFF, 0xFC, 0x00,
  0x0F, 0xFF, 0xF8, 0x00, 0x1F, 0xFF, 0xF0, 0x00, 0x3F, 0xFF, 0xE0, 0x00,
  0x7F, 0xFF, 0xC0, 0x00, 0xFF, 0xFF, 0x80, 0x01, 0xFF, 0xFF, 0x00, 0x03,
  0xFF, 0xFE, 0x00, 0x07, 0xFF, 0xFC, 0x00, 0x0F, 0xFF, 0xF8, 0x00, 0x1F,
  0xFF, 0xF0, 0x00, 0x3F, 0xFF, 0xE0, 0x00, 0x7F, 0xFF, 0xC0, 0x00, 0xFF,
  0xFF, 0x80, 0x01, 0xFF, 0xFF, 0x00, 0x03, 0xFF, 0xFE, 0x00, 0x07, 0xFF,
  0xFC, 0x00, 0x0F, 0xFF, 0xF8, 0x00, 0x1F, 0xFF, 0xF0, 0x00, 0x3F, 0xFF,
  0xE0, 0x00, 0x7F, 0xFF, 0xC0, 0x00, 0xFF, 0xFF, 0xC0, 0x03, 0xFF, 0xFF,
  0x80, 0x0F, 0xFF, 0xFF, 0x80, 0x1F, 0xFF, 0xFF, 0x80, 0xFF, 0xFB, 0xFF,
  0xFF, 0xFF, 0xF7, 0xFF, 0xFF, 0xFF, 0xE7, 0xFF, 0xFF, 0xBF, 0xC7, 0xFF,
  0xFE, 0x7F, 0x87, 0xFF, 0xF8, 0xFF, 0x07, 0xFF, 0xC1, 0xFE, 0x03, 0xFE,
  0x00, 0x00, 0x00, 0x0F, 0xE0, 0x00, 0x00, 0x3F, 0xE0, 0x00, 0x00, 0xFF,
  0xE0, 0x00, 0x03, 0xFF, 0xE0, 0x00, 0x0F, 0xFF, 0xC0, 0x00, 0x3F, 0xDF,
  0xC0, 0x00, 0xFF, 0x1F, 0xC0, 0x01, 0xFC, 0x3F, 0xC0, 0x07, 0xF0, 0x3F,
  0xC0, 0x1F, 0xE0, 0x3F, 0xC0, 0x7F, 0x80, 0x3F, 0xC0, 0x00, 0x00, 0x00,
  0x00, 0x00, 0x00, 0x00, 0x00, 0x00, 0x00, 0x00, 0x00, 0x00, 0x00, 0x00,
  0x00, 0x00, 0x00, 0x00, 0xFF, 0x00, 0x03, 0xFF, 0xFE, 0x00, 0x07, 0xFF,
  0xFC, 0x00, 0x0F, 0xFF, 0xF8, 0x00, 0x1F, 0xFF, 0xF0, 0x00, 0x3F, 0xFF,
  0xE0, 0x00, 0x7F, 0xFF, 0xC0, 0x00, 0xFF, 0xFF, 0x80, 0x01, 0xFF, 0xFF,
  0x00, 0x03, 0xFF, 0xFE, 0x00, 0x07, 0xFF, 0xFC, 0x00, 0x0F, 0xFF, 0xF8,
  0x00, 0x1F, 0xFF, 0xF0, 0x00, 0x3F, 0xFF, 0xE0, 0x00, 0x7F, 0xFF, 0xC0,
  0x00, 0xFF, 0xFF, 0x80, 0x01, 0xFF, 0xFF, 0x00, 0x03, 0xFF, 0xFE, 0x00,
  0x07, 0xFF, 0xFC, 0x00, 0x0F, 0xFF, 0xF8, 0x00, 0x1F, 0xFF, 0xF0, 0x00,
  0x3F, 0xFF, 0xE0, 0x00, 0x7F, 0xFF, 0xC0, 0x00, 0xFF, 0xFF, 0xC0, 0x03,
  0xFF, 0xFF, 0x80, 0x0F, 0xFF, 0xFF, 0x80, 0x1F, 0xFF, 0xFF, 0x80, 0xFF,
  0xFB, 0xFF, 0xFF, 0xFF, 0xF7, 0xFF, 0xFF, 0xFF, 0xE7, 0xFF, 0xFF, 0xBF,
  0xC7, 0xFF, 0xFE, 0x7F, 0x87, 0xFF, 0xF8, 0xFF, 0x07, 0xFF, 0xC1, 0xFE,
  0x03, 0xFE, 0x00, 0x00, 0x03, 0xE0, 0x0F, 0x80, 0x0F, 0xE0, 0x3F, 0x80,
  0x3F, 0xC0, 0xFF, 0x00, 0x7F, 0xC1, 0xFF, 0x00, 0xFF, 0x83, 0xFE, 0x01,
  0xFF, 0x07, 0xFC, 0x03, 0xFC, 0x0F, 0xF0, 0x03, 0xF8, 0x0F, 0xC0, 0x03,
  0xC0, 0x07, 0x00, 0x00, 0x00, 0x00, 0x00, 0x00, 0x00, 0x00, 0x00, 0x00,
  0x00, 0x00, 0x00, 0x00, 0x00, 0x00, 0x00, 0x00, 0x00, 0x00, 0x00, 0x00,
  0x00, 0x00, 0x7F, 0x80, 0x01, 0xFF, 0xFF, 0x00, 0x03, 0xFF, 0xFE, 0x00,
  0x07, 0xFF, 0xFC, 0x00, 0x0F, 0xFF, 0xF8, 0x00, 0x1F, 0xFF, 0xF0, 0x00,
  0x3F, 0xFF, 0xE0, 0x00, 0x7F, 0xFF, 0xC0, 0x00, 0xFF, 0xFF, 0x80, 0x01,
  0xFF, 0xFF, 0x00, 0x03, 0xFF, 0xFE, 0x00, 0x07, 0xFF, 0xFC, 0x00, 0x0F,
  0xFF, 0xF8, 0x00, 0x1F, 0xFF, 0xF0, 0x00, 0x3F, 0xFF, 0xE0, 0x00, 0x7F,
  0xFF, 0xC0, 0x00, 0xFF, 0xFF, 0x80, 0x01, 0xFF, 0xFF, 0x00, 0x03, 0xFF,
  0xFE, 0x00, 0x07, 0xFF, 0xFC, 0x00, 0x0F, 0xFF, 0xF8, 0x00, 0x1F, 0xFF,
  0xF0, 0x00, 0x3F, 0xFF, 0xE0, 0x00, 0x7F, 0xFF, 0xE0, 0x01, 0xFF, 0xFF,
  0xC0, 0x07, 0xFF, 0xFF, 0xC0, 0x0F, 0xFF, 0xFF, 0xC0, 0x7F, 0xFD, 0xFF,
  0xFF, 0xFF, 0xFB, 0xFF, 0xFF, 0xFF, 0xF3, 0xFF, 0xFF, 0xDF, 0xE3, 0xFF,
  0xFF, 0x3F, 0xC3, 0xFF, 0xFC, 0x7F, 0x83, 0xFF, 0xE0, 0xFF, 0x01, 0xFF,
  0x00, 0x00, 0x00, 0x00, 0x3F, 0xE0, 0x00, 0x00, 0x07, 0xF8, 0x00, 0x00,
  0x01, 0xFE, 0x00, 0x00, 0x00, 0x3F, 0xC0, 0x00, 0x00, 0x07, 0xF0, 0x00,
  0x00, 0x01, 0xFE, 0x00, 0x00, 0x00, 0x3F, 0x80, 0x00, 0x00, 0x0F, 0xF0,
  0x00, 0x00, 0x01, 0xFC, 0x00, 0x00, 0x00, 0x3F, 0x00, 0x00, 0x00, 0x0F,
  0xE0, 0x00, 0x00, 0x00, 0x00, 0x00, 0x00, 0x00, 0x00, 0x00, 0x00, 0x00,
  0x00, 0x00, 0x00, 0x00, 0x00, 0x00, 0x00, 0x00, 0x00, 0x00, 0x00, 0x00,
  0xFF, 0x80, 0x00, 0x3F, 0xEF, 0xF8, 0x00, 0x07, 0xFD, 0xFF, 0x00, 0x01,
  0xFF, 0x1F, 0xE0, 0x00, 0x3F, 0xE3, 0xFE, 0x00, 0x07, 0xF8, 0x3F, 0xC0,
  0x01, 0xFF, 0x07, 0xFC, 0x00, 0x3F, 0xC0, 0xFF, 0x80, 0x07, 0xF8, 0x0F,
  0xF8, 0x01, 0xFF, 0x01, 0xFF, 0x00, 0x3F, 0xC0, 0x1F, 0xE0, 0x0F, 0xF8,
  0x03, 0xFE, 0x01, 0xFE, 0x00, 0x3F, 0xC0, 0x3F, 0xC0, 0x07, 0xFC, 0x0F,
  0xF0, 0x00, 0x7F, 0x81, 0xFE, 0x00, 0x0F, 0xF0, 0x7F, 0xC0, 0x01, 0xFF,
  0x0F, 0xF0, 0x00, 0x1F, 0xE1, 0xFE, 0x00, 0x03, 0xFE, 0x7F, 0x80, 0x00,
  0x3F, 0xCF, 0xF0, 0x00, 0x07, 0xF9, 0xFC, 0x00, 0x00, 0x7F, 0xFF, 0x80,
  0x00, 0x0F, 0xFF, 0xF0, 0x00, 0x00, 0xFF, 0xFC, 0x00, 0x00, 0x1F, 0xFF,
  0x80, 0x00, 0x03, 0xFF, 0xE0, 0x00, 0x00, 0x3F, 0xFC, 0x00, 0x00, 0x07,
  0xFF, 0x00, 0x00, 0x00, 0x7F, 0xE0, 0x00, 0x00, 0x0F, 0xFC, 0x00, 0x00,
  0x00, 0xFF, 0x00, 0x00, 0x00, 0x3F, 0xE0, 0x00, 0x00, 0x07, 0xF8, 0x00,
  0x00, 0x01, 0xFF, 0x00, 0x00, 0x00, 0x3F, 0xC0, 0x00, 0x00, 0x0F, 0xF8,
  0x00, 0x00, 0x01, 0xFF, 0x00, 0x00, 0x00, 0x3F, 0xC0, 0x00, 0x00, 0x0F,
  0xF8, 0x00, 0x00, 0x01, 0xFE, 0x00, 0x00, 0x00, 0x7F, 0xC0, 0x00, 0x00,
  0x0F, 0xF0, 0x00, 0x00, 0x03, 0xFE, 0x00, 0x00, 0x00, 0x7F, 0xC0, 0x00,
  0x00, 0x1F, 0xF0, 0x00, 0x00, 0x03, 0xFE, 0x00, 0x00, 0x00, 0xFF, 0x80,
  0x00, 0x00, 0xFF, 0x00, 0x00, 0x00, 0x1F, 0xE0, 0x00, 0x00, 0x03, 0xFC,
  0x00, 0x00, 0x00, 0x7F, 0x80, 0x00, 0x00, 0x0F, 0xF0, 0x00, 0x00, 0x01,
  0xFE, 0x00, 0x00, 0x00, 0x3F, 0xC0, 0x00, 0x00, 0x07, 0xF8, 0x00, 0x00,
  0x00, 0xFF, 0x00, 0x00, 0x00, 0x1F, 0xE0, 0x00, 0x00, 0x03, 0xFC, 0x00,
  0x00, 0x00, 0x7F, 0x80, 0x00, 0x00, 0x0F, 0xF0, 0x1F, 0xF0, 0x01, 0xFE,
  0x0F, 0xFF, 0xC0, 0x3F, 0xC7, 0xFF, 0xFC, 0x07, 0xF9, 0xFF, 0xFF, 0xC0,
  0xFF, 0x7F, 0xFF, 0xFC, 0x1F, 0xFF, 0xFF, 0xFF, 0xC3, 0xFF, 0xFF, 0xFF,
  0xFC, 0x7F, 0xFF, 0x07, 0xFF, 0xCF, 0xFF, 0x80, 0x3F, 0xF9, 0xFF, 0xC0,
  0x03, 0xFF, 0xBF, 0xF0, 0x00, 0x3F, 0xF7, 0xFE, 0x00, 0x03, 0xFE, 0xFF,
  0x80, 0x00, 0x3F, 0xDF, 0xF0, 0x00, 0x07, 0xFF, 0xFE, 0x00, 0x00, 0xFF,
  0xFF, 0x80, 0x00, 0x1F, 0xFF, 0xF0, 0x00, 0x03, 0xFF, 0xFE, 0x00, 0x00,
  0x7F, 0xFF, 0xC0, 0x00, 0x0F, 0xFF, 0xF8, 0x00, 0x01, 0xFF, 0xFF, 0x80,
  0x00, 0x3F, 0xFF, 0xF0, 0x00, 0x07, 0xFF, 0xFE, 0x00, 0x01, 0xFF, 0x7F,
  0xE0, 0x00, 0x3F, 0xEF, 0xFE, 0x00, 0x0F, 0xFD, 0xFF, 0xE0, 0x03, 0xFF,
  0x3F, 0xFE, 0x00, 0xFF, 0xE7, 0xFF, 0xF0, 0x7F, 0xF8, 0xFF, 0xFF, 0xFF,
  0xFF, 0x1F, 0xFF, 0xFF, 0xFF, 0xC3, 0xFF, 0xFF, 0xFF, 0xF0, 0x7F, 0xDF,
  0xFF, 0xFC, 0x0F, 0xF9, 0xFF, 0xFF, 0x01, 0xFF, 0x1F, 0xFF, 0x80, 0x3F,
  0xE0, 0x7F, 0xC0, 0x07, 0xFC, 0x00, 0x00, 0x00, 0xFF, 0x80, 0x00, 0x00,
  0x1F, 0xF0, 0x00, 0x00, 0x03, 0xFE, 0x00, 0x00, 0x00, 0x7F, 0xC0, 0x00,
  0x00, 0x0F, 0xF8, 0x00, 0x00, 0x01, 0xFF, 0x00, 0x00, 0x00, 0x3F, 0xE0,
  0x00, 0x00, 0x07, 0xFC, 0x00, 0x00, 0x00, 0xFF, 0x80, 0x00, 0x00, 0x1F,
  0xF0, 0x00, 0x00, 0x03, 0xFE, 0x00, 0x00, 0x00, 0x7F, 0xC0, 0x00, 0x00,
  0x00, 0x00, 0x78, 0x03, 0xE0, 0x00, 0x3F, 0x80, 0xFE, 0x00, 0x07, 0xF8,
  0x1F, 0xE0, 0x01, 0xFF, 0x07, 0xFC, 0x00, 0x3F, 0xE0, 0xFF, 0x80, 0x07,
  0xFC, 0x1F, 0xF0, 0x00, 0x7F, 0x81, 0xFE, 0x00, 0x0F, 0xE0, 0x1F, 0x80,
  0x00, 0x78, 0x01, 0xC0, 0x00, 0x00, 0x00, 0x00, 0x00, 0x00, 0x00, 0x00,
  0x00, 0x00, 0x00, 0x00, 0x00, 0x00, 0x00, 0x00, 0x00, 0x00, 0x00, 0x00,
  0x00, 0x00, 0x00, 0x00, 0x00, 0x00, 0x07, 0xFC, 0x00, 0x01, 0xFF, 0x7F,
  0xC0, 0x00, 0x3F, 0xEF, 0xF8, 0x00, 0x0F, 0xF8, 0xFF, 0x00, 0x01, 0xFF,
  0x1F, 0xF0, 0x00, 0x3F, 0xC1, 0xFE, 0x00, 0x0F, 0xF8, 0x3F, 0xE0, 0x01,
  0xFE, 0x07, 0xFC, 0x00, 0x3F, 0xC0, 0x7F, 0xC0, 0x0F, 0xF8, 0x0F, 0xF8,
  0x01, 0xFE, 0x00, 0xFF, 0x00, 0x7F, 0xC0, 0x1F, 0xF0, 0x0F, 0xF0, 0x01,
  0xFE, 0x01, 0xFE, 0x00, 0x3F, 0xE0, 0x7F, 0x80, 0x03, 0xFC, 0x0F, 0xF0,
  0x00, 0x7F, 0x83, 0xFE, 0x00, 0x0F, 0xF8, 0x7F, 0x80, 0x00, 0xFF, 0x0F,
  0xF0, 0x00, 0x1F, 0xF3, 0xFC, 0x00, 0x01, 0xFE, 0x7F, 0x80, 0x00, 0x3F,
  0xCF, 0xE0, 0x00, 0x03, 0xFF, 0xFC, 0x00, 0x00, 0x7F, 0xFF, 0x80, 0x00,
  0x07, 0xFF, 0xE0, 0x00, 0x00, 0xFF, 0xFC, 0x00, 0x00, 0x1F, 0xFF, 0x00,
  0x00, 0x01, 0xFF, 0xE0, 0x00, 0x00, 0x3F, 0xF8, 0x00, 0x00, 0x03, 0xFF,
  0x00, 0x00, 0x00, 0x7F, 0xE0, 0x00, 0x00, 0x07, 0xF8, 0x00, 0x00, 0x01,
  0xFF, 0x00, 0x00, 0x00, 0x3F, 0xC0, 0x00, 0x00, 0x0F, 0xF8, 0x00, 0x00,
  0x01, 0xFE, 0x00, 0x00, 0x00, 0x7F, 0xC0, 0x00, 0x00, 0x0F, 0xF8, 0x00,
  0x00, 0x01, 0xFE, 0x00, 0x00, 0x00, 0x7F, 0xC0, 0x00, 0x00, 0x0F, 0xF0,
  0x00, 0x00, 0x03, 0xFE, 0x00, 0x00, 0x00, 0x7F, 0x80, 0x00, 0x00, 0x1F,
  0xF0, 0x00, 0x00, 0x03, 0xFE, 0x00, 0x00, 0x00, 0xFF, 0x80, 0x00, 0x00
};

const WideGlyph GoogleSansFlex_SemiBoldSettingsTitleGlyphs[] PROGMEM = {
  {     0,   1,   1,  14,    0,    0 },   // 0x20 ' '
  {     1,  11,  47,  23,    6,  -45 },   // 0x21 '!'
  {    66,  18,  17,  25,    4,  -45 },   // 0x22 '"'
  {   105,  41,  46,  43,    1,  -45 },   // 0x23 '#'
  {   341,  34,  57,  40,    3,  -51 },   // 0x24 '$'
  {   584,  53,  50,  55,    1,  -47 },   // 0x25 '%'
  {   916,  40,  48,  44,    3,  -46 },   // 0x26 '&'
  {  1156,   7,  17,  15,    4,  -45 },   // 0x27 '''
  {  1171,  18,  61,  23,    3,  -51 },   // 0x28 '('
  {  1309,  19,  61,  23,    1,  -51 },   // 0x29 ')'
  {  1454,  27,  25,  29,    1,  -47 },   // 0x2A '*'
  {  1539,  30,  30,  38,    4,  -34 },   // 0x2B '+'
  {  1652,  12,  18,  17,    2,   -9 },   // 0x2C ','
  {  1679,  19,   7,  21,    1,  -24 },   // 0x2D '-'
  {  1696,  11,  11,  17,    3,   -9 },   // 0x2E '.'
  {  1712,  23,  46,  23,    0,  -45 },   // 0x2F '/'
  {  1845,  37,  48,  42,    3,  -46 },   // 0x30 '0'
  {  2067,  20,  46,  26,    1,  -45 },   // 0x31 '1'
  {  2182,  31,  47,  36,    2,  -46 },   // 0x32 '2'
  {  2365,  32,  48,  36,    2,  -46 },   // 0x33 '3'
  {  2557,  35,  46,  39,    2,  -45 },   // 0x34 '4'
  {  2759,  33,  47,  37,    2,  -45 },   // 0x35 '5'
  {  2953,  34,  49,  38,    2,  -47 },   // 0x36 '6'
  {  3162,  30,  47,  33,    2,  -45 },   // 0x37 '7'
  {  3339,  33,  48,  37,    2,  -46 },   // 0x38 '8'
  {  3537,  33,  49,  38,    2,  -46 },   // 0x39 '9'
  {  3740,  11,  35,  17,    3,  -33 },   // 0x3A ':'
  {  3789,  13,  42,  17,    2,  -33 },   // 0x3B ';'
  {  3858,  29,  30,  38,    4,  -34 },   // 0x3C '<'
  {  3967,  30,  22,  38,    4,  -30 },   // 0x3D '='
  {  4050,  30,  30,  38,    4,  -34 },   // 0x3E '>'
  {  4163,  30,  48,  34,    2,  -46 },   // 0x3F '?'
  {  4343,  51,  50,  57,    3,  -44 },   // 0x40 '@'
  {  4662,  43,  46,  45,    1,  -45 },   // 0x41 'A'
  {  4910,  34,  46,  41,    5,  -45 },   // 0x42 'B'
  {  5106,  43,  48,  47,    2,  -46 },   // 0x43 'C'
  {  5364,  39,  46,  46,    5,  -45 },   // 0x44 'D'
  {  5589,  28,  46,  38,    5,  -45 },   // 0x45 'E'
  {  5750,  27,  46,  36,    5,  -45 },   // 0x46 'F'
  {  5906,  47,  48,  51,    2,  -46 },   // 0x47 'G'
  {  6188,  37,  46,  47,    5,  -45 },   // 0x48 'H'
  {  6401,   9,  46,  19,    5,  -45 },   // 0x49 'I'
  {  6453,  31,  47,  36,    1,  -45 },   // 0x4A 'J'
  {  6636,  38,  46,  43,    5,  -45 },   // 0x4B 'K'
  {  6855,  28,  46,  35,    5,  -45 },   // 0x4C 'L'
  {  7016,  50,  46,  60,    5,  -45 },   // 0x4D 'M'
  {  7304,  37,  46,  47,    5,  -45 },   // 0x4E 'N'
  {  7517,  48,  48,  53,    2,  -46 },   // 0x4F 'O'
  {  7805,  33,  46,  40,    5,  -45 },   // 0x50 'P'
  {  7995,  48,  52,  53,    2,  -46 },   // 0x51 'Q'
  {  8307,  36,  46,  41,    5,  -45 },   // 0x52 'R'
  {  8514,  34,  48,  37,    2,  -46 },   // 0x53 'S'
  {  8718,  34,  46,  37,    1,  -45 },   // 0x54 'T'
  {  8914,  36,  47,  44,    4,  -45 },   // 0x55 'U'
  {  9126,  42,  46,  43,    1,  -45 },   // 0x56 'V'
  {  9368,  62,  46,  64,    1,  -45 },   // 0x57 'W'
  {  9725,  42,  46,  44,    1,  -45 },   // 0x58 'X'
  {  9967,  41,  46,  42,    0,  -45 },   // 0x59 'Y'
  { 10203,  33,  46,  38,    2,  -45 },   // 0x5A 'Z'
  { 10393,  16,  59,  26,    6,  -50 },   // 0x5B '['
  { 10511,  24,  46,  24,    0,  -45 },   // 0x5C '\'
  { 10649,  16,  59,  26,    4,  -50 },   // 0x5D ']'
  { 10767,  30,  20,  32,    1,  -45 },   // 0x5E '^'
  { 10842,  32,   6,  36,    2,    6 },   // 0x5F '_'
  { 10866,  13,  11,  29,    8,  -48 },   // 0x60 '`'
  { 10884,  32,  35,  37,    2,  -33 },   // 0x61 'a'
  { 11024,  35,  47,  41,    4,  -45 },   // 0x62 'b'
  { 11230,  33,  35,  36,    2,  -33 },   // 0x63 'c'
  { 11375,  35,  47,  41,    2,  -45 },   // 0x64 'd'
  { 11581,  33,  35,  37,    2,  -33 },   // 0x65 'e'
  { 11726,  22,  47,  25,    2,  -46 },   // 0x66 'f'
  { 11856,  34,  49,  41,    2,  -33 },   // 0x67 'g'
  { 12065,  31,  46,  39,    4,  -45 },   // 0x68 'h'
  { 12244,  10,  49,  17,    4,  -48 },   // 0x69 'i'
  { 12306,  18,  64,  17,   -4,  -48 },   // 0x6A 'j'
  { 12450,  33,  46,  36,    4,  -45 },   // 0x6B 'k'
  { 12640,   9,  46,  16,    4,  -45 },   // 0x6C 'l'
  { 12692,  52,  34,  60,    4,  -33 },   // 0x6D 'm'
  { 12913,  31,  34,  39,    4,  -33 },   // 0x6E 'n'
  { 13045,  36,  35,  40,    2,  -33 },   // 0x6F 'o'
  { 13203,  35,  48,  41,    4,  -33 },   // 0x70 'p'
  { 13413,  35,  48,  41,    2,  -33 },   // 0x71 'q'
  { 13623,  22,  34,  27,    4,  -33 },   // 0x72 'r'
  { 13717,  30,  35,  32,    1,  -33 },   // 0x73 's'
  { 13849,  22,  43,  26,    1,  -41 },   // 0x74 't'
  { 13968,  31,  34,  39,    4,  -32 },   // 0x75 'u'
  { 14100,  36,  33,  36,    0,  -32 },   // 0x76 'v'
  { 14249,  52,  33,  52,    0,  -32 },   // 0x77 'w'
  { 14464,  34,  33,  34,    0,  -32 },   // 0x78 'x'
  { 14605,  35,  47,  35,    0,  -32 },   // 0x79 'y'
  { 14811,  28,  33,  32,    2,  -32 },   // 0x7A 'z'
  { 14927,  19,  59,  26,    3,  -50 },   // 0x7B '{'
  { 15068,   8,  65,  19,    5,  -50 },   // 0x7C '|'
  { 15133,  19,  59,  26,    4,  -50 },   // 0x7D '}'
  { 15274,  32,  11,  38,    3,  -25 },   // 0x7E '~'
  { 15318,  27,  46,  37,    5,  -45 },   // 0x7F
  { 15474,  27,  46,  37,    5,  -45 },   // 0x80
  { 15630,  27,  46,  37,    5,  -45 },   // 0x81
  { 15786,  27,  46,  37,    5,  -45 },   // 0x82
  { 15942,  27,  46,  37,    5,  -45 },   // 0x83
  { 16098,  27,  46,  37,    5,  -45 },   // 0x84
  { 16254,  27,  46,  37,    5,  -45 },   // 0x85
  { 16410,  27,  46,  37,    5,  -45 },   // 0x86
  { 16566,  27,  46,  37,    5,  -45 },   // 0x87
  { 16722,  27,  46,  37,    5,  -45 },   // 0x88
  { 16878,  27,  46,  37,    5,  -45 },   // 0x89
  { 17034,  27,  46,  37,    5,  -45 },   // 0x8A
  { 17190,  27,  46,  37,    5,  -45 },   // 0x8B
  { 17346,  27,  46,  37,    5,  -45 },   // 0x8C
  { 17502,  27,  46,  37,    5,  -45 },   // 0x8D
  { 17658,  27,  46,  37,    5,  -45 },   // 0x8E
  { 17814,  27,  46,  37,    5,  -45 },   // 0x8F
  { 17970,  27,  46,  37,    5,  -45 },   // 0x90
  { 18126,  27,  46,  37,    5,  -45 },   // 0x91
  { 18282,  27,  46,  37,    5,  -45 },   // 0x92
  { 18438,  27,  46,  37,    5,  -45 },   // 0x93
  { 18594,  27,  46,  37,    5,  -45 },   // 0x94
  { 18750,  27,  46,  37,    5,  -45 },   // 0x95
  { 18906,  27,  46,  37,    5,  -45 },   // 0x96
  { 19062,  27,  46,  37,    5,  -45 },   // 0x97
  { 19218,  27,  46,  37,    5,  -45 },   // 0x98
  { 19374,  27,  46,  37,    5,  -45 },   // 0x99
  { 19530,  27,  46,  37,    5,  -45 },   // 0x9A
  { 19686,  27,  46,  37,    5,  -45 },   // 0x9B
  { 19842,  27,  46,  37,    5,  -45 },   // 0x9C
  { 19998,  27,  46,  37,    5,  -45 },   // 0x9D
  { 20154,  27,  46,  37,    5,  -45 },   // 0x9E
  { 20310,  27,  46,  37,    5,  -45 },   // 0x9F
  { 20466,   1,   1,  14,    0,    0 },   // 0xA0
  { 20467,  11,  47,  23,    6,  -33 },   // 0xA1
  { 20532,  32,  44,  39,    4,  -43 },   // 0xA2
  { 20708,  33,  47,  37,    4,  -46 },   // 0xA3
  { 20902,  32,  32,  40,    4,  -33 },   // 0xA4
  { 21030,  41,  46,  42,    0,  -45 },   // 0xA5
  { 21266,   8,  57,  19,    5,  -48 },   // 0xA6
  { 21323,  32,  62,  38,    3,  -46 },   // 0xA7
  { 21571,  23,   9,  29,    3,  -47 },   // 0xA8
  { 21597,  49,  48,  54,    2,  -46 },   // 0xA9
  { 21891,  27,  29,  32,    2,  -46 },   // 0xAA
  { 21989,  31,  29,  36,    2,  -30 },   // 0xAB
  { 22102,  30,  20,  38,    4,  -23 },   // 0xAC
  { 22177,  19,   7,  21,    1,  -24 },   // 0xAD
  { 22194,  30,  29,  35,    3,  -46 },   // 0xAE
  { 22303,  20,   7,  29,    4,  -46 },   // 0xAF
  { 22321,  18,  18,  22,    2,  -46 },   // 0xB0
  { 22362,  30,  37,  38,    4,  -36 },   // 0xB1
  { 22501,  20,  28,  25,    2,  -58 },   // 0xB2
  { 22571,  21,  29,  25,    2,  -58 },   // 0xB3
  { 22648,  13,  11,  29,    8,  -48 },   // 0xB4
  { 22666,  38,  47,  44,    4,  -32 },   // 0xB5
  { 22890,  36,  60,  43,    2,  -45 },   // 0xB6
  { 23160,  11,  11,  17,    3,  -24 },   // 0xB7
  { 23176,  15,  17,  29,    7,    1 },   // 0xB8
  { 23208,  14,  28,  19,    1,  -58 },   // 0xB9
  { 23257,  30,  29,  35,    3,  -46 },   // 0xBA
  { 23366,  31,  29,  36,    3,  -30 },   // 0xBB
  { 23479,  54,  50,  56,    1,  -47 },   // 0xBC
  { 23817,  55,  50,  58,    1,  -47 },   // 0xBD
  { 24161,  58,  50,  61,    2,  -47 },   // 0xBE
  { 24524,  30,  48,  34,    2,  -33 },   // 0xBF
  { 24704,  43,  62,  45,    1,  -61 },   // 0xC0
  { 25038,  43,  62,  45,    1,  -61 },   // 0xC1
  { 25372,  43,  62,  45,    1,  -61 },   // 0xC2
  { 25706,  43,  61,  45,    1,  -60 },   // 0xC3
  { 26034,  43,  61,  45,    1,  -60 },   // 0xC4
  { 26362,  43,  66,  45,    1,  -65 },   // 0xC5
  { 26717,  60,  46,  65,    0,  -45 },   // 0xC6
  { 27062,  43,  64,  47,    2,  -46 },   // 0xC7
  { 27406,  28,  62,  38,    5,  -61 },   // 0xC8
  { 27623,  28,  62,  38,    5,  -61 },   // 0xC9
  { 27840,  28,  62,  38,    5,  -61 },   // 0xCA
  { 28057,  28,  61,  38,    5,  -60 },   // 0xCB
  { 28271,  14,  62,  19,    0,  -61 },   // 0xCC
  { 28380,  13,  62,  19,    5,  -61 },   // 0xCD
  { 28481,  25,  62,  19,   -3,  -61 },   // 0xCE
  { 28675,  23,  61,  19,   -2,  -60 },   // 0xCF
  { 28851,  44,  46,  46,    0,  -45 },   // 0xD0
  { 29104,  37,  61,  47,    5,  -60 },   // 0xD1
  { 29387,  48,  63,  53,    2,  -61 },   // 0xD2
  { 29765,  48,  63,  53,    2,  -61 },   // 0xD3
  { 30143,  48,  63,  53,    2,  -61 },   // 0xD4
  { 30521,  48,  62,  53,    2,  -60 },   // 0xD5
  { 30893,  48,  62,  53,    2,  -60 },   // 0xD6
  { 31265,  30,  30,  38,    4,  -34 },   // 0xD7
  { 31378,  48,  50,  53,    2,  -47 },   // 0xD8
  { 31678,  36,  63,  44,    4,  -61 },   // 0xD9
  { 31962,  36,  63,  44,    4,  -61 },   // 0xDA
  { 32246,  36,  63,  44,    4,  -61 },   // 0xDB
  { 32530,  36,  62,  44,    4,  -60 },   // 0xDC
  { 32809,  41,  62,  42,    0,  -61 },   // 0xDD
  { 33127,  33,  46,  40,    5,  -45 },   // 0xDE
  { 33317,  33,  48,  39,    4,  -46 },   // 0xDF
  { 33515,  32,  50,  37,    2,  -48 },   // 0xE0
  { 33715,  32,  50,  37,    2,  -48 },   // 0xE1
  { 33915,  32,  50,  37,    2,  -48 },   // 0xE2
  { 34115,  32,  49,  37,    2,  -47 },   // 0xE3
  { 34311,  32,  49,  37,    2,  -47 },   // 0xE4
  { 34507,  32,  54,  37,    2,  -52 },   // 0xE5
  { 34723,  57,  35,  61,    2,  -33 },   // 0xE6
  { 34973,  33,  51,  36,    2,  -33 },   // 0xE7
  { 35184,  33,  50,  37,    2,  -48 },   // 0xE8
  { 35391,  33,  50,  37,    2,  -48 },   // 0xE9
  { 35598,  33,  50,  37,    2,  -48 },   // 0xEA
  { 35805,  33,  49,  37,    2,  -47 },   // 0xEB
  { 36008,  13,  49,  17,    0,  -48 },   // 0xEC
  { 36088,  13,  49,  17,    4,  -48 },   // 0xED
  { 36168,  25,  49,  17,   -4,  -48 },   // 0xEE
  { 36322,  23,  48,  17,   -3,  -47 },   // 0xEF
  { 36460,  34,  48,  39,    2,  -46 },   // 0xF0
  { 36664,  31,  48,  39,    4,  -47 },   // 0xF1
  { 36850,  36,  50,  40,    2,  -48 },   // 0xF2
  { 37075,  36,  50,  40,    2,  -48 },   // 0xF3
  { 37300,  36,  50,  40,    2,  -48 },   // 0xF4
  { 37525,  36,  49,  40,    2,  -47 },   // 0xF5
  { 37746,  36,  49,  40,    2,  -47 },   // 0xF6
  { 37967,  30,  35,  38,    4,  -37 },   // 0xF7
  { 38099,  36,  37,  40,    2,  -34 },   // 0xF8
  { 38266,  31,  50,  39,    4,  -48 },   // 0xF9
  { 38460,  31,  50,  39,    4,  -48 },   // 0xFA
  { 38654,  31,  50,  39,    4,  -48 },   // 0xFB
  { 38848,  31,  49,  39,    4,  -47 },   // 0xFC
  { 39038,  35,  63,  35,    0,  -48 },   // 0xFD
  { 39314,  35,  60,  41,    4,  -45 },   // 0xFE
  { 39577,  35,  62,  35,    0,  -47 }   // 0xFF // 0xFF
};

const WideFont GoogleSansFlex_SemiBoldSettingsTitle PROGMEM = {
  (uint8_t  *)GoogleSansFlex_SemiBoldSettingsTitleBitmaps,
  (WideGlyph *)GoogleSansFlex_SemiBoldSettingsTitleGlyphs,
  0x20, 0xFF, 81 };

// Approx. 41424 bytes
