#pragma once
#include "../WideFont.h"

const uint8_t GoogleSansFlex_RegularSettingsRowBitmaps[] PROGMEM = {
  0x00, 0x73, 0x9C, 0xE7, 0x39, 0xCE, 0x73, 0x9C, 0xE7, 0x39, 0xCE, 0x73,
  0x9C, 0xE0, 0x00, 0x00, 0x33, 0xFF, 0xF7, 0x80, 0xE3, 0xF1, 0xF8, 0xFC,
  0x7E, 0x3F, 0x1F, 0x8F, 0xC7, 0xE3, 0xF1, 0xC0, 0x00, 0xE0, 0x70, 0x00,
  0xE0, 0x70, 0x00, 0xE0, 0x70, 0x00, 0xE0, 0x70, 0x00, 0xE0, 0xF0, 0x01,
  0xE0, 0xE0, 0x01, 0xC0, 0xE0, 0x01, 0xC0, 0xE0, 0x01, 0xC0, 0xE0, 0x3F,
  0xFF, 0xFF, 0x3F, 0xFF, 0xFF, 0x01, 0xC1, 0xE0, 0x03, 0xC1, 0xC0, 0x03,
  0x81, 0xC0, 0x03, 0x81, 0xC0, 0x03, 0x81, 0xC0, 0x03, 0x81, 0xC0, 0x03,
  0x81, 0xC0, 0x7F, 0xFF, 0xFE, 0xFF, 0xFF, 0xFE, 0xFF, 0xFF, 0xFC, 0x07,
  0x03, 0x80, 0x07, 0x03, 0x80, 0x07, 0x03, 0x80, 0x07, 0x03, 0x80, 0x07,
  0x07, 0x80, 0x0F, 0x07, 0x00, 0x0E, 0x07, 0x00, 0x0E, 0x07, 0x00, 0x00,
  0x70, 0x00, 0x07, 0x00, 0x00, 0x70, 0x00, 0x07, 0x00, 0x03, 0xFE, 0x00,
  0xFF, 0xF8, 0x1F, 0xFF, 0xC3, 0xE7, 0x3E, 0x3C, 0x71, 0xF3, 0x87, 0x0C,
  0x78, 0x70, 0x03, 0x87, 0x00, 0x38, 0x70, 0x03, 0xC7, 0x00, 0x3E, 0x70,
  0x01, 0xFF, 0x00, 0x0F, 0xF0, 0x00, 0x3F, 0xE0, 0x00, 0xFF, 0x80, 0x07,
  0xFC, 0x00, 0x77, 0xE0, 0x07, 0x1E, 0x00, 0x70, 0xF0, 0x07, 0x07, 0x10,
  0x70, 0x7F, 0x07, 0x07, 0x78, 0x70, 0x77, 0x87, 0x0F, 0x3C, 0x71, 0xE3,
  0xF7, 0x7E, 0x1F, 0xFF, 0xC0, 0x7F, 0xF8, 0x01, 0xFE, 0x00, 0x07, 0x00,
  0x00, 0x70, 0x00, 0x07, 0x00, 0x0F, 0xE0, 0x00, 0xC0, 0x3F, 0xF0, 0x01,
  0xE0, 0x7F, 0xF8, 0x01, 0xC0, 0x78, 0x38, 0x03, 0xC0, 0xF0, 0x1C, 0x07,
  0x80, 0xE0, 0x1C, 0x07, 0x00, 0xE0, 0x1C, 0x0F, 0x00, 0xE0, 0x1C, 0x1E,
  0x00, 0xF0, 0x1C, 0x1C, 0x00, 0x70, 0x3C, 0x3C, 0x00, 0x7C, 0x78, 0x78,
  0x00, 0x3F, 0xF0, 0x70, 0x00, 0x1F, 0xE0, 0xF0, 0x00, 0x03, 0x81, 0xE0,
  0x00, 0x00, 0x01, 0xC0, 0x00, 0x00, 0x03, 0xC0, 0x00, 0x00, 0x07, 0x80,
  0x00, 0x00, 0x07, 0x03, 0xF0, 0x00, 0x0F, 0x0F, 0xFC, 0x00, 0x1E, 0x1F,
  0xFE, 0x00, 0x1C, 0x1C, 0x0E, 0x00, 0x3C, 0x3C, 0x0F, 0x00, 0x78, 0x38,
  0x07, 0x00, 0x70, 0x38, 0x07, 0x00, 0xF0, 0x38, 0x07, 0x01, 0xE0, 0x3C,
  0x0F, 0x01, 0xC0, 0x1C, 0x0E, 0x03, 0xC0, 0x1F, 0x3E, 0x07, 0x80, 0x0F,
  0xFC, 0x07, 0x00, 0x07, 0xF8, 0x01, 0x00, 0x01, 0xE0, 0x01, 0xF8, 0x00,
  0x07, 0xFC, 0x00, 0x1F, 0xFC, 0x00, 0x7C, 0x78, 0x00, 0xE0, 0x78, 0x03,
  0xC0, 0xE0, 0x07, 0x80, 0x00, 0x0F, 0x00, 0x00, 0x0E, 0x00, 0x00, 0x1E,
  0x00, 0x00, 0x1E, 0x00, 0x00, 0x3E, 0x00, 0x00, 0xFC, 0x00, 0x03, 0xFC,
  0x00, 0x0F, 0xBC, 0x00, 0x3E, 0x3C, 0x00, 0x78, 0x78, 0x01, 0xE0, 0x78,
  0x03, 0xC0, 0x78, 0x37, 0x80, 0x78, 0x7F, 0x00, 0xF9, 0xFE, 0x00, 0xF3,
  0xBC, 0x00, 0xFF, 0x78, 0x00, 0xFC, 0x78, 0x00, 0xF8, 0xF0, 0x01, 0xF0,
  0xF8, 0x0F, 0xE1, 0xFF, 0xFF, 0xE1, 0xFF, 0xF9, 0xE0, 0xFF, 0xC1, 0x80,
  0x3C, 0x02, 0x00, 0xFF, 0xFF, 0xFF, 0xFC, 0x01, 0x00, 0xF0, 0x78, 0x1C,
  0x0F, 0x07, 0x81, 0xE0, 0xF0, 0x3C, 0x1E, 0x07, 0x81, 0xC0, 0xF0, 0x3C,
  0x0F, 0x03, 0x80, 0xE0, 0x38, 0x0E, 0x03, 0x80, 0xE0, 0x38, 0x0E, 0x03,
  0x80, 0xF0, 0x3C, 0x07, 0x01, 0xC0, 0x78, 0x0E, 0x03, 0xC0, 0x70, 0x1E,
  0x03, 0x80, 0xF0, 0x1E, 0x03, 0xC0, 0xC0, 0x10, 0x20, 0x3C, 0x0F, 0x01,
  0xE0, 0x3C, 0x0F, 0x01, 0xE0, 0x78, 0x0F, 0x03, 0xC0, 0x70, 0x1E, 0x07,
  0x80, 0xE0, 0x38, 0x0F, 0x03, 0xC0, 0xF0, 0x3C, 0x0F, 0x03, 0xC0, 0xF0,
  0x3C, 0x0F, 0x03, 0x80, 0xE0, 0x78, 0x1E, 0x07, 0x03, 0xC0, 0xE0, 0x78,
  0x1C, 0x0F, 0x07, 0x81, 0xE0, 0xF0, 0x18, 0x02, 0x00, 0x03, 0x80, 0x07,
  0x00, 0x0E, 0x02, 0x1C, 0x27, 0xB9, 0xEF, 0xFF, 0xFF, 0xFF, 0x03, 0xF0,
  0x07, 0xE0, 0x1F, 0xC0, 0x79, 0xC0, 0xE3, 0xC3, 0xC3, 0xC1, 0x02, 0x00,
  0x01, 0xC0, 0x00, 0xE0, 0x00, 0x70, 0x00, 0x38, 0x00, 0x1C, 0x00, 0x0E,
  0x00, 0x07, 0x00, 0x03, 0x80, 0xFF, 0xFF, 0xFF, 0xFF, 0xFF, 0xFF, 0xE0,
  0x38, 0x00, 0x1C, 0x00, 0x0E, 0x00, 0x07, 0x00, 0x03, 0x80, 0x01, 0xC0,
  0x00, 0xE0, 0x00, 0x71, 0xEF, 0xFE, 0x78, 0xC7, 0x38, 0xC1, 0x00, 0xFF,
  0xFF, 0xFF, 0xFF, 0xF0, 0x71, 0xEF, 0xFE, 0x78, 0x00, 0x70, 0x0F, 0x00,
  0xE0, 0x0E, 0x00, 0xE0, 0x1C, 0x01, 0xC0, 0x1C, 0x03, 0xC0, 0x38, 0x03,
  0x80, 0x78, 0x07, 0x00, 0x70, 0x07, 0x00, 0xE0, 0x0E, 0x00, 0xE0, 0x1C,
  0x01, 0xC0, 0x1C, 0x03, 0xC0, 0x38, 0x03, 0x80, 0x78, 0x07, 0x00, 0x70,
  0x07, 0x00, 0xE0, 0x00, 0x00, 0xFE, 0x00, 0x0F, 0xFE, 0x00, 0x7F, 0xFC,
  0x03, 0xE1, 0xF8, 0x1E, 0x01, 0xF0, 0xF0, 0x03, 0xC3, 0xC0, 0x07, 0x9E,
  0x00, 0x1E, 0x78, 0x00, 0x3D, 0xC0, 0x00, 0xFF, 0x00, 0x03, 0xFC, 0x00,
  0x07, 0xF0, 0x00, 0x1F, 0xC0, 0x00, 0x7F, 0x00, 0x01, 0xFC, 0x00, 0x07,
  0xF0, 0x00, 0x1F, 0xC0, 0x00, 0x7F, 0x00, 0x01, 0xFC, 0x00, 0x07, 0x70,
  0x00, 0x3D, 0xC0, 0x00, 0xF7, 0x80, 0x03, 0x9E, 0x00, 0x1E, 0x3C, 0x00,
  0x78, 0xF8, 0x03, 0xC1, 0xF0, 0x3E, 0x03, 0xFF, 0xF0, 0x07, 0xFF, 0x80,
  0x0F, 0xFC, 0x00, 0x03, 0x80, 0x00, 0x01, 0xE0, 0x7C, 0x3F, 0x8F, 0xF7,
  0xFF, 0xFB, 0xDC, 0x79, 0x0F, 0x01, 0xE0, 0x3C, 0x07, 0x80, 0xF0, 0x1E,
  0x03, 0xC0, 0x78, 0x0F, 0x01, 0xE0, 0x3C, 0x07, 0x80, 0xF0, 0x1E, 0x03,
  0xC0, 0x78, 0x0F, 0x01, 0xE0, 0x3C, 0x07, 0x80, 0xF0, 0x1E, 0x07, 0xF0,
  0x07, 0xFF, 0x03, 0xFF, 0xE1, 0xF8, 0xFC, 0x78, 0x0F, 0xBC, 0x01, 0xE7,
  0x00, 0x38, 0x00, 0x0E, 0x00, 0x03, 0x80, 0x00, 0xE0, 0x00, 0x78, 0x00,
  0x1E, 0x00, 0x0F, 0x00, 0x03, 0xC0, 0x01, 0xE0, 0x00, 0xF0, 0x00, 0x7C,
  0x00, 0x3E, 0x00, 0x1F, 0x00, 0x0F, 0x80, 0x07, 0xC0, 0x03, 0xE0, 0x01,
  0xF0, 0x00, 0x78, 0x00, 0x3C, 0x00, 0x1E, 0x00, 0x0F, 0x00, 0x03, 0xFF,
  0xFF, 0xFF, 0xFF, 0xFF, 0xFF, 0xF0, 0x07, 0xF0, 0x07, 0xFF, 0x03, 0xFF,
  0xE0, 0xF8, 0xFC, 0x78, 0x0F, 0xBE, 0x01, 0xE7, 0x00, 0x78, 0x00, 0x0E,
  0x00, 0x03, 0x80, 0x01, 0xE0, 0x00, 0x78, 0x00, 0x3C, 0x00, 0x1F, 0x00,
  0xFF, 0x80, 0x3F, 0x80, 0x0F, 0xF8, 0x00, 0x3F, 0x00, 0x01, 0xE0, 0x00,
  0x38, 0x00, 0x0F, 0x00, 0x03, 0xC0, 0x00, 0x76, 0x00, 0x1F, 0xC0, 0x0F,
  0xF0, 0x03, 0xDE, 0x01, 0xE7, 0xC0, 0xF8, 0xFF, 0xFC, 0x1F, 0xFE, 0x03,
  0xFF, 0x00, 0x1E, 0x00, 0x00, 0x07, 0x80, 0x00, 0xF8, 0x00, 0x1F, 0x80,
  0x01, 0xF8, 0x00, 0x3F, 0x80, 0x07, 0xB8, 0x00, 0x73, 0x80, 0x0F, 0x38,
  0x01, 0xE3, 0x80, 0x1C, 0x38, 0x03, 0xC3, 0x80, 0x78, 0x38, 0x07, 0x03,
  0x80, 0xF0, 0x38, 0x1E, 0x03, 0x81, 0xC0, 0x38, 0x3C, 0x03, 0x87, 0x80,
  0x38, 0x70, 0x03, 0x8F, 0xFF, 0xFF, 0xFF, 0xFF, 0xFF, 0xFF, 0xFF, 0xFF,
  0xFF, 0xF0, 0x00, 0x38, 0x00, 0x03, 0x80, 0x00, 0x38, 0x00, 0x03, 0x80,
  0x00, 0x38, 0x00, 0x03, 0x80, 0x1F, 0xFF, 0x87, 0xFF, 0xF0, 0xFF, 0xFE,
  0x1C, 0x00, 0x03, 0x80, 0x00, 0x70, 0x00, 0x0E, 0x00, 0x01, 0xC0, 0x00,
  0x78, 0x00, 0x0F, 0x00, 0x01, 0xE1, 0xC0, 0x39, 0xFF, 0x07, 0xFF, 0xF0,
  0xFF, 0xFF, 0x1F, 0x01, 0xF1, 0xC0, 0x1E, 0x00, 0x01, 0xE0, 0x00, 0x3C,
  0x00, 0x03, 0x80, 0x00, 0x70, 0x00, 0x0E, 0xC0, 0x01, 0xFC, 0x00, 0x7B,
  0x80, 0x0F, 0x78, 0x03, 0xC7, 0x80, 0xF8, 0xFF, 0xFE, 0x0F, 0xFF, 0x80,
  0x7F, 0xC0, 0x03, 0xC0, 0x00, 0x00, 0x18, 0x00, 0x01, 0xC0, 0x00, 0x3C,
  0x00, 0x07, 0x80, 0x00, 0xF8, 0x00, 0x0F, 0x00, 0x01, 0xE0, 0x00, 0x3C,
  0x00, 0x03, 0xC0, 0x00, 0x78, 0x00, 0x0F, 0x00, 0x01, 0xF0, 0x00, 0x1F,
  0xFE, 0x03, 0xFF, 0xF0, 0x3F, 0xFF, 0x87, 0xE0, 0x7C, 0x78, 0x03, 0xEF,
  0x00, 0x1E, 0xF0, 0x00, 0xEE, 0x00, 0x0E, 0xE0, 0x00, 0xFE, 0x00, 0x0F,
  0xE0, 0x00, 0xEF, 0x00, 0x0E, 0xF0, 0x01, 0xE7, 0x80, 0x3C, 0x7C, 0x07,
  0xC3, 0xFF, 0xF8, 0x1F, 0xFF, 0x00, 0x7F, 0xC0, 0x00, 0xE0, 0x00, 0xFF,
  0xFF, 0xFF, 0xFF, 0xFF, 0xFF, 0xFC, 0x00, 0x07, 0x00, 0x03, 0xC0, 0x01,
  0xE0, 0x00, 0x78, 0x00, 0x3C, 0x00, 0x0F, 0x00, 0x07, 0x80, 0x01, 0xE0,
  0x00, 0xF0, 0x00, 0x3C, 0x00, 0x1E, 0x00, 0x07, 0x80, 0x03, 0xC0, 0x00,
  0xE0, 0x00, 0x78, 0x00, 0x1C, 0x00, 0x0F, 0x00, 0x07, 0x80, 0x01, 0xE0,
  0x00, 0xF0, 0x00, 0x3C, 0x00, 0x1E, 0x00, 0x07, 0x80, 0x03, 0xC0, 0x00,
  0xF0, 0x00, 0x78, 0x00, 0x02, 0x00, 0x00, 0x03, 0xF8, 0x01, 0xFF, 0xC0,
  0x7F, 0xFC, 0x1F, 0x8F, 0xC3, 0xC0, 0x78, 0xF0, 0x07, 0x1E, 0x00, 0xF3,
  0x80, 0x1E, 0x70, 0x03, 0xCF, 0x00, 0x79, 0xE0, 0x0E, 0x1E, 0x03, 0xC3,
  0xE0, 0xF0, 0x3F, 0xFC, 0x01, 0xFF, 0x00, 0xFF, 0xF8, 0x3E, 0x1F, 0x8F,
  0x00, 0xF9, 0xC0, 0x0F, 0x78, 0x00, 0xEE, 0x00, 0x1F, 0xC0, 0x03, 0xFC,
  0x00, 0x7F, 0x80, 0x0F, 0xF0, 0x01, 0xCF, 0x00, 0x79, 0xF0, 0x1F, 0x1F,
  0xFF, 0xC1, 0xFF, 0xF0, 0x1F, 0xF8, 0x00, 0x78, 0x00, 0x01, 0xFC, 0x00,
  0x7F, 0xF0, 0x1F, 0xFF, 0x83, 0xF8, 0xFC, 0x3C, 0x03, 0xE7, 0x80, 0x1E,
  0x78, 0x00, 0xF7, 0x00, 0x0F, 0xF0, 0x00, 0xFF, 0x00, 0x07, 0xF0, 0x00,
  0xFF, 0x00, 0x0F, 0x78, 0x00, 0xF7, 0x80, 0x1E, 0x3C, 0x03, 0xE3, 0xF0,
  0xFE, 0x1F, 0xFF, 0xC0, 0xFF, 0xF8, 0x03, 0xF7, 0x80, 0x00, 0xF0, 0x00,
  0x1E, 0x00, 0x01, 0xE0, 0x00, 0x3C, 0x00, 0x07, 0x80, 0x00, 0xF8, 0x00,
  0x0F, 0x00, 0x01, 0xE0, 0x00, 0x3C, 0x00, 0x07, 0xC0, 0x00, 0x38, 0x00,
  0x00, 0x80, 0x00, 0x71, 0xEF, 0xFE, 0x78, 0x00, 0x00, 0x00, 0x00, 0x00,
  0x00, 0x00, 0x00, 0x71, 0xEF, 0xFE, 0x78, 0x39, 0xF7, 0xDF, 0x78, 0x00,
  0x00, 0x00, 0x00, 0x00, 0x00, 0x00, 0x00, 0x71, 0xEF, 0xFE, 0x78, 0xC7,
  0x38, 0xC1, 0x00, 0x00, 0x00, 0x80, 0x01, 0xC0, 0x03, 0xE0, 0x07, 0xF0,
  0x0F, 0xE0, 0x3F, 0x80, 0x7F, 0x00, 0xFC, 0x00, 0xF8, 0x00, 0x78, 0x00,
  0x3F, 0x00, 0x07, 0xF0, 0x00, 0xFE, 0x00, 0x1F, 0xE0, 0x01, 0xFC, 0x00,
  0x3F, 0x00, 0x07, 0x80, 0x00, 0x40, 0xFF, 0xFF, 0xFF, 0xFF, 0xFF, 0xFF,
  0xE0, 0x00, 0x00, 0x00, 0x00, 0x00, 0x00, 0x00, 0x00, 0x00, 0x00, 0xFF,
  0xFF, 0xFF, 0xFF, 0xFF, 0xFF, 0xE0, 0x80, 0x00, 0x70, 0x00, 0x3E, 0x00,
  0x1F, 0xC0, 0x03, 0xF8, 0x00, 0x7F, 0x80, 0x07, 0xF0, 0x00, 0xFE, 0x00,
  0x0F, 0x80, 0x03, 0xC0, 0x07, 0xE0, 0x1F, 0xC0, 0x3F, 0x80, 0xFF, 0x01,
  0xFC, 0x01, 0xF8, 0x00, 0xF0, 0x00, 0x40, 0x00, 0x00, 0x07, 0xE0, 0x1F,
  0xF8, 0x3F, 0xFC, 0x7E, 0x7E, 0xF8, 0x1F, 0xF0, 0x0F, 0x60, 0x0F, 0x00,
  0x0F, 0x00, 0x0F, 0x00, 0x0F, 0x00, 0x1E, 0x00, 0x3E, 0x00, 0x7C, 0x00,
  0xF8, 0x00, 0xF0, 0x01, 0xE0, 0x03, 0xC0, 0x03, 0xC0, 0x03, 0xC0, 0x03,
  0xC0, 0x03, 0xC0, 0x00, 0x00, 0x00, 0x00, 0x00, 0x00, 0x01, 0xC0, 0x07,
  0xE0, 0x07, 0xE0, 0x07, 0xE0, 0x07, 0xE0, 0x03, 0xC0, 0x00, 0x1F, 0xFC,
  0x00, 0x00, 0xFF, 0xFF, 0x00, 0x01, 0xFE, 0x3F, 0xC0, 0x07, 0xE0, 0x03,
  0xE0, 0x0F, 0x80, 0x00, 0xF0, 0x1F, 0x00, 0x00, 0x78, 0x1E, 0x00, 0x00,
  0x3C, 0x3C, 0x07, 0xC0, 0x1C, 0x38, 0x1F, 0xF7, 0x0E, 0x70, 0x3F, 0xFF,
  0x0E, 0x70, 0x78, 0x1F, 0x07, 0x70, 0x70, 0x0F, 0x07, 0xE0, 0xE0, 0x0F,
  0x07, 0xE0, 0xE0, 0x07, 0x07, 0xE0, 0xE0, 0x07, 0x07, 0xE0, 0xE0, 0x07,
  0x07, 0xE0, 0xE0, 0x07, 0x07, 0xE0, 0xE0, 0x07, 0x07, 0xE0, 0xE0, 0x0F,
  0x07, 0x70, 0x70, 0x0F, 0x07, 0x70, 0x78, 0x1F, 0x8E, 0x70, 0x3F, 0xFB,
  0xFE, 0x38, 0x1F, 0xF1, 0xFC, 0x38, 0x07, 0xC0, 0xF0, 0x1C, 0x00, 0x00,
  0x00, 0x1E, 0x00, 0x00, 0x00, 0x0F, 0x80, 0x00, 0x00, 0x07, 0xC0, 0x04,
  0x00, 0x03, 0xFE, 0x3C, 0x00, 0x00, 0xFF, 0xFE, 0x00, 0x00, 0x3F, 0xF8,
  0x00, 0x00, 0x3E, 0x00, 0x00, 0x0F, 0xC0, 0x00, 0x03, 0xF0, 0x00, 0x01,
  0xFC, 0x00, 0x00, 0x77, 0x80, 0x00, 0x1C, 0xE0, 0x00, 0x0F, 0x38, 0x00,
  0x03, 0x8F, 0x00, 0x01, 0xE1, 0xC0, 0x00, 0x78, 0x78, 0x00, 0x1C, 0x1E,
  0x00, 0x0F, 0x03, 0x80, 0x03, 0xC0, 0xF0, 0x01, 0xE0, 0x3C, 0x00, 0x78,
  0x07, 0x00, 0x1C, 0x01, 0xE0, 0x0F, 0x00, 0x38, 0x03, 0xC0, 0x0F, 0x00,
  0xFF, 0xFF, 0xC0, 0x7F, 0xFF, 0xF0, 0x1F, 0xFF, 0xFE, 0x0F, 0x00, 0x07,
  0x83, 0xC0, 0x00, 0xE0, 0xE0, 0x00, 0x3C, 0x78, 0x00, 0x0F, 0x1E, 0x00,
  0x01, 0xE7, 0x00, 0x00, 0x7B, 0xC0, 0x00, 0x0E, 0xF0, 0x00, 0x03, 0xC0,
  0xFF, 0xFE, 0x0F, 0xFF, 0xF0, 0xFF, 0xFF, 0x8F, 0x00, 0x7C, 0xF0, 0x01,
  0xEF, 0x00, 0x1E, 0xF0, 0x00, 0xEF, 0x00, 0x0E, 0xF0, 0x00, 0xEF, 0x00,
  0x1E, 0xF0, 0x01, 0xEF, 0x00, 0x3C, 0xFF, 0xFF, 0x8F, 0xFF, 0xF0, 0xFF,
  0xFF, 0x8F, 0xFF, 0xFC, 0xF0, 0x03, 0xEF, 0x00, 0x0F, 0xF0, 0x00, 0xFF,
  0x00, 0x07, 0xF0, 0x00, 0x7F, 0x00, 0x07, 0xF0, 0x00, 0xFF, 0x00, 0x0F,
  0xF0, 0x01, 0xEF, 0x00, 0x7E, 0xFF, 0xFF, 0xCF, 0xFF, 0xF8, 0xFF, 0xFC,
  0x00, 0x00, 0x1F, 0xE0, 0x00, 0x1F, 0xFF, 0x80, 0x0F, 0xFF, 0xF8, 0x03,
  0xFC, 0x3F, 0xC0, 0xFC, 0x00, 0xFC, 0x3E, 0x00, 0x07, 0x8F, 0x80, 0x00,
  0x41, 0xE0, 0x00, 0x00, 0x78, 0x00, 0x00, 0x0F, 0x00, 0x00, 0x03, 0xC0,
  0x00, 0x00, 0x78, 0x00, 0x00, 0x0F, 0x00, 0x00, 0x01, 0xC0, 0x00, 0x00,
  0x38, 0x00, 0x00, 0x07, 0x00, 0x00, 0x00, 0xE0, 0x00, 0x00, 0x1E, 0x00,
  0x00, 0x03, 0xC0, 0x00, 0x00, 0x78, 0x00, 0x00, 0x07, 0x00, 0x00, 0x00,
  0xF0, 0x00, 0x00, 0x1F, 0x00, 0x00, 0x01, 0xE0, 0x00, 0x04, 0x1E, 0x00,
  0x01, 0xC1, 0xF0, 0x00, 0xFC, 0x3F, 0x80, 0x7F, 0x01, 0xFF, 0xFF, 0xC0,
  0x1F, 0xFF, 0xE0, 0x00, 0xFF, 0xF0, 0x00, 0x01, 0xE0, 0x00, 0xFF, 0xFE,
  0x00, 0xFF, 0xFF, 0x80, 0xFF, 0xFF, 0xE0, 0xF0, 0x07, 0xF0, 0xF0, 0x00,
  0xF8, 0xF0, 0x00, 0x7C, 0xF0, 0x00, 0x3C, 0xF0, 0x00, 0x1E, 0xF0, 0x00,
  0x1E, 0xF0, 0x00, 0x0E, 0xF0, 0x00, 0x0F, 0xF0, 0x00, 0x0F, 0xF0, 0x00,
  0x0F, 0xF0, 0x00, 0x07, 0xF0, 0x00, 0x07, 0xF0, 0x00, 0x0F, 0xF0, 0x00,
  0x0F, 0xF0, 0x00, 0x0F, 0xF0, 0x00, 0x0F, 0xF0, 0x00, 0x0E, 0xF0, 0x00,
  0x1E, 0xF0, 0x00, 0x3C, 0xF0, 0x00, 0x3C, 0xF0, 0x00, 0x78, 0xF0, 0x01,
  0xF0, 0xF0, 0x1F, 0xE0, 0xFF, 0xFF, 0xC0, 0xFF, 0xFF, 0x00, 0xFF, 0xF8,
  0x00, 0xFF, 0xFF, 0xFF, 0xFF, 0xFF, 0xFF, 0xFE, 0x00, 0x0F, 0x00, 0x07,
  0x80, 0x03, 0xC0, 0x01, 0xE0, 0x00, 0xF0, 0x00, 0x78, 0x00, 0x3C, 0x00,
  0x1E, 0x00, 0x0F, 0x00, 0x07, 0xFF, 0xFB, 0xFF, 0xFD, 0xFF, 0xFE, 0xF0,
  0x00, 0x78, 0x00, 0x3C, 0x00, 0x1E, 0x00, 0x0F, 0x00, 0x07, 0x80, 0x03,
  0xC0, 0x01, 0xE0, 0x00, 0xF0, 0x00, 0x78, 0x00, 0x3F, 0xFF, 0xFF, 0xFF,
  0xFF, 0xFF, 0xF8, 0xFF, 0xFF, 0xFF, 0xFF, 0xFF, 0xFF, 0xF0, 0x00, 0xF0,
  0x00, 0xF0, 0x00, 0xF0, 0x00, 0xF0, 0x00, 0xF0, 0x00, 0xF0, 0x00, 0xF0,
  0x00, 0xF0, 0x00, 0xF0, 0x00, 0xFF, 0xFF, 0xFF, 0xFF, 0xFF, 0xFF, 0xF0,
  0x00, 0xF0, 0x00, 0xF0, 0x00, 0xF0, 0x00, 0xF0, 0x00, 0xF0, 0x00, 0xF0,
  0x00, 0xF0, 0x00, 0xF0, 0x00, 0xF0, 0x00, 0xF0, 0x00, 0xF0, 0x00, 0xF0,
  0x00, 0x00, 0x1F, 0xF0, 0x00, 0x03, 0xFF, 0xF0, 0x00, 0x3F, 0xFF, 0xF0,
  0x01, 0xFE, 0x0F, 0xE0, 0x0F, 0xC0, 0x07, 0xC0, 0x7C, 0x00, 0x0E, 0x03,
  0xE0, 0x00, 0x10, 0x0F, 0x00, 0x00, 0x00, 0x78, 0x00, 0x00, 0x01, 0xE0,
  0x00, 0x00, 0x0F, 0x00, 0x00, 0x00, 0x3C, 0x00, 0x00, 0x00, 0xF0, 0x00,
  0x00, 0x03, 0x80, 0x00, 0x00, 0x0E, 0x00, 0x1F, 0xFF, 0xB8, 0x00, 0x7F,
  0xFE, 0xE0, 0x01, 0xFF, 0xFF, 0xC0, 0x07, 0xFF, 0xFF, 0x00, 0x00, 0x03,
  0xBC, 0x00, 0x00, 0x0E, 0x70, 0x00, 0x00, 0x79, 0xE0, 0x00, 0x01, 0xE3,
  0xC0, 0x00, 0x07, 0x0F, 0x00, 0x00, 0x3C, 0x1E, 0x00, 0x01, 0xE0, 0x3E,
  0x00, 0x0F, 0x80, 0x7E, 0x00, 0xFC, 0x00, 0xFF, 0xFF, 0xE0, 0x01, 0xFF,
  0xFE, 0x00, 0x01, 0xFF, 0xE0, 0x00, 0x00, 0x38, 0x00, 0x00, 0xF0, 0x00,
  0x1F, 0xC0, 0x00, 0x7F, 0x00, 0x01, 0xFC, 0x00, 0x07, 0xF0, 0x00, 0x1F,
  0xC0, 0x00, 0x7F, 0x00, 0x01, 0xFC, 0x00, 0x07, 0xF0, 0x00, 0x1F, 0xC0,
  0x00, 0x7F, 0x00, 0x01, 0xFC, 0x00, 0x07, 0xFF, 0xFF, 0xFF, 0xFF, 0xFF,
  0xFF, 0xFF, 0xFF, 0xFF, 0xFF, 0xFF, 0xF0, 0x00, 0x1F, 0xC0, 0x00, 0x7F,
  0x00, 0x01, 0xFC, 0x00, 0x07, 0xF0, 0x00, 0x1F, 0xC0, 0x00, 0x7F, 0x00,
  0x01, 0xFC, 0x00, 0x07, 0xF0, 0x00, 0x1F, 0xC0, 0x00, 0x7F, 0x00, 0x01,
  0xFC, 0x00, 0x07, 0xF0, 0x00, 0x1C, 0xFF, 0xFF, 0xFF, 0xFF, 0xFF, 0xFF,
  0xFF, 0xFF, 0xFF, 0xFF, 0xFF, 0xFF, 0xFF, 0xFF, 0xF0, 0x00, 0x03, 0xC0,
  0x00, 0xF0, 0x00, 0x3C, 0x00, 0x0F, 0x00, 0x03, 0xC0, 0x00, 0xF0, 0x00,
  0x3C, 0x00, 0x0F, 0x00, 0x03, 0xC0, 0x00, 0xF0, 0x00, 0x3C, 0x00, 0x0F,
  0x00, 0x03, 0xC0, 0x00, 0xF0, 0x00, 0x3C, 0x00, 0x0F, 0x00, 0x03, 0xC0,
  0x00, 0xF0, 0x00, 0x3C, 0x00, 0x0F, 0x00, 0x03, 0xC8, 0x00, 0xFF, 0x00,
  0x3F, 0xC0, 0x0F, 0x78, 0x07, 0x9F, 0x03, 0xE3, 0xFF, 0xF0, 0x7F, 0xF8,
  0x0F, 0xFC, 0x00, 0x38, 0x00, 0xF0, 0x00, 0xFD, 0xE0, 0x03, 0xE3, 0xC0,
  0x07, 0x87, 0x80, 0x1E, 0x0F, 0x00, 0x7C, 0x1E, 0x01, 0xF0, 0x3C, 0x07,
  0xC0, 0x78, 0x1F, 0x00, 0xF0, 0x3C, 0x01, 0xE0, 0xF0, 0x03, 0xC3, 0xC0,
  0x07, 0x8F, 0x00, 0x0F, 0x3E, 0x00, 0x1E, 0xFE, 0x00, 0x3F, 0xFC, 0x00,
  0x7F, 0xBC, 0x00, 0xFE, 0x7C, 0x01, 0xF8, 0x78, 0x03, 0xE0, 0x78, 0x07,
  0xC0, 0x78, 0x0F, 0x00, 0xF8, 0x1E, 0x00, 0xF0, 0x3C, 0x00, 0xF0, 0x78,
  0x01, 0xF0, 0xF0, 0x01, 0xE1, 0xE0, 0x01, 0xE3, 0xC0, 0x01, 0xE7, 0x80,
  0x03, 0xEF, 0x00, 0x03, 0xE0, 0xF0, 0x00, 0x78, 0x00, 0x3C, 0x00, 0x1E,
  0x00, 0x0F, 0x00, 0x07, 0x80, 0x03, 0xC0, 0x01, 0xE0, 0x00, 0xF0, 0x00,
  0x78, 0x00, 0x3C, 0x00, 0x1E, 0x00, 0x0F, 0x00, 0x07, 0x80, 0x03, 0xC0,
  0x01, 0xE0, 0x00, 0xF0, 0x00, 0x78, 0x00, 0x3C, 0x00, 0x1E, 0x00, 0x0F,
  0x00, 0x07, 0x80, 0x03, 0xC0, 0x01, 0xE0, 0x00, 0xF0, 0x00, 0x78, 0x00,
  0x3F, 0xFF, 0xFF, 0xFF, 0xFF, 0xFF, 0xF8, 0xFC, 0x00, 0x00, 0xFF, 0xE0,
  0x00, 0x07, 0xFF, 0x00, 0x00, 0x7F, 0xFC, 0x00, 0x03, 0xFF, 0xE0, 0x00,
  0x3F, 0xFF, 0x80, 0x01, 0xFF, 0xFC, 0x00, 0x0E, 0xFE, 0xE0, 0x00, 0xF7,
  0xF7, 0x80, 0x07, 0x3F, 0x9C, 0x00, 0x79, 0xFC, 0xF0, 0x03, 0xCF, 0xE7,
  0x80, 0x1C, 0x7F, 0x1C, 0x01, 0xE3, 0xF8, 0xF0, 0x0E, 0x1F, 0xC3, 0x80,
  0xF0, 0xFE, 0x1E, 0x07, 0x87, 0xF0, 0xF0, 0x38, 0x3F, 0x83, 0x83, 0xC1,
  0xFC, 0x1E, 0x1C, 0x0F, 0xE0, 0x70, 0xE0, 0x7F, 0x03, 0xCF, 0x03, 0xF8,
  0x1E, 0x70, 0x1F, 0xC0, 0x77, 0x80, 0xFE, 0x03, 0xF8, 0x07, 0xF0, 0x0F,
  0xC0, 0x3F, 0x80, 0x7E, 0x01, 0xFC, 0x03, 0xE0, 0x0F, 0xE0, 0x0F, 0x00,
  0x7F, 0x00, 0x70, 0x03, 0x80, 0xF8, 0x00, 0x1F, 0xF8, 0x00, 0x3F, 0xF0,
  0x00, 0x7F, 0xF0, 0x00, 0xFF, 0xF0, 0x01, 0xFF, 0xE0, 0x03, 0xFD, 0xE0,
  0x07, 0xF9, 0xE0, 0x0F, 0xF3, 0xC0, 0x1F, 0xE3, 0xC0, 0x3F, 0xC3, 0x80,
  0x7F, 0x87, 0x80, 0xFF, 0x07, 0x81, 0xFE, 0x0F, 0x03, 0xFC, 0x0F, 0x07,
  0xF8, 0x0F, 0x0F, 0xF0, 0x1E, 0x1F, 0xE0, 0x1E, 0x3F, 0xC0, 0x1E, 0x7F,
  0x80, 0x3C, 0xFF, 0x00, 0x3D, 0xFE, 0x00, 0x3B, 0xFC, 0x00, 0x7F, 0xF8,
  0x00, 0x7F, 0xF0, 0x00, 0xFF, 0xE0, 0x00, 0xFF, 0xC0, 0x00, 0xFF, 0x80,
  0x01, 0xFF, 0x00, 0x01, 0xE0, 0x00, 0x1F, 0xE0, 0x00, 0x03, 0xFF, 0xF0,
  0x00, 0x3F, 0xFF, 0xF0, 0x01, 0xFC, 0x1F, 0xE0, 0x0F, 0xC0, 0x0F, 0xC0,
  0x7C, 0x00, 0x0F, 0x83, 0xE0, 0x00, 0x1F, 0x0F, 0x00, 0x00, 0x3C, 0x78,
  0x00, 0x00, 0x79, 0xE0, 0x00, 0x01, 0xEF, 0x00, 0x00, 0x03, 0xBC, 0x00,
  0x00, 0x0F, 0xF0, 0x00, 0x00, 0x3F, 0x80, 0x00, 0x00, 0xFE, 0x00, 0x00,
  0x03, 0xF8, 0x00, 0x00, 0x0F, 0xE0, 0x00, 0x00, 0x3F, 0xC0, 0x00, 0x00,
  0xFF, 0x00, 0x00, 0x03, 0xFC, 0x00, 0x00, 0x0E, 0x70, 0x00, 0x00, 0x79,
  0xE0, 0x00, 0x01, 0xE7, 0xC0, 0x00, 0x0F, 0x0F, 0x00, 0x00, 0x3C, 0x1E,
  0x00, 0x01, 0xE0, 0x3E, 0x00, 0x1F, 0x00, 0xFE, 0x01, 0xF8, 0x00, 0xFF,
  0xFF, 0xC0, 0x01, 0xFF, 0xFE, 0x00, 0x01, 0xFF, 0xE0, 0x00, 0x00, 0xF8,
  0x00, 0x00, 0xFF, 0xFC, 0x1F, 0xFF, 0xE3, 0xFF, 0xFE, 0x78, 0x03, 0xEF,
  0x00, 0x3D, 0xE0, 0x03, 0xFC, 0x00, 0x7F, 0x80, 0x07, 0xF0, 0x00, 0xFE,
  0x00, 0x1F, 0xC0, 0x03, 0xF8, 0x00, 0xFF, 0x00, 0x1F, 0xE0, 0x07, 0xBC,
  0x03, 0xF7, 0xFF, 0xFC, 0xFF, 0xFF, 0x1F, 0xFF, 0x83, 0xC0, 0x00, 0x78,
  0x00, 0x0F, 0x00, 0x01, 0xE0, 0x00, 0x3C, 0x00, 0x07, 0x80, 0x00, 0xF0,
  0x00, 0x1E, 0x00, 0x03, 0xC0, 0x00, 0x78, 0x00, 0x0F, 0x00, 0x00, 0x00,
  0x1F, 0xE0, 0x00, 0x03, 0xFF, 0xF0, 0x00, 0x3F, 0xFF, 0xF0, 0x01, 0xFC,
  0x1F, 0xE0, 0x0F, 0xC0, 0x0F, 0xC0, 0x7C, 0x00, 0x0F, 0x83, 0xE0, 0x00,
  0x1F, 0x0F, 0x00, 0x00, 0x3C, 0x78, 0x00, 0x00, 0x79, 0xE0, 0x00, 0x01,
  0xEF, 0x00, 0x00, 0x03, 0xBC, 0x00, 0x00, 0x0F, 0xF0, 0x00, 0x00, 0x3F,
  0x80, 0x00, 0x00, 0xFE, 0x00, 0x00, 0x03, 0xF8, 0x00, 0x00, 0x0F, 0xE0,
  0x00, 0x00, 0x3F, 0xC0, 0x00, 0x00, 0xFF, 0x00, 0x00, 0x03, 0xFC, 0x00,
  0x0C, 0x0E, 0x70, 0x00, 0x70, 0x79, 0xE0, 0x01, 0xE1, 0xE7, 0xC0, 0x03,
  0xCF, 0x0F, 0x00, 0x07, 0xBC, 0x1E, 0x00, 0x1F, 0xE0, 0x3E, 0x00, 0x3F,
  0x00, 0xFE, 0x01, 0xF8, 0x00, 0xFF, 0xFF, 0xE0, 0x01, 0xFF, 0xFF, 0xC0,
  0x01, 0xFF, 0xE7, 0x80, 0x00, 0xF8, 0x1E, 0x00, 0x00, 0x00, 0x30, 0x00,
  0x00, 0x00, 0x80, 0xFF, 0xFE, 0x07, 0xFF, 0xF8, 0x3F, 0xFF, 0xE1, 0xE0,
  0x0F, 0x8F, 0x00, 0x3E, 0x78, 0x00, 0xF3, 0xC0, 0x03, 0x9E, 0x00, 0x1C,
  0xF0, 0x00, 0xE7, 0x80, 0x07, 0x3C, 0x00, 0x79, 0xE0, 0x03, 0xCF, 0x00,
  0x3C, 0x78, 0x07, 0xE3, 0xFF, 0xFE, 0x1F, 0xFF, 0xE0, 0xFF, 0xFC, 0x07,
  0x83, 0xC0, 0x3C, 0x1F, 0x01, 0xE0, 0x78, 0x0F, 0x01, 0xE0, 0x78, 0x0F,
  0x83, 0xC0, 0x3C, 0x1E, 0x00, 0xF0, 0xF0, 0x07, 0xC7, 0x80, 0x1E, 0x3C,
  0x00, 0x79, 0xE0, 0x03, 0xEF, 0x00, 0x0F, 0x80, 0x01, 0xFC, 0x00, 0x7F,
  0xF0, 0x0F, 0xFF, 0x81, 0xF8, 0xFC, 0x3E, 0x03, 0xE3, 0xC0, 0x1E, 0x78,
  0x00, 0xC7, 0x80, 0x00, 0x78, 0x00, 0x03, 0x80, 0x00, 0x3C, 0x00, 0x03,
  0xF0, 0x00, 0x1F, 0xC0, 0x00, 0xFF, 0x80, 0x03, 0xFE, 0x00, 0x0F, 0xF8,
  0x00, 0x1F, 0xC0, 0x00, 0x7E, 0x00, 0x01, 0xE0, 0x00, 0x0F, 0x00, 0x00,
  0xF1, 0x00, 0x07, 0xF0, 0x00, 0x77, 0x80, 0x07, 0x78, 0x00, 0xF3, 0xC0,
  0x1F, 0x3E, 0x03, 0xE1, 0xFF, 0xFC, 0x0F, 0xFF, 0x80, 0x3F, 0xE0, 0x00,
  0x38, 0x00, 0xFF, 0xFF, 0xFF, 0xFF, 0xFF, 0xFF, 0xFF, 0xF0, 0x0F, 0x00,
  0x00, 0xF0, 0x00, 0x0F, 0x00, 0x00, 0xF0, 0x00, 0x0F, 0x00, 0x00, 0xF0,
  0x00, 0x0F, 0x00, 0x00, 0xF0, 0x00, 0x0F, 0x00, 0x00, 0xF0, 0x00, 0x0F,
  0x00, 0x00, 0xF0, 0x00, 0x0F, 0x00, 0x00, 0xF0, 0x00, 0x0F, 0x00, 0x00,
  0xF0, 0x00, 0x0F, 0x00, 0x00, 0xF0, 0x00, 0x0F, 0x00, 0x00, 0xF0, 0x00,
  0x0F, 0x00, 0x00, 0xF0, 0x00, 0x0F, 0x00, 0x00, 0xF0, 0x00, 0x0F, 0x00,
  0x00, 0xF0, 0x00, 0xE0, 0x00, 0x3F, 0x00, 0x01, 0xF8, 0x00, 0x0F, 0xC0,
  0x00, 0x7E, 0x00, 0x03, 0xF0, 0x00, 0x1F, 0x80, 0x00, 0xFC, 0x00, 0x07,
  0xE0, 0x00, 0x3F, 0x00, 0x01, 0xF8, 0x00, 0x0F, 0xC0, 0x00, 0x7E, 0x00,
  0x03, 0xF0, 0x00, 0x1F, 0x80, 0x00, 0xFC, 0x00, 0x07, 0xE0, 0x00, 0x3F,
  0x00, 0x01, 0xF8, 0x00, 0x0F, 0xC0, 0x00, 0x7E, 0x00, 0x03, 0xF8, 0x00,
  0x3F, 0xC0, 0x01, 0xEF, 0x00, 0x1E, 0x78, 0x01, 0xF1, 0xF0, 0x1F, 0x07,
  0xFF, 0xF0, 0x1F, 0xFF, 0x00, 0x7F, 0xF0, 0x00, 0x78, 0x00, 0xF0, 0x00,
  0x0F, 0xF0, 0x00, 0x0F, 0x70, 0x00, 0x1E, 0x78, 0x00, 0x1E, 0x78, 0x00,
  0x1E, 0x38, 0x00, 0x3C, 0x3C, 0x00, 0x3C, 0x3C, 0x00, 0x38, 0x1E, 0x00,
  0x78, 0x1E, 0x00, 0x78, 0x1E, 0x00, 0x70, 0x0F, 0x00, 0xF0, 0x0F, 0x00,
  0xF0, 0x07, 0x00, 0xE0, 0x07, 0x81, 0xE0, 0x07, 0x81, 0xE0, 0x03, 0x81,
  0xC0, 0x03, 0xC3, 0xC0, 0x03, 0xC3, 0x80, 0x01, 0xC7, 0x80, 0x01, 0xE7,
  0x80, 0x01, 0xE7, 0x00, 0x00, 0xEF, 0x00, 0x00, 0xFF, 0x00, 0x00, 0xFE,
  0x00, 0x00, 0x7E, 0x00, 0x00, 0x7E, 0x00, 0x00, 0x3C, 0x00, 0x00, 0x3C,
  0x00, 0xF0, 0x00, 0xF8, 0x00, 0x7F, 0x80, 0x07, 0xC0, 0x03, 0xDC, 0x00,
  0x3E, 0x00, 0x1C, 0xF0, 0x01, 0xF8, 0x01, 0xE7, 0x80, 0x1F, 0xC0, 0x0F,
  0x3C, 0x00, 0xEE, 0x00, 0x78, 0xE0, 0x07, 0x70, 0x03, 0x87, 0x80, 0x7B,
  0xC0, 0x3C, 0x3C, 0x03, 0xCE, 0x01, 0xE1, 0xE0, 0x1C, 0x70, 0x0F, 0x07,
  0x01, 0xE3, 0xC0, 0x70, 0x3C, 0x0F, 0x1E, 0x07, 0x81, 0xE0, 0x70, 0x70,
  0x3C, 0x07, 0x07, 0x83, 0x81, 0xC0, 0x38, 0x3C, 0x1E, 0x0E, 0x01, 0xC1,
  0xC0, 0x70, 0xF0, 0x0F, 0x0E, 0x03, 0x87, 0x80, 0x38, 0xF0, 0x1E, 0x38,
  0x01, 0xC7, 0x80, 0x71, 0xC0, 0x0E, 0x38, 0x03, 0x9E, 0x00, 0x7B, 0xC0,
  0x1E, 0xF0, 0x01, 0xDE, 0x00, 0xF7, 0x00, 0x0E, 0xE0, 0x03, 0xB8, 0x00,
  0x7F, 0x00, 0x1F, 0xC0, 0x03, 0xF8, 0x00, 0xFE, 0x00, 0x0F, 0x80, 0x03,
  0xE0, 0x00, 0x7C, 0x00, 0x1F, 0x00, 0x03, 0xE0, 0x00, 0xF8, 0x00, 0x0E,
  0x00, 0x03, 0x80, 0x00, 0xF8, 0x00, 0x1F, 0x7C, 0x00, 0x3C, 0x3C, 0x00,
  0x7C, 0x1E, 0x00, 0x78, 0x1F, 0x00, 0xF0, 0x0F, 0x00, 0xF0, 0x07, 0x81,
  0xE0, 0x07, 0xC3, 0xC0, 0x03, 0xC3, 0xC0, 0x01, 0xE7, 0x80, 0x01, 0xFF,
  0x00, 0x00, 0xFF, 0x00, 0x00, 0x7E, 0x00, 0x00, 0x7C, 0x00, 0x00, 0x7E,
  0x00, 0x00, 0x7E, 0x00, 0x00, 0xFF, 0x00, 0x01, 0xEF, 0x80, 0x01, 0xE7,
  0x80, 0x03, 0xC3, 0xC0, 0x07, 0x83, 0xE0, 0x07, 0x81, 0xE0, 0x0F, 0x00,
  0xF0, 0x1E, 0x00, 0xF8, 0x1E, 0x00, 0x78, 0x3C, 0x00, 0x3C, 0x78, 0x00,
  0x3E, 0x78, 0x00, 0x1E, 0xF0, 0x00, 0x0F, 0xF0, 0x00, 0x3E, 0xF0, 0x00,
  0x79, 0xF0, 0x01, 0xE1, 0xE0, 0x07, 0x81, 0xE0, 0x0F, 0x03, 0xC0, 0x3C,
  0x03, 0xC0, 0x78, 0x03, 0xC1, 0xE0, 0x07, 0x87, 0x80, 0x07, 0x8F, 0x00,
  0x0F, 0x3C, 0x00, 0x0F, 0x70, 0x00, 0x0F, 0xE0, 0x00, 0x1F, 0x80, 0x00,
  0x1F, 0x00, 0x00, 0x1C, 0x00, 0x00, 0x38, 0x00, 0x00, 0x70, 0x00, 0x00,
  0xE0, 0x00, 0x01, 0xC0, 0x00, 0x03, 0x80, 0x00, 0x07, 0x00, 0x00, 0x0E,
  0x00, 0x00, 0x1C, 0x00, 0x00, 0x38, 0x00, 0x00, 0x70, 0x00, 0x00, 0xE0,
  0x00, 0x01, 0xC0, 0x00, 0x03, 0x80, 0x00, 0xFF, 0xFF, 0xEF, 0xFF, 0xFE,
  0xFF, 0xFF, 0xE0, 0x00, 0x1E, 0x00, 0x03, 0xE0, 0x00, 0x3C, 0x00, 0x07,
  0x80, 0x00, 0xF0, 0x00, 0x1F, 0x00, 0x01, 0xE0, 0x00, 0x3C, 0x00, 0x07,
  0xC0, 0x00, 0x78, 0x00, 0x0F, 0x00, 0x01, 0xF0, 0x00, 0x1E, 0x00, 0x03,
  0xC0, 0x00, 0x78, 0x00, 0x0F, 0x80, 0x00, 0xF0, 0x00, 0x1E, 0x00, 0x03,
  0xE0, 0x00, 0x3C, 0x00, 0x07, 0x80, 0x00, 0xF0, 0x00, 0x0F, 0x00, 0x00,
  0xFF, 0xFF, 0xFF, 0xFF, 0xFF, 0xFF, 0xFF, 0xF0, 0xFF, 0xFF, 0xFF, 0xE0,
  0xE0, 0xE0, 0xE0, 0xE0, 0xE0, 0xE0, 0xE0, 0xE0, 0xE0, 0xE0, 0xE0, 0xE0,
  0xE0, 0xE0, 0xE0, 0xE0, 0xE0, 0xE0, 0xE0, 0xE0, 0xE0, 0xE0, 0xE0, 0xE0,
  0xE0, 0xE0, 0xE0, 0xE0, 0xE0, 0xE0, 0xE0, 0xFF, 0xFF, 0xFF, 0xF0, 0x07,
  0x00, 0x70, 0x07, 0x00, 0x38, 0x03, 0x80, 0x38, 0x03, 0xC0, 0x1C, 0x01,
  0xC0, 0x1E, 0x00, 0xE0, 0x0E, 0x00, 0xF0, 0x07, 0x00, 0x70, 0x07, 0x00,
  0x38, 0x03, 0x80, 0x38, 0x03, 0xC0, 0x1C, 0x01, 0xC0, 0x1E, 0x00, 0xE0,
  0x0E, 0x00, 0xE0, 0x07, 0x00, 0x70, 0xFF, 0xFF, 0xFF, 0x07, 0x07, 0x07,
  0x07, 0x07, 0x07, 0x07, 0x07, 0x07, 0x07, 0x07, 0x07, 0x07, 0x07, 0x07,
  0x07, 0x07, 0x07, 0x07, 0x07, 0x07, 0x07, 0x07, 0x07, 0x07, 0x07, 0x07,
  0x07, 0x07, 0x07, 0x07, 0x07, 0xFF, 0xFF, 0xFF, 0x00, 0xE0, 0x00, 0x3E,
  0x00, 0x0F, 0xE0, 0x01, 0xDC, 0x00, 0x7B, 0xC0, 0x1E, 0x3C, 0x03, 0x83,
  0x80, 0xF0, 0x78, 0x1C, 0x07, 0x07, 0x80, 0xF1, 0xE0, 0x0F, 0x78, 0x00,
  0xF0, 0xFF, 0xFF, 0xFF, 0xFF, 0xFC, 0xF1, 0xE3, 0x8F, 0x1C, 0x00, 0xE0,
  0x01, 0xFF, 0xC0, 0x7F, 0xFC, 0x1F, 0xFF, 0xC7, 0xC0, 0x7C, 0x30, 0x07,
  0x80, 0x00, 0x70, 0x00, 0x0F, 0x00, 0x01, 0xE0, 0xFF, 0xBC, 0x7F, 0xFF,
  0x9F, 0xDF, 0xF7, 0xC0, 0x1E, 0xF0, 0x03, 0xFC, 0x00, 0x7F, 0x80, 0x0F,
  0xF0, 0x03, 0xEE, 0x00, 0xFD, 0xE0, 0x3F, 0x9F, 0xBF, 0xF3, 0xFF, 0xDE,
  0x1F, 0xF3, 0xC0, 0x70, 0x00, 0xE0, 0x00, 0x0E, 0x00, 0x00, 0xE0, 0x00,
  0x0E, 0x00, 0x00, 0xE0, 0x00, 0x0E, 0x00, 0x00, 0xE0, 0x00, 0x0E, 0x07,
  0x00, 0xE3, 0xFE, 0x0E, 0x7F, 0xF0, 0xEF, 0xFF, 0x8F, 0xC0, 0x7C, 0xF8,
  0x01, 0xEF, 0x00, 0x1E, 0xF0, 0x00, 0xFE, 0x00, 0x0F, 0xE0, 0x00, 0x7E,
  0x00, 0x07, 0xE0, 0x00, 0x7E, 0x00, 0x07, 0xE0, 0x00, 0x7E, 0x00, 0x0F,
  0xF0, 0x00, 0xFF, 0x00, 0x1E, 0xF8, 0x01, 0xEF, 0xC0, 0x7C, 0xFF, 0xFF,
  0x8E, 0xFF, 0xF0, 0xE3, 0xFE, 0x00, 0x0F, 0x00, 0x00, 0x70, 0x00, 0x3F,
  0xF0, 0x07, 0xFF, 0x81, 0xFF, 0xFC, 0x1E, 0x01, 0xE3, 0xC0, 0x0F, 0x78,
  0x00, 0xE7, 0x80, 0x00, 0x70, 0x00, 0x07, 0x00, 0x00, 0xF0, 0x00, 0x0F,
  0x00, 0x00, 0x70, 0x00, 0x07, 0x00, 0x00, 0x70, 0x00, 0x07, 0x80, 0x04,
  0x78, 0x00, 0x63, 0xC0, 0x0F, 0x1E, 0x01, 0xE1, 0xFF, 0xFE, 0x07, 0xFF,
  0xC0, 0x3F, 0xF0, 0x00, 0x70, 0x00, 0x00, 0x00, 0x38, 0x00, 0x01, 0xC0,
  0x00, 0x0E, 0x00, 0x00, 0x70, 0x00, 0x03, 0x80, 0x00, 0x1C, 0x00, 0x00,
  0xE0, 0x04, 0x07, 0x03, 0xFE, 0x38, 0x7F, 0xF9, 0xC7, 0xFF, 0xEE, 0x3C,
  0x07, 0xF3, 0xC0, 0x1F, 0xBC, 0x00, 0x7D, 0xE0, 0x01, 0xEE, 0x00, 0x0F,
  0x70, 0x00, 0x3F, 0x80, 0x01, 0xFC, 0x00, 0x0E, 0xE0, 0x00, 0x77, 0x00,
  0x03, 0xB8, 0x00, 0x3D, 0xE0, 0x01, 0xEF, 0x00, 0x1F, 0x3C, 0x00, 0xF9,
  0xF0, 0x1F, 0xC7, 0xFF, 0xEE, 0x1F, 0xFE, 0x70, 0x3F, 0xE3, 0x80, 0x38,
  0x00, 0x00, 0x70, 0x00, 0x1F, 0xF8, 0x03, 0xFF, 0xE0, 0x3F, 0xFF, 0x81,
  0xE0, 0x3E, 0x1E, 0x00, 0xF1, 0xE0, 0x03, 0xCF, 0x00, 0x0E, 0x70, 0x00,
  0x73, 0xFF, 0xFF, 0xFF, 0xFF, 0xFF, 0xFF, 0xFF, 0xF7, 0x00, 0x00, 0x38,
  0x00, 0x01, 0xC0, 0x00, 0x0F, 0x00, 0x00, 0x78, 0x00, 0x61, 0xE0, 0x07,
  0x87, 0x80, 0x78, 0x3F, 0xFF, 0xC0, 0xFF, 0xFC, 0x01, 0xFF, 0x80, 0x01,
  0xC0, 0x00, 0x00, 0xFC, 0x0F, 0xF0, 0x7F, 0xC1, 0xE1, 0x0F, 0x00, 0x3C,
  0x00, 0xF0, 0x03, 0xC0, 0x0F, 0x03, 0xFF, 0xEF, 0xFF, 0xBF, 0xFE, 0x0F,
  0x00, 0x3C, 0x00, 0xF0, 0x03, 0xC0, 0x0F, 0x00, 0x3C, 0x00, 0xF0, 0x03,
  0xC0, 0x0F, 0x00, 0x3C, 0x00, 0xF0, 0x03, 0xC0, 0x0F, 0x00, 0x3C, 0x00,
  0xF0, 0x03, 0xC0, 0x0F, 0x00, 0x3C, 0x00, 0x00, 0x60, 0x00, 0x1F, 0xF1,
  0xC3, 0xFF, 0xCE, 0x3F, 0xFF, 0x73, 0xE0, 0x3F, 0x9E, 0x00, 0x7D, 0xE0,
  0x03, 0xEF, 0x00, 0x0F, 0x70, 0x00, 0x7B, 0x80, 0x03, 0xFC, 0x00, 0x0F,
  0xE0, 0x00, 0x77, 0x00, 0x03, 0xB8, 0x00, 0x3D, 0xC0, 0x01, 0xEF, 0x00,
  0x0F, 0x78, 0x00, 0xF9, 0xE0, 0x0F, 0xC7, 0xC0, 0xFE, 0x3F, 0xFF, 0x70,
  0x7F, 0xF3, 0x81, 0xFE, 0x1C, 0x00, 0x01, 0xE0, 0x00, 0x0F, 0x08, 0x00,
  0x79, 0xC0, 0x03, 0x8F, 0x00, 0x3C, 0x7C, 0x03, 0xC1, 0xFF, 0xFE, 0x07,
  0xFF, 0xE0, 0x0F, 0xFC, 0x00, 0x0C, 0x00, 0xE0, 0x00, 0x38, 0x00, 0x0E,
  0x00, 0x03, 0x80, 0x00, 0xE0, 0x00, 0x38, 0x00, 0x0E, 0x00, 0x03, 0x81,
  0xC0, 0xE3, 0xFC, 0x3B, 0xFF, 0xCE, 0xFF, 0xF3, 0xF0, 0x3E, 0xF8, 0x07,
  0xBC, 0x00, 0xEF, 0x00, 0x3F, 0x80, 0x0F, 0xE0, 0x03, 0xF8, 0x00, 0xFE,
  0x00, 0x3F, 0x80, 0x0F, 0xE0, 0x03, 0xF8, 0x00, 0xFE, 0x00, 0x3F, 0x80,
  0x0F, 0xE0, 0x03, 0xF8, 0x00, 0xFE, 0x00, 0x3F, 0x80, 0x0F, 0xE0, 0x03,
  0xC0, 0x77, 0xFE, 0xF3, 0x00, 0x00, 0x03, 0x9C, 0xE7, 0x39, 0xCE, 0x73,
  0x9C, 0xE7, 0x39, 0xCE, 0x73, 0x9C, 0xE7, 0x38, 0x03, 0x81, 0xF0, 0x7C,
  0x0F, 0x01, 0x80, 0x00, 0x00, 0x00, 0x00, 0x00, 0xE0, 0x38, 0x0E, 0x03,
  0x80, 0xE0, 0x38, 0x0E, 0x03, 0x80, 0xE0, 0x38, 0x0E, 0x03, 0x80, 0xE0,
  0x38, 0x0E, 0x03, 0x80, 0xE0, 0x38, 0x0E, 0x03, 0x80, 0xE0, 0x38, 0x0E,
  0x03, 0x80, 0xE0, 0x38, 0x1E, 0xFF, 0xBF, 0xCF, 0xE0, 0x80, 0xE0, 0x00,
  0x38, 0x00, 0x0E, 0x00, 0x03, 0x80, 0x00, 0xE0, 0x00, 0x38, 0x00, 0x0E,
  0x00, 0x03, 0x80, 0x00, 0xE0, 0x0F, 0xF8, 0x07, 0xCE, 0x03, 0xE3, 0x81,
  0xF0, 0xE0, 0x78, 0x38, 0x3C, 0x0E, 0x1E, 0x03, 0x8F, 0x00, 0xE7, 0x80,
  0x3B, 0xF0, 0x0F, 0xFE, 0x03, 0xF7, 0x80, 0xF8, 0xF0, 0x3C, 0x3E, 0x0E,
  0x07, 0x83, 0x80, 0xF0, 0xE0, 0x3E, 0x38, 0x07, 0x8E, 0x00, 0xF3, 0x80,
  0x3E, 0xE0, 0x07, 0xC0, 0xFF, 0xFF, 0xFF, 0xFF, 0xFF, 0xFF, 0xFF, 0xFF,
  0xFF, 0xFF, 0xFE, 0x00, 0x60, 0x03, 0x81, 0xC7, 0xF8, 0x3F, 0xE3, 0xBF,
  0xF8, 0xFF, 0xE7, 0xFF, 0xFB, 0xFF, 0xCF, 0xC0, 0xFE, 0x03, 0xDF, 0x00,
  0xF8, 0x07, 0xBC, 0x01, 0xF0, 0x07, 0x78, 0x03, 0xC0, 0x0F, 0xE0, 0x07,
  0x80, 0x1F, 0xC0, 0x0F, 0x00, 0x3F, 0x80, 0x1E, 0x00, 0x7F, 0x00, 0x3C,
  0x00, 0xFE, 0x00, 0x78, 0x01, 0xFC, 0x00, 0xF0, 0x03, 0xF8, 0x01, 0xE0,
  0x07, 0xF0, 0x03, 0xC0, 0x0F, 0xE0, 0x07, 0x80, 0x1F, 0xC0, 0x0F, 0x00,
  0x3F, 0x80, 0x1E, 0x00, 0x7F, 0x00, 0x3C, 0x00, 0xFE, 0x00, 0x78, 0x01,
  0xFC, 0x00, 0xF0, 0x03, 0xC0, 0x00, 0x70, 0x38, 0xFF, 0x0E, 0xFF, 0xF3,
  0xFF, 0xFC, 0xFC, 0x0F, 0xBE, 0x01, 0xEF, 0x00, 0x3B, 0xC0, 0x0F, 0xE0,
  0x03, 0xF8, 0x00, 0xFE, 0x00, 0x3F, 0x80, 0x0F, 0xE0, 0x03, 0xF8, 0x00,
  0xFE, 0x00, 0x3F, 0x80, 0x0F, 0xE0, 0x03, 0xF8, 0x00, 0xFE, 0x00, 0x3F,
  0x80, 0x0F, 0xE0, 0x03, 0xF8, 0x00, 0xF0, 0x00, 0x38, 0x00, 0x0F, 0xFC,
  0x00, 0x7F, 0xFC, 0x03, 0xFF, 0xF8, 0x1F, 0x01, 0xF0, 0xF0, 0x03, 0xC7,
  0x80, 0x07, 0x9E, 0x00, 0x0E, 0x70, 0x00, 0x3D, 0xC0, 0x00, 0xFF, 0x00,
  0x03, 0xFC, 0x00, 0x07, 0x70, 0x00, 0x3D, 0xC0, 0x00, 0xF7, 0x00, 0x03,
  0xDE, 0x00, 0x0E, 0x78, 0x00, 0x78, 0xF0, 0x03, 0xC1, 0xF0, 0x1F, 0x03,
  0xFF, 0xF8, 0x07, 0xFF, 0xC0, 0x0F, 0xFC, 0x00, 0x07, 0x80, 0x00, 0x00,
  0x70, 0x0E, 0x3F, 0xE0, 0xEF, 0xFF, 0x0F, 0xFF, 0xF8, 0xFC, 0x07, 0xCF,
  0x80, 0x1E, 0xF0, 0x01, 0xEF, 0x00, 0x0F, 0xE0, 0x00, 0xFE, 0x00, 0x07,
  0xE0, 0x00, 0x7E, 0x00, 0x07, 0xE0, 0x00, 0x7E, 0x00, 0x07, 0xE0, 0x00,
  0xFF, 0x00, 0x0F, 0xF0, 0x01, 0xEF, 0x80, 0x1E, 0xFC, 0x07, 0xCF, 0xFF,
  0xF8, 0xEF, 0xFF, 0x0E, 0x3F, 0xE0, 0xE0, 0x70, 0x0E, 0x00, 0x00, 0xE0,
  0x00, 0x0E, 0x00, 0x00, 0xE0, 0x00, 0x0E, 0x00, 0x00, 0xE0, 0x00, 0x0E,
  0x00, 0x00, 0xE0, 0x00, 0x00, 0x00, 0x70, 0x00, 0x1F, 0xF1, 0xC3, 0xFF,
  0xCE, 0x3F, 0xFF, 0x71, 0xE0, 0x3F, 0x9E, 0x00, 0x7D, 0xE0, 0x03, 0xEF,
  0x00, 0x0F, 0x70, 0x00, 0x7B, 0x80, 0x01, 0xFC, 0x00, 0x0F, 0xE0, 0x00,
  0x77, 0x00, 0x03, 0xB8, 0x00, 0x1D, 0xC0, 0x01, 0xEF, 0x00, 0x0F, 0x78,
  0x00, 0x79, 0xE0, 0x07, 0xC7, 0x80, 0x7E, 0x3F, 0xFF, 0x70, 0xFF, 0xFB,
  0x81, 0xFF, 0x1C, 0x01, 0xC0, 0xE0, 0x00, 0x07, 0x00, 0x00, 0x38, 0x00,
  0x01, 0xC0, 0x00, 0x0E, 0x00, 0x00, 0x70, 0x00, 0x03, 0x80, 0x00, 0x1C,
  0x00, 0x00, 0xE0, 0x00, 0xCE, 0x7F, 0xEF, 0xFF, 0xFF, 0xFC, 0x1F, 0x80,
  0xF0, 0x0F, 0x00, 0xE0, 0x0E, 0x00, 0xE0, 0x0E, 0x00, 0xE0, 0x0E, 0x00,
  0xE0, 0x0E, 0x00, 0xE0, 0x0E, 0x00, 0xE0, 0x0E, 0x00, 0xE0, 0x0E, 0x00,
  0x00, 0xC0, 0x07, 0xFC, 0x0F, 0xFF, 0x87, 0xEF, 0xE7, 0x80, 0xFB, 0x80,
  0x31, 0xC0, 0x00, 0xF0, 0x00, 0x7C, 0x00, 0x1F, 0x80, 0x07, 0xFC, 0x01,
  0xFF, 0x80, 0x1F, 0xF0, 0x00, 0xF8, 0x00, 0x1E, 0x00, 0x0F, 0x70, 0x03,
  0xF8, 0x03, 0xDE, 0x01, 0xEF, 0xF7, 0xE3, 0xFF, 0xE0, 0x7F, 0xE0, 0x03,
  0x00, 0x0E, 0x00, 0x70, 0x03, 0x80, 0x1C, 0x00, 0xE0, 0x07, 0x03, 0xFF,
  0xDF, 0xFE, 0xFF, 0xF0, 0x70, 0x03, 0x80, 0x1C, 0x00, 0xE0, 0x07, 0x00,
  0x38, 0x01, 0xC0, 0x0E, 0x00, 0x70, 0x03, 0x80, 0x1C, 0x00, 0xE0, 0x07,
  0x00, 0x38, 0x01, 0xE0, 0x0F, 0xF8, 0x3F, 0xC0, 0xFE, 0x00, 0xC0, 0xF0,
  0x01, 0xFC, 0x00, 0x7F, 0x00, 0x1F, 0xC0, 0x07, 0xF0, 0x01, 0xFC, 0x00,
  0x7F, 0x00, 0x1F, 0xC0, 0x07, 0xF0, 0x01, 0xFC, 0x00, 0x7F, 0x00, 0x1F,
  0xC0, 0x07, 0xF0, 0x01, 0xFC, 0x00, 0x7F, 0x00, 0x3D, 0xC0, 0x0F, 0x78,
  0x07, 0xDF, 0x03, 0xF3, 0xFF, 0xFC, 0xFF, 0xF7, 0x0F, 0xF1, 0xC0, 0xE0,
  0x00, 0xF0, 0x00, 0x7B, 0xC0, 0x03, 0x9E, 0x00, 0x3C, 0x70, 0x01, 0xC3,
  0xC0, 0x1E, 0x1E, 0x00, 0xF0, 0x78, 0x07, 0x03, 0xC0, 0x78, 0x0E, 0x03,
  0x80, 0x78, 0x3C, 0x03, 0xC1, 0xE0, 0x0E, 0x0E, 0x00, 0x78, 0xF0, 0x01,
  0xC7, 0x00, 0x0F, 0x38, 0x00, 0x3B, 0xC0, 0x01, 0xDC, 0x00, 0x0F, 0xE0,
  0x00, 0x3E, 0x00, 0x01, 0xF0, 0x00, 0x07, 0x80, 0x00, 0xF0, 0x03, 0xC0,
  0x0F, 0x70, 0x03, 0xC0, 0x0E, 0x78, 0x07, 0xE0, 0x1E, 0x78, 0x07, 0xE0,
  0x1E, 0x38, 0x07, 0xE0, 0x1C, 0x3C, 0x0F, 0xF0, 0x3C, 0x3C, 0x0E, 0x70,
  0x3C, 0x1C, 0x0E, 0x70, 0x38, 0x1C, 0x0E, 0x78, 0x38, 0x1E, 0x1C, 0x38,
  0x78, 0x0E, 0x1C, 0x38, 0x70, 0x0E, 0x1C, 0x38, 0x70, 0x0F, 0x38, 0x1C,
  0xF0, 0x07, 0x38, 0x1C, 0xE0, 0x07, 0x38, 0x1C, 0xE0, 0x07, 0xF0, 0x0F,
  0xE0, 0x03, 0xF0, 0x0F, 0xC0, 0x03, 0xF0, 0x0F, 0xC0, 0x03, 0xE0, 0x0F,
  0xC0, 0x03, 0xE0, 0x07, 0x80, 0x01, 0xE0, 0x07, 0x80, 0x78, 0x01, 0xF3,
  0xC0, 0x1E, 0x3C, 0x03, 0xC1, 0xE0, 0x78, 0x0F, 0x07, 0x00, 0xF0, 0xF0,
  0x07, 0x9E, 0x00, 0x3F, 0xC0, 0x01, 0xFC, 0x00, 0x1F, 0x80, 0x00, 0xF0,
  0x00, 0x1F, 0x80, 0x03, 0xFC, 0x00, 0x39, 0xC0, 0x07, 0x9E, 0x00, 0xF0,
  0xF0, 0x1E, 0x07, 0x01, 0xE0, 0x78, 0x3C, 0x03, 0xC7, 0x80, 0x1C, 0xF8,
  0x01, 0xF0, 0xF0, 0x00, 0x7B, 0xC0, 0x07, 0x9E, 0x00, 0x3C, 0x78, 0x01,
  0xC3, 0xC0, 0x1E, 0x0E, 0x00, 0xE0, 0x78, 0x0F, 0x01, 0xC0, 0x78, 0x0F,
  0x03, 0x80, 0x38, 0x3C, 0x01, 0xE1, 0xC0, 0x0F, 0x1E, 0x00, 0x38, 0xE0,
  0x01, 0xE7, 0x00, 0x07, 0x78, 0x00, 0x3F, 0x80, 0x00, 0xFC, 0x00, 0x07,
  0xC0, 0x00, 0x1E, 0x00, 0x00, 0xE0, 0x00, 0x07, 0x00, 0x00, 0x78, 0x00,
  0x03, 0x80, 0x00, 0x3C, 0x00, 0x01, 0xC0, 0x00, 0x1E, 0x00, 0x00, 0xE0,
  0x00, 0x0F, 0x00, 0x00, 0x78, 0x00, 0x07, 0x80, 0x00, 0x7F, 0xFF, 0xBF,
  0xFF, 0xDF, 0xFF, 0xE0, 0x01, 0xF0, 0x00, 0xF0, 0x00, 0xF0, 0x00, 0xF0,
  0x00, 0xF0, 0x00, 0xF0, 0x00, 0xF8, 0x00, 0x78, 0x00, 0x78, 0x00, 0x78,
  0x00, 0x78, 0x00, 0x78, 0x00, 0x7C, 0x00, 0x7C, 0x00, 0x3C, 0x00, 0x3F,
  0xFF, 0xFF, 0xFF, 0xFF, 0xFF, 0xF8, 0x00, 0x41, 0xF0, 0xFC, 0x3E, 0x1E,
  0x07, 0x01, 0xC0, 0x70, 0x1C, 0x07, 0x01, 0xC0, 0x70, 0x1C, 0x07, 0x01,
  0xC0, 0x70, 0x3C, 0x1E, 0x0F, 0x03, 0xC0, 0xF8, 0x0E, 0x01, 0xC0, 0x70,
  0x1C, 0x07, 0x01, 0xC0, 0x70, 0x1C, 0x07, 0x01, 0xC0, 0x70, 0x1C, 0x07,
  0x01, 0xE0, 0x3F, 0x07, 0xC0, 0xF0, 0xFF, 0xFF, 0xFF, 0xFF, 0xFF, 0xFF,
  0xFF, 0xFF, 0xFF, 0xFF, 0xFF, 0xFF, 0xFF, 0xFF, 0xFF, 0xE0, 0x80, 0x1F,
  0x03, 0xF0, 0x1F, 0x00, 0xE0, 0x1C, 0x03, 0x80, 0x70, 0x0E, 0x01, 0xC0,
  0x38, 0x07, 0x00, 0xE0, 0x1C, 0x03, 0x80, 0x78, 0x07, 0x00, 0xF0, 0x0F,
  0x80, 0xF0, 0x7E, 0x0E, 0x03, 0xC0, 0x70, 0x0E, 0x01, 0xC0, 0x38, 0x07,
  0x00, 0xE0, 0x1C, 0x03, 0x80, 0x70, 0x0E, 0x01, 0xC0, 0x78, 0x7E, 0x0F,
  0x81, 0xE0, 0x00, 0x1E, 0x00, 0x07, 0xF8, 0x3D, 0xFF, 0xC7, 0xF9, 0xFF,
  0xEF, 0x07, 0xF8, 0x00, 0x3E, 0x00, 0xFF, 0xFF, 0xFF, 0xFF, 0xF8, 0x00,
  0x7C, 0x00, 0x3E, 0x00, 0x1F, 0x00, 0x0F, 0x80, 0x07, 0xC0, 0x03, 0xE0,
  0x01, 0xF0, 0x00, 0xF8, 0x00, 0x7C, 0x00, 0x3E, 0x00, 0x1F, 0x00, 0x0F,
  0x80, 0x07, 0xC0, 0x03, 0xE0, 0x01, 0xF0, 0x00, 0xF8, 0x00, 0x7C, 0x00,
  0x3E, 0x00, 0x1F, 0x00, 0x0F, 0x80, 0x07, 0xC0, 0x03, 0xE0, 0x01, 0xF0,
  0x00, 0xF8, 0x00, 0x7F, 0xFF, 0xFF, 0xFF, 0xF8, 0xFF, 0xFF, 0xFF, 0xFF,
  0xF8, 0x00, 0x7C, 0x00, 0x3E, 0x00, 0x1F, 0x00, 0x0F, 0x80, 0x07, 0xC0,
  0x03, 0xE0, 0x01, 0xF0, 0x00, 0xF8, 0x00, 0x7C, 0x00, 0x3E, 0x00, 0x1F,
  0x00, 0x0F, 0x80, 0x07, 0xC0, 0x03, 0xE0, 0x01, 0xF0, 0x00, 0xF8, 0x00,
  0x7C, 0x00, 0x3E, 0x00, 0x1F, 0x00, 0x0F, 0x80, 0x07, 0xC0, 0x03, 0xE0,
  0x01, 0xF0, 0x00, 0xF8, 0x00, 0x7F, 0xFF, 0xFF, 0xFF, 0xF8, 0xFF, 0xFF,
  0xFF, 0xFF, 0xF8, 0x00, 0x7C, 0x00, 0x3E, 0x00, 0x1F, 0x00, 0x0F, 0x80,
  0x07, 0xC0, 0x03, 0xE0, 0x01, 0xF0, 0x00, 0xF8, 0x00, 0x7C, 0x00, 0x3E,
  0x00, 0x1F, 0x00, 0x0F, 0x80, 0x07, 0xC0, 0x03, 0xE0, 0x01, 0xF0, 0x00,
  0xF8, 0x00, 0x7C, 0x00, 0x3E, 0x00, 0x1F, 0x00, 0x0F, 0x80, 0x07, 0xC0,
  0x03, 0xE0, 0x01, 0xF0, 0x00, 0xF8, 0x00, 0x7F, 0xFF, 0xFF, 0xFF, 0xF8,
  0xFF, 0xFF, 0xFF, 0xFF, 0xF8, 0x00, 0x7C, 0x00, 0x3E, 0x00, 0x1F, 0x00,
  0x0F, 0x80, 0x07, 0xC0, 0x03, 0xE0, 0x01, 0xF0, 0x00, 0xF8, 0x00, 0x7C,
  0x00, 0x3E, 0x00, 0x1F, 0x00, 0x0F, 0x80, 0x07, 0xC0, 0x03, 0xE0, 0x01,
  0xF0, 0x00, 0xF8, 0x00, 0x7C, 0x00, 0x3E, 0x00, 0x1F, 0x00, 0x0F, 0x80,
  0x07, 0xC0, 0x03, 0xE0, 0x01, 0xF0, 0x00, 0xF8, 0x00, 0x7F, 0xFF, 0xFF,
  0xFF, 0xF8, 0xFF, 0xFF, 0xFF, 0xFF, 0xF8, 0x00, 0x7C, 0x00, 0x3E, 0x00,
  0x1F, 0x00, 0x0F, 0x80, 0x07, 0xC0, 0x03, 0xE0, 0x01, 0xF0, 0x00, 0xF8,
  0x00, 0x7C, 0x00, 0x3E, 0x00, 0x1F, 0x00, 0x0F, 0x80, 0x07, 0xC0, 0x03,
  0xE0, 0x01, 0xF0, 0x00, 0xF8, 0x00, 0x7C, 0x00, 0x3E, 0x00, 0x1F, 0x00,
  0x0F, 0x80, 0x07, 0xC0, 0x03, 0xE0, 0x01, 0xF0, 0x00, 0xF8, 0x00, 0x7F,
  0xFF, 0xFF, 0xFF, 0xF8, 0xFF, 0xFF, 0xFF, 0xFF, 0xF8, 0x00, 0x7C, 0x00,
  0x3E, 0x00, 0x1F, 0x00, 0x0F, 0x80, 0x07, 0xC0, 0x03, 0xE0, 0x01, 0xF0,
  0x00, 0xF8, 0x00, 0x7C, 0x00, 0x3E, 0x00, 0x1F, 0x00, 0x0F, 0x80, 0x07,
  0xC0, 0x03, 0xE0, 0x01, 0xF0, 0x00, 0xF8, 0x00, 0x7C, 0x00, 0x3E, 0x00,
  0x1F, 0x00, 0x0F, 0x80, 0x07, 0xC0, 0x03, 0xE0, 0x01, 0xF0, 0x00, 0xF8,
  0x00, 0x7F, 0xFF, 0xFF, 0xFF, 0xF8, 0xFF, 0xFF, 0xFF, 0xFF, 0xF8, 0x00,
  0x7C, 0x00, 0x3E, 0x00, 0x1F, 0x00, 0x0F, 0x80, 0x07, 0xC0, 0x03, 0xE0,
  0x01, 0xF0, 0x00, 0xF8, 0x00, 0x7C, 0x00, 0x3E, 0x00, 0x1F, 0x00, 0x0F,
  0x80, 0x07, 0xC0, 0x03, 0xE0, 0x01, 0xF0, 0x00, 0xF8, 0x00, 0x7C, 0x00,
  0x3E, 0x00, 0x1F, 0x00, 0x0F, 0x80, 0x07, 0xC0, 0x03, 0xE0, 0x01, 0xF0,
  0x00, 0xF8, 0x00, 0x7F, 0xFF, 0xFF, 0xFF, 0xF8, 0xFF, 0xFF, 0xFF, 0xFF,
  0xF8, 0x00, 0x7C, 0x00, 0x3E, 0x00, 0x1F, 0x00, 0x0F, 0x80, 0x07, 0xC0,
  0x03, 0xE0, 0x01, 0xF0, 0x00, 0xF8, 0x00, 0x7C, 0x00, 0x3E, 0x00, 0x1F,
  0x00, 0x0F, 0x80, 0x07, 0xC0, 0x03, 0xE0, 0x01, 0xF0, 0x00, 0xF8, 0x00,
  0x7C, 0x00, 0x3E, 0x00, 0x1F, 0x00, 0x0F, 0x80, 0x07, 0xC0, 0x03, 0xE0,
  0x01, 0xF0, 0x00, 0xF8, 0x00, 0x7F, 0xFF, 0xFF, 0xFF, 0xF8, 0xFF, 0xFF,
  0xFF, 0xFF, 0xF8, 0x00, 0x7C, 0x00, 0x3E, 0x00, 0x1F, 0x00, 0x0F, 0x80,
  0x07, 0xC0, 0x03, 0xE0, 0x01, 0xF0, 0x00, 0xF8, 0x00, 0x7C, 0x00, 0x3E,
  0x00, 0x1F, 0x00, 0x0F, 0x80, 0x07, 0xC0, 0x03, 0xE0, 0x01, 0xF0, 0x00,
  0xF8, 0x00, 0x7C, 0x00, 0x3E, 0x00, 0x1F, 0x00, 0x0F, 0x80, 0x07, 0xC0,
  0x03, 0xE0, 0x01, 0xF0, 0x00, 0xF8, 0x00, 0x7F, 0xFF, 0xFF, 0xFF, 0xF8,
  0xFF, 0xFF, 0xFF, 0xFF, 0xF8, 0x00, 0x7C, 0x00, 0x3E, 0x00, 0x1F, 0x00,
  0x0F, 0x80, 0x07, 0xC0, 0x03, 0xE0, 0x01, 0xF0, 0x00, 0xF8, 0x00, 0x7C,
  0x00, 0x3E, 0x00, 0x1F, 0x00, 0x0F, 0x80, 0x07, 0xC0, 0x03, 0xE0, 0x01,
  0xF0, 0x00, 0xF8, 0x00, 0x7C, 0x00, 0x3E, 0x00, 0x1F, 0x00, 0x0F, 0x80,
  0x07, 0xC0, 0x03, 0xE0, 0x01, 0xF0, 0x00, 0xF8, 0x00, 0x7F, 0xFF, 0xFF,
  0xFF, 0xF8, 0xFF, 0xFF, 0xFF, 0xFF, 0xF8, 0x00, 0x7C, 0x00, 0x3E, 0x00,
  0x1F, 0x00, 0x0F, 0x80, 0x07, 0xC0, 0x03, 0xE0, 0x01, 0xF0, 0x00, 0xF8,
  0x00, 0x7C, 0x00, 0x3E, 0x00, 0x1F, 0x00, 0x0F, 0x80, 0x07, 0xC0, 0x03,
  0xE0, 0x01, 0xF0, 0x00, 0xF8, 0x00, 0x7C, 0x00, 0x3E, 0x00, 0x1F, 0x00,
  0x0F, 0x80, 0x07, 0xC0, 0x03, 0xE0, 0x01, 0xF0, 0x00, 0xF8, 0x00, 0x7F,
  0xFF, 0xFF, 0xFF, 0xF8, 0xFF, 0xFF, 0xFF, 0xFF, 0xF8, 0x00, 0x7C, 0x00,
  0x3E, 0x00, 0x1F, 0x00, 0x0F, 0x80, 0x07, 0xC0, 0x03, 0xE0, 0x01, 0xF0,
  0x00, 0xF8, 0x00, 0x7C, 0x00, 0x3E, 0x00, 0x1F, 0x00, 0x0F, 0x80, 0x07,
  0xC0, 0x03, 0xE0, 0x01, 0xF0, 0x00, 0xF8, 0x00, 0x7C, 0x00, 0x3E, 0x00,
  0x1F, 0x00, 0x0F, 0x80, 0x07, 0xC0, 0x03, 0xE0, 0x01, 0xF0, 0x00, 0xF8,
  0x00, 0x7F, 0xFF, 0xFF, 0xFF, 0xF8, 0xFF, 0xFF, 0xFF, 0xFF, 0xF8, 0x00,
  0x7C, 0x00, 0x3E, 0x00, 0x1F, 0x00, 0x0F, 0x80, 0x07, 0xC0, 0x03, 0xE0,
  0x01, 0xF0, 0x00, 0xF8, 0x00, 0x7C, 0x00, 0x3E, 0x00, 0x1F, 0x00, 0x0F,
  0x80, 0x07, 0xC0, 0x03, 0xE0, 0x01, 0xF0, 0x00, 0xF8, 0x00, 0x7C, 0x00,
  0x3E, 0x00, 0x1F, 0x00, 0x0F, 0x80, 0x07, 0xC0, 0x03, 0xE0, 0x01, 0xF0,
  0x00, 0xF8, 0x00, 0x7F, 0xFF, 0xFF, 0xFF, 0xF8, 0xFF, 0xFF, 0xFF, 0xFF,
  0xF8, 0x00, 0x7C, 0x00, 0x3E, 0x00, 0x1F, 0x00, 0x0F, 0x80, 0x07, 0xC0,
  0x03, 0xE0, 0x01, 0xF0, 0x00, 0xF8, 0x00, 0x7C, 0x00, 0x3E, 0x00, 0x1F,
  0x00, 0x0F, 0x80, 0x07, 0xC0, 0x03, 0xE0, 0x01, 0xF0, 0x00, 0xF8, 0x00,
  0x7C, 0x00, 0x3E, 0x00, 0x1F, 0x00, 0x0F, 0x80, 0x07, 0xC0, 0x03, 0xE0,
  0x01, 0xF0, 0x00, 0xF8, 0x00, 0x7F, 0xFF, 0xFF, 0xFF, 0xF8, 0xFF, 0xFF,
  0xFF, 0xFF, 0xF8, 0x00, 0x7C, 0x00, 0x3E, 0x00, 0x1F, 0x00, 0x0F, 0x80,
  0x07, 0xC0, 0x03, 0xE0, 0x01, 0xF0, 0x00, 0xF8, 0x00, 0x7C, 0x00, 0x3E,
  0x00, 0x1F, 0x00, 0x0F, 0x80, 0x07, 0xC0, 0x03, 0xE0, 0x01, 0xF0, 0x00,
  0xF8, 0x00, 0x7C, 0x00, 0x3E, 0x00, 0x1F, 0x00, 0x0F, 0x80, 0x07, 0xC0,
  0x03, 0xE0, 0x01, 0xF0, 0x00, 0xF8, 0x00, 0x7F, 0xFF, 0xFF, 0xFF, 0xF8,
  0xFF, 0xFF, 0xFF, 0xFF, 0xF8, 0x00, 0x7C, 0x00, 0x3E, 0x00, 0x1F, 0x00,
  0x0F, 0x80, 0x07, 0xC0, 0x03, 0xE0, 0x01, 0xF0, 0x00, 0xF8, 0x00, 0x7C,
  0x00, 0x3E, 0x00, 0x1F, 0x00, 0x0F, 0x80, 0x07, 0xC0, 0x03, 0xE0, 0x01,
  0xF0, 0x00, 0xF8, 0x00, 0x7C, 0x00, 0x3E, 0x00, 0x1F, 0x00, 0x0F, 0x80,
  0x07, 0xC0, 0x03, 0xE0, 0x01, 0xF0, 0x00, 0xF8, 0x00, 0x7F, 0xFF, 0xFF,
  0xFF, 0xF8, 0xFF, 0xFF, 0xFF, 0xFF, 0xF8, 0x00, 0x7C, 0x00, 0x3E, 0x00,
  0x1F, 0x00, 0x0F, 0x80, 0x07, 0xC0, 0x03, 0xE0, 0x01, 0xF0, 0x00, 0xF8,
  0x00, 0x7C, 0x00, 0x3E, 0x00, 0x1F, 0x00, 0x0F, 0x80, 0x07, 0xC0, 0x03,
  0xE0, 0x01, 0xF0, 0x00, 0xF8, 0x00, 0x7C, 0x00, 0x3E, 0x00, 0x1F, 0x00,
  0x0F, 0x80, 0x07, 0xC0, 0x03, 0xE0, 0x01, 0xF0, 0x00, 0xF8, 0x00, 0x7F,
  0xFF, 0xFF, 0xFF, 0xF8, 0xFF, 0xFF, 0xFF, 0xFF, 0xF8, 0x00, 0x7C, 0x00,
  0x3E, 0x00, 0x1F, 0x00, 0x0F, 0x80, 0x07, 0xC0, 0x03, 0xE0, 0x01, 0xF0,
  0x00, 0xF8, 0x00, 0x7C, 0x00, 0x3E, 0x00, 0x1F, 0x00, 0x0F, 0x80, 0x07,
  0xC0, 0x03, 0xE0, 0x01, 0xF0, 0x00, 0xF8, 0x00, 0x7C, 0x00, 0x3E, 0x00,
  0x1F, 0x00, 0x0F, 0x80, 0x07, 0xC0, 0x03, 0xE0, 0x01, 0xF0, 0x00, 0xF8,
  0x00, 0x7F, 0xFF, 0xFF, 0xFF, 0xF8, 0xFF, 0xFF, 0xFF, 0xFF, 0xF8, 0x00,
  0x7C, 0x00, 0x3E, 0x00, 0x1F, 0x00, 0x0F, 0x80, 0x07, 0xC0, 0x03, 0xE0,
  0x01, 0xF0, 0x00, 0xF8, 0x00, 0x7C, 0x00, 0x3E, 0x00, 0x1F, 0x00, 0x0F,
  0x80, 0x07, 0xC0, 0x03, 0xE0, 0x01, 0xF0, 0x00, 0xF8, 0x00, 0x7C, 0x00,
  0x3E, 0x00, 0x1F, 0x00, 0x0F, 0x80, 0x07, 0xC0, 0x03, 0xE0, 0x01, 0xF0,
  0x00, 0xF8, 0x00, 0x7F, 0xFF, 0xFF, 0xFF, 0xF8, 0xFF, 0xFF, 0xFF, 0xFF,
  0xF8, 0x00, 0x7C, 0x00, 0x3E, 0x00, 0x1F, 0x00, 0x0F, 0x80, 0x07, 0xC0,
  0x03, 0xE0, 0x01, 0xF0, 0x00, 0xF8, 0x00, 0x7C, 0x00, 0x3E, 0x00, 0x1F,
  0x00, 0x0F, 0x80, 0x07, 0xC0, 0x03, 0xE0, 0x01, 0xF0, 0x00, 0xF8, 0x00,
  0x7C, 0x00, 0x3E, 0x00, 0x1F, 0x00, 0x0F, 0x80, 0x07, 0xC0, 0x03, 0xE0,
  0x01, 0xF0, 0x00, 0xF8, 0x00, 0x7F, 0xFF, 0xFF, 0xFF, 0xF8, 0xFF, 0xFF,
  0xFF, 0xFF, 0xF8, 0x00, 0x7C, 0x00, 0x3E, 0x00, 0x1F, 0x00, 0x0F, 0x80,
  0x07, 0xC0, 0x03, 0xE0, 0x01, 0xF0, 0x00, 0xF8, 0x00, 0x7C, 0x00, 0x3E,
  0x00, 0x1F, 0x00, 0x0F, 0x80, 0x07, 0xC0, 0x03, 0xE0, 0x01, 0xF0, 0x00,
  0xF8, 0x00, 0x7C, 0x00, 0x3E, 0x00, 0x1F, 0x00, 0x0F, 0x80, 0x07, 0xC0,
  0x03, 0xE0, 0x01, 0xF0, 0x00, 0xF8, 0x00, 0x7F, 0xFF, 0xFF, 0xFF, 0xF8,
  0xFF, 0xFF, 0xFF, 0xFF, 0xF8, 0x00, 0x7C, 0x00, 0x3E, 0x00, 0x1F, 0x00,
  0x0F, 0x80, 0x07, 0xC0, 0x03, 0xE0, 0x01, 0xF0, 0x00, 0xF8, 0x00, 0x7C,
  0x00, 0x3E, 0x00, 0x1F, 0x00, 0x0F, 0x80, 0x07, 0xC0, 0x03, 0xE0, 0x01,
  0xF0, 0x00, 0xF8, 0x00, 0x7C, 0x00, 0x3E, 0x00, 0x1F, 0x00, 0x0F, 0x80,
  0x07, 0xC0, 0x03, 0xE0, 0x01, 0xF0, 0x00, 0xF8, 0x00, 0x7F, 0xFF, 0xFF,
  0xFF, 0xF8, 0xFF, 0xFF, 0xFF, 0xFF, 0xF8, 0x00, 0x7C, 0x00, 0x3E, 0x00,
  0x1F, 0x00, 0x0F, 0x80, 0x07, 0xC0, 0x03, 0xE0, 0x01, 0xF0, 0x00, 0xF8,
  0x00, 0x7C, 0x00, 0x3E, 0x00, 0x1F, 0x00, 0x0F, 0x80, 0x07, 0xC0, 0x03,
  0xE0, 0x01, 0xF0, 0x00, 0xF8, 0x00, 0x7C, 0x00, 0x3E, 0x00, 0x1F, 0x00,
  0x0F, 0x80, 0x07, 0xC0, 0x03, 0xE0, 0x01, 0xF0, 0x00, 0xF8, 0x00, 0x7F,
  0xFF, 0xFF, 0xFF, 0xF8, 0xFF, 0xFF, 0xFF, 0xFF, 0xF8, 0x00, 0x7C, 0x00,
  0x3E, 0x00, 0x1F, 0x00, 0x0F, 0x80, 0x07, 0xC0, 0x03, 0xE0, 0x01, 0xF0,
  0x00, 0xF8, 0x00, 0x7C, 0x00, 0x3E, 0x00, 0x1F, 0x00, 0x0F, 0x80, 0x07,
  0xC0, 0x03, 0xE0, 0x01, 0xF0, 0x00, 0xF8, 0x00, 0x7C, 0x00, 0x3E, 0x00,
  0x1F, 0x00, 0x0F, 0x80, 0x07, 0xC0, 0x03, 0xE0, 0x01, 0xF0, 0x00, 0xF8,
  0x00, 0x7F, 0xFF, 0xFF, 0xFF, 0xF8, 0xFF, 0xFF, 0xFF, 0xFF, 0xF8, 0x00,
  0x7C, 0x00, 0x3E, 0x00, 0x1F, 0x00, 0x0F, 0x80, 0x07, 0xC0, 0x03, 0xE0,
  0x01, 0xF0, 0x00, 0xF8, 0x00, 0x7C, 0x00, 0x3E, 0x00, 0x1F, 0x00, 0x0F,
  0x80, 0x07, 0xC0, 0x03, 0xE0, 0x01, 0xF0, 0x00, 0xF8, 0x00, 0x7C, 0x00,
  0x3E, 0x00, 0x1F, 0x00, 0x0F, 0x80, 0x07, 0xC0, 0x03, 0xE0, 0x01, 0xF0,
  0x00, 0xF8, 0x00, 0x7F, 0xFF, 0xFF, 0xFF, 0xF8, 0xFF, 0xFF, 0xFF, 0xFF,
  0xF8, 0x00, 0x7C, 0x00, 0x3E, 0x00, 0x1F, 0x00, 0x0F, 0x80, 0x07, 0xC0,
  0x03, 0xE0, 0x01, 0xF0, 0x00, 0xF8, 0x00, 0x7C, 0x00, 0x3E, 0x00, 0x1F,
  0x00, 0x0F, 0x80, 0x07, 0xC0, 0x03, 0xE0, 0x01, 0xF0, 0x00, 0xF8, 0x00,
  0x7C, 0x00, 0x3E, 0x00, 0x1F, 0x00, 0x0F, 0x80, 0x07, 0xC0, 0x03, 0xE0,
  0x01, 0xF0, 0x00, 0xF8, 0x00, 0x7F, 0xFF, 0xFF, 0xFF, 0xF8, 0xFF, 0xFF,
  0xFF, 0xFF, 0xF8, 0x00, 0x7C, 0x00, 0x3E, 0x00, 0x1F, 0x00, 0x0F, 0x80,
  0x07, 0xC0, 0x03, 0xE0, 0x01, 0xF0, 0x00, 0xF8, 0x00, 0x7C, 0x00, 0x3E,
  0x00, 0x1F, 0x00, 0x0F, 0x80, 0x07, 0xC0, 0x03, 0xE0, 0x01, 0xF0, 0x00,
  0xF8, 0x00, 0x7C, 0x00, 0x3E, 0x00, 0x1F, 0x00, 0x0F, 0x80, 0x07, 0xC0,
  0x03, 0xE0, 0x01, 0xF0, 0x00, 0xF8, 0x00, 0x7F, 0xFF, 0xFF, 0xFF, 0xF8,
  0xFF, 0xFF, 0xFF, 0xFF, 0xF8, 0x00, 0x7C, 0x00, 0x3E, 0x00, 0x1F, 0x00,
  0x0F, 0x80, 0x07, 0xC0, 0x03, 0xE0, 0x01, 0xF0, 0x00, 0xF8, 0x00, 0x7C,
  0x00, 0x3E, 0x00, 0x1F, 0x00, 0x0F, 0x80, 0x07, 0xC0, 0x03, 0xE0, 0x01,
  0xF0, 0x00, 0xF8, 0x00, 0x7C, 0x00, 0x3E, 0x00, 0x1F, 0x00, 0x0F, 0x80,
  0x07, 0xC0, 0x03, 0xE0, 0x01, 0xF0, 0x00, 0xF8, 0x00, 0x7F, 0xFF, 0xFF,
  0xFF, 0xF8, 0xFF, 0xFF, 0xFF, 0xFF, 0xF8, 0x00, 0x7C, 0x00, 0x3E, 0x00,
  0x1F, 0x00, 0x0F, 0x80, 0x07, 0xC0, 0x03, 0xE0, 0x01, 0xF0, 0x00, 0xF8,
  0x00, 0x7C, 0x00, 0x3E, 0x00, 0x1F, 0x00, 0x0F, 0x80, 0x07, 0xC0, 0x03,
  0xE0, 0x01, 0xF0, 0x00, 0xF8, 0x00, 0x7C, 0x00, 0x3E, 0x00, 0x1F, 0x00,
  0x0F, 0x80, 0x07, 0xC0, 0x03, 0xE0, 0x01, 0xF0, 0x00, 0xF8, 0x00, 0x7F,
  0xFF, 0xFF, 0xFF, 0xF8, 0xFF, 0xFF, 0xFF, 0xFF, 0xF8, 0x00, 0x7C, 0x00,
  0x3E, 0x00, 0x1F, 0x00, 0x0F, 0x80, 0x07, 0xC0, 0x03, 0xE0, 0x01, 0xF0,
  0x00, 0xF8, 0x00, 0x7C, 0x00, 0x3E, 0x00, 0x1F, 0x00, 0x0F, 0x80, 0x07,
  0xC0, 0x03, 0xE0, 0x01, 0xF0, 0x00, 0xF8, 0x00, 0x7C, 0x00, 0x3E, 0x00,
  0x1F, 0x00, 0x0F, 0x80, 0x07, 0xC0, 0x03, 0xE0, 0x01, 0xF0, 0x00, 0xF8,
  0x00, 0x7F, 0xFF, 0xFF, 0xFF, 0xF8, 0xFF, 0xFF, 0xFF, 0xFF, 0xF8, 0x00,
  0x7C, 0x00, 0x3E, 0x00, 0x1F, 0x00, 0x0F, 0x80, 0x07, 0xC0, 0x03, 0xE0,
  0x01, 0xF0, 0x00, 0xF8, 0x00, 0x7C, 0x00, 0x3E, 0x00, 0x1F, 0x00, 0x0F,
  0x80, 0x07, 0xC0, 0x03, 0xE0, 0x01, 0xF0, 0x00, 0xF8, 0x00, 0x7C, 0x00,
  0x3E, 0x00, 0x1F, 0x00, 0x0F, 0x80, 0x07, 0xC0, 0x03, 0xE0, 0x01, 0xF0,
  0x00, 0xF8, 0x00, 0x7F, 0xFF, 0xFF, 0xFF, 0xF8, 0xFF, 0xFF, 0xFF, 0xFF,
  0xF8, 0x00, 0x7C, 0x00, 0x3E, 0x00, 0x1F, 0x00, 0x0F, 0x80, 0x07, 0xC0,
  0x03, 0xE0, 0x01, 0xF0, 0x00, 0xF8, 0x00, 0x7C, 0x00, 0x3E, 0x00, 0x1F,
  0x00, 0x0F, 0x80, 0x07, 0xC0, 0x03, 0xE0, 0x01, 0xF0, 0x00, 0xF8, 0x00,
  0x7C, 0x00, 0x3E, 0x00, 0x1F, 0x00, 0x0F, 0x80, 0x07, 0xC0, 0x03, 0xE0,
  0x01, 0xF0, 0x00, 0xF8, 0x00, 0x7F, 0xFF, 0xFF, 0xFF, 0xF8, 0xFF, 0xFF,
  0xFF, 0xFF, 0xF8, 0x00, 0x7C, 0x00, 0x3E, 0x00, 0x1F, 0x00, 0x0F, 0x80,
  0x07, 0xC0, 0x03, 0xE0, 0x01, 0xF0, 0x00, 0xF8, 0x00, 0x7C, 0x00, 0x3E,
  0x00, 0x1F, 0x00, 0x0F, 0x80, 0x07, 0xC0, 0x03, 0xE0, 0x01, 0xF0, 0x00,
  0xF8, 0x00, 0x7C, 0x00, 0x3E, 0x00, 0x1F, 0x00, 0x0F, 0x80, 0x07, 0xC0,
  0x03, 0xE0, 0x01, 0xF0, 0x00, 0xF8, 0x00, 0x7F, 0xFF, 0xFF, 0xFF, 0xF8,
  0x00, 0x7F, 0xFE, 0xF3, 0x00, 0x00, 0x03, 0x9C, 0xE7, 0x39, 0xCE, 0x73,
  0x9C, 0xE7, 0x39, 0xCE, 0x73, 0x9C, 0xE7, 0x00, 0x00, 0x70, 0x00, 0x0E,
  0x00, 0x01, 0xC0, 0x00, 0x78, 0x00, 0x3F, 0xE0, 0x1F, 0xFF, 0x07, 0xFF,
  0xF1, 0xF3, 0x9F, 0x7C, 0x71, 0xEF, 0x0E, 0x19, 0xC1, 0xC0, 0x78, 0x38,
  0x0F, 0x07, 0x01, 0xE0, 0xE0, 0x3C, 0x1C, 0x07, 0x83, 0x80, 0x70, 0x70,
  0x0E, 0x0E, 0x01, 0xE1, 0xC3, 0x1E, 0x38, 0xF3, 0xE7, 0x3E, 0x3F, 0xFF,
  0x83, 0xFF, 0xE0, 0x1F, 0xF0, 0x00, 0x70, 0x00, 0x0E, 0x00, 0x01, 0xC0,
  0x00, 0x38, 0x00, 0x03, 0xF0, 0x00, 0xFF, 0xC0, 0x1F, 0xFE, 0x03, 0xF3,
  0xF0, 0x7C, 0x0F, 0x07, 0x80, 0x78, 0x70, 0x02, 0x07, 0x00, 0x00, 0x70,
  0x00, 0x07, 0x00, 0x00, 0x78, 0x00, 0x07, 0x80, 0x00, 0x38, 0x00, 0x03,
  0xC0, 0x00, 0x1E, 0x00, 0x07, 0xFF, 0x80, 0x7F, 0xF8, 0x07, 0xFF, 0x80,
  0x0F, 0x00, 0x00, 0xF0, 0x00, 0x0F, 0x00, 0x00, 0xF0, 0x00, 0x0E, 0x00,
  0x00, 0xE0, 0x00, 0x1E, 0x00, 0x43, 0xC0, 0x0F, 0x78, 0x03, 0xEF, 0xFF,
  0xFE, 0xFF, 0xFF, 0xCF, 0xFF, 0xF0, 0x60, 0x00, 0xDE, 0xFF, 0xBF, 0xFF,
  0xFF, 0xBF, 0xFF, 0xE3, 0xE0, 0xF8, 0x78, 0x0F, 0x1E, 0x00, 0xF3, 0x80,
  0x0E, 0x70, 0x01, 0xCE, 0x00, 0x39, 0xC0, 0x07, 0x38, 0x00, 0xE7, 0x80,
  0x3C, 0x78, 0x07, 0x8F, 0x83, 0xE3, 0xFF, 0xFE, 0xFF, 0xFF, 0xFE, 0xFF,
  0xBD, 0x81, 0x03, 0x00, 0xF8, 0x00, 0x1E, 0xF0, 0x00, 0x78, 0xF0, 0x00,
  0xF0, 0xF0, 0x03, 0xC1, 0xE0, 0x0F, 0x01, 0xE0, 0x1E, 0x03, 0xC0, 0x78,
  0x03, 0xC0, 0xF0, 0x03, 0xC3, 0xC0, 0x07, 0x87, 0x00, 0x07, 0x9E, 0x00,
  0x0F, 0x78, 0x00, 0x0F, 0xF0, 0x00, 0x0F, 0xC0, 0x07, 0xFF, 0xFE, 0x0F,
  0xFF, 0xFC, 0x00, 0x3C, 0x00, 0x00, 0x78, 0x00, 0x00, 0xF0, 0x00, 0x01,
  0xE0, 0x01, 0xFF, 0xFF, 0x83, 0xFF, 0xFF, 0x07, 0xFF, 0xFE, 0x00, 0x1E,
  0x00, 0x00, 0x3C, 0x00, 0x00, 0x78, 0x00, 0x00, 0xF0, 0x00, 0x01, 0xE0,
  0x00, 0x03, 0xC0, 0x00, 0xFF, 0xFF, 0xFF, 0xFF, 0xFF, 0xFF, 0x00, 0x0F,
  0xFF, 0xFF, 0xFF, 0xFF, 0xFF, 0xF0, 0x03, 0xF8, 0x01, 0xFF, 0xC0, 0x7F,
  0xFC, 0x1F, 0x8F, 0xC3, 0xC0, 0x78, 0xF0, 0x07, 0x9E, 0x00, 0x43, 0xC0,
  0x00, 0x78, 0x00, 0x07, 0x80, 0x00, 0xFC, 0x00, 0x0F, 0xE0, 0x00, 0xFF,
  0x80, 0x3F, 0xFC, 0x0F, 0x9F, 0xC1, 0xC0, 0xFC, 0x78, 0x07, 0xCE, 0x00,
  0x7D, 0xC0, 0x07, 0xB8, 0x00, 0xF7, 0x80, 0x1E, 0xFC, 0x03, 0xCF, 0xE0,
  0x78, 0xFF, 0x1E, 0x07, 0xFF, 0x80, 0x3F, 0xE0, 0x01, 0xFC, 0x00, 0x0F,
  0xC0, 0x00, 0x7C, 0x00, 0x07, 0x88, 0x00, 0x77, 0x00, 0x0E, 0xF0, 0x01,
  0xDF, 0x00, 0x39, 0xE0, 0x0F, 0x1F, 0x03, 0xE3, 0xFF, 0xF8, 0x3F, 0xFE,
  0x01, 0xFF, 0x00, 0x03, 0x00, 0x70, 0x77, 0x87, 0xBE, 0x3F, 0xE1, 0xE6,
  0x02, 0x00, 0x00, 0x1F, 0xF0, 0x00, 0x03, 0xFF, 0xF0, 0x00, 0x3F, 0xFF,
  0xF0, 0x01, 0xF0, 0x03, 0xE0, 0x0F, 0x00, 0x03, 0xC0, 0x78, 0x00, 0x07,
  0x83, 0xC0, 0x10, 0x0F, 0x0E, 0x07, 0xFC, 0x1C, 0x78, 0x3F, 0xF8, 0x39,
  0xC1, 0xF1, 0xF0, 0xE7, 0x0F, 0x01, 0xE1, 0xF8, 0x38, 0x03, 0x07, 0xE1,
  0xC0, 0x00, 0x1F, 0x87, 0x00, 0x00, 0x7E, 0x1C, 0x00, 0x01, 0xF8, 0x70,
  0x00, 0x07, 0xE1, 0xC0, 0x00, 0x1F, 0x87, 0x00, 0x00, 0x7E, 0x0E, 0x00,
  0x81, 0xF8, 0x38, 0x03, 0x87, 0x70, 0x70, 0x3C, 0x3D, 0xC1, 0xFF, 0xF0,
  0xE3, 0x83, 0xFF, 0x07, 0x8F, 0x03, 0xF8, 0x1C, 0x1E, 0x00, 0x00, 0xE0,
  0x3C, 0x00, 0x0F, 0x80, 0x78, 0x00, 0x7C, 0x00, 0xFC, 0x0F, 0xC0, 0x01,
  0xFF, 0xFE, 0x00, 0x01, 0xFF, 0xE0, 0x00, 0x00, 0x78, 0x00, 0x00, 0x0F,
  0xF0, 0x3F, 0xFC, 0x7F, 0xFE, 0xF0, 0x1E, 0x20, 0x0F, 0x00, 0x07, 0x00,
  0x07, 0x0F, 0xE7, 0x3F, 0xFF, 0x7C, 0x7F, 0xF0, 0x07, 0xE0, 0x07, 0xE0,
  0x07, 0xE0, 0x0F, 0xE0, 0x0F, 0xF8, 0x3F, 0x7F, 0xF7, 0x3F, 0xE7, 0x0F,
  0x80, 0x01, 0x81, 0x80, 0xF0, 0xF0, 0x78, 0x78, 0x3C, 0x3C, 0x1E, 0x0E,
  0x0F, 0x07, 0x03, 0x83, 0x81, 0xC1, 0xE0, 0xE0, 0xF0, 0x1C, 0x1C, 0x07,
  0x83, 0x80, 0xF0, 0x70, 0x1E, 0x0E, 0x03, 0xC3, 0xC0, 0x78, 0x78, 0x0F,
  0x0F, 0x01, 0x81, 0x80, 0xFF, 0xFF, 0xFF, 0xFF, 0xFF, 0xFF, 0xE0, 0x00,
  0x70, 0x00, 0x38, 0x00, 0x1C, 0x00, 0x0E, 0x00, 0x07, 0x00, 0x03, 0x80,
  0x01, 0xC0, 0x00, 0xE0, 0xFF, 0xFF, 0xFF, 0xFF, 0xF0, 0x03, 0xF8, 0x00,
  0xFF, 0xC0, 0x78, 0x1C, 0x1C, 0x01, 0xC3, 0x3F, 0x1C, 0xE7, 0xF1, 0xD8,
  0xE6, 0x1B, 0x1C, 0xC3, 0xE3, 0x98, 0x7C, 0x7E, 0x0F, 0x8E, 0xC1, 0xB1,
  0xDC, 0x36, 0x39, 0xCE, 0xE7, 0x19, 0x8E, 0x00, 0x70, 0xE0, 0x1C, 0x0F,
  0x0F, 0x00, 0xFF, 0xC0, 0x07, 0xE0, 0x00, 0xFF, 0xFF, 0xFF, 0xFF, 0x80,
  0x1F, 0x07, 0xF9, 0xEF, 0x70, 0x7E, 0x0F, 0xC0, 0xF8, 0x3F, 0x07, 0x7B,
  0xC7, 0xF8, 0x7C, 0x00, 0x01, 0xC0, 0x00, 0xE0, 0x00, 0x70, 0x00, 0x38,
  0x00, 0x1C, 0x00, 0x0E, 0x00, 0x07, 0x01, 0xFF, 0xFF, 0xFF, 0xFF, 0xFF,
  0xFF, 0xC0, 0x70, 0x00, 0x38, 0x00, 0x1C, 0x00, 0x0E, 0x00, 0x07, 0x00,
  0x03, 0x80, 0x01, 0xC0, 0x00, 0x00, 0x00, 0x00, 0x1F, 0xFF, 0xFF, 0xFF,
  0xFF, 0xFF, 0xFC, 0x1F, 0x83, 0xFC, 0x7F, 0xEF, 0x0E, 0x20, 0xF0, 0x07,
  0x00, 0xF0, 0x0E, 0x01, 0xE0, 0x3C, 0x07, 0x80, 0xF0, 0x1E, 0x03, 0xC0,
  0x78, 0x0F, 0xFF, 0xFF, 0xFF, 0xFF, 0x0F, 0x83, 0xFC, 0x7F, 0xE7, 0x0F,
  0x20, 0x70, 0x07, 0x00, 0xE0, 0xFE, 0x0F, 0x80, 0xFE, 0x00, 0xF0, 0x07,
  0x00, 0x76, 0x07, 0xF0, 0x77, 0xDF, 0x3F, 0xE1, 0xFC, 0x3C, 0xE7, 0x9C,
  0xF0, 0xE0, 0x03, 0xC3, 0x80, 0x0F, 0x0E, 0x00, 0x3C, 0x38, 0x00, 0xF0,
  0xE0, 0x03, 0xC3, 0x80, 0x0F, 0x0E, 0x00, 0x3C, 0x38, 0x00, 0xF0, 0xE0,
  0x03, 0xC3, 0x80, 0x0F, 0x0E, 0x00, 0x3C, 0x38, 0x00, 0xF0, 0xE0, 0x03,
  0xC3, 0x80, 0x0F, 0x0E, 0x00, 0x3C, 0x3C, 0x01, 0xF0, 0xF0, 0x07, 0xC3,
  0xE0, 0x3F, 0x0F, 0xFF, 0xDF, 0xFB, 0xFE, 0x7F, 0xE7, 0xF0, 0xFF, 0x86,
  0x00, 0xEE, 0x00, 0x00, 0x38, 0x00, 0x00, 0xE0, 0x00, 0x03, 0x80, 0x00,
  0x0E, 0x00, 0x00, 0x38, 0x00, 0x00, 0xE0, 0x00, 0x03, 0x80, 0x00, 0x00,
  0x07, 0xFF, 0xF8, 0xFF, 0xFF, 0xCF, 0xFF, 0xFE, 0xFF, 0xF8, 0x77, 0xFF,
  0xC3, 0xFF, 0xFE, 0x1F, 0xFF, 0xF0, 0xFF, 0xFF, 0x87, 0xFF, 0xFC, 0x3F,
  0xFF, 0xE1, 0xFF, 0xFF, 0x0E, 0xFF, 0xF8, 0x77, 0xFF, 0xC3, 0x9F, 0xFE,
  0x1C, 0x7F, 0xF0, 0xE1, 0xFF, 0x87, 0x01, 0xFC, 0x38, 0x00, 0xE1, 0xC0,
  0x07, 0x0E, 0x00, 0x38, 0x70, 0x01, 0xC3, 0x80, 0x0E, 0x1C, 0x00, 0x70,
  0xE0, 0x03, 0x87, 0x00, 0x1C, 0x38, 0x00, 0xE1, 0xC0, 0x07, 0x0E, 0x00,
  0x38, 0x70, 0x01, 0xC3, 0x80, 0x0E, 0x1C, 0x00, 0x70, 0xE0, 0x03, 0x87,
  0x00, 0x1C, 0x38, 0x00, 0xE1, 0xC0, 0x07, 0x0E, 0x00, 0x38, 0x70, 0x01,
  0xC3, 0x80, 0x0E, 0x1C, 0x71, 0xEF, 0xFE, 0x78, 0x38, 0x38, 0x1F, 0x9F,
  0xE2, 0x70, 0x1C, 0x8F, 0xCE, 0xFF, 0x3F, 0x00, 0x0E, 0x3C, 0xFF, 0xFF,
  0xED, 0xC3, 0x87, 0x0E, 0x1C, 0x38, 0x70, 0xE1, 0xC3, 0x87, 0x0E, 0x1C,
  0x03, 0xF8, 0x03, 0xFF, 0x01, 0xFF, 0xF0, 0xF8, 0x3C, 0x78, 0x07, 0x9E,
  0x00, 0xFF, 0x00, 0x3F, 0xC0, 0x07, 0xE0, 0x01, 0xF8, 0x00, 0x7F, 0x00,
  0x1F, 0xC0, 0x07, 0x70, 0x03, 0xDE, 0x00, 0xF7, 0xC0, 0x78, 0xF8, 0x7C,
  0x1F, 0xFE, 0x03, 0xFF, 0x00, 0x1F, 0x00, 0x20, 0x30, 0x1E, 0x0F, 0x01,
  0xE0, 0xE0, 0x1E, 0x0E, 0x01, 0xE0, 0xE0, 0x1E, 0x1E, 0x01, 0xE1, 0xE0,
  0x1E, 0x1E, 0x01, 0xC1, 0xE0, 0x78, 0x78, 0x1E, 0x1E, 0x07, 0x87, 0x81,
  0xE0, 0xE0, 0x78, 0x38, 0x1E, 0x0E, 0x07, 0x83, 0xC0, 0x60, 0x30, 0x00,
  0x0E, 0x00, 0x03, 0x00, 0x3C, 0x00, 0x0F, 0x00, 0xF8, 0x00, 0x1C, 0x07,
  0xF0, 0x00, 0x78, 0x0F, 0xE0, 0x01, 0xE0, 0x0D, 0xC0, 0x03, 0x80, 0x03,
  0x80, 0x0F, 0x00, 0x07, 0x00, 0x3C, 0x00, 0x0E, 0x00, 0x70, 0x00, 0x1C,
  0x01, 0xE0, 0x00, 0x38, 0x07, 0x80, 0x00, 0x70, 0x0E, 0x00, 0x00, 0xE0,
  0x3C, 0x07, 0x01, 0xC0, 0xF0, 0x1E, 0x03, 0x81, 0xC0, 0x3C, 0x07, 0x07,
  0x80, 0xF8, 0x0E, 0x1E, 0x03, 0xF0, 0x1C, 0x38, 0x07, 0xE0, 0x00, 0xF0,
  0x1D, 0xC0, 0x03, 0xC0, 0x73, 0x80, 0x07, 0x01, 0xE7, 0x00, 0x1E, 0x03,
  0x8E, 0x00, 0x78, 0x0E, 0x1C, 0x00, 0xE0, 0x3C, 0x38, 0x03, 0xC0, 0x7F,
  0xFE, 0x0F, 0x00, 0xFF, 0xFC, 0x1C, 0x00, 0x01, 0xC0, 0x78, 0x00, 0x03,
  0x81, 0xE0, 0x00, 0x07, 0x03, 0x80, 0x00, 0x0E, 0x01, 0x00, 0x00, 0x00,
  0x00, 0x0E, 0x00, 0x03, 0x00, 0x3C, 0x00, 0x0F, 0x00, 0xF8, 0x00, 0x1C,
  0x07, 0xF0, 0x00, 0x78, 0x0F, 0xE0, 0x01, 0xE0, 0x0D, 0xC0, 0x03, 0x80,
  0x03, 0x80, 0x0F, 0x00, 0x07, 0x00, 0x3C, 0x00, 0x0E, 0x00, 0x70, 0x00,
  0x1C, 0x01, 0xE0, 0x00, 0x38, 0x07, 0x80, 0x00, 0x70, 0x0E, 0x00, 0x00,
  0xE0, 0x3C, 0x1F, 0x01, 0xC0, 0xF0, 0xFF, 0x83, 0x81, 0xC3, 0xFF, 0x87,
  0x07, 0x87, 0x8F, 0x0E, 0x1E, 0x02, 0x0E, 0x1C, 0x38, 0x00, 0x1C, 0x00,
  0xF0, 0x00, 0x38, 0x03, 0xC0, 0x00, 0xF0, 0x07, 0x00, 0x03, 0xC0, 0x1E,
  0x00, 0x07, 0x00, 0x78, 0x00, 0x1E, 0x00, 0xE0, 0x00, 0x78, 0x03, 0xC0,
  0x01, 0xE0, 0x0F, 0x00, 0x07, 0x80, 0x1C, 0x00, 0x1E, 0x00, 0x78, 0x00,
  0x7F, 0xF1, 0xE0, 0x00, 0xFF, 0xE3, 0x80, 0x01, 0xFF, 0xC1, 0x00, 0x00,
  0x00, 0x00, 0x0F, 0x80, 0x00, 0x30, 0x0F, 0xF0, 0x00, 0x1E, 0x07, 0xFE,
  0x00, 0x07, 0x01, 0xC3, 0xC0, 0x03, 0xC0, 0x20, 0x70, 0x01, 0xE0, 0x00,
  0x1C, 0x00, 0x70, 0x00, 0x0E, 0x00, 0x38, 0x00, 0x3F, 0x80, 0x1E, 0x00,
  0x0F, 0x80, 0x07, 0x00, 0x03, 0xF8, 0x03, 0x80, 0x00, 0x0F, 0x01, 0xE0,
  0x00, 0x01, 0xC0, 0x70, 0x00, 0x00, 0x70, 0x38, 0x07, 0x18, 0x1C, 0x1E,
  0x03, 0xCF, 0x07, 0x07, 0x01, 0xF1, 0xF7, 0xC3, 0x80, 0x7C, 0x3F, 0xE1,
  0xE0, 0x3F, 0x07, 0xF0, 0xF0, 0x1F, 0xC0, 0x00, 0x38, 0x07, 0x70, 0x00,
  0x1E, 0x03, 0x9C, 0x00, 0x0F, 0x01, 0xE7, 0x00, 0x03, 0x80, 0xF1, 0xC0,
  0x01, 0xE0, 0x38, 0x70, 0x00, 0xF0, 0x1C, 0x1C, 0x00, 0x38, 0x07, 0xFF,
  0xC0, 0x1E, 0x01, 0xFF, 0xF0, 0x0F, 0x00, 0x00, 0x70, 0x03, 0x80, 0x00,
  0x1C, 0x01, 0xE0, 0x00, 0x07, 0x00, 0x70, 0x00, 0x01, 0xC0, 0x04, 0x00,
  0x00, 0x00, 0x03, 0xC0, 0x07, 0xC0, 0x0F, 0xE0, 0x07, 0xE0, 0x07, 0xC0,
  0x03, 0x80, 0x00, 0x00, 0x00, 0x00, 0x00, 0x00, 0x03, 0xC0, 0x03, 0xC0,
  0x03, 0xC0, 0x03, 0xC0, 0x07, 0x80, 0x0F, 0x80, 0x1F, 0x00, 0x3E, 0x00,
  0x7C, 0x00, 0x78, 0x00, 0xF0, 0x00, 0xF0, 0x00, 0xE0, 0x00, 0xE0, 0x00,
  0xE0, 0x0E, 0xF0, 0x0F, 0xF0, 0x1E, 0x7C, 0x7E, 0x7F, 0xFC, 0x3F, 0xF8,
  0x0F, 0xE0, 0x00, 0xF0, 0x00, 0x00, 0x1E, 0x00, 0x00, 0x03, 0x80, 0x00,
  0x00, 0xF0, 0x00, 0x00, 0x1C, 0x00, 0x00, 0x00, 0x00, 0x00, 0x00, 0x00,
  0x00, 0x00, 0x00, 0x00, 0x00, 0x00, 0x00, 0x00, 0x0F, 0x80, 0x00, 0x03,
  0xF0, 0x00, 0x00, 0xFC, 0x00, 0x00, 0x7F, 0x00, 0x00, 0x1D, 0xE0, 0x00,
  0x07, 0x38, 0x00, 0x03, 0xCE, 0x00, 0x00, 0xE3, 0xC0, 0x00, 0x78, 0x70,
  0x00, 0x1E, 0x1E, 0x00, 0x07, 0x07, 0x80, 0x03, 0xC0, 0xE0, 0x00, 0xF0,
  0x3C, 0x00, 0x78, 0x0F, 0x00, 0x1E, 0x01, 0xC0, 0x07, 0x00, 0x78, 0x03,
  0xC0, 0x0E, 0x00, 0xF0, 0x03, 0xC0, 0x3F, 0xFF, 0xF0, 0x1F, 0xFF, 0xFC,
  0x07, 0xFF, 0xFF, 0x83, 0xC0, 0x01, 0xE0, 0xF0, 0x00, 0x38, 0x38, 0x00,
  0x0F, 0x1E, 0x00, 0x03, 0xC7, 0x80, 0x00, 0x79, 0xC0, 0x00, 0x1E, 0xF0,
  0x00, 0x03, 0xBC, 0x00, 0x00, 0xF0, 0x00, 0x07, 0x80, 0x00, 0x01, 0xC0,
  0x00, 0x00, 0xF0, 0x00, 0x00, 0x38, 0x00, 0x00, 0x1E, 0x00, 0x00, 0x00,
  0x00, 0x00, 0x00, 0x00, 0x00, 0x00, 0x00, 0x00, 0x00, 0x00, 0x00, 0x00,
  0x0F, 0x80, 0x00, 0x03, 0xF0, 0x00, 0x00, 0xFC, 0x00, 0x00, 0x7F, 0x00,
  0x00, 0x1D, 0xE0, 0x00, 0x07, 0x38, 0x00, 0x03, 0xCE, 0x00, 0x00, 0xE3,
  0xC0, 0x00, 0x78, 0x70, 0x00, 0x1E, 0x1E, 0x00, 0x07, 0x07, 0x80, 0x03,
  0xC0, 0xE0, 0x00, 0xF0, 0x3C, 0x00, 0x78, 0x0F, 0x00, 0x1E, 0x01, 0xC0,
  0x07, 0x00, 0x78, 0x03, 0xC0, 0x0E, 0x00, 0xF0, 0x03, 0xC0, 0x3F, 0xFF,
  0xF0, 0x1F, 0xFF, 0xFC, 0x07, 0xFF, 0xFF, 0x83, 0xC0, 0x01, 0xE0, 0xF0,
  0x00, 0x38, 0x38, 0x00, 0x0F, 0x1E, 0x00, 0x03, 0xC7, 0x80, 0x00, 0x79,
  0xC0, 0x00, 0x1E, 0xF0, 0x00, 0x03, 0xBC, 0x00, 0x00, 0xF0, 0x00, 0x3E,
  0x00, 0x00, 0x1F, 0xC0, 0x00, 0x07, 0x38, 0x00, 0x03, 0x87, 0x00, 0x01,
  0xC1, 0xE0, 0x00, 0x80, 0x04, 0x00, 0x00, 0x00, 0x00, 0x00, 0x00, 0x00,
  0x00, 0x00, 0x00, 0x00, 0x0F, 0x80, 0x00, 0x03, 0xF0, 0x00, 0x00, 0xFC,
  0x00, 0x00, 0x7F, 0x00, 0x00, 0x1D, 0xE0, 0x00, 0x07, 0x38, 0x00, 0x03,
  0xCE, 0x00, 0x00, 0xE3, 0xC0, 0x00, 0x78, 0x70, 0x00, 0x1E, 0x1E, 0x00,
  0x07, 0x07, 0x80, 0x03, 0xC0, 0xE0, 0x00, 0xF0, 0x3C, 0x00, 0x78, 0x0F,
  0x00, 0x1E, 0x01, 0xC0, 0x07, 0x00, 0x78, 0x03, 0xC0, 0x0E, 0x00, 0xF0,
  0x03, 0xC0, 0x3F, 0xFF, 0xF0, 0x1F, 0xFF, 0xFC, 0x07, 0xFF, 0xFF, 0x83,
  0xC0, 0x01, 0xE0, 0xF0, 0x00, 0x38, 0x38, 0x00, 0x0F, 0x1E, 0x00, 0x03,
  0xC7, 0x80, 0x00, 0x79, 0xC0, 0x00, 0x1E, 0xF0, 0x00, 0x03, 0xBC, 0x00,
  0x00, 0xF0, 0x00, 0xE0, 0x00, 0x00, 0x7E, 0x1C, 0x00, 0x3F, 0xEE, 0x00,
  0x0E, 0x7F, 0x80, 0x03, 0x87, 0xC0, 0x00, 0x00, 0x00, 0x00, 0x00, 0x00,
  0x00, 0x00, 0x00, 0x00, 0x00, 0x00, 0x00, 0x00, 0x0F, 0x80, 0x00, 0x03,
  0xF0, 0x00, 0x00, 0xFC, 0x00, 0x00, 0x7F, 0x00, 0x00, 0x1D, 0xE0, 0x00,
  0x07, 0x38, 0x00, 0x03, 0xCE, 0x00, 0x00, 0xE3, 0xC0, 0x00, 0x78, 0x70,
  0x00, 0x1E, 0x1E, 0x00, 0x07, 0x07, 0x80, 0x03, 0xC0, 0xE0, 0x00, 0xF0,
  0x3C, 0x00, 0x78, 0x0F, 0x00, 0x1E, 0x01, 0xC0, 0x07, 0x00, 0x78, 0x03,
  0xC0, 0x0E, 0x00, 0xF0, 0x03, 0xC0, 0x3F, 0xFF, 0xF0, 0x1F, 0xFF, 0xFC,
  0x07, 0xFF, 0xFF, 0x83, 0xC0, 0x01, 0xE0, 0xF0, 0x00, 0x38, 0x38, 0x00,
  0x0F, 0x1E, 0x00, 0x03, 0xC7, 0x80, 0x00, 0x79, 0xC0, 0x00, 0x1E, 0xF0,
  0x00, 0x03, 0xBC, 0x00, 0x00, 0xF0, 0x00, 0xC1, 0xC0, 0x00, 0x78, 0x78,
  0x00, 0x1E, 0x1E, 0x00, 0x07, 0x87, 0x80, 0x00, 0xC0, 0x80, 0x00, 0x00,
  0x00, 0x00, 0x00, 0x00, 0x00, 0x00, 0x00, 0x00, 0x00, 0x00, 0x00, 0x00,
  0x0F, 0x80, 0x00, 0x03, 0xF0, 0x00, 0x00, 0xFC, 0x00, 0x00, 0x7F, 0x00,
  0x00, 0x1D, 0xE0, 0x00, 0x07, 0x38, 0x00, 0x03, 0xCE, 0x00, 0x00, 0xE3,
  0xC0, 0x00, 0x78, 0x70, 0x00, 0x1E, 0x1E, 0x00, 0x07, 0x07, 0x80, 0x03,
  0xC0, 0xE0, 0x00, 0xF0, 0x3C, 0x00, 0x78, 0x0F, 0x00, 0x1E, 0x01, 0xC0,
  0x07, 0x00, 0x78, 0x03, 0xC0, 0x0E, 0x00, 0xF0, 0x03, 0xC0, 0x3F, 0xFF,
  0xF0, 0x1F, 0xFF, 0xFC, 0x07, 0xFF, 0xFF, 0x83, 0xC0, 0x01, 0xE0, 0xF0,
  0x00, 0x38, 0x38, 0x00, 0x0F, 0x1E, 0x00, 0x03, 0xC7, 0x80, 0x00, 0x79,
  0xC0, 0x00, 0x1E, 0xF0, 0x00, 0x03, 0xBC, 0x00, 0x00, 0xF0, 0x00, 0x1C,
  0x00, 0x00, 0x0F, 0xC0, 0x00, 0x07, 0xF8, 0x00, 0x03, 0x86, 0x00, 0x00,
  0xE1, 0x80, 0x00, 0x38, 0x60, 0x00, 0x07, 0x38, 0x00, 0x01, 0xFC, 0x00,
  0x00, 0x1E, 0x00, 0x00, 0x00, 0x00, 0x00, 0x00, 0x00, 0x00, 0x00, 0x00,
  0x00, 0x00, 0x3E, 0x00, 0x00, 0x0F, 0xC0, 0x00, 0x03, 0xF0, 0x00, 0x01,
  0xFC, 0x00, 0x00, 0x77, 0x80, 0x00, 0x1C, 0xE0, 0x00, 0x0F, 0x38, 0x00,
  0x03, 0x8F, 0x00, 0x01, 0xE1, 0xC0, 0x00, 0x78, 0x78, 0x00, 0x1C, 0x1E,
  0x00, 0x0F, 0x03, 0x80, 0x03, 0xC0, 0xF0, 0x01, 0xE0, 0x3C, 0x00, 0x78,
  0x07, 0x00, 0x1C, 0x01, 0xE0, 0x0F, 0x00, 0x38, 0x03, 0xC0, 0x0F, 0x00,
  0xFF, 0xFF, 0xC0, 0x7F, 0xFF, 0xF0, 0x1F, 0xFF, 0xFE, 0x0F, 0x00, 0x07,
  0x83, 0xC0, 0x00, 0xE0, 0xE0, 0x00, 0x3C, 0x78, 0x00, 0x0F, 0x1E, 0x00,
  0x01, 0xE7, 0x00, 0x00, 0x7B, 0xC0, 0x00, 0x0E, 0xF0, 0x00, 0x03, 0xC0,
  0x00, 0x00, 0x7F, 0xFF, 0xF0, 0x00, 0x0F, 0xFF, 0xFF, 0x00, 0x00, 0xFF,
  0xFF, 0xF0, 0x00, 0x1F, 0xE0, 0x00, 0x00, 0x03, 0xDE, 0x00, 0x00, 0x00,
  0x3D, 0xE0, 0x00, 0x00, 0x07, 0x9E, 0x00, 0x00, 0x00, 0x79, 0xE0, 0x00,
  0x00, 0x0F, 0x1E, 0x00, 0x00, 0x01, 0xE1, 0xE0, 0x00, 0x00, 0x1E, 0x1E,
  0x00, 0x00, 0x03, 0xC1, 0xE0, 0x00, 0x00, 0x3C, 0x1E, 0x00, 0x00, 0x07,
  0x81, 0xFF, 0xFE, 0x00, 0xF0, 0x1F, 0xFF, 0xE0, 0x0F, 0x01, 0xFF, 0xFE,
  0x01, 0xE0, 0x1E, 0x00, 0x00, 0x1E, 0x01, 0xE0, 0x00, 0x03, 0xFF, 0xFE,
  0x00, 0x00, 0x7F, 0xFF, 0xE0, 0x00, 0x07, 0xFF, 0xFE, 0x00, 0x00, 0xF0,
  0x01, 0xE0, 0x00, 0x1F, 0x00, 0x1E, 0x00, 0x01, 0xE0, 0x01, 0xE0, 0x00,
  0x3C, 0x00, 0x1E, 0x00, 0x03, 0xC0, 0x01, 0xE0, 0x00, 0x78, 0x00, 0x1F,
  0xFF, 0xFF, 0x80, 0x01, 0xFF, 0xFF, 0xF0, 0x00, 0x1F, 0xFF, 0xF0, 0x00,
  0x1F, 0xE0, 0x00, 0x1F, 0xFF, 0x80, 0x0F, 0xFF, 0xF8, 0x03, 0xFC, 0x3F,
  0xC0, 0xFC, 0x00, 0xFC, 0x3E, 0x00, 0x07, 0x8F, 0x80, 0x00, 0x41, 0xE0,
  0x00, 0x00, 0x78, 0x00, 0x00, 0x0F, 0x00, 0x00, 0x03, 0xC0, 0x00, 0x00,
  0x78, 0x00, 0x00, 0x0F, 0x00, 0x00, 0x01, 0xC0, 0x00, 0x00, 0x38, 0x00,
  0x00, 0x07, 0x00, 0x00, 0x00, 0xE0, 0x00, 0x00, 0x1E, 0x00, 0x00, 0x03,
  0xC0, 0x00, 0x00, 0x78, 0x00, 0x00, 0x07, 0x00, 0x00, 0x00, 0xF0, 0x00,
  0x00, 0x1F, 0x00, 0x00, 0x01, 0xE0, 0x00, 0x04, 0x1E, 0x00, 0x01, 0xC1,
  0xF0, 0x00, 0xFC, 0x3F, 0x80, 0x7F, 0x01, 0xFF, 0xFF, 0xC0, 0x1F, 0xFF,
  0xE0, 0x00, 0xFF, 0xF0, 0x00, 0x03, 0xE0, 0x00, 0x00, 0x60, 0x00, 0x00,
  0x1F, 0x80, 0x00, 0x07, 0xF8, 0x00, 0x00, 0x37, 0x80, 0x00, 0x00, 0x70,
  0x00, 0x00, 0x8E, 0x00, 0x00, 0x7B, 0xC0, 0x00, 0x07, 0xF0, 0x00, 0x00,
  0x7C, 0x00, 0x0F, 0x00, 0x03, 0xC0, 0x00, 0xE0, 0x00, 0x78, 0x00, 0x1C,
  0x00, 0x01, 0x00, 0x00, 0x00, 0x00, 0x00, 0x00, 0x00, 0x7F, 0xFF, 0xFF,
  0xFF, 0xFF, 0xFF, 0xFF, 0x00, 0x07, 0x80, 0x03, 0xC0, 0x01, 0xE0, 0x00,
  0xF0, 0x00, 0x78, 0x00, 0x3C, 0x00, 0x1E, 0x00, 0x0F, 0x00, 0x07, 0x80,
  0x03, 0xFF, 0xFD, 0xFF, 0xFE, 0xFF, 0xFF, 0x78, 0x00, 0x3C, 0x00, 0x1E,
  0x00, 0x0F, 0x00, 0x07, 0x80, 0x03, 0xC0, 0x01, 0xE0, 0x00, 0xF0, 0x00,
  0x78, 0x00, 0x3C, 0x00, 0x1F, 0xFF, 0xFF, 0xFF, 0xFF, 0xFF, 0xFC, 0x00,
  0x78, 0x00, 0x38, 0x00, 0x3C, 0x00, 0x1C, 0x00, 0x1E, 0x00, 0x00, 0x00,
  0x00, 0x00, 0x00, 0x00, 0x00, 0x00, 0x7F, 0xFF, 0xFF, 0xFF, 0xFF, 0xFF,
  0xFF, 0x00, 0x07, 0x80, 0x03, 0xC0, 0x01, 0xE0, 0x00, 0xF0, 0x00, 0x78,
  0x00, 0x3C, 0x00, 0x1E, 0x00, 0x0F, 0x00, 0x07, 0x80, 0x03, 0xFF, 0xFD,
  0xFF, 0xFE, 0xFF, 0xFF, 0x78, 0x00, 0x3C, 0x00, 0x1E, 0x00, 0x0F, 0x00,
  0x07, 0x80, 0x03, 0xC0, 0x01, 0xE0, 0x00, 0xF0, 0x00, 0x78, 0x00, 0x3C,
  0x00, 0x1F, 0xFF, 0xFF, 0xFF, 0xFF, 0xFF, 0xFC, 0x03, 0xE0, 0x03, 0xF8,
  0x01, 0xCE, 0x01, 0xC3, 0x81, 0xC1, 0xE1, 0x00, 0x08, 0x00, 0x00, 0x00,
  0x00, 0x00, 0x00, 0x7F, 0xFF, 0xFF, 0xFF, 0xFF, 0xFF, 0xFF, 0x00, 0x07,
  0x80, 0x03, 0xC0, 0x01, 0xE0, 0x00, 0xF0, 0x00, 0x78, 0x00, 0x3C, 0x00,
  0x1E, 0x00, 0x0F, 0x00, 0x07, 0x80, 0x03, 0xFF, 0xFD, 0xFF, 0xFE, 0xFF,
  0xFF, 0x78, 0x00, 0x3C, 0x00, 0x1E, 0x00, 0x0F, 0x00, 0x07, 0x80, 0x03,
  0xC0, 0x01, 0xE0, 0x00, 0xF0, 0x00, 0x78, 0x00, 0x3C, 0x00, 0x1F, 0xFF,
  0xFF, 0xFF, 0xFF, 0xFF, 0xFC, 0x0C, 0x0C, 0x0F, 0x0F, 0x07, 0x87, 0x83,
  0xC3, 0xC0, 0xC0, 0x80, 0x00, 0x00, 0x00, 0x00, 0x00, 0x00, 0x00, 0x00,
  0x7F, 0xFF, 0xFF, 0xFF, 0xFF, 0xFF, 0xFF, 0x00, 0x07, 0x80, 0x03, 0xC0,
  0x01, 0xE0, 0x00, 0xF0, 0x00, 0x78, 0x00, 0x3C, 0x00, 0x1E, 0x00, 0x0F,
  0x00, 0x07, 0x80, 0x03, 0xFF, 0xFD, 0xFF, 0xFE, 0xFF, 0xFF, 0x78, 0x00,
  0x3C, 0x00, 0x1E, 0x00, 0x0F, 0x00, 0x07, 0x80, 0x03, 0xC0, 0x01, 0xE0,
  0x00, 0xF0, 0x00, 0x78, 0x00, 0x3C, 0x00, 0x1F, 0xFF, 0xFF, 0xFF, 0xFF,
  0xFF, 0xFC, 0xF8, 0xF0, 0xE0, 0xE1, 0xC0, 0x40, 0x00, 0x00, 0x3C, 0x78,
  0xF1, 0xE3, 0xC7, 0x8F, 0x1E, 0x3C, 0x78, 0xF1, 0xE3, 0xC7, 0x8F, 0x1E,
  0x3C, 0x78, 0xF1, 0xE3, 0xC7, 0x8F, 0x1E, 0x3C, 0x78, 0xF1, 0xE3, 0xC0,
  0x3E, 0x78, 0xE3, 0x87, 0x10, 0x00, 0x00, 0x01, 0xE3, 0xC7, 0x8F, 0x1E,
  0x3C, 0x78, 0xF1, 0xE3, 0xC7, 0x8F, 0x1E, 0x3C, 0x78, 0xF1, 0xE3, 0xC7,
  0x8F, 0x1E, 0x3C, 0x78, 0xF1, 0xE3, 0xC7, 0x8F, 0x1E, 0x00, 0x07, 0xC0,
  0x3F, 0x01, 0xCE, 0x0E, 0x1C, 0x70, 0x3A, 0x00, 0x10, 0x00, 0x00, 0x00,
  0x00, 0x00, 0x1E, 0x00, 0x78, 0x01, 0xE0, 0x07, 0x80, 0x1E, 0x00, 0x78,
  0x01, 0xE0, 0x07, 0x80, 0x1E, 0x00, 0x78, 0x01, 0xE0, 0x07, 0x80, 0x1E,
  0x00, 0x78, 0x01, 0xE0, 0x07, 0x80, 0x1E, 0x00, 0x78, 0x01, 0xE0, 0x07,
  0x80, 0x1E, 0x00, 0x78, 0x01, 0xE0, 0x07, 0x80, 0x1E, 0x00, 0x78, 0x01,
  0xE0, 0x07, 0x80, 0x1E, 0x00, 0x60, 0x6F, 0x0F, 0xF0, 0xFF, 0x0F, 0x60,
  0x60, 0x00, 0x00, 0x00, 0x00, 0x00, 0x00, 0xF0, 0x0F, 0x00, 0xF0, 0x0F,
  0x00, 0xF0, 0x0F, 0x00, 0xF0, 0x0F, 0x00, 0xF0, 0x0F, 0x00, 0xF0, 0x0F,
  0x00, 0xF0, 0x0F, 0x00, 0xF0, 0x0F, 0x00, 0xF0, 0x0F, 0x00, 0xF0, 0x0F,
  0x00, 0xF0, 0x0F, 0x00, 0xF0, 0x0F, 0x00, 0xF0, 0x0F, 0x00, 0xF0, 0x0F,
  0x00, 0xF0, 0x1F, 0xFF, 0xC0, 0x03, 0xFF, 0xFE, 0x00, 0x7F, 0xFF, 0xF0,
  0x0F, 0x00, 0x7F, 0x01, 0xE0, 0x01, 0xF0, 0x3C, 0x00, 0x1F, 0x07, 0x80,
  0x01, 0xE0, 0xF0, 0x00, 0x1E, 0x1E, 0x00, 0x03, 0xC3, 0xC0, 0x00, 0x38,
  0x78, 0x00, 0x07, 0x8F, 0x00, 0x00, 0xF1, 0xE0, 0x00, 0x1F, 0xFF, 0xFC,
  0x01, 0xFF, 0xFF, 0x80, 0x3F, 0xFF, 0xF0, 0x0F, 0x1E, 0x00, 0x01, 0xE3,
  0xC0, 0x00, 0x3C, 0x78, 0x00, 0x07, 0x8F, 0x00, 0x00, 0xE1, 0xE0, 0x00,
  0x3C, 0x3C, 0x00, 0x0F, 0x07, 0x80, 0x01, 0xE0, 0xF0, 0x00, 0x78, 0x1E,
  0x00, 0x3E, 0x03, 0xC0, 0x7F, 0x80, 0x7F, 0xFF, 0xE0, 0x0F, 0xFF, 0xF0,
  0x01, 0xFF, 0xF0, 0x00, 0x01, 0xE0, 0x00, 0x07, 0xE1, 0x80, 0x1F, 0xF7,
  0x00, 0x39, 0xFE, 0x00, 0x60, 0xF8, 0x00, 0x00, 0x00, 0x00, 0x00, 0x00,
  0x00, 0x00, 0x00, 0x00, 0x00, 0x01, 0xF0, 0x00, 0x3F, 0xF0, 0x00, 0x7F,
  0xE0, 0x00, 0xFF, 0xE0, 0x01, 0xFF, 0xE0, 0x03, 0xFF, 0xC0, 0x07, 0xFB,
  0xC0, 0x0F, 0xF3, 0xC0, 0x1F, 0xE7, 0x80, 0x3F, 0xC7, 0x80, 0x7F, 0x87,
  0x00, 0xFF, 0x0F, 0x01, 0xFE, 0x0F, 0x03, 0xFC, 0x1E, 0x07, 0xF8, 0x1E,
  0x0F, 0xF0, 0x1E, 0x1F, 0xE0, 0x3C, 0x3F, 0xC0, 0x3C, 0x7F, 0x80, 0x3C,
  0xFF, 0x00, 0x79, 0xFE, 0x00, 0x7B, 0xFC, 0x00, 0x77, 0xF8, 0x00, 0xFF,
  0xF0, 0x00, 0xFF, 0xE0, 0x01, 0xFF, 0xC0, 0x01, 0xFF, 0x80, 0x01, 0xFF,
  0x00, 0x03, 0xFE, 0x00, 0x03, 0xC0, 0x00, 0x3C, 0x00, 0x00, 0x00, 0x78,
  0x00, 0x00, 0x00, 0xE0, 0x00, 0x00, 0x01, 0xC0, 0x00, 0x00, 0x07, 0x00,
  0x00, 0x00, 0x02, 0x00, 0x00, 0x00, 0x00, 0x00, 0x00, 0x00, 0x00, 0x00,
  0x00, 0x1F, 0xE0, 0x00, 0x03, 0xFF, 0xF0, 0x00, 0x3F, 0xFF, 0xF0, 0x01,
  0xFC, 0x1F, 0xE0, 0x0F, 0xC0, 0x0F, 0xC0, 0x7C, 0x00, 0x0F, 0x83, 0xE0,
  0x00, 0x1F, 0x0F, 0x00, 0x00, 0x3C, 0x78, 0x00, 0x00, 0x79, 0xE0, 0x00,
  0x01, 0xEF, 0x00, 0x00, 0x03, 0xBC, 0x00, 0x00, 0x0F, 0xF0, 0x00, 0x00,
  0x3F, 0x80, 0x00, 0x00, 0xFE, 0x00, 0x00, 0x03, 0xF8, 0x00, 0x00, 0x0F,
  0xE0, 0x00, 0x00, 0x3F, 0xC0, 0x00, 0x00, 0xFF, 0x00, 0x00, 0x03, 0xFC,
  0x00, 0x00, 0x0E, 0x70, 0x00, 0x00, 0x79, 0xE0, 0x00, 0x01, 0xE7, 0xC0,
  0x00, 0x0F, 0x0F, 0x00, 0x00, 0x3C, 0x1E, 0x00, 0x01, 0xE0, 0x3E, 0x00,
  0x1F, 0x00, 0xFE, 0x01, 0xF8, 0x00, 0xFF, 0xFF, 0xC0, 0x01, 0xFF, 0xFE,
  0x00, 0x01, 0xFF, 0xE0, 0x00, 0x00, 0xF8, 0x00, 0x00, 0x00, 0x01, 0xF0,
  0x00, 0x00, 0x07, 0x00, 0x00, 0x00, 0x3C, 0x00, 0x00, 0x00, 0xE0, 0x00,
  0x00, 0x03, 0x80, 0x00, 0x00, 0x10, 0x00, 0x00, 0x00, 0x00, 0x00, 0x00,
  0x00, 0x00, 0x00, 0x00, 0x1F, 0xE0, 0x00, 0x03, 0xFF, 0xF0, 0x00, 0x3F,
  0xFF, 0xF0, 0x01, 0xFC, 0x1F, 0xE0, 0x0F, 0xC0, 0x0F, 0xC0, 0x7C, 0x00,
  0x0F, 0x83, 0xE0, 0x00, 0x1F, 0x0F, 0x00, 0x00, 0x3C, 0x78, 0x00, 0x00,
  0x79, 0xE0, 0x00, 0x01, 0xEF, 0x00, 0x00, 0x03, 0xBC, 0x00, 0x00, 0x0F,
  0xF0, 0x00, 0x00, 0x3F, 0x80, 0x00, 0x00, 0xFE, 0x00, 0x00, 0x03, 0xF8,
  0x00, 0x00, 0x0F, 0xE0, 0x00, 0x00, 0x3F, 0xC0, 0x00, 0x00, 0xFF, 0x00,
  0x00, 0x03, 0xFC, 0x00, 0x00, 0x0E, 0x70, 0x00, 0x00, 0x79, 0xE0, 0x00,
  0x01, 0xE7, 0xC0, 0x00, 0x0F, 0x0F, 0x00, 0x00, 0x3C, 0x1E, 0x00, 0x01,
  0xE0, 0x3E, 0x00, 0x1F, 0x00, 0xFE, 0x01, 0xF8, 0x00, 0xFF, 0xFF, 0xC0,
  0x01, 0xFF, 0xFE, 0x00, 0x01, 0xFF, 0xE0, 0x00, 0x00, 0xF8, 0x00, 0x00,
  0x00, 0x0F, 0x80, 0x00, 0x00, 0x3F, 0x00, 0x00, 0x01, 0xCE, 0x00, 0x00,
  0x0E, 0x1C, 0x00, 0x00, 0x70, 0x38, 0x00, 0x02, 0x00, 0x10, 0x00, 0x00,
  0x00, 0x00, 0x00, 0x00, 0x00, 0x00, 0x00, 0x1F, 0xE0, 0x00, 0x03, 0xFF,
  0xF0, 0x00, 0x3F, 0xFF, 0xF0, 0x01, 0xFC, 0x1F, 0xE0, 0x0F, 0xC0, 0x0F,
  0xC0, 0x7C, 0x00, 0x0F, 0x83, 0xE0, 0x00, 0x1F, 0x0F, 0x00, 0x00, 0x3C,
  0x78, 0x00, 0x00, 0x79, 0xE0, 0x00, 0x01, 0xEF, 0x00, 0x00, 0x03, 0xBC,
  0x00, 0x00, 0x0F, 0xF0, 0x00, 0x00, 0x3F, 0x80, 0x00, 0x00, 0xFE, 0x00,
  0x00, 0x03, 0xF8, 0x00, 0x00, 0x0F, 0xE0, 0x00, 0x00, 0x3F, 0xC0, 0x00,
  0x00, 0xFF, 0x00, 0x00, 0x03, 0xFC, 0x00, 0x00, 0x0E, 0x70, 0x00, 0x00,
  0x79, 0xE0, 0x00, 0x01, 0xE7, 0xC0, 0x00, 0x0F, 0x0F, 0x00, 0x00, 0x3C,
  0x1E, 0x00, 0x01, 0xE0, 0x3E, 0x00, 0x1F, 0x00, 0xFE, 0x01, 0xF8, 0x00,
  0xFF, 0xFF, 0xC0, 0x01, 0xFF, 0xFE, 0x00, 0x01, 0xFF, 0xE0, 0x00, 0x00,
  0xF8, 0x00, 0x00, 0x00, 0x3C, 0x00, 0x00, 0x01, 0xFC, 0x70, 0x00, 0x07,
  0xFB, 0xC0, 0x00, 0x39, 0xFE, 0x00, 0x00, 0xE1, 0xF0, 0x00, 0x00, 0x00,
  0x00, 0x00, 0x00, 0x00, 0x00, 0x00, 0x00, 0x00, 0x00, 0x00, 0x1F, 0xE0,
  0x00, 0x03, 0xFF, 0xF0, 0x00, 0x3F, 0xFF, 0xF0, 0x01, 0xFC, 0x1F, 0xE0,
  0x0F, 0xC0, 0x0F, 0xC0, 0x7C, 0x00, 0x0F, 0x83, 0xE0, 0x00, 0x1F, 0x0F,
  0x00, 0x00, 0x3C, 0x78, 0x00, 0x00, 0x79, 0xE0, 0x00, 0x01, 0xEF, 0x00,
  0x00, 0x03, 0xBC, 0x00, 0x00, 0x0F, 0xF0, 0x00, 0x00, 0x3F, 0x80, 0x00,
  0x00, 0xFE, 0x00, 0x00, 0x03, 0xF8, 0x00, 0x00, 0x0F, 0xE0, 0x00, 0x00,
  0x3F, 0xC0, 0x00, 0x00, 0xFF, 0x00, 0x00, 0x03, 0xFC, 0x00, 0x00, 0x0E,
  0x70, 0x00, 0x00, 0x79, 0xE0, 0x00, 0x01, 0xE7, 0xC0, 0x00, 0x0F, 0x0F,
  0x00, 0x00, 0x3C, 0x1E, 0x00, 0x01, 0xE0, 0x3E, 0x00, 0x1F, 0x00, 0xFE,
  0x01, 0xF8, 0x00, 0xFF, 0xFF, 0xC0, 0x01, 0xFF, 0xFE, 0x00, 0x01, 0xFF,
  0xE0, 0x00, 0x00, 0xF8, 0x00, 0x00, 0x00, 0x30, 0x30, 0x00, 0x01, 0xE1,
  0xE0, 0x00, 0x07, 0x87, 0x80, 0x00, 0x1E, 0x1E, 0x00, 0x00, 0x30, 0x30,
  0x00, 0x00, 0x00, 0x00, 0x00, 0x00, 0x00, 0x00, 0x00, 0x00, 0x00, 0x00,
  0x00, 0x1F, 0xE0, 0x00, 0x03, 0xFF, 0xF0, 0x00, 0x3F, 0xFF, 0xF0, 0x01,
  0xFC, 0x1F, 0xE0, 0x0F, 0xC0, 0x0F, 0xC0, 0x7C, 0x00, 0x0F, 0x83, 0xE0,
  0x00, 0x1F, 0x0F, 0x00, 0x00, 0x3C, 0x78, 0x00, 0x00, 0x79, 0xE0, 0x00,
  0x01, 0xEF, 0x00, 0x00, 0x03, 0xBC, 0x00, 0x00, 0x0F, 0xF0, 0x00, 0x00,
  0x3F, 0x80, 0x00, 0x00, 0xFE, 0x00, 0x00, 0x03, 0xF8, 0x00, 0x00, 0x0F,
  0xE0, 0x00, 0x00, 0x3F, 0xC0, 0x00, 0x00, 0xFF, 0x00, 0x00, 0x03, 0xFC,
  0x00, 0x00, 0x0E, 0x70, 0x00, 0x00, 0x79, 0xE0, 0x00, 0x01, 0xE7, 0xC0,
  0x00, 0x0F, 0x0F, 0x00, 0x00, 0x3C, 0x1E, 0x00, 0x01, 0xE0, 0x3E, 0x00,
  0x1F, 0x00, 0xFE, 0x01, 0xF8, 0x00, 0xFF, 0xFF, 0xC0, 0x01, 0xFF, 0xFE,
  0x00, 0x01, 0xFF, 0xE0, 0x00, 0x00, 0xF8, 0x00, 0x00, 0x60, 0x03, 0x78,
  0x03, 0xFE, 0x03, 0xEF, 0x83, 0xE3, 0xE3, 0xE0, 0xFB, 0xC0, 0x1F, 0xC0,
  0x07, 0xC0, 0x03, 0xE0, 0x03, 0xF8, 0x03, 0xDE, 0x03, 0xC7, 0x83, 0xC1,
  0xE3, 0xC0, 0x7B, 0xC0, 0x1E, 0xC0, 0x06, 0x40, 0x02, 0x00, 0x00, 0x00,
  0x01, 0x00, 0x00, 0x7F, 0x8F, 0x00, 0x0F, 0xFF, 0xF8, 0x00, 0xFF, 0xFF,
  0xE0, 0x07, 0xF0, 0x7F, 0x80, 0x3F, 0x00, 0x3F, 0x01, 0xF0, 0x01, 0xFE,
  0x0F, 0x80, 0x07, 0x7C, 0x3C, 0x00, 0x38, 0xF1, 0xE0, 0x01, 0xE1, 0xE7,
  0x80, 0x07, 0x07, 0xBC, 0x00, 0x3C, 0x0E, 0xF0, 0x00, 0xE0, 0x3F, 0xC0,
  0x07, 0x00, 0xFE, 0x00, 0x3C, 0x03, 0xF8, 0x00, 0xE0, 0x0F, 0xE0, 0x07,
  0x00, 0x3F, 0x80, 0x3C, 0x00, 0xFF, 0x00, 0xE0, 0x03, 0xFC, 0x07, 0x80,
  0x0F, 0xF0, 0x1C, 0x00, 0x39, 0xC0, 0xE0, 0x01, 0xE7, 0x87, 0x80, 0x07,
  0x9F, 0x1C, 0x00, 0x3C, 0x3C, 0xE0, 0x00, 0xF0, 0x7B, 0x80, 0x07, 0x80,
  0xFC, 0x00, 0x7C, 0x03, 0xF8, 0x07, 0xE0, 0x03, 0xFF, 0xFF, 0x00, 0x1F,
  0xFF, 0xF8, 0x00, 0xF7, 0xFF, 0x80, 0x01, 0x83, 0xE0, 0x00, 0x03, 0xC0,
  0x00, 0x0E, 0x00, 0x00, 0x78, 0x00, 0x01, 0xC0, 0x00, 0x07, 0x00, 0x00,
  0x00, 0x00, 0x00, 0x00, 0x00, 0x00, 0x00, 0x00, 0x00, 0x07, 0x00, 0x01,
  0xF8, 0x00, 0x0F, 0xC0, 0x00, 0x7E, 0x00, 0x03, 0xF0, 0x00, 0x1F, 0x80,
  0x00, 0xFC, 0x00, 0x07, 0xE0, 0x00, 0x3F, 0x00, 0x01, 0xF8, 0x00, 0x0F,
  0xC0, 0x00, 0x7E, 0x00, 0x03, 0xF0, 0x00, 0x1F, 0x80, 0x00, 0xFC, 0x00,
  0x07, 0xE0, 0x00, 0x3F, 0x00, 0x01, 0xF8, 0x00, 0x0F, 0xC0, 0x00, 0x7E,
  0x00, 0x03, 0xF0, 0x00, 0x1F, 0xC0, 0x01, 0xFE, 0x00, 0x0F, 0x78, 0x00,
  0xF3, 0xC0, 0x0F, 0x8F, 0x80, 0xF8, 0x3F, 0xFF, 0x80, 0xFF, 0xF8, 0x03,
  0xFF, 0x80, 0x03, 0xC0, 0x00, 0x00, 0x1E, 0x00, 0x01, 0xE0, 0x00, 0x0E,
  0x00, 0x00, 0x70, 0x00, 0x07, 0x00, 0x00, 0x00, 0x00, 0x00, 0x00, 0x00,
  0x00, 0x00, 0x00, 0x00, 0x07, 0x00, 0x01, 0xF8, 0x00, 0x0F, 0xC0, 0x00,
  0x7E, 0x00, 0x03, 0xF0, 0x00, 0x1F, 0x80, 0x00, 0xFC, 0x00, 0x07, 0xE0,
  0x00, 0x3F, 0x00, 0x01, 0xF8, 0x00, 0x0F, 0xC0, 0x00, 0x7E, 0x00, 0x03,
  0xF0, 0x00, 0x1F, 0x80, 0x00, 0xFC, 0x00, 0x07, 0xE0, 0x00, 0x3F, 0x00,
  0x01, 0xF8, 0x00, 0x0F, 0xC0, 0x00, 0x7E, 0x00, 0x03, 0xF0, 0x00, 0x1F,
  0xC0, 0x01, 0xFE, 0x00, 0x0F, 0x78, 0x00, 0xF3, 0xC0, 0x0F, 0x8F, 0x80,
  0xF8, 0x3F, 0xFF, 0x80, 0xFF, 0xF8, 0x03, 0xFF, 0x80, 0x03, 0xC0, 0x00,
  0x00, 0xF8, 0x00, 0x0F, 0xE0, 0x00, 0xF7, 0x80, 0x0F, 0x1E, 0x00, 0xF0,
  0x78, 0x00, 0x00, 0x00, 0x00, 0x00, 0x00, 0x00, 0x00, 0x00, 0x00, 0x07,
  0x00, 0x01, 0xF8, 0x00, 0x0F, 0xC0, 0x00, 0x7E, 0x00, 0x03, 0xF0, 0x00,
  0x1F, 0x80, 0x00, 0xFC, 0x00, 0x07, 0xE0, 0x00, 0x3F, 0x00, 0x01, 0xF8,
  0x00, 0x0F, 0xC0, 0x00, 0x7E, 0x00, 0x03, 0xF0, 0x00, 0x1F, 0x80, 0x00,
  0xFC, 0x00, 0x07, 0xE0, 0x00, 0x3F, 0x00, 0x01, 0xF8, 0x00, 0x0F, 0xC0,
  0x00, 0x7E, 0x00, 0x03, 0xF0, 0x00, 0x1F, 0xC0, 0x01, 0xFE, 0x00, 0x0F,
  0x78, 0x00, 0xF3, 0xC0, 0x0F, 0x8F, 0x80, 0xF8, 0x3F, 0xFF, 0x80, 0xFF,
  0xF8, 0x03, 0xFF, 0x80, 0x03, 0xC0, 0x00, 0x07, 0x07, 0x00, 0x7C, 0x7C,
  0x03, 0xE3, 0xE0, 0x1E, 0x1E, 0x00, 0x60, 0x20, 0x00, 0x00, 0x00, 0x00,
  0x00, 0x00, 0x00, 0x00, 0x00, 0x00, 0x07, 0x00, 0x01, 0xF8, 0x00, 0x0F,
  0xC0, 0x00, 0x7E, 0x00, 0x03, 0xF0, 0x00, 0x1F, 0x80, 0x00, 0xFC, 0x00,
  0x07, 0xE0, 0x00, 0x3F, 0x00, 0x01, 0xF8, 0x00, 0x0F, 0xC0, 0x00, 0x7E,
  0x00, 0x03, 0xF0, 0x00, 0x1F, 0x80, 0x00, 0xFC, 0x00, 0x07, 0xE0, 0x00,
  0x3F, 0x00, 0x01, 0xF8, 0x00, 0x0F, 0xC0, 0x00, 0x7E, 0x00, 0x03, 0xF0,
  0x00, 0x1F, 0xC0, 0x01, 0xFE, 0x00, 0x0F, 0x78, 0x00, 0xF3, 0xC0, 0x0F,
  0x8F, 0x80, 0xF8, 0x3F, 0xFF, 0x80, 0xFF, 0xF8, 0x03, 0xFF, 0x80, 0x03,
  0xC0, 0x00, 0x00, 0x0F, 0x00, 0x00, 0x3C, 0x00, 0x00, 0x70, 0x00, 0x01,
  0xE0, 0x00, 0x03, 0x80, 0x00, 0x08, 0x00, 0x00, 0x00, 0x00, 0x00, 0x00,
  0x00, 0x00, 0x00, 0x03, 0xE0, 0x00, 0x79, 0xE0, 0x00, 0xF3, 0xE0, 0x03,
  0xC3, 0xC0, 0x0F, 0x03, 0xC0, 0x1E, 0x07, 0x80, 0x78, 0x07, 0x80, 0xF0,
  0x07, 0x83, 0xC0, 0x0F, 0x0F, 0x00, 0x0F, 0x1E, 0x00, 0x1E, 0x78, 0x00,
  0x1E, 0xE0, 0x00, 0x1F, 0xC0, 0x00, 0x3F, 0x00, 0x00, 0x3E, 0x00, 0x00,
  0x38, 0x00, 0x00, 0x70, 0x00, 0x00, 0xE0, 0x00, 0x01, 0xC0, 0x00, 0x03,
  0x80, 0x00, 0x07, 0x00, 0x00, 0x0E, 0x00, 0x00, 0x1C, 0x00, 0x00, 0x38,
  0x00, 0x00, 0x70, 0x00, 0x00, 0xE0, 0x00, 0x01, 0xC0, 0x00, 0x03, 0x80,
  0x00, 0x07, 0x00, 0x00, 0xF0, 0x00, 0x1E, 0x00, 0x03, 0xC0, 0x00, 0x78,
  0x00, 0x0F, 0xFF, 0x81, 0xFF, 0xFC, 0x3F, 0xFF, 0xE7, 0x80, 0xFE, 0xF0,
  0x03, 0xDE, 0x00, 0x3F, 0xC0, 0x07, 0xF8, 0x00, 0x7F, 0x00, 0x0F, 0xE0,
  0x01, 0xFC, 0x00, 0x3F, 0x80, 0x0F, 0xF0, 0x01, 0xFE, 0x00, 0x7F, 0xC0,
  0x1F, 0x7F, 0xFF, 0xCF, 0xFF, 0xF1, 0xFF, 0xFC, 0x3F, 0xF0, 0x07, 0x80,
  0x00, 0xF0, 0x00, 0x1E, 0x00, 0x03, 0xC0, 0x00, 0x78, 0x00, 0x0F, 0x00,
  0x00, 0x07, 0xF0, 0x03, 0xFF, 0x80, 0xFF, 0xF8, 0x3F, 0x1F, 0x87, 0x80,
  0xF9, 0xE0, 0x0F, 0x38, 0x00, 0xE7, 0x00, 0x1C, 0xE0, 0x03, 0x9C, 0x00,
  0x73, 0x80, 0x1E, 0x70, 0x07, 0x8E, 0x03, 0xF1, 0xC3, 0xF8, 0x38, 0x7F,
  0x07, 0x0F, 0xF8, 0xE0, 0x0F, 0x9C, 0x00, 0xFB, 0x80, 0x0F, 0x70, 0x00,
  0xFE, 0x00, 0x1F, 0xC0, 0x03, 0xF8, 0x00, 0x7F, 0x00, 0x0F, 0xE0, 0x03,
  0xDC, 0x00, 0x7B, 0x80, 0x3E, 0x71, 0xFF, 0xCE, 0x3F, 0xE1, 0xC7, 0xF8,
  0x00, 0x07, 0xC0, 0x00, 0x78, 0x00, 0x07, 0x00, 0x00, 0x70, 0x00, 0x0E,
  0x00, 0x00, 0x20, 0x00, 0x00, 0x00, 0x00, 0x00, 0x00, 0xE0, 0x01, 0xFF,
  0xC0, 0x7F, 0xFC, 0x1F, 0xFF, 0xC7, 0xC0, 0x7C, 0x30, 0x07, 0x80, 0x00,
  0x70, 0x00, 0x0F, 0x00, 0x01, 0xE0, 0xFF, 0xBC, 0x7F, 0xFF, 0x9F, 0xDF,
  0xF7, 0xC0, 0x1E, 0xF0, 0x03, 0xFC, 0x00, 0x7F, 0x80, 0x0F, 0xF0, 0x03,
  0xEE, 0x00, 0xFD, 0xE0, 0x3F, 0x9F, 0xBF, 0xF3, 0xFF, 0xDE, 0x1F, 0xF3,
  0xC0, 0x70, 0x00, 0x00, 0x3E, 0x00, 0x07, 0x80, 0x00, 0xE0, 0x00, 0x38,
  0x00, 0x07, 0x00, 0x01, 0x00, 0x00, 0x00, 0x00, 0x00, 0x00, 0x00, 0xE0,
  0x01, 0xFF, 0xC0, 0x7F, 0xFC, 0x1F, 0xFF, 0xC7, 0xC0, 0x7C, 0x30, 0x07,
  0x80, 0x00, 0x70, 0x00, 0x0F, 0x00, 0x01, 0xE0, 0xFF, 0xBC, 0x7F, 0xFF,
  0x9F, 0xDF, 0xF7, 0xC0, 0x1E, 0xF0, 0x03, 0xFC, 0x00, 0x7F, 0x80, 0x0F,
  0xF0, 0x03, 0xEE, 0x00, 0xFD, 0xE0, 0x3F, 0x9F, 0xBF, 0xF3, 0xFF, 0xDE,
  0x1F, 0xF3, 0xC0, 0x70, 0x00, 0x00, 0xF8, 0x00, 0x3F, 0x00, 0x0E, 0x70,
  0x03, 0x87, 0x00, 0xE0, 0x70, 0x20, 0x01, 0x00, 0x00, 0x00, 0x00, 0x00,
  0x00, 0xE0, 0x01, 0xFF, 0xC0, 0x7F, 0xFC, 0x1F, 0xFF, 0xC7, 0xC0, 0x7C,
  0x30, 0x07, 0x80, 0x00, 0x70, 0x00, 0x0F, 0x00, 0x01, 0xE0, 0xFF, 0xBC,
  0x7F, 0xFF, 0x9F, 0xDF, 0xF7, 0xC0, 0x1E, 0xF0, 0x03, 0xFC, 0x00, 0x7F,
  0x80, 0x0F, 0xF0, 0x03, 0xEE, 0x00, 0xFD, 0xE0, 0x3F, 0x9F, 0xBF, 0xF3,
  0xFF, 0xDE, 0x1F, 0xF3, 0xC0, 0x70, 0x00, 0x03, 0x80, 0x01, 0xFC, 0x70,
  0x3F, 0xDE, 0x0E, 0x3F, 0x81, 0xC3, 0xE0, 0x00, 0x00, 0x00, 0x00, 0x00,
  0x00, 0x00, 0x00, 0xE0, 0x01, 0xFF, 0xC0, 0x7F, 0xFC, 0x1F, 0xFF, 0xC7,
  0xC0, 0x7C, 0x30, 0x07, 0x80, 0x00, 0x70, 0x00, 0x0F, 0x00, 0x01, 0xE0,
  0xFF, 0xBC, 0x7F, 0xFF, 0x9F, 0xDF, 0xF7, 0xC0, 0x1E, 0xF0, 0x03, 0xFC,
  0x00, 0x7F, 0x80, 0x0F, 0xF0, 0x03, 0xEE, 0x00, 0xFD, 0xE0, 0x3F, 0x9F,
  0xBF, 0xF3, 0xFF, 0xDE, 0x1F, 0xF3, 0xC0, 0x70, 0x00, 0x06, 0x06, 0x01,
  0xE1, 0xE0, 0x3C, 0x3C, 0x07, 0x87, 0x80, 0x60, 0x60, 0x00, 0x00, 0x00,
  0x00, 0x00, 0x00, 0x00, 0x00, 0xE0, 0x01, 0xFF, 0xC0, 0x7F, 0xFC, 0x1F,
  0xFF, 0xC7, 0xC0, 0x7C, 0x30, 0x07, 0x80, 0x00, 0x70, 0x00, 0x0F, 0x00,
  0x01, 0xE0, 0xFF, 0xBC, 0x7F, 0xFF, 0x9F, 0xDF, 0xF7, 0xC0, 0x1E, 0xF0,
  0x03, 0xFC, 0x00, 0x7F, 0x80, 0x0F, 0xF0, 0x03, 0xEE, 0x00, 0xFD, 0xE0,
  0x3F, 0x9F, 0xBF, 0xF3, 0xFF, 0xDE, 0x1F, 0xF3, 0xC0, 0x70, 0x00, 0x00,
  0xF0, 0x00, 0x3F, 0x00, 0x0F, 0xF0, 0x01, 0x86, 0x00, 0x30, 0xE0, 0x06,
  0x18, 0x00, 0xE7, 0x00, 0x0F, 0xC0, 0x00, 0xF0, 0x00, 0x00, 0x00, 0x00,
  0x00, 0x00, 0x70, 0x00, 0xFF, 0xE0, 0x3F, 0xFE, 0x0F, 0xFF, 0xE3, 0xE0,
  0x3E, 0x18, 0x03, 0xC0, 0x00, 0x38, 0x00, 0x07, 0x80, 0x00, 0xF0, 0x7F,
  0xDE, 0x3F, 0xFF, 0xCF, 0xEF, 0xFB, 0xE0, 0x0F, 0x78, 0x01, 0xFE, 0x00,
  0x3F, 0xC0, 0x07, 0xF8, 0x01, 0xF7, 0x00, 0x7E, 0xF0, 0x1F, 0xCF, 0xDF,
  0xF9, 0xFF, 0xEF, 0x0F, 0xF9, 0xE0, 0x38, 0x00, 0x00, 0xE0, 0x00, 0xE0,
  0x01, 0xFF, 0xC0, 0xFF, 0x80, 0x7F, 0xFC, 0x7F, 0xFC, 0x1F, 0xFF, 0xDF,
  0xFF, 0xC7, 0xC0, 0x7F, 0xC0, 0x78, 0x30, 0x07, 0xF0, 0x07, 0x80, 0x00,
  0x7C, 0x00, 0x70, 0x00, 0x0F, 0x00, 0x0F, 0x00, 0x01, 0xE0, 0x01, 0xE0,
  0xFF, 0xBF, 0xFF, 0xFC, 0x7F, 0xFF, 0xFF, 0xFF, 0x9F, 0xDF, 0xFF, 0xFF,
  0xF7, 0xC0, 0x3E, 0x00, 0x00, 0xF0, 0x03, 0xC0, 0x00, 0x3C, 0x00, 0x78,
  0x00, 0x07, 0x80, 0x0F, 0x00, 0x00, 0xF0, 0x03, 0xF0, 0x01, 0xCE, 0x00,
  0xFF, 0x00, 0x3D, 0xE0, 0x3D, 0xF0, 0x1F, 0x3F, 0xBF, 0x1F, 0xFF, 0xC3,
  0xFF, 0xC1, 0xFF, 0xF0, 0x1F, 0xF0, 0x0F, 0xFC, 0x00, 0x70, 0x00, 0x38,
  0x00, 0x00, 0x70, 0x00, 0x3F, 0xF0, 0x07, 0xFF, 0x81, 0xFF, 0xFC, 0x1E,
  0x01, 0xE3, 0xC0, 0x0F, 0x78, 0x00, 0xE7, 0x80, 0x00, 0x70, 0x00, 0x07,
  0x00, 0x00, 0xF0, 0x00, 0x0F, 0x00, 0x00, 0x70, 0x00, 0x07, 0x00, 0x00,
  0x70, 0x00, 0x07, 0x80, 0x04, 0x78, 0x00, 0x63, 0xC0, 0x0F, 0x1E, 0x01,
  0xE1, 0xFF, 0xFE, 0x07, 0xFF, 0xC0, 0x3F, 0xF0, 0x00, 0x70, 0x00, 0x0E,
  0x00, 0x00, 0xFC, 0x00, 0x1F, 0xE0, 0x00, 0xDE, 0x00, 0x00, 0xE0, 0x00,
  0x8E, 0x00, 0x1D, 0xE0, 0x01, 0xFE, 0x00, 0x0F, 0xC0, 0x03, 0xC0, 0x00,
  0x0F, 0x00, 0x00, 0x38, 0x00, 0x01, 0xE0, 0x00, 0x07, 0x00, 0x00, 0x00,
  0x00, 0x00, 0x00, 0x00, 0x00, 0x00, 0x00, 0x70, 0x00, 0x1F, 0xF8, 0x03,
  0xFF, 0xE0, 0x3F, 0xFF, 0x81, 0xE0, 0x3E, 0x1E, 0x00, 0xF1, 0xE0, 0x03,
  0xCF, 0x00, 0x0E, 0x70, 0x00, 0x73, 0xFF, 0xFF, 0xFF, 0xFF, 0xFF, 0xFF,
  0xFF, 0xF7, 0x00, 0x00, 0x38, 0x00, 0x01, 0xC0, 0x00, 0x0F, 0x00, 0x00,
  0x78, 0x00, 0x61, 0xE0, 0x07, 0x87, 0x80, 0x78, 0x3F, 0xFF, 0xC0, 0xFF,
  0xFC, 0x01, 0xFF, 0x80, 0x01, 0xC0, 0x00, 0x00, 0x1E, 0x00, 0x00, 0xE0,
  0x00, 0x0F, 0x00, 0x00, 0x70, 0x00, 0x07, 0x00, 0x00, 0x00, 0x00, 0x00,
  0x00, 0x00, 0x00, 0x00, 0x00, 0x70, 0x00, 0x1F, 0xF8, 0x03, 0xFF, 0xE0,
  0x3F, 0xFF, 0x81, 0xE0, 0x3E, 0x1E, 0x00, 0xF1, 0xE0, 0x03, 0xCF, 0x00,
  0x0E, 0x70, 0x00, 0x73, 0xFF, 0xFF, 0xFF, 0xFF, 0xFF, 0xFF, 0xFF, 0xF7,
  0x00, 0x00, 0x38, 0x00, 0x01, 0xC0, 0x00, 0x0F, 0x00, 0x00, 0x78, 0x00,
  0x61, 0xE0, 0x07, 0x87, 0x80, 0x78, 0x3F, 0xFF, 0xC0, 0xFF, 0xFC, 0x01,
  0xFF, 0x80, 0x01, 0xC0, 0x00, 0x00, 0xF8, 0x00, 0x0F, 0xE0, 0x00, 0xF3,
  0x80, 0x07, 0x1E, 0x00, 0x70, 0x78, 0x04, 0x00, 0x00, 0x00, 0x00, 0x00,
  0x00, 0x00, 0x00, 0x70, 0x00, 0x1F, 0xF8, 0x03, 0xFF, 0xE0, 0x3F, 0xFF,
  0x81, 0xE0, 0x3E, 0x1E, 0x00, 0xF1, 0xE0, 0x03, 0xCF, 0x00, 0x0E, 0x70,
  0x00, 0x73, 0xFF, 0xFF, 0xFF, 0xFF, 0xFF, 0xFF, 0xFF, 0xF7, 0x00, 0x00,
  0x38, 0x00, 0x01, 0xC0, 0x00, 0x0F, 0x00, 0x00, 0x78, 0x00, 0x61, 0xE0,
  0x07, 0x87, 0x80, 0x78, 0x3F, 0xFF, 0xC0, 0xFF, 0xFC, 0x01, 0xFF, 0x80,
  0x01, 0xC0, 0x00, 0x07, 0x07, 0x00, 0x3C, 0x3C, 0x03, 0xE3, 0xE0, 0x0F,
  0x0F, 0x00, 0x30, 0x20, 0x00, 0x00, 0x00, 0x00, 0x00, 0x00, 0x00, 0x00,
  0x00, 0x70, 0x00, 0x1F, 0xF8, 0x03, 0xFF, 0xE0, 0x3F, 0xFF, 0x81, 0xE0,
  0x3E, 0x1E, 0x00, 0xF1, 0xE0, 0x03, 0xCF, 0x00, 0x0E, 0x70, 0x00, 0x73,
  0xFF, 0xFF, 0xFF, 0xFF, 0xFF, 0xFF, 0xFF, 0xF7, 0x00, 0x00, 0x38, 0x00,
  0x01, 0xC0, 0x00, 0x0F, 0x00, 0x00, 0x78, 0x00, 0x61, 0xE0, 0x07, 0x87,
  0x80, 0x78, 0x3F, 0xFF, 0xC0, 0xFF, 0xFC, 0x01, 0xFF, 0x80, 0x01, 0xC0,
  0x00, 0xF1, 0xE3, 0x8F, 0x1C, 0x00, 0x00, 0x00, 0x71, 0xC7, 0x1C, 0x71,
  0xC7, 0x1C, 0x71, 0xC7, 0x1C, 0x71, 0xC7, 0x1C, 0x71, 0xC7, 0x1C, 0x70,
  0x3C, 0xE7, 0x9C, 0xE0, 0x00, 0x00, 0x03, 0x8E, 0x38, 0xE3, 0x8E, 0x38,
  0xE3, 0x8E, 0x38, 0xE3, 0x8E, 0x38, 0xE3, 0x8E, 0x38, 0xE3, 0x80, 0x0F,
  0x80, 0xFE, 0x0F, 0x78, 0xF1, 0xEF, 0x07, 0x80, 0x00, 0x00, 0x00, 0x00,
  0x00, 0x00, 0x38, 0x01, 0xC0, 0x0E, 0x00, 0x70, 0x03, 0x80, 0x1C, 0x00,
  0xE0, 0x07, 0x00, 0x38, 0x01, 0xC0, 0x0E, 0x00, 0x70, 0x03, 0x80, 0x1C,
  0x00, 0xE0, 0x07, 0x00, 0x38, 0x01, 0xC0, 0x0E, 0x00, 0x70, 0x03, 0x80,
  0x70, 0x73, 0xC3, 0xFE, 0x3E, 0xF0, 0xF3, 0x02, 0x00, 0x00, 0x00, 0x00,
  0x00, 0x00, 0x00, 0x38, 0x01, 0xC0, 0x0E, 0x00, 0x70, 0x03, 0x80, 0x1C,
  0x00, 0xE0, 0x07, 0x00, 0x38, 0x01, 0xC0, 0x0E, 0x00, 0x70, 0x03, 0x80,
  0x1C, 0x00, 0xE0, 0x07, 0x00, 0x38, 0x01, 0xC0, 0x0E, 0x00, 0x70, 0x03,
  0x80, 0x03, 0x00, 0x00, 0x3F, 0x02, 0x01, 0xFC, 0x60, 0x03, 0xFF, 0x80,
  0x07, 0xF8, 0x00, 0x7F, 0x80, 0x0F, 0xFE, 0x00, 0x78, 0xF8, 0x01, 0x03,
  0xC0, 0x00, 0x0F, 0x00, 0x7F, 0x38, 0x0F, 0xFD, 0xE1, 0xFF, 0xFF, 0x0F,
  0x83, 0xF8, 0xF0, 0x07, 0xCF, 0x00, 0x1F, 0x78, 0x00, 0x7B, 0x80, 0x03,
  0xDC, 0x00, 0x1F, 0xE0, 0x00, 0xFF, 0x00, 0x07, 0xB8, 0x00, 0x3D, 0xC0,
  0x01, 0xEF, 0x00, 0x0E, 0x78, 0x00, 0xF1, 0xE0, 0x0F, 0x0F, 0x80, 0xF8,
  0x3F, 0xFF, 0x80, 0xFF, 0xF8, 0x01, 0xFF, 0x00, 0x03, 0xC0, 0x00, 0x0E,
  0x00, 0x07, 0xE1, 0xC3, 0xFE, 0xE0, 0xE7, 0xF8, 0x38, 0x7C, 0x00, 0x00,
  0x00, 0x00, 0x00, 0x00, 0x00, 0x00, 0x70, 0x38, 0xFF, 0x0E, 0xFF, 0xF3,
  0xFF, 0xFC, 0xFC, 0x0F, 0xBE, 0x01, 0xEF, 0x00, 0x3B, 0xC0, 0x0F, 0xE0,
  0x03, 0xF8, 0x00, 0xFE, 0x00, 0x3F, 0x80, 0x0F, 0xE0, 0x03, 0xF8, 0x00,
  0xFE, 0x00, 0x3F, 0x80, 0x0F, 0xE0, 0x03, 0xF8, 0x00, 0xFE, 0x00, 0x3F,
  0x80, 0x0F, 0xE0, 0x03, 0xF8, 0x00, 0xF0, 0x01, 0xE0, 0x00, 0x03, 0x80,
  0x00, 0x0F, 0x00, 0x00, 0x1C, 0x00, 0x00, 0x78, 0x00, 0x00, 0x00, 0x00,
  0x00, 0x00, 0x00, 0x00, 0x00, 0x00, 0x38, 0x00, 0x0F, 0xFC, 0x00, 0x7F,
  0xFC, 0x03, 0xFF, 0xF8, 0x1F, 0x01, 0xF0, 0xF0, 0x03, 0xC7, 0x80, 0x07,
  0x9E, 0x00, 0x0E, 0x70, 0x00, 0x3D, 0xC0, 0x00, 0xFF, 0x00, 0x03, 0xFC,
  0x00, 0x07, 0x70, 0x00, 0x3D, 0xC0, 0x00, 0xF7, 0x00, 0x03, 0xDE, 0x00,
  0x0E, 0x78, 0x00, 0x78, 0xF0, 0x03, 0xC1, 0xF0, 0x1F, 0x03, 0xFF, 0xF8,
  0x07, 0xFF, 0xC0, 0x0F, 0xFC, 0x00, 0x07, 0x80, 0x00, 0x00, 0x0F, 0x00,
  0x00, 0x78, 0x00, 0x01, 0xC0, 0x00, 0x0F, 0x00, 0x00, 0x38, 0x00, 0x00,
  0x00, 0x00, 0x00, 0x00, 0x00, 0x00, 0x00, 0x00, 0x38, 0x00, 0x0F, 0xFC,
  0x00, 0x7F, 0xFC, 0x03, 0xFF, 0xF8, 0x1F, 0x01, 0xF0, 0xF0, 0x03, 0xC7,
  0x80, 0x07, 0x9E, 0x00, 0x0E, 0x70, 0x00, 0x3D, 0xC0, 0x00, 0xFF, 0x00,
  0x03, 0xFC, 0x00, 0x07, 0x70, 0x00, 0x3D, 0xC0, 0x00, 0xF7, 0x00, 0x03,
  0xDE, 0x00, 0x0E, 0x78, 0x00, 0x78, 0xF0, 0x03, 0xC1, 0xF0, 0x1F, 0x03,
  0xFF, 0xF8, 0x07, 0xFF, 0xC0, 0x0F, 0xFC, 0x00, 0x07, 0x80, 0x00, 0x00,
  0x7C, 0x00, 0x03, 0xF8, 0x00, 0x1C, 0xF0, 0x00, 0xF1, 0xC0, 0x07, 0x83,
  0x80, 0x20, 0x01, 0x00, 0x00, 0x00, 0x00, 0x00, 0x00, 0x00, 0x38, 0x00,
  0x0F, 0xFC, 0x00, 0x7F, 0xFC, 0x03, 0xFF, 0xF8, 0x1F, 0x01, 0xF0, 0xF0,
  0x03, 0xC7, 0x80, 0x07, 0x9E, 0x00, 0x0E, 0x70, 0x00, 0x3D, 0xC0, 0x00,
  0xFF, 0x00, 0x03, 0xFC, 0x00, 0x07, 0x70, 0x00, 0x3D, 0xC0, 0x00, 0xF7,
  0x00, 0x03, 0xDE, 0x00, 0x0E, 0x78, 0x00, 0x78, 0xF0, 0x03, 0xC1, 0xF0,
  0x1F, 0x03, 0xFF, 0xF8, 0x07, 0xFF, 0xC0, 0x0F, 0xFC, 0x00, 0x07, 0x80,
  0x00, 0x01, 0xC0, 0x00, 0x1F, 0xC7, 0x00, 0x7F, 0xDC, 0x01, 0x8F, 0xE0,
  0x0E, 0x1F, 0x80, 0x00, 0x00, 0x00, 0x00, 0x00, 0x00, 0x00, 0x00, 0x00,
  0x38, 0x00, 0x0F, 0xFC, 0x00, 0x7F, 0xFC, 0x03, 0xFF, 0xF8, 0x1F, 0x01,
  0xF0, 0xF0, 0x03, 0xC7, 0x80, 0x07, 0x9E, 0x00, 0x0E, 0x70, 0x00, 0x3D,
  0xC0, 0x00, 0xFF, 0x00, 0x03, 0xFC, 0x00, 0x07, 0x70, 0x00, 0x3D, 0xC0,
  0x00, 0xF7, 0x00, 0x03, 0xDE, 0x00, 0x0E, 0x78, 0x00, 0x78, 0xF0, 0x03,
  0xC1, 0xF0, 0x1F, 0x03, 0xFF, 0xF8, 0x07, 0xFF, 0xC0, 0x0F, 0xFC, 0x00,
  0x07, 0x80, 0x00, 0x03, 0x83, 0x80, 0x1E, 0x1E, 0x00, 0x7C, 0x7C, 0x01,
  0xE1, 0xE0, 0x03, 0x01, 0x00, 0x00, 0x00, 0x00, 0x00, 0x00, 0x00, 0x00,
  0x00, 0x00, 0x38, 0x00, 0x0F, 0xFC, 0x00, 0x7F, 0xFC, 0x03, 0xFF, 0xF8,
  0x1F, 0x01, 0xF0, 0xF0, 0x03, 0xC7, 0x80, 0x07, 0x9E, 0x00, 0x0E, 0x70,
  0x00, 0x3D, 0xC0, 0x00, 0xFF, 0x00, 0x03, 0xFC, 0x00, 0x07, 0x70, 0x00,
  0x3D, 0xC0, 0x00, 0xF7, 0x00, 0x03, 0xDE, 0x00, 0x0E, 0x78, 0x00, 0x78,
  0xF0, 0x03, 0xC1, 0xF0, 0x1F, 0x03, 0xFF, 0xF8, 0x07, 0xFF, 0xC0, 0x0F,
  0xFC, 0x00, 0x07, 0x80, 0x00, 0x00, 0x80, 0x01, 0xF0, 0x00, 0xF8, 0x00,
  0x7C, 0x00, 0x3E, 0x00, 0x04, 0x00, 0x00, 0x00, 0x00, 0x00, 0x00, 0x00,
  0x7F, 0xFF, 0xFF, 0xFF, 0xFF, 0xFF, 0xF0, 0x00, 0x00, 0x00, 0x00, 0x00,
  0x00, 0x03, 0x80, 0x03, 0xE0, 0x01, 0xF0, 0x00, 0xF8, 0x00, 0x38, 0x00,
  0x00, 0x38, 0x60, 0x0F, 0xFF, 0x80, 0x7F, 0xFC, 0x03, 0xFF, 0xF8, 0x1F,
  0x03, 0xF0, 0xF0, 0x1F, 0xC7, 0x80, 0x77, 0x9E, 0x03, 0x8E, 0x70, 0x0E,
  0x3D, 0xC0, 0x70, 0xFF, 0x03, 0x83, 0xFC, 0x0E, 0x07, 0x70, 0x70, 0x3D,
  0xC3, 0xC0, 0xF7, 0x0E, 0x03, 0xDE, 0x70, 0x0E, 0x79, 0xC0, 0x78, 0xFE,
  0x03, 0xC1, 0xF0, 0x1F, 0x03, 0xFF, 0xF8, 0x0F, 0xFF, 0xC0, 0x7F, 0xFC,
  0x00, 0xC7, 0x80, 0x00, 0x07, 0x80, 0x00, 0xE0, 0x00, 0x1C, 0x00, 0x07,
  0x00, 0x00, 0xE0, 0x00, 0x00, 0x00, 0x00, 0x00, 0x00, 0x00, 0x00, 0x00,
  0x3C, 0x00, 0x7F, 0x00, 0x1F, 0xC0, 0x07, 0xF0, 0x01, 0xFC, 0x00, 0x7F,
  0x00, 0x1F, 0xC0, 0x07, 0xF0, 0x01, 0xFC, 0x00, 0x7F, 0x00, 0x1F, 0xC0,
  0x07, 0xF0, 0x01, 0xFC, 0x00, 0x7F, 0x00, 0x1F, 0xC0, 0x0F, 0x70, 0x03,
  0xDE, 0x01, 0xF7, 0xC0, 0xFC, 0xFF, 0xFF, 0x3F, 0xFD, 0xC3, 0xFC, 0x70,
  0x38, 0x00, 0x00, 0x3C, 0x00, 0x0E, 0x00, 0x07, 0x00, 0x01, 0xC0, 0x00,
  0xE0, 0x00, 0x00, 0x00, 0x00, 0x00, 0x00, 0x00, 0x00, 0x00, 0x3C, 0x00,
  0x7F, 0x00, 0x1F, 0xC0, 0x07, 0xF0, 0x01, 0xFC, 0x00, 0x7F, 0x00, 0x1F,
  0xC0, 0x07, 0xF0, 0x01, 0xFC, 0x00, 0x7F, 0x00, 0x1F, 0xC0, 0x07, 0xF0,
  0x01, 0xFC, 0x00, 0x7F, 0x00, 0x1F, 0xC0, 0x0F, 0x70, 0x03, 0xDE, 0x01,
  0xF7, 0xC0, 0xFC, 0xFF, 0xFF, 0x3F, 0xFD, 0xC3, 0xFC, 0x70, 0x38, 0x00,
  0x01, 0xF0, 0x00, 0xFE, 0x00, 0x7B, 0xC0, 0x3C, 0x78, 0x1E, 0x0F, 0x00,
  0x00, 0x00, 0x00, 0x00, 0x00, 0x00, 0x00, 0x00, 0x3C, 0x00, 0x7F, 0x00,
  0x1F, 0xC0, 0x07, 0xF0, 0x01, 0xFC, 0x00, 0x7F, 0x00, 0x1F, 0xC0, 0x07,
  0xF0, 0x01, 0xFC, 0x00, 0x7F, 0x00, 0x1F, 0xC0, 0x07, 0xF0, 0x01, 0xFC,
  0x00, 0x7F, 0x00, 0x1F, 0xC0, 0x0F, 0x70, 0x03, 0xDE, 0x01, 0xF7, 0xC0,
  0xFC, 0xFF, 0xFF, 0x3F, 0xFD, 0xC3, 0xFC, 0x70, 0x38, 0x00, 0x0E, 0x0E,
  0x07, 0xC7, 0xC1, 0xF1, 0xF0, 0x3C, 0x38, 0x04, 0x04, 0x00, 0x00, 0x00,
  0x00, 0x00, 0x00, 0x00, 0x00, 0x00, 0x3C, 0x00, 0x7F, 0x00, 0x1F, 0xC0,
  0x07, 0xF0, 0x01, 0xFC, 0x00, 0x7F, 0x00, 0x1F, 0xC0, 0x07, 0xF0, 0x01,
  0xFC, 0x00, 0x7F, 0x00, 0x1F, 0xC0, 0x07, 0xF0, 0x01, 0xFC, 0x00, 0x7F,
  0x00, 0x1F, 0xC0, 0x0F, 0x70, 0x03, 0xDE, 0x01, 0xF7, 0xC0, 0xFC, 0xFF,
  0xFF, 0x3F, 0xFD, 0xC3, 0xFC, 0x70, 0x38, 0x00, 0x00, 0x1E, 0x00, 0x00,
  0xE0, 0x00, 0x0F, 0x00, 0x00, 0x70, 0x00, 0x07, 0x00, 0x00, 0x00, 0x00,
  0x00, 0x00, 0x00, 0x00, 0x00, 0x00, 0x00, 0x07, 0x80, 0x03, 0xDE, 0x00,
  0x3C, 0xF0, 0x01, 0xE3, 0xC0, 0x0E, 0x1E, 0x00, 0xF0, 0x70, 0x07, 0x03,
  0xC0, 0x78, 0x0E, 0x03, 0xC0, 0x78, 0x1C, 0x01, 0xC1, 0xE0, 0x0F, 0x0E,
  0x00, 0x78, 0xF0, 0x01, 0xC7, 0x00, 0x0F, 0x38, 0x00, 0x3B, 0xC0, 0x01,
  0xFC, 0x00, 0x07, 0xE0, 0x00, 0x3E, 0x00, 0x00, 0xF0, 0x00, 0x07, 0x00,
  0x00, 0x38, 0x00, 0x03, 0xC0, 0x00, 0x1C, 0x00, 0x01, 0xE0, 0x00, 0x0E,
  0x00, 0x00, 0xF0, 0x00, 0x07, 0x00, 0x00, 0x78, 0x00, 0x03, 0xC0, 0x00,
  0x3C, 0x00, 0x00, 0xE0, 0x00, 0x0E, 0x00, 0x00, 0xE0, 0x00, 0x0E, 0x00,
  0x00, 0xE0, 0x00, 0x0E, 0x00, 0x00, 0xE0, 0x00, 0x0E, 0x07, 0x00, 0xE3,
  0xFE, 0x0E, 0xFF, 0xF0, 0xEF, 0xFF, 0x8F, 0xC0, 0x7C, 0xF8, 0x01, 0xEF,
  0x00, 0x1E, 0xF0, 0x00, 0xFE, 0x00, 0x0F, 0xE0, 0x00, 0x7E, 0x00, 0x07,
  0xE0, 0x00, 0x7E, 0x00, 0x07, 0xE0, 0x00, 0x7E, 0x00, 0x0F, 0xF0, 0x00,
  0xFF, 0x00, 0x1E, 0xF8, 0x01, 0xEF, 0xC0, 0x7C, 0xFF, 0xFF, 0x8E, 0xFF,
  0xF0, 0xE3, 0xFE, 0x0E, 0x07, 0x00, 0xE0, 0x00, 0x0E, 0x00, 0x00, 0xE0,
  0x00, 0x0E, 0x00, 0x00, 0xE0, 0x00, 0x0E, 0x00, 0x00, 0xE0, 0x00, 0x0E,
  0x00, 0x00, 0x07, 0x07, 0x00, 0x3C, 0x3C, 0x03, 0xE3, 0xE0, 0x0F, 0x0F,
  0x00, 0x30, 0x20, 0x00, 0x00, 0x00, 0x00, 0x00, 0x00, 0x00, 0x00, 0x00,
  0x00, 0x07, 0x80, 0x03, 0xDE, 0x00, 0x3C, 0xF0, 0x01, 0xE3, 0xC0, 0x0E,
  0x1E, 0x00, 0xF0, 0x70, 0x07, 0x03, 0xC0, 0x78, 0x0E, 0x03, 0xC0, 0x78,
  0x1C, 0x01, 0xC1, 0xE0, 0x0F, 0x0E, 0x00, 0x78, 0xF0, 0x01, 0xC7, 0x00,
  0x0F, 0x38, 0x00, 0x3B, 0xC0, 0x01, 0xFC, 0x00, 0x07, 0xE0, 0x00, 0x3E,
  0x00, 0x00, 0xF0, 0x00, 0x07, 0x00, 0x00, 0x38, 0x00, 0x03, 0xC0, 0x00,
  0x1C, 0x00, 0x01, 0xE0, 0x00, 0x0E, 0x00, 0x00, 0xF0, 0x00, 0x07, 0x00
};

const WideGlyph GoogleSansFlex_RegularSettingsRowGlyphs[] PROGMEM = {
  {     0,   1,   1,   9,    0,    0 },   // 0x20 ' '
  {     1,   5,  29,  13,    4,  -28 },   // 0x21 '!'
  {    20,   9,  10,  13,    2,  -28 },   // 0x22 '"'
  {    32,  24,  29,  26,    1,  -28 },   // 0x23 '#'
  {   119,  20,  36,  25,    2,  -32 },   // 0x24 '$'
  {   209,  32,  31,  34,    1,  -29 },   // 0x25 '%'
  {   333,  23,  31,  26,    2,  -29 },   // 0x26 '&'
  {   423,   3,  10,   7,    2,  -28 },   // 0x27 '''
  {   427,  10,  39,  13,    3,  -32 },   // 0x28 '('
  {   476,  10,  39,  13,    1,  -32 },   // 0x29 ')'
  {   525,  15,  14,  18,    1,  -29 },   // 0x2A '*'
  {   552,  17,  18,  23,    3,  -21 },   // 0x2B '+'
  {   591,   6,  10,  10,    2,   -4 },   // 0x2C ','
  {   599,  12,   3,  14,    1,  -14 },   // 0x2D '-'
  {   604,   6,   5,  10,    2,   -4 },   // 0x2E '.'
  {   608,  12,  29,  12,    0,  -28 },   // 0x2F '/'
  {   652,  22,  31,  27,    2,  -29 },   // 0x30 '0'
  {   738,  11,  29,  15,    1,  -28 },   // 0x31 '1'
  {   778,  18,  30,  22,    2,  -29 },   // 0x32 '2'
  {   846,  18,  31,  22,    2,  -29 },   // 0x33 '3'
  {   916,  20,  29,  24,    2,  -28 },   // 0x34 '4'
  {   989,  19,  30,  23,    2,  -28 },   // 0x35 '5'
  {  1061,  20,  31,  23,    2,  -29 },   // 0x36 '6'
  {  1139,  18,  30,  20,    1,  -28 },   // 0x37 '7'
  {  1207,  19,  31,  23,    2,  -29 },   // 0x38 '8'
  {  1281,  20,  31,  23,    1,  -29 },   // 0x39 '9'
  {  1359,   6,  21,  10,    2,  -20 },   // 0x3A ':'
  {  1375,   6,  26,  10,    2,  -20 },   // 0x3B ';'
  {  1395,  17,  18,  23,    3,  -21 },   // 0x3C '<'
  {  1434,  17,  11,  23,    3,  -17 },   // 0x3D '='
  {  1458,  17,  18,  23,    3,  -21 },   // 0x3E '>'
  {  1497,  16,  30,  20,    2,  -29 },   // 0x3F '?'
  {  1557,  32,  31,  36,    2,  -27 },   // 0x40 '@'
  {  1681,  26,  29,  28,    1,  -28 },   // 0x41 'A'
  {  1776,  20,  29,  25,    3,  -28 },   // 0x42 'B'
  {  1849,  27,  31,  30,    2,  -29 },   // 0x43 'C'
  {  1954,  24,  29,  29,    3,  -28 },   // 0x44 'D'
  {  2041,  17,  29,  23,    3,  -28 },   // 0x45 'E'
  {  2103,  16,  29,  22,    3,  -28 },   // 0x46 'F'
  {  2161,  30,  31,  32,    2,  -29 },   // 0x47 'G'
  {  2278,  22,  29,  29,    3,  -28 },   // 0x48 'H'
  {  2358,   4,  29,  10,    3,  -28 },   // 0x49 'I'
  {  2373,  18,  30,  22,    1,  -28 },   // 0x4A 'J'
  {  2441,  23,  29,  26,    3,  -28 },   // 0x4B 'K'
  {  2525,  17,  29,  21,    3,  -28 },   // 0x4C 'L'
  {  2587,  29,  29,  36,    3,  -28 },   // 0x4D 'M'
  {  2693,  23,  29,  29,    3,  -28 },   // 0x4E 'N'
  {  2777,  30,  31,  34,    2,  -29 },   // 0x4F 'O'
  {  2894,  19,  29,  24,    3,  -28 },   // 0x50 'P'
  {  2963,  30,  33,  34,    2,  -29 },   // 0x51 'Q'
  {  3087,  21,  29,  24,    3,  -28 },   // 0x52 'R'
  {  3164,  20,  31,  23,    1,  -29 },   // 0x53 'S'
  {  3242,  20,  29,  22,    1,  -28 },   // 0x54 'T'
  {  3315,  21,  30,  27,    3,  -28 },   // 0x55 'U'
  {  3394,  24,  29,  26,    1,  -28 },   // 0x56 'V'
  {  3481,  37,  29,  39,    1,  -28 },   // 0x57 'W'
  {  3616,  24,  29,  26,    1,  -28 },   // 0x58 'X'
  {  3703,  23,  29,  24,    1,  -28 },   // 0x59 'Y'
  {  3787,  20,  29,  24,    2,  -28 },   // 0x5A 'Z'
  {  3860,   8,  38,  16,    5,  -32 },   // 0x5B '['
  {  3898,  12,  29,  12,    0,  -28 },   // 0x5C '\'
  {  3942,   8,  38,  16,    3,  -32 },   // 0x5D ']'
  {  3980,  19,  12,  19,    0,  -28 },   // 0x5E '^'
  {  4009,  19,   2,  23,    2,    5 },   // 0x5F '_'
  {  4014,   6,   5,  19,    6,  -29 },   // 0x60 '`'
  {  4018,  19,  23,  22,    1,  -21 },   // 0x61 'a'
  {  4073,  20,  30,  25,    3,  -28 },   // 0x62 'b'
  {  4148,  20,  23,  22,    1,  -21 },   // 0x63 'c'
  {  4206,  21,  30,  25,    1,  -28 },   // 0x64 'd'
  {  4285,  21,  23,  23,    1,  -21 },   // 0x65 'e'
  {  4346,  14,  30,  16,    1,  -29 },   // 0x66 'f'
  {  4399,  21,  32,  25,    1,  -21 },   // 0x67 'g'
  {  4483,  18,  29,  23,    3,  -28 },   // 0x68 'h'
  {  4549,   5,  30,   9,    2,  -29 },   // 0x69 'i'
  {  4568,  10,  40,   9,   -3,  -29 },   // 0x6A 'j'
  {  4618,  18,  29,  21,    3,  -28 },   // 0x6B 'k'
  {  4684,   3,  29,   9,    3,  -28 },   // 0x6C 'l'
  {  4695,  31,  22,  36,    3,  -21 },   // 0x6D 'm'
  {  4781,  18,  22,  23,    3,  -21 },   // 0x6E 'n'
  {  4831,  22,  23,  25,    1,  -21 },   // 0x6F 'o'
  {  4895,  20,  31,  25,    3,  -21 },   // 0x70 'p'
  {  4973,  21,  31,  25,    1,  -21 },   // 0x71 'q'
  {  5055,  12,  22,  15,    3,  -21 },   // 0x72 'r'
  {  5088,  17,  23,  19,    1,  -21 },   // 0x73 's'
  {  5137,  13,  28,  15,    1,  -26 },   // 0x74 't'
  {  5183,  18,  22,  23,    2,  -20 },   // 0x75 'u'
  {  5233,  21,  21,  21,    0,  -20 },   // 0x76 'v'
  {  5289,  32,  21,  32,    0,  -20 },   // 0x77 'w'
  {  5373,  20,  21,  20,    0,  -20 },   // 0x78 'x'
  {  5426,  21,  30,  21,    0,  -20 },   // 0x79 'y'
  {  5505,  17,  21,  20,    1,  -20 },   // 0x7A 'z'
  {  5550,  10,  38,  16,    3,  -32 },   // 0x7B '{'
  {  5598,   3,  41,  10,    3,  -31 },   // 0x7C '|'
  {  5614,  11,  38,  16,    3,  -32 },   // 0x7D '}'
  {  5667,  19,   6,  23,    2,  -15 },   // 0x7E '~'
  {  5682,  17,  29,  23,    3,  -28 },   // 0x7F
  {  5744,  17,  29,  23,    3,  -28 },   // 0x80
  {  5806,  17,  29,  23,    3,  -28 },   // 0x81
  {  5868,  17,  29,  23,    3,  -28 },   // 0x82
  {  5930,  17,  29,  23,    3,  -28 },   // 0x83
  {  5992,  17,  29,  23,    3,  -28 },   // 0x84
  {  6054,  17,  29,  23,    3,  -28 },   // 0x85
  {  6116,  17,  29,  23,    3,  -28 },   // 0x86
  {  6178,  17,  29,  23,    3,  -28 },   // 0x87
  {  6240,  17,  29,  23,    3,  -28 },   // 0x88
  {  6302,  17,  29,  23,    3,  -28 },   // 0x89
  {  6364,  17,  29,  23,    3,  -28 },   // 0x8A
  {  6426,  17,  29,  23,    3,  -28 },   // 0x8B
  {  6488,  17,  29,  23,    3,  -28 },   // 0x8C
  {  6550,  17,  29,  23,    3,  -28 },   // 0x8D
  {  6612,  17,  29,  23,    3,  -28 },   // 0x8E
  {  6674,  17,  29,  23,    3,  -28 },   // 0x8F
  {  6736,  17,  29,  23,    3,  -28 },   // 0x90
  {  6798,  17,  29,  23,    3,  -28 },   // 0x91
  {  6860,  17,  29,  23,    3,  -28 },   // 0x92
  {  6922,  17,  29,  23,    3,  -28 },   // 0x93
  {  6984,  17,  29,  23,    3,  -28 },   // 0x94
  {  7046,  17,  29,  23,    3,  -28 },   // 0x95
  {  7108,  17,  29,  23,    3,  -28 },   // 0x96
  {  7170,  17,  29,  23,    3,  -28 },   // 0x97
  {  7232,  17,  29,  23,    3,  -28 },   // 0x98
  {  7294,  17,  29,  23,    3,  -28 },   // 0x99
  {  7356,  17,  29,  23,    3,  -28 },   // 0x9A
  {  7418,  17,  29,  23,    3,  -28 },   // 0x9B
  {  7480,  17,  29,  23,    3,  -28 },   // 0x9C
  {  7542,  17,  29,  23,    3,  -28 },   // 0x9D
  {  7604,  17,  29,  23,    3,  -28 },   // 0x9E
  {  7666,  17,  29,  23,    3,  -28 },   // 0x9F
  {  7728,   1,   1,   9,    0,    0 },   // 0xA0
  {  7729,   5,  29,  13,    4,  -20 },   // 0xA1
  {  7748,  19,  28,  24,    3,  -27 },   // 0xA2
  {  7815,  20,  30,  21,    2,  -29 },   // 0xA3
  {  7890,  19,  19,  25,    3,  -20 },   // 0xA4
  {  7936,  23,  29,  24,    0,  -28 },   // 0xA5
  {  8020,   3,  36,  10,    3,  -30 },   // 0xA6
  {  8034,  19,  40,  22,    2,  -29 },   // 0xA7
  {  8129,  13,   5,  19,    3,  -29 },   // 0xA8
  {  8138,  30,  31,  34,    2,  -29 },   // 0xA9
  {  8255,  16,  19,  20,    2,  -29 },   // 0xAA
  {  8293,  18,  17,  23,    2,  -18 },   // 0xAB
  {  8332,  17,  11,  23,    3,  -13 },   // 0xAC
  {  8356,  12,   3,  14,    1,  -14 },   // 0xAD
  {  8361,  19,  19,  22,    1,  -29 },   // 0xAE
  {  8407,  11,   3,  19,    4,  -28 },   // 0xAF
  {  8412,  11,  11,  13,    1,  -29 },   // 0xB0
  {  8428,  17,  22,  23,    3,  -21 },   // 0xB1
  {  8475,  12,  18,  14,    1,  -37 },   // 0xB2
  {  8502,  12,  18,  15,    1,  -37 },   // 0xB3
  {  8529,   6,   5,  19,    6,  -29 },   // 0xB4
  {  8533,  22,  30,  26,    3,  -20 },   // 0xB5
  {  8616,  21,  38,  25,    1,  -28 },   // 0xB6
  {  8716,   6,   5,  10,    2,  -14 },   // 0xB7
  {  8720,   9,  10,  19,    5,    1 },   // 0xB8
  {  8732,   7,  18,  10,    1,  -37 },   // 0xB9
  {  8748,  18,  19,  22,    2,  -29 },   // 0xBA
  {  8791,  19,  17,  23,    2,  -18 },   // 0xBB
  {  8832,  31,  31,  32,    1,  -29 },   // 0xBC
  {  8953,  31,  31,  34,    1,  -29 },   // 0xBD
  {  9074,  34,  31,  36,    1,  -29 },   // 0xBE
  {  9206,  16,  30,  20,    2,  -20 },   // 0xBF
  {  9266,  26,  38,  28,    1,  -37 },   // 0xC0
  {  9390,  26,  38,  28,    1,  -37 },   // 0xC1
  {  9514,  26,  38,  28,    1,  -37 },   // 0xC2
  {  9638,  26,  38,  28,    1,  -37 },   // 0xC3
  {  9762,  26,  38,  28,    1,  -37 },   // 0xC4
  {  9886,  26,  41,  28,    1,  -40 },   // 0xC5
  { 10020,  36,  29,  40,    1,  -28 },   // 0xC6
  { 10151,  27,  40,  30,    2,  -29 },   // 0xC7
  { 10286,  17,  38,  23,    3,  -37 },   // 0xC8
  { 10367,  17,  38,  23,    3,  -37 },   // 0xC9
  { 10448,  17,  38,  23,    3,  -37 },   // 0xCA
  { 10529,  17,  38,  23,    3,  -37 },   // 0xCB
  { 10610,   7,  38,  10,    0,  -37 },   // 0xCC
  { 10644,   7,  38,  10,    3,  -37 },   // 0xCD
  { 10678,  14,  38,  10,   -2,  -37 },   // 0xCE
  { 10745,  12,  38,  10,   -1,  -37 },   // 0xCF
  { 10802,  27,  29,  29,    0,  -28 },   // 0xD0
  { 10900,  23,  38,  29,    3,  -37 },   // 0xD1
  { 11010,  30,  39,  34,    2,  -37 },   // 0xD2
  { 11157,  30,  39,  34,    2,  -37 },   // 0xD3
  { 11304,  30,  39,  34,    2,  -37 },   // 0xD4
  { 11451,  30,  39,  34,    2,  -37 },   // 0xD5
  { 11598,  30,  39,  34,    2,  -37 },   // 0xD6
  { 11745,  17,  17,  23,    3,  -20 },   // 0xD7
  { 11782,  30,  32,  34,    2,  -30 },   // 0xD8
  { 11902,  21,  39,  27,    3,  -37 },   // 0xD9
  { 12005,  21,  39,  27,    3,  -37 },   // 0xDA
  { 12108,  21,  39,  27,    3,  -37 },   // 0xDB
  { 12211,  21,  39,  27,    3,  -37 },   // 0xDC
  { 12314,  23,  38,  24,    1,  -37 },   // 0xDD
  { 12424,  19,  29,  24,    3,  -28 },   // 0xDE
  { 12493,  19,  30,  23,    3,  -29 },   // 0xDF
  { 12565,  19,  31,  22,    1,  -29 },   // 0xE0
  { 12639,  19,  31,  22,    1,  -29 },   // 0xE1
  { 12713,  19,  31,  22,    1,  -29 },   // 0xE2
  { 12787,  19,  31,  22,    1,  -29 },   // 0xE3
  { 12861,  19,  31,  22,    1,  -29 },   // 0xE4
  { 12935,  19,  34,  22,    1,  -32 },   // 0xE5
  { 13016,  35,  23,  38,    1,  -21 },   // 0xE6
  { 13117,  20,  32,  22,    1,  -21 },   // 0xE7
  { 13197,  21,  31,  23,    1,  -29 },   // 0xE8
  { 13279,  21,  31,  23,    1,  -29 },   // 0xE9
  { 13361,  21,  31,  23,    1,  -29 },   // 0xEA
  { 13443,  21,  31,  23,    1,  -29 },   // 0xEB
  { 13525,   6,  30,   9,    0,  -29 },   // 0xEC
  { 13548,   6,  30,   9,    3,  -29 },   // 0xED
  { 13571,  13,  30,   9,   -2,  -29 },   // 0xEE
  { 13620,  13,  30,   9,   -2,  -29 },   // 0xEF
  { 13669,  21,  31,  24,    1,  -29 },   // 0xF0
  { 13751,  18,  30,  23,    3,  -29 },   // 0xF1
  { 13819,  22,  31,  25,    1,  -29 },   // 0xF2
  { 13905,  22,  31,  25,    1,  -29 },   // 0xF3
  { 13991,  22,  31,  25,    1,  -29 },   // 0xF4
  { 14077,  22,  31,  25,    1,  -29 },   // 0xF5
  { 14163,  22,  31,  25,    1,  -29 },   // 0xF6
  { 14249,  17,  20,  23,    3,  -22 },   // 0xF7
  { 14292,  22,  23,  25,    1,  -21 },   // 0xF8
  { 14356,  18,  31,  23,    2,  -29 },   // 0xF9
  { 14426,  18,  31,  23,    2,  -29 },   // 0xFA
  { 14496,  18,  31,  23,    2,  -29 },   // 0xFB
  { 14566,  18,  31,  23,    2,  -29 },   // 0xFC
  { 14636,  21,  39,  21,    0,  -29 },   // 0xFD
  { 14739,  20,  38,  25,    3,  -28 },   // 0xFE
  { 14834,  21,  39,  21,    0,  -29 }   // 0xFF // 0xFF
};

const WideFont GoogleSansFlex_RegularSettingsRow PROGMEM = {
  (uint8_t  *)GoogleSansFlex_RegularSettingsRowBitmaps,
  (WideGlyph *)GoogleSansFlex_RegularSettingsRowGlyphs,
  0x20, 0xFF, 51 };

// Approx. 16512 bytes
