#pragma once
#include "../WideFont.h"

const uint8_t GoogleSansFlex_RegularSettingsTabBitmaps[] PROGMEM = {
  0x00, 0x79, 0xE7, 0x9E, 0x79, 0xE7, 0x9E, 0x79, 0xE7, 0x9E, 0x79, 0xE7,
  0x9E, 0x79, 0xE7, 0x9E, 0x79, 0xE7, 0x9E, 0x78, 0x00, 0x00, 0x00, 0x47,
  0xBF, 0xFF, 0xF7, 0x80, 0xE1, 0xF8, 0x7E, 0x1F, 0x87, 0xE1, 0xF8, 0x7E,
  0x1F, 0x87, 0xE1, 0xF8, 0x7E, 0x1F, 0x87, 0x00, 0x3C, 0x07, 0x00, 0x01,
  0xC0, 0x78, 0x00, 0x0E, 0x03, 0xC0, 0x00, 0x70, 0x1E, 0x00, 0x07, 0x80,
  0xF0, 0x00, 0x3C, 0x07, 0x80, 0x01, 0xE0, 0x38, 0x00, 0x0F, 0x01, 0xC0,
  0x00, 0x78, 0x1E, 0x00, 0x03, 0x80, 0xF0, 0x00, 0x1C, 0x07, 0x80, 0x7F,
  0xFF, 0xFF, 0xF3, 0xFF, 0xFF, 0xFF, 0x9F, 0xFF, 0xFF, 0xF8, 0x03, 0xC0,
  0x70, 0x00, 0x1E, 0x07, 0x80, 0x00, 0xE0, 0x3C, 0x00, 0x07, 0x01, 0xE0,
  0x00, 0x78, 0x0F, 0x00, 0x03, 0xC0, 0x78, 0x00, 0x1E, 0x03, 0x80, 0x3F,
  0xFF, 0xFF, 0xF1, 0xFF, 0xFF, 0xFF, 0x8F, 0xFF, 0xFF, 0xFC, 0xFF, 0xFF,
  0xFF, 0xE0, 0x1E, 0x03, 0xC0, 0x00, 0xF0, 0x1E, 0x00, 0x07, 0x80, 0xE0,
  0x00, 0x3C, 0x07, 0x00, 0x01, 0xE0, 0x78, 0x00, 0x0E, 0x03, 0xC0, 0x00,
  0x70, 0x1E, 0x00, 0x07, 0x80, 0xF0, 0x00, 0x3C, 0x07, 0x80, 0x01, 0xE0,
  0x38, 0x00, 0x00, 0x1C, 0x00, 0x00, 0x38, 0x00, 0x00, 0x70, 0x00, 0x00,
  0xE0, 0x00, 0x0F, 0xF0, 0x00, 0xFF, 0xF8, 0x03, 0xFF, 0xFC, 0x0F, 0xFF,
  0xFC, 0x3F, 0x1C, 0xFC, 0x78, 0x38, 0xFD, 0xF0, 0x70, 0xF3, 0xC0, 0xE0,
  0x87, 0x81, 0xC0, 0x0F, 0x03, 0x80, 0x1F, 0x07, 0x00, 0x1E, 0x0E, 0x00,
  0x3E, 0x1C, 0x00, 0x7F, 0x38, 0x00, 0x7F, 0xF0, 0x00, 0x7F, 0xF0, 0x00,
  0x3F, 0xF8, 0x00, 0x1F, 0xFC, 0x00, 0x07, 0xFC, 0x00, 0x0F, 0xFC, 0x00,
  0x1C, 0xFC, 0x00, 0x38, 0x7C, 0x00, 0x70, 0xF8, 0x00, 0xE0, 0xF1, 0x01,
  0xC1, 0xEE, 0x03, 0x83, 0xFE, 0x07, 0x07, 0xFC, 0x0E, 0x0F, 0x7C, 0x1C,
  0x3E, 0xFC, 0x38, 0x7C, 0xFC, 0x73, 0xF0, 0xFF, 0xFF, 0xC0, 0xFF, 0xFF,
  0x00, 0xFF, 0xFC, 0x00, 0x3F, 0xC0, 0x00, 0x0E, 0x00, 0x00, 0x1C, 0x00,
  0x00, 0x38, 0x00, 0x00, 0x70, 0x00, 0x03, 0xE0, 0x00, 0x06, 0x00, 0x3F,
  0xE0, 0x00, 0x1E, 0x01, 0xFF, 0xE0, 0x00, 0xF0, 0x0F, 0xFF, 0x80, 0x07,
  0xC0, 0x7C, 0x0F, 0x00, 0x1E, 0x01, 0xE0, 0x1E, 0x00, 0xF0, 0x07, 0x00,
  0x78, 0x07, 0xC0, 0x3C, 0x01, 0xE0, 0x1E, 0x00, 0xF0, 0x07, 0x80, 0xF0,
  0x03, 0xC0, 0x1E, 0x07, 0x80, 0x07, 0x80, 0x78, 0x3E, 0x00, 0x1E, 0x03,
  0xC0, 0xF0, 0x00, 0x7C, 0x1F, 0x07, 0x80, 0x00, 0xFF, 0xF8, 0x3E, 0x00,
  0x01, 0xFF, 0xC0, 0xF0, 0x00, 0x03, 0xFE, 0x07, 0x80, 0x00, 0x01, 0xE0,
  0x3E, 0x00, 0x00, 0x00, 0x00, 0xF0, 0x00, 0x00, 0x00, 0x07, 0x80, 0x00,
  0x00, 0x00, 0x3E, 0x00, 0x00, 0x00, 0x00, 0xF0, 0x1F, 0x80, 0x00, 0x07,
  0x81, 0xFF, 0x80, 0x00, 0x3E, 0x0F, 0xFF, 0x00, 0x00, 0xF0, 0x7F, 0xFE,
  0x00, 0x07, 0x81, 0xE0, 0x78, 0x00, 0x3E, 0x0F, 0x00, 0xF0, 0x00, 0xF0,
  0x3C, 0x03, 0xC0, 0x07, 0x80, 0xE0, 0x0F, 0x00, 0x3E, 0x03, 0x80, 0x3C,
  0x00, 0xF0, 0x0E, 0x00, 0xF0, 0x07, 0x80, 0x3C, 0x03, 0xC0, 0x3E, 0x00,
  0xF0, 0x0F, 0x00, 0xF0, 0x01, 0xE0, 0x78, 0x07, 0x80, 0x07, 0xFF, 0xC0,
  0x3E, 0x00, 0x0F, 0xFF, 0x00, 0x70, 0x00, 0x1F, 0xF0, 0x00, 0x80, 0x00,
  0x0F, 0x00, 0x00, 0x3E, 0x00, 0x00, 0x0F, 0xF8, 0x00, 0x03, 0xFF, 0xC0,
  0x00, 0x3F, 0xFE, 0x00, 0x07, 0xE3, 0xF0, 0x00, 0x78, 0x0F, 0x00, 0x07,
  0x80, 0xF8, 0x00, 0xF8, 0x04, 0x00, 0x0F, 0x80, 0x00, 0x00, 0x78, 0x00,
  0x00, 0x07, 0x80, 0x00, 0x00, 0x7C, 0x00, 0x00, 0x03, 0xE0, 0x00, 0x00,
  0x1E, 0x00, 0x00, 0x01, 0xF0, 0x00, 0x00, 0x7F, 0x80, 0x00, 0x0F, 0xFC,
  0x00, 0x01, 0xFB, 0xE0, 0x00, 0x3E, 0x3E, 0x00, 0x03, 0xC1, 0xF0, 0x00,
  0x7C, 0x0F, 0x80, 0x07, 0x80, 0x7C, 0x00, 0x78, 0x03, 0xC0, 0xEF, 0x80,
  0x3E, 0x0F, 0xF8, 0x01, 0xF0, 0xFF, 0x80, 0x0F, 0x9E, 0xF8, 0x00, 0x7D,
  0xE7, 0x80, 0x07, 0xFC, 0x78, 0x00, 0x3F, 0xC7, 0xC0, 0x01, 0xF8, 0x7E,
  0x00, 0x1F, 0x83, 0xF0, 0x03, 0xFC, 0x1F, 0xC0, 0xFF, 0xC0, 0xFF, 0xFF,
  0xFE, 0x07, 0xFF, 0xF1, 0xF0, 0x3F, 0xFE, 0x0C, 0x00, 0x7E, 0x00, 0x80,
  0xFF, 0xFF, 0xFF, 0xFF, 0xF0, 0x00, 0xC0, 0x0E, 0x01, 0xF0, 0x3E, 0x03,
  0xC0, 0x7C, 0x0F, 0x80, 0xF0, 0x1F, 0x01, 0xE0, 0x1E, 0x03, 0xC0, 0x3C,
  0x07, 0xC0, 0x78, 0x07, 0x80, 0x78, 0x0F, 0x80, 0xF8, 0x0F, 0x00, 0xF0,
  0x0F, 0x00, 0xF0, 0x0F, 0x00, 0xF0, 0x0F, 0x00, 0xF0, 0x0F, 0x80, 0x78,
  0x07, 0x80, 0x78, 0x07, 0xC0, 0x3C, 0x03, 0xC0, 0x3E, 0x01, 0xE0, 0x1F,
  0x00, 0xF0, 0x0F, 0x80, 0x78, 0x07, 0xC0, 0x3E, 0x01, 0xE0, 0x1F, 0x00,
  0xC0, 0x08, 0x30, 0x07, 0x00, 0xF8, 0x07, 0xC0, 0x3C, 0x03, 0xE0, 0x1F,
  0x00, 0xF0, 0x0F, 0x80, 0x78, 0x07, 0xC0, 0x3C, 0x03, 0xC0, 0x3E, 0x01,
  0xE0, 0x1E, 0x01, 0xE0, 0x1F, 0x01, 0xF0, 0x0F, 0x00, 0xF0, 0x0F, 0x00,
  0xF0, 0x0F, 0x00, 0xF0, 0x0F, 0x00, 0xF0, 0x1F, 0x01, 0xE0, 0x1E, 0x01,
  0xE0, 0x3E, 0x03, 0xC0, 0x3C, 0x07, 0xC0, 0x78, 0x0F, 0x80, 0xF0, 0x1F,
  0x01, 0xE0, 0x3E, 0x07, 0xC0, 0x78, 0x0F, 0x80, 0x30, 0x01, 0x00, 0x01,
  0xC0, 0x00, 0xE0, 0x00, 0x70, 0x00, 0x38, 0x04, 0x1C, 0x17, 0x8E, 0x3F,
  0xFF, 0xFF, 0xFF, 0xFF, 0x1F, 0xFC, 0x01, 0xF0, 0x01, 0xFC, 0x01, 0xFF,
  0x00, 0xF7, 0x80, 0xF1, 0xE0, 0xF0, 0x78, 0x78, 0x3C, 0x08, 0x08, 0x00,
  0x00, 0x78, 0x00, 0x03, 0xC0, 0x00, 0x1E, 0x00, 0x00, 0xF0, 0x00, 0x07,
  0x80, 0x00, 0x3C, 0x00, 0x01, 0xE0, 0x00, 0x0F, 0x00, 0x00, 0x78, 0x07,
  0xFF, 0xFF, 0xFF, 0xFF, 0xFF, 0xFF, 0xFF, 0xFF, 0xFF, 0xFF, 0x80, 0x3C,
  0x00, 0x01, 0xE0, 0x00, 0x0F, 0x00, 0x00, 0x78, 0x00, 0x03, 0xC0, 0x00,
  0x1E, 0x00, 0x00, 0xF0, 0x00, 0x07, 0x80, 0x00, 0x3C, 0x00, 0x38, 0xF9,
  0xFB, 0xF7, 0xE7, 0x87, 0x1C, 0x71, 0xE1, 0x80, 0xFF, 0xFF, 0xFF, 0xFF,
  0xFF, 0xFF, 0xFF, 0x73, 0xEF, 0xFF, 0xFD, 0xE0, 0x00, 0x1E, 0x00, 0x78,
  0x00, 0xF0, 0x01, 0xE0, 0x07, 0x80, 0x0F, 0x00, 0x1E, 0x00, 0x78, 0x00,
  0xF0, 0x01, 0xE0, 0x03, 0x80, 0x0F, 0x00, 0x1E, 0x00, 0x38, 0x00, 0xF0,
  0x01, 0xE0, 0x03, 0xC0, 0x0F, 0x00, 0x1E, 0x00, 0x3C, 0x00, 0x70, 0x01,
  0xE0, 0x03, 0xC0, 0x07, 0x00, 0x1E, 0x00, 0x3C, 0x00, 0x78, 0x01, 0xE0,
  0x03, 0xC0, 0x07, 0x80, 0x1E, 0x00, 0x3C, 0x00, 0x78, 0x00, 0xE0, 0x03,
  0xC0, 0x00, 0x00, 0x1F, 0x80, 0x00, 0x1F, 0xFC, 0x00, 0x07, 0xFF, 0xE0,
  0x01, 0xFF, 0xFE, 0x00, 0x7E, 0x0F, 0xE0, 0x1F, 0x00, 0x7E, 0x07, 0xC0,
  0x07, 0xC0, 0xF0, 0x00, 0x7C, 0x3E, 0x00, 0x07, 0x87, 0x80, 0x00, 0xF8,
  0xF0, 0x00, 0x0F, 0x3E, 0x00, 0x01, 0xE7, 0x80, 0x00, 0x3E, 0xF0, 0x00,
  0x07, 0xDE, 0x00, 0x00, 0x7B, 0xC0, 0x00, 0x0F, 0xF8, 0x00, 0x01, 0xFF,
  0x00, 0x00, 0x3F, 0xE0, 0x00, 0x07, 0xFC, 0x00, 0x00, 0xF7, 0x80, 0x00,
  0x1E, 0xF0, 0x00, 0x03, 0xDE, 0x00, 0x00, 0x7B, 0xC0, 0x00, 0x1F, 0x78,
  0x00, 0x03, 0xEF, 0x80, 0x00, 0x78, 0xF0, 0x00, 0x0F, 0x1E, 0x00, 0x03,
  0xE3, 0xE0, 0x00, 0x78, 0x3C, 0x00, 0x1F, 0x07, 0xC0, 0x07, 0xC0, 0x7C,
  0x01, 0xF8, 0x07, 0xF0, 0xFE, 0x00, 0x7F, 0xFF, 0x80, 0x07, 0xFF, 0xE0,
  0x00, 0x7F, 0xF0, 0x00, 0x01, 0xF8, 0x00, 0x00, 0xF0, 0x1F, 0x03, 0xF0,
  0xFF, 0x1F, 0xF7, 0xFF, 0xFE, 0xFF, 0x8F, 0x70, 0xF4, 0x0F, 0x00, 0xF0,
  0x0F, 0x00, 0xF0, 0x0F, 0x00, 0xF0, 0x0F, 0x00, 0xF0, 0x0F, 0x00, 0xF0,
  0x0F, 0x00, 0xF0, 0x0F, 0x00, 0xF0, 0x0F, 0x00, 0xF0, 0x0F, 0x00, 0xF0,
  0x0F, 0x00, 0xF0, 0x0F, 0x00, 0xF0, 0x0F, 0x00, 0xF0, 0x0F, 0x00, 0xF0,
  0x00, 0xFC, 0x00, 0x3F, 0xF8, 0x03, 0xFF, 0xF0, 0x3F, 0xFF, 0xC3, 0xF0,
  0x7F, 0x3F, 0x00, 0xF9, 0xF0, 0x03, 0xDF, 0x00, 0x1F, 0x10, 0x00, 0xF8,
  0x00, 0x03, 0xC0, 0x00, 0x1E, 0x00, 0x00, 0xF0, 0x00, 0x0F, 0x80, 0x00,
  0x78, 0x00, 0x07, 0xC0, 0x00, 0x3E, 0x00, 0x03, 0xE0, 0x00, 0x3E, 0x00,
  0x03, 0xF0, 0x00, 0x3F, 0x00, 0x01, 0xF0, 0x00, 0x1F, 0x00, 0x01, 0xF0,
  0x00, 0x1F, 0x00, 0x01, 0xF0, 0x00, 0x1F, 0x00, 0x01, 0xF0, 0x00, 0x1F,
  0x00, 0x01, 0xF8, 0x00, 0x1F, 0x80, 0x01, 0xF8, 0x00, 0x0F, 0x80, 0x00,
  0xFF, 0xFF, 0xFF, 0xFF, 0xFF, 0xFF, 0xFF, 0xFF, 0xFF, 0xFF, 0xF0, 0x00,
  0xFC, 0x00, 0x1F, 0xFE, 0x00, 0xFF, 0xFC, 0x07, 0xFF, 0xF8, 0x3F, 0x87,
  0xF0, 0xF8, 0x07, 0xC7, 0xC0, 0x0F, 0x1E, 0x00, 0x3E, 0x18, 0x00, 0x78,
  0x00, 0x01, 0xE0, 0x00, 0x07, 0x80, 0x00, 0x3E, 0x00, 0x00, 0xF0, 0x00,
  0x07, 0xC0, 0x00, 0x3F, 0x00, 0x07, 0xF8, 0x00, 0xFF, 0xC0, 0x03, 0xFC,
  0x00, 0x0F, 0xFC, 0x00, 0x3F, 0xF8, 0x00, 0x03, 0xF0, 0x00, 0x03, 0xE0,
  0x00, 0x07, 0x80, 0x00, 0x1F, 0x00, 0x00, 0x3C, 0x00, 0x00, 0xF1, 0x00,
  0x03, 0xDC, 0x00, 0x0F, 0xF8, 0x00, 0x7D, 0xE0, 0x01, 0xF7, 0xC0, 0x0F,
  0x8F, 0x80, 0x7E, 0x3F, 0x87, 0xF0, 0x7F, 0xFF, 0x80, 0xFF, 0xFC, 0x00,
  0xFF, 0xC0, 0x00, 0xFC, 0x00, 0x00, 0x00, 0xF8, 0x00, 0x00, 0xFC, 0x00,
  0x00, 0x7E, 0x00, 0x00, 0x7F, 0x00, 0x00, 0x7F, 0x80, 0x00, 0x3F, 0xC0,
  0x00, 0x3F, 0xE0, 0x00, 0x3F, 0xF0, 0x00, 0x3E, 0xF8, 0x00, 0x1E, 0x7C,
  0x00, 0x1F, 0x3E, 0x00, 0x1F, 0x1F, 0x00, 0x0F, 0x0F, 0x80, 0x0F, 0x07,
  0xC0, 0x0F, 0x83, 0xE0, 0x07, 0x81, 0xF0, 0x07, 0x80, 0xF8, 0x07, 0xC0,
  0x7C, 0x03, 0xC0, 0x3E, 0x03, 0xC0, 0x1F, 0x03, 0xE0, 0x0F, 0x81, 0xE0,
  0x07, 0xC1, 0xE0, 0x03, 0xE1, 0xFF, 0xFF, 0xFF, 0xFF, 0xFF, 0xFF, 0xFF,
  0xFF, 0xFF, 0xFF, 0xFF, 0xFF, 0xE0, 0x00, 0x1F, 0x00, 0x00, 0x0F, 0x80,
  0x00, 0x07, 0xC0, 0x00, 0x03, 0xE0, 0x00, 0x01, 0xF0, 0x00, 0x00, 0xF8,
  0x00, 0x00, 0x7C, 0x00, 0x00, 0x3E, 0x00, 0x1F, 0xFF, 0xF8, 0x3F, 0xFF,
  0xF0, 0x7F, 0xFF, 0xE0, 0xFF, 0xFF, 0xC1, 0xE0, 0x00, 0x03, 0xC0, 0x00,
  0x07, 0x80, 0x00, 0x0E, 0x00, 0x00, 0x3C, 0x00, 0x00, 0x78, 0x00, 0x00,
  0xF0, 0x00, 0x01, 0xE0, 0x00, 0x03, 0xC0, 0x00, 0x07, 0x8F, 0xE0, 0x0F,
  0x7F, 0xF0, 0x1F, 0xFF, 0xF8, 0x7F, 0xFF, 0xF8, 0xFE, 0x03, 0xF0, 0xF8,
  0x01, 0xF0, 0x60, 0x01, 0xE0, 0x00, 0x03, 0xE0, 0x00, 0x03, 0xC0, 0x00,
  0x07, 0x80, 0x00, 0x0F, 0x00, 0x00, 0x1E, 0x20, 0x00, 0x3F, 0xE0, 0x00,
  0x7B, 0xC0, 0x01, 0xF7, 0xC0, 0x03, 0xEF, 0x80, 0x0F, 0x8F, 0x80, 0x3F,
  0x0F, 0xC1, 0xFC, 0x0F, 0xFF, 0xF0, 0x0F, 0xFF, 0xC0, 0x0F, 0xFE, 0x00,
  0x03, 0xF0, 0x00, 0x00, 0x02, 0x00, 0x00, 0x07, 0x00, 0x00, 0x07, 0xC0,
  0x00, 0x0F, 0x80, 0x00, 0x1F, 0x00, 0x00, 0x3E, 0x00, 0x00, 0x3E, 0x00,
  0x00, 0x7C, 0x00, 0x00, 0xF8, 0x00, 0x00, 0xF8, 0x00, 0x01, 0xF0, 0x00,
  0x03, 0xE0, 0x00, 0x07, 0xC0, 0x00, 0x07, 0xC0, 0x00, 0x0F, 0xBF, 0x00,
  0x0F, 0xFF, 0xC0, 0x1F, 0xFF, 0xF0, 0x3F, 0xFF, 0xF8, 0x3F, 0x81, 0xFC,
  0x7E, 0x00, 0x7C, 0x7C, 0x00, 0x3E, 0x78, 0x00, 0x1E, 0xF8, 0x00, 0x1E,
  0xF8, 0x00, 0x1F, 0xF0, 0x00, 0x1F, 0xF0, 0x00, 0x1F, 0xF0, 0x00, 0x1F,
  0xF8, 0x00, 0x1E, 0x78, 0x00, 0x1E, 0x7C, 0x00, 0x3E, 0x7C, 0x00, 0x3C,
  0x3F, 0x00, 0xFC, 0x1F, 0xC3, 0xF8, 0x0F, 0xFF, 0xF0, 0x07, 0xFF, 0xE0,
  0x03, 0xFF, 0x80, 0x00, 0x7E, 0x00, 0xFF, 0xFF, 0xFF, 0xFF, 0xFF, 0xFF,
  0xFF, 0xFF, 0xFF, 0xFF, 0xFF, 0x00, 0x00, 0x3C, 0x00, 0x01, 0xE0, 0x00,
  0x0F, 0x80, 0x00, 0x3C, 0x00, 0x01, 0xF0, 0x00, 0x07, 0x80, 0x00, 0x3E,
  0x00, 0x00, 0xF0, 0x00, 0x07, 0xC0, 0x00, 0x1E, 0x00, 0x00, 0xF8, 0x00,
  0x03, 0xC0, 0x00, 0x1F, 0x00, 0x00, 0x78, 0x00, 0x03, 0xE0, 0x00, 0x0F,
  0x00, 0x00, 0x7C, 0x00, 0x03, 0xE0, 0x00, 0x0F, 0x80, 0x00, 0x7C, 0x00,
  0x01, 0xF0, 0x00, 0x0F, 0x80, 0x00, 0x3E, 0x00, 0x01, 0xF0, 0x00, 0x07,
  0x80, 0x00, 0x3E, 0x00, 0x00, 0xF0, 0x00, 0x07, 0xC0, 0x00, 0x1E, 0x00,
  0x00, 0xF8, 0x00, 0x01, 0xC0, 0x00, 0x01, 0x00, 0x00, 0x00, 0x7C, 0x00,
  0x07, 0xFF, 0x00, 0x1F, 0xFF, 0x00, 0x7F, 0xFF, 0x01, 0xF8, 0x7F, 0x07,
  0xE0, 0x3F, 0x0F, 0x80, 0x3E, 0x1E, 0x00, 0x3C, 0x7C, 0x00, 0x78, 0xF8,
  0x00, 0xF9, 0xF0, 0x01, 0xF3, 0xE0, 0x03, 0xC3, 0xC0, 0x07, 0x87, 0xC0,
  0x1F, 0x07, 0xC0, 0x7C, 0x07, 0xE3, 0xF0, 0x07, 0xFF, 0xC0, 0x07, 0xFF,
  0x00, 0x3F, 0xFF, 0x80, 0xFF, 0xFF, 0x83, 0xF0, 0x1F, 0x8F, 0x80, 0x0F,
  0x1E, 0x00, 0x1F, 0x3C, 0x00, 0x1E, 0xF8, 0x00, 0x3F, 0xE0, 0x00, 0x3F,
  0xC0, 0x00, 0x7F, 0x80, 0x01, 0xFF, 0x80, 0x03, 0xEF, 0x00, 0x07, 0x9F,
  0x00, 0x1F, 0x3F, 0x00, 0x7E, 0x3F, 0xC7, 0xF8, 0x3F, 0xFF, 0xE0, 0x3F,
  0xFF, 0x80, 0x1F, 0xFC, 0x00, 0x0F, 0xC0, 0x00, 0x00, 0xFC, 0x00, 0x07,
  0xFF, 0x00, 0x3F, 0xFF, 0x80, 0xFF, 0xFF, 0x83, 0xF8, 0x3F, 0x8F, 0xC0,
  0x1F, 0x1F, 0x00, 0x1F, 0x7C, 0x00, 0x1E, 0xF0, 0x00, 0x3F, 0xE0, 0x00,
  0x3F, 0xC0, 0x00, 0x7F, 0x80, 0x00, 0xFF, 0x00, 0x01, 0xFE, 0x00, 0x03,
  0xFC, 0x00, 0x0F, 0xFC, 0x00, 0x1F, 0xF8, 0x00, 0x7C, 0xF8, 0x01, 0xF8,
  0xFC, 0x0F, 0xE1, 0xFF, 0xFF, 0xC0, 0xFF, 0xFF, 0x00, 0xFF, 0xFE, 0x00,
  0x7E, 0xF8, 0x00, 0x01, 0xE0, 0x00, 0x07, 0xC0, 0x00, 0x1F, 0x00, 0x00,
  0x7C, 0x00, 0x00, 0xF8, 0x00, 0x03, 0xE0, 0x00, 0x0F, 0x80, 0x00, 0x1E,
  0x00, 0x00, 0x7C, 0x00, 0x01, 0xF0, 0x00, 0x07, 0xC0, 0x00, 0x0F, 0x80,
  0x00, 0x0E, 0x00, 0x00, 0x08, 0x00, 0x00, 0x7B, 0xEF, 0xFF, 0xFD, 0xE0,
  0x00, 0x00, 0x00, 0x00, 0x00, 0x00, 0x00, 0x00, 0x00, 0x1C, 0xFB, 0xFF,
  0xFF, 0x78, 0x1C, 0x3E, 0x7E, 0x7F, 0x3E, 0x3C, 0x00, 0x00, 0x00, 0x00,
  0x00, 0x00, 0x00, 0x00, 0x00, 0x00, 0x00, 0x00, 0x00, 0x38, 0x7C, 0x7E,
  0x7E, 0x7E, 0x3C, 0x1C, 0x38, 0x70, 0xF0, 0x60, 0x00, 0x00, 0x08, 0x00,
  0x01, 0xC0, 0x00, 0x3E, 0x00, 0x0F, 0xF0, 0x01, 0xFF, 0x00, 0x3F, 0xC0,
  0x07, 0xF8, 0x01, 0xFE, 0x00, 0x3F, 0xC0, 0x07, 0xF8, 0x00, 0x3E, 0x00,
  0x01, 0xF8, 0x00, 0x0F, 0xF0, 0x00, 0x0F, 0xF0, 0x00, 0x1F, 0xE0, 0x00,
  0x3F, 0xE0, 0x00, 0x3F, 0xC0, 0x00, 0x7F, 0xC0, 0x00, 0xFE, 0x00, 0x00,
  0xF0, 0x00, 0x01, 0x80, 0xFF, 0xFF, 0xFF, 0xFF, 0xFF, 0xFF, 0xFF, 0xFF,
  0xFF, 0xFF, 0xF0, 0x00, 0x00, 0x00, 0x00, 0x00, 0x00, 0x00, 0x00, 0x00,
  0x00, 0x00, 0x00, 0x00, 0x00, 0x00, 0x3F, 0xFF, 0xFF, 0xFF, 0xFF, 0xFF,
  0xFF, 0xFF, 0xFF, 0xFF, 0xFC, 0x80, 0x00, 0x0C, 0x00, 0x00, 0xF8, 0x00,
  0x0F, 0xE0, 0x00, 0xFF, 0x80, 0x01, 0xFF, 0x00, 0x07, 0xFC, 0x00, 0x0F,
  0xF0, 0x00, 0x3F, 0xC0, 0x00, 0x7F, 0x00, 0x01, 0xF0, 0x00, 0x3F, 0x00,
  0x0F, 0xF0, 0x07, 0xFC, 0x01, 0xFE, 0x00, 0x7F, 0x80, 0x3F, 0xE0, 0x0F,
  0xF0, 0x00, 0xFC, 0x00, 0x0F, 0x00, 0x00, 0xC0, 0x00, 0x00, 0x01, 0xF8,
  0x00, 0x7F, 0xE0, 0x1F, 0xFF, 0x83, 0xFF, 0xFC, 0x7F, 0x1F, 0xC7, 0xC0,
  0x3E, 0xF8, 0x03, 0xEF, 0x80, 0x1E, 0x10, 0x01, 0xE0, 0x00, 0x1F, 0x00,
  0x01, 0xE0, 0x00, 0x1E, 0x00, 0x03, 0xE0, 0x00, 0x7C, 0x00, 0x0F, 0xC0,
  0x01, 0xF8, 0x00, 0x3F, 0x00, 0x07, 0xE0, 0x00, 0x7C, 0x00, 0x0F, 0x80,
  0x00, 0xF8, 0x00, 0x0F, 0x00, 0x00, 0xF0, 0x00, 0x0F, 0x00, 0x00, 0xF0,
  0x00, 0x00, 0x00, 0x00, 0x00, 0x00, 0x00, 0x00, 0x00, 0x00, 0x00, 0x0F,
  0x00, 0x01, 0xF8, 0x00, 0x3F, 0x80, 0x03, 0xFC, 0x00, 0x3F, 0xC0, 0x01,
  0xF8, 0x00, 0x0F, 0x00, 0x00, 0x01, 0xFE, 0x00, 0x00, 0x00, 0x7F, 0xFF,
  0x00, 0x00, 0x07, 0xFF, 0xFF, 0x80, 0x00, 0x7F, 0xFF, 0xFF, 0x00, 0x03,
  0xF8, 0x00, 0x7E, 0x00, 0x1F, 0x80, 0x00, 0x7E, 0x00, 0xF8, 0x00, 0x00,
  0xF8, 0x07, 0xC0, 0x00, 0x00, 0xF0, 0x1E, 0x00, 0x00, 0x01, 0xE0, 0xF0,
  0x07, 0xC0, 0x07, 0x87, 0xC0, 0x7F, 0xEF, 0x0F, 0x1E, 0x03, 0xFF, 0xFC,
  0x1C, 0x70, 0x1F, 0x9F, 0xF0, 0x7B, 0xC0, 0xF8, 0x0F, 0xC0, 0xEF, 0x07,
  0xC0, 0x1F, 0x03, 0xB8, 0x1E, 0x00, 0x3C, 0x0E, 0xE0, 0x78, 0x00, 0xF0,
  0x3F, 0x81, 0xC0, 0x03, 0xC0, 0xFE, 0x07, 0x00, 0x0F, 0x03, 0xF8, 0x1C,
  0x00, 0x3C, 0x0F, 0xE0, 0x70, 0x00, 0xF0, 0x3F, 0x81, 0xC0, 0x03, 0xC0,
  0xFE, 0x07, 0x80, 0x0F, 0x03, 0xBC, 0x1E, 0x00, 0x7C, 0x0E, 0xF0, 0x3C,
  0x03, 0xF0, 0x7B, 0xC0, 0x7C, 0x1F, 0xF3, 0xC7, 0x81, 0xFF, 0xF3, 0xFF,
  0x1E, 0x01, 0xFF, 0x8F, 0xF8, 0x3C, 0x03, 0xF8, 0x0F, 0x80, 0xF8, 0x00,
  0x00, 0x00, 0x01, 0xF0, 0x00, 0x00, 0x00, 0x03, 0xE0, 0x00, 0x00, 0x00,
  0x07, 0xC0, 0x00, 0x00, 0x00, 0x0F, 0xC0, 0x02, 0x00, 0x00, 0x1F, 0xF0,
  0x78, 0x00, 0x00, 0x3F, 0xFF, 0xF0, 0x00, 0x00, 0x3F, 0xFF, 0xC0, 0x00,
  0x00, 0x1F, 0xF8, 0x00, 0x00, 0x00, 0x07, 0xC0, 0x00, 0x00, 0x1F, 0x80,
  0x00, 0x00, 0x3F, 0x80, 0x00, 0x00, 0x7F, 0x00, 0x00, 0x01, 0xFF, 0x00,
  0x00, 0x03, 0xDE, 0x00, 0x00, 0x07, 0xBC, 0x00, 0x00, 0x1E, 0x7C, 0x00,
  0x00, 0x3C, 0x78, 0x00, 0x00, 0xF8, 0xF0, 0x00, 0x01, 0xE0, 0xF0, 0x00,
  0x03, 0xC1, 0xE0, 0x00, 0x0F, 0x83, 0xE0, 0x00, 0x1E, 0x03, 0xC0, 0x00,
  0x3C, 0x07, 0x80, 0x00, 0xF0, 0x0F, 0x80, 0x01, 0xE0, 0x0F, 0x00, 0x07,
  0xC0, 0x1E, 0x00, 0x0F, 0x00, 0x3E, 0x00, 0x1E, 0x00, 0x3C, 0x00, 0x7C,
  0x00, 0x7C, 0x00, 0xFF, 0xFF, 0xF8, 0x03, 0xFF, 0xFF, 0xF0, 0x07, 0xFF,
  0xFF, 0xF0, 0x0F, 0xFF, 0xFF, 0xE0, 0x3E, 0x00, 0x03, 0xC0, 0x78, 0x00,
  0x07, 0xC0, 0xF0, 0x00, 0x07, 0x83, 0xE0, 0x00, 0x0F, 0x87, 0x80, 0x00,
  0x1F, 0x1F, 0x00, 0x00, 0x1E, 0x3E, 0x00, 0x00, 0x3E, 0x78, 0x00, 0x00,
  0x3D, 0xF0, 0x00, 0x00, 0x7F, 0xC0, 0x00, 0x00, 0xF8, 0xFF, 0xFF, 0x00,
  0xFF, 0xFF, 0xC0, 0xFF, 0xFF, 0xE0, 0xFF, 0xFF, 0xF0, 0xF0, 0x01, 0xF8,
  0xF0, 0x00, 0x7C, 0xF0, 0x00, 0x3C, 0xF0, 0x00, 0x3C, 0xF0, 0x00, 0x3C,
  0xF0, 0x00, 0x3E, 0xF0, 0x00, 0x3C, 0xF0, 0x00, 0x3C, 0xF0, 0x00, 0x7C,
  0xF0, 0x00, 0x78, 0xF0, 0x01, 0xF8, 0xFF, 0xFF, 0xF0, 0xFF, 0xFF, 0xC0,
  0xFF, 0xFF, 0xE0, 0xFF, 0xFF, 0xF8, 0xF0, 0x00, 0xFC, 0xF0, 0x00, 0x7C,
  0xF0, 0x00, 0x3E, 0xF0, 0x00, 0x1E, 0xF0, 0x00, 0x1F, 0xF0, 0x00, 0x1F,
  0xF0, 0x00, 0x1F, 0xF0, 0x00, 0x1F, 0xF0, 0x00, 0x1E, 0xF0, 0x00, 0x3E,
  0xF0, 0x00, 0x7E, 0xF0, 0x00, 0xFC, 0xFF, 0xFF, 0xF8, 0xFF, 0xFF, 0xF0,
  0xFF, 0xFF, 0xE0, 0xFF, 0xFF, 0x80, 0x00, 0x01, 0xFC, 0x00, 0x00, 0x1F,
  0xFF, 0x80, 0x00, 0x7F, 0xFF, 0xE0, 0x00, 0xFF, 0xFF, 0xF8, 0x03, 0xFE,
  0x07, 0xFC, 0x07, 0xF0, 0x00, 0xFE, 0x0F, 0xC0, 0x00, 0x3E, 0x0F, 0x80,
  0x00, 0x1C, 0x1F, 0x00, 0x00, 0x08, 0x3E, 0x00, 0x00, 0x00, 0x3C, 0x00,
  0x00, 0x00, 0x7C, 0x00, 0x00, 0x00, 0x78, 0x00, 0x00, 0x00, 0x78, 0x00,
  0x00, 0x00, 0x78, 0x00, 0x00, 0x00, 0xF8, 0x00, 0x00, 0x00, 0xF8, 0x00,
  0x00, 0x00, 0xF0, 0x00, 0x00, 0x00, 0xF0, 0x00, 0x00, 0x00, 0xF0, 0x00,
  0x00, 0x00, 0xF8, 0x00, 0x00, 0x00, 0xF8, 0x00, 0x00, 0x00, 0x78, 0x00,
  0x00, 0x00, 0x78, 0x00, 0x00, 0x00, 0x7C, 0x00, 0x00, 0x00, 0x7C, 0x00,
  0x00, 0x00, 0x3E, 0x00, 0x00, 0x00, 0x3E, 0x00, 0x00, 0x04, 0x1F, 0x00,
  0x00, 0x0C, 0x0F, 0x80, 0x00, 0x1F, 0x0F, 0xC0, 0x00, 0x3F, 0x07, 0xF0,
  0x00, 0xFE, 0x03, 0xFE, 0x07, 0xFC, 0x00, 0xFF, 0xFF, 0xF8, 0x00, 0x7F,
  0xFF, 0xE0, 0x00, 0x1F, 0xFF, 0x80, 0x00, 0x01, 0xFC, 0x00, 0xFF, 0xFE,
  0x00, 0x0F, 0xFF, 0xFE, 0x00, 0xFF, 0xFF, 0xF0, 0x0F, 0xFF, 0xFF, 0xC0,
  0xF0, 0x01, 0xFE, 0x0F, 0x00, 0x03, 0xF0, 0xF0, 0x00, 0x1F, 0x8F, 0x00,
  0x00, 0xFC, 0xF0, 0x00, 0x07, 0xCF, 0x00, 0x00, 0x3E, 0xF0, 0x00, 0x01,
  0xEF, 0x00, 0x00, 0x1E, 0xF0, 0x00, 0x01, 0xFF, 0x00, 0x00, 0x0F, 0xF0,
  0x00, 0x00, 0xFF, 0x00, 0x00, 0x0F, 0xF0, 0x00, 0x00, 0xFF, 0x00, 0x00,
  0x0F, 0xF0, 0x00, 0x00, 0xFF, 0x00, 0x00, 0x0F, 0xF0, 0x00, 0x00, 0xFF,
  0x00, 0x00, 0x0F, 0xF0, 0x00, 0x01, 0xFF, 0x00, 0x00, 0x1E, 0xF0, 0x00,
  0x03, 0xEF, 0x00, 0x00, 0x3E, 0xF0, 0x00, 0x07, 0xCF, 0x00, 0x00, 0xFC,
  0xF0, 0x00, 0x1F, 0x8F, 0x00, 0x03, 0xF0, 0xF0, 0x01, 0xFE, 0x0F, 0xFF,
  0xFF, 0xC0, 0xFF, 0xFF, 0xF0, 0x0F, 0xFF, 0xFC, 0x00, 0xFF, 0xFE, 0x00,
  0x00, 0xFF, 0xFF, 0xEF, 0xFF, 0xFE, 0xFF, 0xFF, 0xEF, 0xFF, 0xFE, 0xF0,
  0x00, 0x0F, 0x00, 0x00, 0xF0, 0x00, 0x0F, 0x00, 0x00, 0xF0, 0x00, 0x0F,
  0x00, 0x00, 0xF0, 0x00, 0x0F, 0x00, 0x00, 0xF0, 0x00, 0x0F, 0x00, 0x00,
  0xF0, 0x00, 0x0F, 0x00, 0x00, 0xFF, 0xFF, 0xEF, 0xFF, 0xFE, 0xFF, 0xFF,
  0xEF, 0x00, 0x00, 0xF0, 0x00, 0x0F, 0x00, 0x00, 0xF0, 0x00, 0x0F, 0x00,
  0x00, 0xF0, 0x00, 0x0F, 0x00, 0x00, 0xF0, 0x00, 0x0F, 0x00, 0x00, 0xF0,
  0x00, 0x0F, 0x00, 0x00, 0xF0, 0x00, 0x0F, 0xFF, 0xFF, 0xFF, 0xFF, 0xFF,
  0xFF, 0xFF, 0xFF, 0xFF, 0xF0, 0xFF, 0xFF, 0xFF, 0xFF, 0xFF, 0xFF, 0xFF,
  0xFF, 0xFF, 0xFF, 0x00, 0x01, 0xE0, 0x00, 0x3C, 0x00, 0x07, 0x80, 0x00,
  0xF0, 0x00, 0x1E, 0x00, 0x03, 0xC0, 0x00, 0x78, 0x00, 0x0F, 0x00, 0x01,
  0xE0, 0x00, 0x3C, 0x00, 0x07, 0x80, 0x00, 0xFF, 0xFF, 0xFF, 0xFF, 0xFF,
  0xFF, 0xFF, 0xFF, 0xFF, 0xFF, 0x00, 0x01, 0xE0, 0x00, 0x3C, 0x00, 0x07,
  0x80, 0x00, 0xF0, 0x00, 0x1E, 0x00, 0x03, 0xC0, 0x00, 0x78, 0x00, 0x0F,
  0x00, 0x01, 0xE0, 0x00, 0x3C, 0x00, 0x07, 0x80, 0x00, 0xF0, 0x00, 0x1E,
  0x00, 0x03, 0xC0, 0x00, 0x00, 0x00, 0x01, 0xFC, 0x00, 0x00, 0x01, 0xFF,
  0xFC, 0x00, 0x00, 0x7F, 0xFF, 0xF0, 0x00, 0x0F, 0xFF, 0xFF, 0x80, 0x01,
  0xFE, 0x03, 0xFC, 0x00, 0x7F, 0x00, 0x07, 0xE0, 0x0F, 0xC0, 0x00, 0x3C,
  0x00, 0xF8, 0x00, 0x01, 0xC0, 0x1F, 0x00, 0x00, 0x08, 0x03, 0xE0, 0x00,
  0x00, 0x00, 0x3C, 0x00, 0x00, 0x00, 0x07, 0xC0, 0x00, 0x00, 0x00, 0x78,
  0x00, 0x00, 0x00, 0x07, 0x80, 0x00, 0x00, 0x00, 0x78, 0x00, 0x00, 0x00,
  0x0F, 0x80, 0x00, 0x00, 0x00, 0xF8, 0x00, 0x00, 0x00, 0x0F, 0x00, 0x03,
  0xFF, 0xFE, 0xF0, 0x00, 0x3F, 0xFF, 0xEF, 0x00, 0x03, 0xFF, 0xFF, 0xF8,
  0x00, 0x3F, 0xFF, 0xFF, 0x80, 0x00, 0x00, 0x1E, 0x78, 0x00, 0x00, 0x01,
  0xE7, 0x80, 0x00, 0x00, 0x1E, 0x7C, 0x00, 0x00, 0x01, 0xE3, 0xC0, 0x00,
  0x00, 0x3E, 0x3E, 0x00, 0x00, 0x03, 0xC3, 0xE0, 0x00, 0x00, 0x7C, 0x1F,
  0x00, 0x00, 0x07, 0x80, 0xF8, 0x00, 0x00, 0xF8, 0x07, 0xE0, 0x00, 0x3F,
  0x00, 0x3F, 0x00, 0x07, 0xE0, 0x01, 0xFE, 0x03, 0xFC, 0x00, 0x0F, 0xFF,
  0xFF, 0x80, 0x00, 0x3F, 0xFF, 0xF0, 0x00, 0x00, 0xFF, 0xFC, 0x00, 0x00,
  0x00, 0xFC, 0x00, 0x00, 0xF0, 0x00, 0x03, 0xFC, 0x00, 0x00, 0xFF, 0x00,
  0x00, 0x3F, 0xC0, 0x00, 0x0F, 0xF0, 0x00, 0x03, 0xFC, 0x00, 0x00, 0xFF,
  0x00, 0x00, 0x3F, 0xC0, 0x00, 0x0F, 0xF0, 0x00, 0x03, 0xFC, 0x00, 0x00,
  0xFF, 0x00, 0x00, 0x3F, 0xC0, 0x00, 0x0F, 0xF0, 0x00, 0x03, 0xFC, 0x00,
  0x00, 0xFF, 0x00, 0x00, 0x3F, 0xFF, 0xFF, 0xFF, 0xFF, 0xFF, 0xFF, 0xFF,
  0xFF, 0xFF, 0xFF, 0xFF, 0xFF, 0xFF, 0xC0, 0x00, 0x0F, 0xF0, 0x00, 0x03,
  0xFC, 0x00, 0x00, 0xFF, 0x00, 0x00, 0x3F, 0xC0, 0x00, 0x0F, 0xF0, 0x00,
  0x03, 0xFC, 0x00, 0x00, 0xFF, 0x00, 0x00, 0x3F, 0xC0, 0x00, 0x0F, 0xF0,
  0x00, 0x03, 0xFC, 0x00, 0x00, 0xFF, 0x00, 0x00, 0x3F, 0xC0, 0x00, 0x0F,
  0xF0, 0x00, 0x03, 0xFC, 0x00, 0x00, 0xFF, 0x00, 0x00, 0x3C, 0xFF, 0xFF,
  0xFF, 0xFF, 0xFF, 0xFF, 0xFF, 0xFF, 0xFF, 0xFF, 0xFF, 0xFF, 0xFF, 0xFF,
  0xFF, 0xFF, 0xFF, 0xF0, 0x00, 0x00, 0x7C, 0x00, 0x01, 0xF0, 0x00, 0x07,
  0xC0, 0x00, 0x1F, 0x00, 0x00, 0x7C, 0x00, 0x01, 0xF0, 0x00, 0x07, 0xC0,
  0x00, 0x1F, 0x00, 0x00, 0x7C, 0x00, 0x01, 0xF0, 0x00, 0x07, 0xC0, 0x00,
  0x1F, 0x00, 0x00, 0x7C, 0x00, 0x01, 0xF0, 0x00, 0x07, 0xC0, 0x00, 0x1F,
  0x00, 0x00, 0x7C, 0x00, 0x01, 0xF0, 0x00, 0x07, 0xC0, 0x00, 0x1F, 0x00,
  0x00, 0x7C, 0x00, 0x01, 0xF0, 0x00, 0x07, 0xC0, 0x00, 0x1F, 0x00, 0x00,
  0x7C, 0x00, 0x01, 0xF3, 0x00, 0x07, 0xBE, 0x00, 0x1E, 0x78, 0x00, 0x79,
  0xF0, 0x03, 0xE3, 0xE0, 0x1F, 0x0F, 0xE1, 0xFC, 0x1F, 0xFF, 0xE0, 0x3F,
  0xFF, 0x00, 0x3F, 0xF0, 0x00, 0x3E, 0x00, 0xF0, 0x00, 0x0F, 0xFC, 0x00,
  0x07, 0xCF, 0x00, 0x03, 0xE3, 0xC0, 0x01, 0xF0, 0xF0, 0x00, 0xFC, 0x3C,
  0x00, 0x7E, 0x0F, 0x00, 0x3F, 0x03, 0xC0, 0x0F, 0x80, 0xF0, 0x07, 0xC0,
  0x3C, 0x03, 0xE0, 0x0F, 0x01, 0xF0, 0x03, 0xC0, 0xFC, 0x00, 0xF0, 0x7E,
  0x00, 0x3C, 0x3F, 0x00, 0x0F, 0x0F, 0x80, 0x03, 0xC7, 0xE0, 0x00, 0xF3,
  0xF8, 0x00, 0x3D, 0xFF, 0x00, 0x0F, 0xFB, 0xE0, 0x03, 0xFE, 0xF8, 0x00,
  0xFF, 0x1F, 0x00, 0x3F, 0x83, 0xE0, 0x0F, 0xC0, 0x7C, 0x03, 0xE0, 0x1F,
  0x00, 0xF0, 0x03, 0xE0, 0x3C, 0x00, 0x7C, 0x0F, 0x00, 0x1F, 0x03, 0xC0,
  0x03, 0xE0, 0xF0, 0x00, 0x7C, 0x3C, 0x00, 0x1F, 0x8F, 0x00, 0x03, 0xE3,
  0xC0, 0x00, 0x7C, 0xF0, 0x00, 0x0F, 0xBC, 0x00, 0x03, 0xEF, 0x00, 0x00,
  0x7C, 0xF0, 0x00, 0x1E, 0x00, 0x03, 0xC0, 0x00, 0x78, 0x00, 0x0F, 0x00,
  0x01, 0xE0, 0x00, 0x3C, 0x00, 0x07, 0x80, 0x00, 0xF0, 0x00, 0x1E, 0x00,
  0x03, 0xC0, 0x00, 0x78, 0x00, 0x0F, 0x00, 0x01, 0xE0, 0x00, 0x3C, 0x00,
  0x07, 0x80, 0x00, 0xF0, 0x00, 0x1E, 0x00, 0x03, 0xC0, 0x00, 0x78, 0x00,
  0x0F, 0x00, 0x01, 0xE0, 0x00, 0x3C, 0x00, 0x07, 0x80, 0x00, 0xF0, 0x00,
  0x1E, 0x00, 0x03, 0xC0, 0x00, 0x78, 0x00, 0x0F, 0x00, 0x01, 0xE0, 0x00,
  0x3C, 0x00, 0x07, 0xFF, 0xFF, 0xFF, 0xFF, 0xFF, 0xFF, 0xFF, 0xFF, 0xFF,
  0x80, 0xFC, 0x00, 0x00, 0x0F, 0xFF, 0x00, 0x00, 0x03, 0xFF, 0xE0, 0x00,
  0x01, 0xFF, 0xF8, 0x00, 0x00, 0x7F, 0xFF, 0x00, 0x00, 0x1F, 0xFF, 0xC0,
  0x00, 0x0F, 0xFF, 0xF0, 0x00, 0x03, 0xDF, 0xDE, 0x00, 0x00, 0xFF, 0xF7,
  0x80, 0x00, 0x7B, 0xFD, 0xF0, 0x00, 0x1E, 0xFF, 0x3C, 0x00, 0x0F, 0xBF,
  0xCF, 0x00, 0x03, 0xCF, 0xF1, 0xE0, 0x00, 0xF3, 0xFC, 0x78, 0x00, 0x78,
  0xFF, 0x1F, 0x00, 0x1E, 0x3F, 0xC3, 0xC0, 0x0F, 0x8F, 0xF0, 0xF0, 0x03,
  0xC3, 0xFC, 0x1E, 0x00, 0xF0, 0xFF, 0x07, 0x80, 0x78, 0x3F, 0xC1, 0xF0,
  0x1E, 0x0F, 0xF0, 0x3C, 0x0F, 0x83, 0xFC, 0x0F, 0x03, 0xC0, 0xFF, 0x01,
  0xE0, 0xF0, 0x3F, 0xC0, 0x78, 0x78, 0x0F, 0xF0, 0x1E, 0x1E, 0x03, 0xFC,
  0x03, 0xC7, 0x80, 0xFF, 0x00, 0xF3, 0xC0, 0x3F, 0xC0, 0x1E, 0xF0, 0x0F,
  0xF0, 0x07, 0xF8, 0x03, 0xFC, 0x01, 0xFE, 0x00, 0xFF, 0x00, 0x3F, 0x80,
  0x3F, 0xC0, 0x0F, 0xC0, 0x0F, 0xF0, 0x01, 0xF0, 0x03, 0xFC, 0x00, 0x7C,
  0x00, 0xFF, 0x00, 0x1E, 0x00, 0x3C, 0xF8, 0x00, 0x01, 0xFF, 0x80, 0x00,
  0x3F, 0xF8, 0x00, 0x07, 0xFF, 0x00, 0x00, 0xFF, 0xF0, 0x00, 0x1F, 0xFE,
  0x00, 0x03, 0xFF, 0xE0, 0x00, 0x7F, 0xBE, 0x00, 0x0F, 0xF3, 0xC0, 0x01,
  0xFE, 0x7C, 0x00, 0x3F, 0xC7, 0xC0, 0x07, 0xF8, 0x78, 0x00, 0xFF, 0x0F,
  0x80, 0x1F, 0xE0, 0xF8, 0x03, 0xFC, 0x0F, 0x00, 0x7F, 0x81, 0xF0, 0x0F,
  0xF0, 0x1E, 0x01, 0xFE, 0x03, 0xE0, 0x3F, 0xC0, 0x3E, 0x07, 0xF8, 0x03,
  0xC0, 0xFF, 0x00, 0x7C, 0x1F, 0xE0, 0x07, 0xC3, 0xFC, 0x00, 0x78, 0x7F,
  0x80, 0x0F, 0x8F, 0xF0, 0x00, 0xF1, 0xFE, 0x00, 0x1F, 0x3F, 0xC0, 0x01,
  0xF7, 0xF8, 0x00, 0x1E, 0xFF, 0x00, 0x03, 0xFF, 0xE0, 0x00, 0x3F, 0xFC,
  0x00, 0x03, 0xFF, 0x80, 0x00, 0x7F, 0xF0, 0x00, 0x07, 0xFE, 0x00, 0x00,
  0x7F, 0xC0, 0x00, 0x0F, 0x80, 0x00, 0x01, 0xFC, 0x00, 0x00, 0x01, 0xFF,
  0xF8, 0x00, 0x00, 0x7F, 0xFF, 0xE0, 0x00, 0x0F, 0xFF, 0xFF, 0x80, 0x03,
  0xFE, 0x07, 0xFC, 0x00, 0x7F, 0x00, 0x0F, 0xE0, 0x0F, 0xC0, 0x00, 0x3F,
  0x00, 0xF8, 0x00, 0x01, 0xF8, 0x1F, 0x00, 0x00, 0x0F, 0x83, 0xE0, 0x00,
  0x00, 0x7C, 0x3E, 0x00, 0x00, 0x03, 0xE7, 0xC0, 0x00, 0x00, 0x3E, 0x7C,
  0x00, 0x00, 0x01, 0xE7, 0x80, 0x00, 0x00, 0x1F, 0x78, 0x00, 0x00, 0x01,
  0xFF, 0x80, 0x00, 0x00, 0x0F, 0xF0, 0x00, 0x00, 0x00, 0xFF, 0x00, 0x00,
  0x00, 0x0F, 0xF0, 0x00, 0x00, 0x00, 0xFF, 0x00, 0x00, 0x00, 0x0F, 0xF8,
  0x00, 0x00, 0x00, 0xFF, 0x80, 0x00, 0x00, 0x0F, 0x78, 0x00, 0x00, 0x01,
  0xF7, 0x80, 0x00, 0x00, 0x1F, 0x7C, 0x00, 0x00, 0x01, 0xE7, 0xC0, 0x00,
  0x00, 0x3E, 0x3E, 0x00, 0x00, 0x03, 0xC3, 0xE0, 0x00, 0x00, 0x7C, 0x1F,
  0x00, 0x00, 0x0F, 0x80, 0xF8, 0x00, 0x01, 0xF8, 0x0F, 0xC0, 0x00, 0x3F,
  0x00, 0x7F, 0x00, 0x0F, 0xE0, 0x03, 0xFE, 0x07, 0xFC, 0x00, 0x0F, 0xFF,
  0xFF, 0x80, 0x00, 0x7F, 0xFF, 0xE0, 0x00, 0x01, 0xFF, 0xF8, 0x00, 0x00,
  0x01, 0xF8, 0x00, 0x00, 0xFF, 0xFE, 0x01, 0xFF, 0xFF, 0x83, 0xFF, 0xFF,
  0x87, 0xFF, 0xFF, 0x8F, 0x00, 0x3F, 0x9E, 0x00, 0x1F, 0x3C, 0x00, 0x1F,
  0x78, 0x00, 0x1E, 0xF0, 0x00, 0x3D, 0xE0, 0x00, 0x7F, 0xC0, 0x00, 0xFF,
  0x80, 0x01, 0xFF, 0x00, 0x03, 0xFE, 0x00, 0x07, 0xBC, 0x00, 0x0F, 0x78,
  0x00, 0x3E, 0xF0, 0x00, 0xF9, 0xE0, 0x03, 0xF3, 0xFF, 0xFF, 0xC7, 0xFF,
  0xFF, 0x0F, 0xFF, 0xFC, 0x1F, 0xFF, 0xC0, 0x3C, 0x00, 0x00, 0x78, 0x00,
  0x00, 0xF0, 0x00, 0x01, 0xE0, 0x00, 0x03, 0xC0, 0x00, 0x07, 0x80, 0x00,
  0x0F, 0x00, 0x00, 0x1E, 0x00, 0x00, 0x3C, 0x00, 0x00, 0x78, 0x00, 0x00,
  0xF0, 0x00, 0x01, 0xE0, 0x00, 0x03, 0xC0, 0x00, 0x00, 0x00, 0x01, 0xFC,
  0x00, 0x00, 0x01, 0xFF, 0xF8, 0x00, 0x00, 0x7F, 0xFF, 0xE0, 0x00, 0x0F,
  0xFF, 0xFF, 0x80, 0x03, 0xFE, 0x07, 0xFC, 0x00, 0x7F, 0x00, 0x0F, 0xE0,
  0x0F, 0xC0, 0x00, 0x3F, 0x00, 0xF8, 0x00, 0x01, 0xF8, 0x1F, 0x00, 0x00,
  0x0F, 0x83, 0xE0, 0x00, 0x00, 0x7C, 0x3E, 0x00, 0x00, 0x03, 0xE7, 0xC0,
  0x00, 0x00, 0x3E, 0x7C, 0x00, 0x00, 0x01, 0xE7, 0x80, 0x00, 0x00, 0x1F,
  0x78, 0x00, 0x00, 0x01, 0xFF, 0x80, 0x00, 0x00, 0x0F, 0xF0, 0x00, 0x00,
  0x00, 0xFF, 0x00, 0x00, 0x00, 0x0F, 0xF0, 0x00, 0x00, 0x00, 0xFF, 0x00,
  0x00, 0x00, 0x0F, 0xF8, 0x00, 0x00, 0x00, 0xFF, 0x80, 0x00, 0x00, 0x0F,
  0x78, 0x00, 0x00, 0x01, 0xF7, 0x80, 0x00, 0x30, 0x1F, 0x7C, 0x00, 0x0F,
  0x81, 0xE7, 0xC0, 0x00, 0x78, 0x3E, 0x3E, 0x00, 0x07, 0xC3, 0xC3, 0xE0,
  0x00, 0x3E, 0x7C, 0x1F, 0x00, 0x01, 0xEF, 0x80, 0xF8, 0x00, 0x1F, 0xF8,
  0x0F, 0xC0, 0x00, 0xFF, 0x00, 0x7F, 0x00, 0x0F, 0xE0, 0x03, 0xFE, 0x07,
  0xFC, 0x00, 0x0F, 0xFF, 0xFF, 0xE0, 0x00, 0x7F, 0xFF, 0xFE, 0x00, 0x01,
  0xFF, 0xF9, 0xF0, 0x00, 0x01, 0xF8, 0x0F, 0x80, 0x00, 0x00, 0x00, 0x70,
  0x00, 0x00, 0x00, 0x06, 0x00, 0xFF, 0xFE, 0x00, 0xFF, 0xFF, 0xC0, 0xFF,
  0xFF, 0xE0, 0xFF, 0xFF, 0xF0, 0xF0, 0x01, 0xF8, 0xF0, 0x00, 0xF8, 0xF0,
  0x00, 0x7C, 0xF0, 0x00, 0x3C, 0xF0, 0x00, 0x3C, 0xF0, 0x00, 0x3E, 0xF0,
  0x00, 0x3E, 0xF0, 0x00, 0x3E, 0xF0, 0x00, 0x3C, 0xF0, 0x00, 0x3C, 0xF0,
  0x00, 0x7C, 0xF0, 0x00, 0xF8, 0xF0, 0x03, 0xF8, 0xFF, 0xFF, 0xF0, 0xFF,
  0xFF, 0xE0, 0xFF, 0xFF, 0x80, 0xFF, 0xFE, 0x00, 0xF0, 0x3E, 0x00, 0xF0,
  0x1F, 0x00, 0xF0, 0x0F, 0x00, 0xF0, 0x0F, 0x80, 0xF0, 0x07, 0xC0, 0xF0,
  0x07, 0xC0, 0xF0, 0x03, 0xE0, 0xF0, 0x01, 0xF0, 0xF0, 0x01, 0xF0, 0xF0,
  0x00, 0xF8, 0xF0, 0x00, 0x7C, 0xF0, 0x00, 0x7C, 0xF0, 0x00, 0x3E, 0xF0,
  0x00, 0x1F, 0x00, 0x3E, 0x00, 0x01, 0xFF, 0xC0, 0x07, 0xFF, 0xF0, 0x0F,
  0xFF, 0xF8, 0x1F, 0xC1, 0xFC, 0x1F, 0x00, 0x7C, 0x3E, 0x00, 0x3E, 0x3C,
  0x00, 0x1E, 0x3C, 0x00, 0x10, 0x3C, 0x00, 0x00, 0x3C, 0x00, 0x00, 0x3E,
  0x00, 0x00, 0x3E, 0x00, 0x00, 0x1F, 0x80, 0x00, 0x1F, 0xE0, 0x00, 0x0F,
  0xF8, 0x00, 0x07, 0xFF, 0x00, 0x01, 0xFF, 0xC0, 0x00, 0x7F, 0xF0, 0x00,
  0x0F, 0xF8, 0x00, 0x03, 0xFC, 0x00, 0x00, 0x7E, 0x00, 0x00, 0x3E, 0x00,
  0x00, 0x1F, 0x00, 0x00, 0x0F, 0x00, 0x00, 0x0F, 0x18, 0x00, 0x0F, 0xF8,
  0x00, 0x0F, 0x7C, 0x00, 0x0F, 0x7C, 0x00, 0x1F, 0x3E, 0x00, 0x1F, 0x1F,
  0x00, 0x3E, 0x1F, 0xE1, 0xFC, 0x0F, 0xFF, 0xF8, 0x07, 0xFF, 0xF0, 0x01,
  0xFF, 0xC0, 0x00, 0x3E, 0x00, 0xFF, 0xFF, 0xFF, 0xFF, 0xFF, 0xFF, 0xFF,
  0xFF, 0xFF, 0xFF, 0xFF, 0xFF, 0x00, 0x3C, 0x00, 0x00, 0x3C, 0x00, 0x00,
  0x3C, 0x00, 0x00, 0x3C, 0x00, 0x00, 0x3C, 0x00, 0x00, 0x3C, 0x00, 0x00,
  0x3C, 0x00, 0x00, 0x3C, 0x00, 0x00, 0x3C, 0x00, 0x00, 0x3C, 0x00, 0x00,
  0x3C, 0x00, 0x00, 0x3C, 0x00, 0x00, 0x3C, 0x00, 0x00, 0x3C, 0x00, 0x00,
  0x3C, 0x00, 0x00, 0x3C, 0x00, 0x00, 0x3C, 0x00, 0x00, 0x3C, 0x00, 0x00,
  0x3C, 0x00, 0x00, 0x3C, 0x00, 0x00, 0x3C, 0x00, 0x00, 0x3C, 0x00, 0x00,
  0x3C, 0x00, 0x00, 0x3C, 0x00, 0x00, 0x3C, 0x00, 0x00, 0x3C, 0x00, 0x00,
  0x3C, 0x00, 0x00, 0x3C, 0x00, 0x00, 0x3C, 0x00, 0x00, 0x3C, 0x00, 0x00,
  0x3C, 0x00, 0xF0, 0x00, 0x03, 0xFC, 0x00, 0x00, 0xFF, 0x00, 0x00, 0x3F,
  0xC0, 0x00, 0x0F, 0xF0, 0x00, 0x03, 0xFC, 0x00, 0x00, 0xFF, 0x00, 0x00,
  0x3F, 0xC0, 0x00, 0x0F, 0xF0, 0x00, 0x03, 0xFC, 0x00, 0x00, 0xFF, 0x00,
  0x00, 0x3F, 0xC0, 0x00, 0x0F, 0xF0, 0x00, 0x03, 0xFC, 0x00, 0x00, 0xFF,
  0x00, 0x00, 0x3F, 0xC0, 0x00, 0x0F, 0xF0, 0x00, 0x03, 0xFC, 0x00, 0x00,
  0xFF, 0x00, 0x00, 0x3F, 0xC0, 0x00, 0x0F, 0xF0, 0x00, 0x03, 0xFC, 0x00,
  0x00, 0xFF, 0x00, 0x00, 0x3F, 0xC0, 0x00, 0x0F, 0xF0, 0x00, 0x03, 0xFE,
  0x00, 0x01, 0xF7, 0x80, 0x00, 0x79, 0xE0, 0x00, 0x1E, 0x7C, 0x00, 0x0F,
  0x8F, 0x80, 0x07, 0xC3, 0xF0, 0x03, 0xF0, 0x7F, 0x87, 0xF8, 0x0F, 0xFF,
  0xFC, 0x01, 0xFF, 0xFE, 0x00, 0x1F, 0xFE, 0x00, 0x00, 0xFC, 0x00, 0xF0,
  0x00, 0x00, 0xFF, 0xC0, 0x00, 0x07, 0xDE, 0x00, 0x00, 0x3C, 0xF0, 0x00,
  0x03, 0xE7, 0xC0, 0x00, 0x1F, 0x1E, 0x00, 0x00, 0xF0, 0xF8, 0x00, 0x0F,
  0x87, 0xC0, 0x00, 0x78, 0x1E, 0x00, 0x03, 0xC0, 0xF8, 0x00, 0x3E, 0x07,
  0xC0, 0x01, 0xE0, 0x1E, 0x00, 0x0F, 0x00, 0xF8, 0x00, 0xF8, 0x03, 0xC0,
  0x07, 0x80, 0x1E, 0x00, 0x7C, 0x00, 0xF8, 0x03, 0xE0, 0x03, 0xC0, 0x1E,
  0x00, 0x1E, 0x01, 0xF0, 0x00, 0xF8, 0x0F, 0x00, 0x03, 0xC0, 0x78, 0x00,
  0x1E, 0x07, 0xC0, 0x00, 0xF8, 0x3C, 0x00, 0x03, 0xC1, 0xE0, 0x00, 0x1E,
  0x1F, 0x00, 0x00, 0xF8, 0xF0, 0x00, 0x03, 0xC7, 0x80, 0x00, 0x1E, 0x78,
  0x00, 0x00, 0xFB, 0xC0, 0x00, 0x03, 0xDE, 0x00, 0x00, 0x1F, 0xE0, 0x00,
  0x00, 0x7F, 0x00, 0x00, 0x03, 0xF8, 0x00, 0x00, 0x1F, 0x80, 0x00, 0x00,
  0x7C, 0x00, 0x00, 0x03, 0xE0, 0x00, 0xF8, 0x00, 0x0F, 0x80, 0x00, 0xFF,
  0x80, 0x00, 0xF8, 0x00, 0x1F, 0x78, 0x00, 0x1F, 0x80, 0x01, 0xF7, 0x80,
  0x01, 0xF8, 0x00, 0x1E, 0x7C, 0x00, 0x1F, 0xC0, 0x01, 0xE7, 0xC0, 0x03,
  0xFC, 0x00, 0x3E, 0x3C, 0x00, 0x3F, 0xC0, 0x03, 0xE3, 0xC0, 0x03, 0xDE,
  0x00, 0x3C, 0x3E, 0x00, 0x3D, 0xE0, 0x03, 0xC3, 0xE0, 0x07, 0x9E, 0x00,
  0x7C, 0x1E, 0x00, 0x79, 0xF0, 0x07, 0xC1, 0xE0, 0x07, 0x8F, 0x00, 0x78,
  0x1F, 0x00, 0xF8, 0xF0, 0x07, 0x80, 0xF0, 0x0F, 0x0F, 0x00, 0xF8, 0x0F,
  0x00, 0xF0, 0x78, 0x0F, 0x80, 0xF0, 0x1F, 0x07, 0x80, 0xF0, 0x0F, 0x81,
  0xE0, 0x78, 0x0F, 0x00, 0x78, 0x1E, 0x03, 0xC1, 0xF0, 0x07, 0x83, 0xE0,
  0x3C, 0x1E, 0x00, 0x78, 0x3C, 0x03, 0xC1, 0xE0, 0x07, 0xC3, 0xC0, 0x3C,
  0x1E, 0x00, 0x3C, 0x3C, 0x01, 0xE3, 0xE0, 0x03, 0xC7, 0x80, 0x1E, 0x3C,
  0x00, 0x3C, 0x78, 0x01, 0xE3, 0xC0, 0x01, 0xE7, 0x80, 0x0F, 0x3C, 0x00,
  0x1E, 0xF8, 0x00, 0xF3, 0xC0, 0x01, 0xEF, 0x00, 0x0F, 0x78, 0x00, 0x1E,
  0xF0, 0x00, 0xFF, 0x80, 0x00, 0xFF, 0x00, 0x07, 0xF8, 0x00, 0x0F, 0xE0,
  0x00, 0x7F, 0x80, 0x00, 0xFE, 0x00, 0x07, 0xF0, 0x00, 0x0F, 0xE0, 0x00,
  0x3F, 0x00, 0x00, 0x7C, 0x00, 0x03, 0xF0, 0x00, 0x07, 0xC0, 0x00, 0x3E,
  0x00, 0x00, 0x7C, 0x00, 0x01, 0xE0, 0x00, 0xFC, 0x00, 0x01, 0xF3, 0xE0,
  0x00, 0x1F, 0x0F, 0x80, 0x00, 0xF8, 0x3E, 0x00, 0x0F, 0x81, 0xF0, 0x00,
  0xF8, 0x07, 0xC0, 0x07, 0xC0, 0x1F, 0x00, 0x7C, 0x00, 0xF8, 0x07, 0xC0,
  0x03, 0xE0, 0x3E, 0x00, 0x0F, 0x83, 0xE0, 0x00, 0x7C, 0x3E, 0x00, 0x01,
  0xF1, 0xF0, 0x00, 0x07, 0xDF, 0x00, 0x00, 0x3F, 0xF0, 0x00, 0x00, 0xFF,
  0x80, 0x00, 0x03, 0xF8, 0x00, 0x00, 0x1F, 0x80, 0x00, 0x00, 0xFC, 0x00,
  0x00, 0x07, 0xF0, 0x00, 0x00, 0x7F, 0xC0, 0x00, 0x07, 0xFE, 0x00, 0x00,
  0x3E, 0xF8, 0x00, 0x03, 0xE3, 0xE0, 0x00, 0x3E, 0x1F, 0x00, 0x01, 0xF0,
  0x7C, 0x00, 0x1F, 0x01, 0xF0, 0x01, 0xF0, 0x0F, 0x80, 0x0F, 0x80, 0x3E,
  0x00, 0xF8, 0x00, 0xF8, 0x0F, 0x80, 0x07, 0xC0, 0x7C, 0x00, 0x1F, 0x07,
  0xC0, 0x00, 0x7C, 0x7C, 0x00, 0x03, 0xE3, 0xE0, 0x00, 0x0F, 0xBE, 0x00,
  0x00, 0x3E, 0xF8, 0x00, 0x03, 0xEF, 0x80, 0x00, 0x79, 0xF0, 0x00, 0x1F,
  0x1F, 0x00, 0x07, 0xC1, 0xE0, 0x00, 0xF8, 0x3E, 0x00, 0x3E, 0x03, 0xE0,
  0x07, 0x80, 0x7C, 0x01, 0xF0, 0x07, 0xC0, 0x7C, 0x00, 0x78, 0x0F, 0x80,
  0x0F, 0x83, 0xE0, 0x00, 0xF8, 0x78, 0x00, 0x0F, 0x1F, 0x00, 0x01, 0xF7,
  0xC0, 0x00, 0x1E, 0xF0, 0x00, 0x01, 0xFE, 0x00, 0x00, 0x3F, 0x80, 0x00,
  0x03, 0xF0, 0x00, 0x00, 0x7C, 0x00, 0x00, 0x07, 0x80, 0x00, 0x00, 0xF0,
  0x00, 0x00, 0x1E, 0x00, 0x00, 0x03, 0xC0, 0x00, 0x00, 0x78, 0x00, 0x00,
  0x0F, 0x00, 0x00, 0x01, 0xE0, 0x00, 0x00, 0x3C, 0x00, 0x00, 0x07, 0x80,
  0x00, 0x00, 0xF0, 0x00, 0x00, 0x1E, 0x00, 0x00, 0x03, 0xC0, 0x00, 0x00,
  0x78, 0x00, 0x00, 0x0F, 0x00, 0x00, 0x01, 0xE0, 0x00, 0x00, 0x3C, 0x00,
  0x00, 0x7F, 0xFF, 0xFF, 0x7F, 0xFF, 0xFF, 0x7F, 0xFF, 0xFF, 0x7F, 0xFF,
  0xFF, 0x00, 0x00, 0x3E, 0x00, 0x00, 0x3E, 0x00, 0x00, 0x7C, 0x00, 0x00,
  0xF8, 0x00, 0x01, 0xF8, 0x00, 0x01, 0xF0, 0x00, 0x03, 0xE0, 0x00, 0x07,
  0xC0, 0x00, 0x07, 0xC0, 0x00, 0x0F, 0x80, 0x00, 0x1F, 0x00, 0x00, 0x1F,
  0x00, 0x00, 0x3E, 0x00, 0x00, 0x7C, 0x00, 0x00, 0xFC, 0x00, 0x00, 0xF8,
  0x00, 0x01, 0xF0, 0x00, 0x03, 0xE0, 0x00, 0x03, 0xE0, 0x00, 0x07, 0xC0,
  0x00, 0x0F, 0x80, 0x00, 0x1F, 0x80, 0x00, 0x1F, 0x00, 0x00, 0x3E, 0x00,
  0x00, 0x7C, 0x00, 0x00, 0x7C, 0x00, 0x00, 0xF8, 0x00, 0x00, 0xFF, 0xFF,
  0xFF, 0xFF, 0xFF, 0xFF, 0xFF, 0xFF, 0xFF, 0xFF, 0xFF, 0xFF, 0xFF, 0xFF,
  0xFF, 0xFF, 0xFF, 0xF0, 0x3C, 0x0F, 0x03, 0xC0, 0xF0, 0x3C, 0x0F, 0x03,
  0xC0, 0xF0, 0x3C, 0x0F, 0x03, 0xC0, 0xF0, 0x3C, 0x0F, 0x03, 0xC0, 0xF0,
  0x3C, 0x0F, 0x03, 0xC0, 0xF0, 0x3C, 0x0F, 0x03, 0xC0, 0xF0, 0x3C, 0x0F,
  0x03, 0xC0, 0xF0, 0x3C, 0x0F, 0x03, 0xC0, 0xF0, 0x3C, 0x0F, 0x03, 0xC0,
  0xF0, 0x3C, 0x0F, 0xFF, 0xFF, 0xFF, 0xC0, 0xF0, 0x00, 0xE0, 0x01, 0xE0,
  0x03, 0xC0, 0x07, 0x80, 0x07, 0x80, 0x0F, 0x00, 0x1E, 0x00, 0x1C, 0x00,
  0x3C, 0x00, 0x78, 0x00, 0x70, 0x00, 0xF0, 0x01, 0xE0, 0x01, 0xC0, 0x03,
  0xC0, 0x07, 0x80, 0x0F, 0x00, 0x0F, 0x00, 0x1E, 0x00, 0x3C, 0x00, 0x38,
  0x00, 0x78, 0x00, 0xF0, 0x00, 0xE0, 0x01, 0xE0, 0x03, 0xC0, 0x07, 0x80,
  0x07, 0x80, 0x0F, 0x00, 0x1E, 0x00, 0x1E, 0x00, 0x3C, 0x00, 0x78, 0x00,
  0x78, 0xFF, 0xFF, 0xFF, 0xFF, 0xFF, 0x03, 0xC0, 0xF0, 0x3C, 0x0F, 0x03,
  0xC0, 0xF0, 0x3C, 0x0F, 0x03, 0xC0, 0xF0, 0x3C, 0x0F, 0x03, 0xC0, 0xF0,
  0x3C, 0x0F, 0x03, 0xC0, 0xF0, 0x3C, 0x0F, 0x03, 0xC0, 0xF0, 0x3C, 0x0F,
  0x03, 0xC0, 0xF0, 0x3C, 0x0F, 0x03, 0xC0, 0xF0, 0x3C, 0x0F, 0x03, 0xC0,
  0xF0, 0x3C, 0x0F, 0x03, 0xC0, 0xFF, 0xFF, 0xFF, 0xFF, 0xC0, 0x00, 0xF0,
  0x00, 0x07, 0xC0, 0x00, 0x7F, 0x00, 0x03, 0xF8, 0x00, 0x3D, 0xE0, 0x03,
  0xCF, 0x00, 0x1E, 0x3C, 0x01, 0xE1, 0xF0, 0x1F, 0x07, 0x80, 0xF0, 0x1E,
  0x0F, 0x00, 0xF0, 0x78, 0x03, 0xC7, 0x80, 0x1F, 0x7C, 0x00, 0x7B, 0xC0,
  0x01, 0xE0, 0xFF, 0xFF, 0xFF, 0xFF, 0xFF, 0xFF, 0xFF, 0xFF, 0xFF, 0xFF,
  0xFF, 0xF0, 0xF8, 0x78, 0x3C, 0x3C, 0x1E, 0x0E, 0x0F, 0x00, 0xF8, 0x00,
  0x3F, 0xF8, 0x07, 0xFF, 0xF0, 0x7F, 0xFF, 0xC7, 0xE0, 0x7F, 0x3E, 0x00,
  0xF8, 0x60, 0x03, 0xE0, 0x00, 0x0F, 0x00, 0x00, 0x78, 0x00, 0x03, 0xC0,
  0xFF, 0x1E, 0x1F, 0xFF, 0xF3, 0xFF, 0xFF, 0xBF, 0xEF, 0xFD, 0xF0, 0x03,
  0xFF, 0x00, 0x0F, 0xF0, 0x00, 0x7F, 0x80, 0x03, 0xFC, 0x00, 0x1F, 0xE0,
  0x01, 0xFF, 0x00, 0x1F, 0xFC, 0x01, 0xFD, 0xF8, 0x1F, 0xEF, 0xFF, 0xEF,
  0x3F, 0xFE, 0x78, 0x7F, 0xE3, 0xC0, 0x78, 0x00, 0xF0, 0x00, 0x00, 0x78,
  0x00, 0x00, 0x3C, 0x00, 0x00, 0x1E, 0x00, 0x00, 0x0F, 0x00, 0x00, 0x07,
  0x80, 0x00, 0x03, 0xC0, 0x00, 0x01, 0xE0, 0x00, 0x00, 0xF0, 0x00, 0x00,
  0x78, 0x1F, 0x00, 0x3C, 0x3F, 0xF0, 0x1E, 0x7F, 0xFE, 0x0F, 0x7F, 0xFF,
  0x87, 0xBE, 0x0F, 0xE3, 0xFC, 0x01, 0xF9, 0xFC, 0x00, 0x7C, 0xFC, 0x00,
  0x1F, 0x7C, 0x00, 0x0F, 0xBE, 0x00, 0x03, 0xDE, 0x00, 0x01, 0xEF, 0x00,
  0x00, 0xFF, 0x80, 0x00, 0x3F, 0xC0, 0x00, 0x1F, 0xE0, 0x00, 0x1F, 0xF0,
  0x00, 0x0F, 0xF8, 0x00, 0x07, 0xBE, 0x00, 0x03, 0xDF, 0x00, 0x03, 0xEF,
  0xC0, 0x01, 0xF7, 0xF0, 0x01, 0xF3, 0xFC, 0x01, 0xF1, 0xFF, 0x83, 0xF8,
  0xF7, 0xFF, 0xF8, 0x79, 0xFF, 0xF8, 0x3C, 0x3F, 0xF0, 0x00, 0x07, 0xE0,
  0x00, 0x00, 0x3C, 0x00, 0x03, 0xFF, 0x80, 0x1F, 0xFF, 0xC0, 0x7F, 0xFF,
  0xC1, 0xFC, 0x1F, 0xC7, 0xE0, 0x0F, 0x9F, 0x00, 0x0F, 0xBE, 0x00, 0x0E,
  0xF8, 0x00, 0x11, 0xF0, 0x00, 0x03, 0xC0, 0x00, 0x07, 0x80, 0x00, 0x0F,
  0x00, 0x00, 0x1E, 0x00, 0x00, 0x3C, 0x00, 0x00, 0x78, 0x00, 0x00, 0xF0,
  0x00, 0x01, 0xF0, 0x00, 0x01, 0xE0, 0x00, 0x43, 0xE0, 0x00, 0xE7, 0xC0,
  0x03, 0xE7, 0xE0, 0x0F, 0x87, 0xE0, 0x7F, 0x07, 0xFF, 0xFC, 0x07, 0xFF,
  0xF0, 0x03, 0xFF, 0x80, 0x00, 0xF8, 0x00, 0x00, 0x00, 0x0F, 0x00, 0x00,
  0x0F, 0x00, 0x00, 0x0F, 0x00, 0x00, 0x0F, 0x00, 0x00, 0x0F, 0x00, 0x00,
  0x0F, 0x00, 0x00, 0x0F, 0x00, 0x00, 0x0F, 0x00, 0x00, 0x0F, 0x00, 0x78,
  0x0F, 0x03, 0xFF, 0x8F, 0x07, 0xFF, 0xCF, 0x0F, 0xFF, 0xEF, 0x1F, 0xC1,
  0xFF, 0x3F, 0x00, 0x7F, 0x7C, 0x00, 0x3F, 0x7C, 0x00, 0x1F, 0x78, 0x00,
  0x1F, 0xF8, 0x00, 0x0F, 0xF0, 0x00, 0x0F, 0xF0, 0x00, 0x0F, 0xF0, 0x00,
  0x0F, 0xF0, 0x00, 0x0F, 0xF0, 0x00, 0x0F, 0xF0, 0x00, 0x0F, 0xF0, 0x00,
  0x0F, 0xF8, 0x00, 0x0F, 0xF8, 0x00, 0x1F, 0x7C, 0x00, 0x1F, 0x7C, 0x00,
  0x3F, 0x3E, 0x00, 0x7F, 0x1F, 0x81, 0xFF, 0x0F, 0xFF, 0xEF, 0x07, 0xFF,
  0xCF, 0x03, 0xFF, 0x8F, 0x00, 0x7C, 0x00, 0x00, 0x7E, 0x00, 0x03, 0xFF,
  0xC0, 0x07, 0xFF, 0xE0, 0x0F, 0xFF, 0xF0, 0x1F, 0x81, 0xF8, 0x3E, 0x00,
  0x7C, 0x7C, 0x00, 0x3C, 0x78, 0x00, 0x3E, 0x78, 0x00, 0x1E, 0xF8, 0x00,
  0x1E, 0xF0, 0x00, 0x1F, 0xFF, 0xFF, 0xFF, 0xFF, 0xFF, 0xFF, 0xFF, 0xFF,
  0xFF, 0xF0, 0x00, 0x00, 0xF0, 0x00, 0x00, 0xF0, 0x00, 0x00, 0xF8, 0x00,
  0x00, 0x78, 0x00, 0x00, 0x7C, 0x00, 0x1C, 0x7C, 0x00, 0x3E, 0x3F, 0x00,
  0x7E, 0x1F, 0xC1, 0xFC, 0x0F, 0xFF, 0xF8, 0x07, 0xFF, 0xF0, 0x03, 0xFF,
  0xC0, 0x00, 0x7E, 0x00, 0x00, 0x3F, 0x00, 0x7F, 0xC0, 0x7F, 0xE0, 0x7F,
  0xF0, 0x3E, 0x08, 0x3E, 0x00, 0x1E, 0x00, 0x0F, 0x00, 0x07, 0x80, 0x03,
  0xC0, 0x01, 0xE0, 0x1F, 0xFF, 0xEF, 0xFF, 0xF7, 0xFF, 0xFB, 0xFF, 0xFC,
  0x0F, 0x00, 0x07, 0x80, 0x03, 0xC0, 0x01, 0xE0, 0x00, 0xF0, 0x00, 0x78,
  0x00, 0x3C, 0x00, 0x1E, 0x00, 0x0F, 0x00, 0x07, 0x80, 0x03, 0xC0, 0x01,
  0xE0, 0x00, 0xF0, 0x00, 0x78, 0x00, 0x3C, 0x00, 0x1E, 0x00, 0x0F, 0x00,
  0x07, 0x80, 0x03, 0xC0, 0x01, 0xE0, 0x00, 0xF0, 0x00, 0x00, 0x7C, 0x00,
  0x03, 0xFF, 0x8F, 0x07, 0xFF, 0xCF, 0x0F, 0xFF, 0xEF, 0x1F, 0x81, 0xFF,
  0x3E, 0x00, 0x7F, 0x7C, 0x00, 0x3F, 0x78, 0x00, 0x1F, 0xF8, 0x00, 0x1F,
  0xF0, 0x00, 0x0F, 0xF0, 0x00, 0x0F, 0xF0, 0x00, 0x0F, 0xF0, 0x00, 0x0F,
  0xF0, 0x00, 0x0F, 0xF0, 0x00, 0x0F, 0xF0, 0x00, 0x0F, 0xF0, 0x00, 0x0F,
  0xF8, 0x00, 0x1F, 0x78, 0x00, 0x1F, 0x7C, 0x00, 0x3F, 0x7E, 0x00, 0x3F,
  0x3F, 0x00, 0xFF, 0x1F, 0xC3, 0xFF, 0x0F, 0xFF, 0xEF, 0x07, 0xFF, 0xCF,
  0x01, 0xFF, 0x0F, 0x00, 0x00, 0x0F, 0x00, 0x00, 0x0F, 0x00, 0x00, 0x0F,
  0x18, 0x00, 0x1F, 0x78, 0x00, 0x1E, 0x7C, 0x00, 0x3E, 0x3F, 0x00, 0x7C,
  0x1F, 0xE7, 0xFC, 0x0F, 0xFF, 0xF8, 0x07, 0xFF, 0xE0, 0x01, 0xFF, 0x80,
  0xF0, 0x00, 0x03, 0xC0, 0x00, 0x0F, 0x00, 0x00, 0x3C, 0x00, 0x00, 0xF0,
  0x00, 0x03, 0xC0, 0x00, 0x0F, 0x00, 0x00, 0x3C, 0x00, 0x00, 0xF0, 0x00,
  0x03, 0xC0, 0xF8, 0x0F, 0x0F, 0xF8, 0x3C, 0xFF, 0xF8, 0xF7, 0xFF, 0xF3,
  0xFE, 0x0F, 0xCF, 0xE0, 0x0F, 0xBF, 0x00, 0x3E, 0xFC, 0x00, 0x7B, 0xE0,
  0x01, 0xEF, 0x80, 0x07, 0xFC, 0x00, 0x1F, 0xF0, 0x00, 0x7F, 0xC0, 0x01,
  0xFF, 0x00, 0x07, 0xFC, 0x00, 0x1F, 0xF0, 0x00, 0x7F, 0xC0, 0x01, 0xFF,
  0x00, 0x07, 0xFC, 0x00, 0x1F, 0xF0, 0x00, 0x7F, 0xC0, 0x01, 0xFF, 0x00,
  0x07, 0xFC, 0x00, 0x1F, 0xF0, 0x00, 0x7F, 0xC0, 0x01, 0xFF, 0x00, 0x07,
  0xC0, 0x77, 0xFF, 0xFF, 0xB8, 0x00, 0x00, 0x01, 0xFF, 0xFF, 0xFF, 0xFF,
  0xFF, 0xFF, 0xFF, 0xFF, 0xFF, 0xFF, 0xFF, 0xFF, 0xFF, 0xFF, 0xFF, 0xF0,
  0x00, 0xE0, 0x1F, 0x01, 0xF0, 0x1F, 0x01, 0xF0, 0x0E, 0x00, 0x00, 0x00,
  0x00, 0x00, 0x00, 0x00, 0x00, 0x1F, 0x01, 0xF0, 0x1F, 0x01, 0xF0, 0x1F,
  0x01, 0xF0, 0x1F, 0x01, 0xF0, 0x1F, 0x01, 0xF0, 0x1F, 0x01, 0xF0, 0x1F,
  0x01, 0xF0, 0x1F, 0x01, 0xF0, 0x1F, 0x01, 0xF0, 0x1F, 0x01, 0xF0, 0x1F,
  0x01, 0xF0, 0x1F, 0x01, 0xF0, 0x1F, 0x01, 0xF0, 0x1F, 0x01, 0xF0, 0x1F,
  0x01, 0xF0, 0x1E, 0x03, 0xEC, 0xFE, 0xFF, 0xCF, 0xF8, 0xFF, 0x00, 0xF0,
  0x00, 0x03, 0xC0, 0x00, 0x0F, 0x00, 0x00, 0x3C, 0x00, 0x00, 0xF0, 0x00,
  0x03, 0xC0, 0x00, 0x0F, 0x00, 0x00, 0x3C, 0x00, 0x00, 0xF0, 0x00, 0x03,
  0xC0, 0x00, 0x0F, 0x00, 0x1F, 0xBC, 0x00, 0xFC, 0xF0, 0x07, 0xE3, 0xC0,
  0x1F, 0x0F, 0x00, 0xF8, 0x3C, 0x07, 0xC0, 0xF0, 0x3E, 0x03, 0xC1, 0xF0,
  0x0F, 0x0F, 0x80, 0x3C, 0x7C, 0x00, 0xF3, 0xF0, 0x03, 0xDF, 0xC0, 0x0F,
  0xFF, 0x80, 0x3F, 0xDF, 0x00, 0xFE, 0x3E, 0x03, 0xF0, 0xF8, 0x0F, 0x81,
  0xF0, 0x3C, 0x03, 0xE0, 0xF0, 0x0F, 0x83, 0xC0, 0x1F, 0x0F, 0x00, 0x3E,
  0x3C, 0x00, 0xF8, 0xF0, 0x01, 0xF3, 0xC0, 0x03, 0xEF, 0x00, 0x0F, 0xC0,
  0xFF, 0xFF, 0xFF, 0xFF, 0xFF, 0xFF, 0xFF, 0xFF, 0xFF, 0xFF, 0xFF, 0xFF,
  0xFF, 0xFF, 0xFF, 0xFF, 0xFF, 0xF0, 0x00, 0x3C, 0x00, 0x3E, 0x07, 0x8F,
  0xFC, 0x0F, 0xFC, 0x3C, 0xFF, 0xF0, 0xFF, 0xF1, 0xEF, 0xFF, 0xCF, 0xFF,
  0xCF, 0xF8, 0x7E, 0xF8, 0x3F, 0x7F, 0x00, 0xFF, 0x00, 0xFB, 0xF0, 0x03,
  0xF0, 0x03, 0xFF, 0x00, 0x1F, 0x80, 0x1F, 0xF8, 0x00, 0xF8, 0x00, 0x7F,
  0xC0, 0x07, 0xC0, 0x03, 0xFC, 0x00, 0x3E, 0x00, 0x1F, 0xE0, 0x01, 0xF0,
  0x00, 0xFF, 0x00, 0x0F, 0x80, 0x07, 0xF8, 0x00, 0x7C, 0x00, 0x3F, 0xC0,
  0x03, 0xE0, 0x01, 0xFE, 0x00, 0x1F, 0x00, 0x0F, 0xF0, 0x00, 0xF8, 0x00,
  0x7F, 0x80, 0x07, 0xC0, 0x03, 0xFC, 0x00, 0x3E, 0x00, 0x1F, 0xE0, 0x01,
  0xF0, 0x00, 0xFF, 0x00, 0x0F, 0x80, 0x07, 0xF8, 0x00, 0x7C, 0x00, 0x3F,
  0xC0, 0x03, 0xE0, 0x01, 0xFE, 0x00, 0x1F, 0x00, 0x0F, 0xF0, 0x00, 0xF8,
  0x00, 0x7F, 0x80, 0x07, 0xC0, 0x03, 0xC0, 0x00, 0x3E, 0x03, 0xC3, 0xFE,
  0x0F, 0x3F, 0xFE, 0x3D, 0xFF, 0xFC, 0xFF, 0x83, 0xF3, 0xF8, 0x03, 0xEF,
  0xC0, 0x0F, 0xBE, 0x00, 0x1E, 0xF8, 0x00, 0x7B, 0xE0, 0x01, 0xFF, 0x00,
  0x07, 0xFC, 0x00, 0x1F, 0xF0, 0x00, 0x7F, 0xC0, 0x01, 0xFF, 0x00, 0x07,
  0xFC, 0x00, 0x1F, 0xF0, 0x00, 0x7F, 0xC0, 0x01, 0xFF, 0x00, 0x07, 0xFC,
  0x00, 0x1F, 0xF0, 0x00, 0x7F, 0xC0, 0x01, 0xFF, 0x00, 0x07, 0xFC, 0x00,
  0x1F, 0xF0, 0x00, 0x7F, 0xC0, 0x01, 0xF0, 0x00, 0x3E, 0x00, 0x00, 0xFF,
  0xE0, 0x01, 0xFF, 0xFC, 0x01, 0xFF, 0xFF, 0x01, 0xFC, 0x1F, 0xC1, 0xF8,
  0x03, 0xF1, 0xF8, 0x00, 0x7C, 0xF8, 0x00, 0x3E, 0x78, 0x00, 0x0F, 0xFC,
  0x00, 0x03, 0xFC, 0x00, 0x01, 0xFE, 0x00, 0x00, 0xFF, 0x00, 0x00, 0x7F,
  0x80, 0x00, 0x3F, 0xC0, 0x00, 0x1F, 0xE0, 0x00, 0x0F, 0xF0, 0x00, 0x07,
  0xFC, 0x00, 0x03, 0xDE, 0x00, 0x03, 0xEF, 0x80, 0x03, 0xE7, 0xE0, 0x01,
  0xF1, 0xF8, 0x03, 0xF0, 0x7F, 0x03, 0xF0, 0x1F, 0xFF, 0xF0, 0x07, 0xFF,
  0xF0, 0x00, 0xFF, 0xE0, 0x00, 0x0F, 0xC0, 0x00, 0x00, 0x3E, 0x00, 0x78,
  0x7F, 0xE0, 0x3C, 0xFF, 0xFC, 0x1E, 0xFF, 0xFF, 0x0F, 0xFC, 0x1F, 0xC7,
  0xF8, 0x03, 0xF3, 0xF8, 0x00, 0xF9, 0xF8, 0x00, 0x3E, 0xF8, 0x00, 0x1F,
  0x7C, 0x00, 0x07, 0xBC, 0x00, 0x03, 0xDE, 0x00, 0x01, 0xFF, 0x00, 0x00,
  0x7F, 0x80, 0x00, 0x3F, 0xC0, 0x00, 0x3F, 0xE0, 0x00, 0x1F, 0xF0, 0x00,
  0x0F, 0x7C, 0x00, 0x07, 0xBE, 0x00, 0x07, 0xDF, 0x80, 0x03, 0xEF, 0xE0,
  0x03, 0xE7, 0xF8, 0x03, 0xE3, 0xFF, 0x07, 0xF1, 0xEF, 0xFF, 0xF0, 0xF3,
  0xFF, 0xF0, 0x78, 0xFF, 0xE0, 0x3C, 0x0F, 0xC0, 0x1E, 0x00, 0x00, 0x0F,
  0x00, 0x00, 0x07, 0x80, 0x00, 0x03, 0xC0, 0x00, 0x01, 0xE0, 0x00, 0x00,
  0xF0, 0x00, 0x00, 0x78, 0x00, 0x00, 0x3C, 0x00, 0x00, 0x1E, 0x00, 0x00,
  0x0F, 0x00, 0x00, 0x00, 0x00, 0x7C, 0x00, 0x03, 0xFF, 0x8F, 0x07, 0xFF,
  0xCF, 0x0F, 0xFF, 0xEF, 0x1F, 0x81, 0xFF, 0x3F, 0x00, 0x7F, 0x7C, 0x00,
  0x3F, 0x7C, 0x00, 0x1F, 0xF8, 0x00, 0x1F, 0xF8, 0x00, 0x0F, 0xF0, 0x00,
  0x0F, 0xF0, 0x00, 0x0F, 0xF0, 0x00, 0x0F, 0xF0, 0x00, 0x0F, 0xF0, 0x00,
  0x0F, 0xF0, 0x00, 0x0F, 0xF0, 0x00, 0x0F, 0xF8, 0x00, 0x0F, 0x78, 0x00,
  0x1F, 0x7C, 0x00, 0x1F, 0x7C, 0x00, 0x3F, 0x3F, 0x00, 0x7F, 0x1F, 0x81,
  0xFF, 0x0F, 0xFF, 0xFF, 0x07, 0xFF, 0xEF, 0x03, 0xFF, 0x8F, 0x00, 0x7C,
  0x0F, 0x00, 0x00, 0x0F, 0x00, 0x00, 0x0F, 0x00, 0x00, 0x0F, 0x00, 0x00,
  0x0F, 0x00, 0x00, 0x0F, 0x00, 0x00, 0x0F, 0x00, 0x00, 0x0F, 0x00, 0x00,
  0x0F, 0x00, 0x00, 0x0F, 0x00, 0x00, 0x0F, 0x00, 0x3B, 0xC7, 0xFF, 0x3F,
  0xFD, 0xFF, 0xFF, 0xFF, 0xFC, 0x0F, 0xC0, 0x3F, 0x00, 0xF8, 0x03, 0xE0,
  0x0F, 0x00, 0x3C, 0x00, 0xF0, 0x03, 0xC0, 0x0F, 0x00, 0x3C, 0x00, 0xF0,
  0x03, 0xC0, 0x0F, 0x00, 0x3C, 0x00, 0xF0, 0x03, 0xC0, 0x0F, 0x00, 0x3C,
  0x00, 0xF0, 0x03, 0xC0, 0x00, 0x00, 0xF8, 0x00, 0x3F, 0xF8, 0x07, 0xFF,
  0xF0, 0x7F, 0xFF, 0xC3, 0xE0, 0x7E, 0x3E, 0x00, 0xF9, 0xE0, 0x03, 0x0F,
  0x00, 0x00, 0x7C, 0x00, 0x03, 0xE0, 0x00, 0x0F, 0xC0, 0x00, 0x7F, 0xE0,
  0x00, 0xFF, 0xE0, 0x03, 0xFF, 0xC0, 0x03, 0xFF, 0x80, 0x01, 0xFC, 0x00,
  0x03, 0xF0, 0x00, 0x07, 0x84, 0x00, 0x3E, 0xE0, 0x01, 0xFF, 0x80, 0x0F,
  0x3E, 0x00, 0x79, 0xFC, 0x0F, 0xC7, 0xFF, 0xFC, 0x1F, 0xFF, 0xC0, 0x3F,
  0xFC, 0x00, 0x3F, 0x00, 0x07, 0x80, 0x0F, 0x00, 0x1E, 0x00, 0x3C, 0x00,
  0x78, 0x00, 0xF0, 0x01, 0xE0, 0x7F, 0xFF, 0xFF, 0xFF, 0xFF, 0xFF, 0xFF,
  0xF8, 0x3C, 0x00, 0x78, 0x00, 0xF0, 0x01, 0xE0, 0x03, 0xC0, 0x07, 0x80,
  0x0F, 0x00, 0x1E, 0x00, 0x3C, 0x00, 0x78, 0x00, 0xF0, 0x01, 0xE0, 0x03,
  0xC0, 0x07, 0x80, 0x0F, 0x00, 0x1E, 0x00, 0x3C, 0x00, 0x7C, 0x20, 0x7F,
  0xC0, 0xFF, 0x80, 0xFF, 0x00, 0x3C, 0xF0, 0x00, 0x7F, 0x80, 0x03, 0xFC,
  0x00, 0x1F, 0xE0, 0x00, 0xFF, 0x00, 0x07, 0xF8, 0x00, 0x3F, 0xC0, 0x01,
  0xFE, 0x00, 0x0F, 0xF0, 0x00, 0x7F, 0x80, 0x03, 0xFC, 0x00, 0x1F, 0xE0,
  0x00, 0xFF, 0x00, 0x07, 0xF8, 0x00, 0x3F, 0xC0, 0x01, 0xFE, 0x00, 0x0F,
  0xF0, 0x00, 0x7F, 0x80, 0x03, 0xFE, 0x00, 0x3F, 0xF0, 0x03, 0xF7, 0xC0,
  0x3F, 0xBF, 0x03, 0xFC, 0xFF, 0xFD, 0xE3, 0xFF, 0xCF, 0x0F, 0xFC, 0x78,
  0x0F, 0x00, 0x00, 0x78, 0x00, 0x0F, 0xBC, 0x00, 0x07, 0x9F, 0x00, 0x07,
  0xC7, 0x80, 0x03, 0xC3, 0xE0, 0x01, 0xE0, 0xF0, 0x01, 0xF0, 0x78, 0x00,
  0xF0, 0x3E, 0x00, 0x78, 0x0F, 0x00, 0x78, 0x07, 0x80, 0x3C, 0x01, 0xE0,
  0x3E, 0x00, 0xF0, 0x1E, 0x00, 0x7C, 0x0F, 0x00, 0x1E, 0x0F, 0x00, 0x0F,
  0x07, 0x80, 0x03, 0xC7, 0xC0, 0x01, 0xE3, 0xC0, 0x00, 0xF9, 0xE0, 0x00,
  0x3D, 0xE0, 0x00, 0x1E, 0xF0, 0x00, 0x07, 0xF8, 0x00, 0x03, 0xF8, 0x00,
  0x01, 0xFC, 0x00, 0x00, 0x7C, 0x00, 0x00, 0x3E, 0x00, 0x00, 0xF8, 0x00,
  0x78, 0x00, 0x7D, 0xE0, 0x03, 0xF0, 0x01, 0xE7, 0x80, 0x0F, 0xC0, 0x07,
  0x9F, 0x00, 0x3F, 0x00, 0x3E, 0x3C, 0x01, 0xFE, 0x00, 0xF0, 0xF0, 0x07,
  0xF8, 0x03, 0xC3, 0xE0, 0x1D, 0xE0, 0x0F, 0x07, 0x80, 0x73, 0xC0, 0x78,
  0x1E, 0x03, 0xCF, 0x01, 0xE0, 0x78, 0x0F, 0x3C, 0x07, 0x80, 0xF0, 0x38,
  0x78, 0x3C, 0x03, 0xC1, 0xE1, 0xE0, 0xF0, 0x0F, 0x07, 0x87, 0x83, 0xC0,
  0x1E, 0x1C, 0x0E, 0x1E, 0x00, 0x78, 0xF0, 0x3C, 0x78, 0x01, 0xE3, 0xC0,
  0xF1, 0xE0, 0x03, 0xCE, 0x01, 0xC7, 0x00, 0x0F, 0x78, 0x07, 0xBC, 0x00,
  0x3D, 0xE0, 0x1E, 0xF0, 0x00, 0x77, 0x00, 0x3B, 0x80, 0x01, 0xFC, 0x00,
  0xFE, 0x00, 0x07, 0xF0, 0x03, 0xF8, 0x00, 0x0F, 0x80, 0x07, 0xC0, 0x00,
  0x3E, 0x00, 0x1F, 0x00, 0x00, 0xF8, 0x00, 0x7C, 0x00, 0x7C, 0x00, 0x3E,
  0x78, 0x00, 0x78, 0xF8, 0x01, 0xF0, 0xF8, 0x07, 0xC0, 0xF0, 0x0F, 0x01,
  0xF0, 0x3C, 0x01, 0xF0, 0xF8, 0x01, 0xF3, 0xE0, 0x01, 0xE7, 0x80, 0x03,
  0xFF, 0x00, 0x03, 0xFC, 0x00, 0x03, 0xF0, 0x00, 0x07, 0xC0, 0x00, 0x1F,
  0xC0, 0x00, 0x3F, 0xC0, 0x00, 0xFF, 0xC0, 0x03, 0xE7, 0x80, 0x07, 0x87,
  0x80, 0x1F, 0x0F, 0x80, 0x7C, 0x0F, 0x01, 0xF0, 0x0F, 0x03, 0xE0, 0x1F,
  0x0F, 0x80, 0x1F, 0x3E, 0x00, 0x3E, 0xF8, 0x00, 0x3E, 0xF8, 0x00, 0x0F,
  0xBC, 0x00, 0x07, 0x9F, 0x00, 0x07, 0xC7, 0x80, 0x03, 0xC3, 0xE0, 0x03,
  0xE0, 0xF0, 0x01, 0xE0, 0x7C, 0x00, 0xF0, 0x1E, 0x00, 0xF8, 0x0F, 0x00,
  0x78, 0x03, 0xC0, 0x7C, 0x01, 0xE0, 0x3C, 0x00, 0xF8, 0x1E, 0x00, 0x3C,
  0x1E, 0x00, 0x1F, 0x0F, 0x00, 0x07, 0x8F, 0x80, 0x03, 0xC7, 0x80, 0x00,
  0xF3, 0xC0, 0x00, 0x7B, 0xC0, 0x00, 0x1F, 0xE0, 0x00, 0x0F, 0xE0, 0x00,
  0x07, 0xF0, 0x00, 0x01, 0xF8, 0x00, 0x00, 0xF8, 0x00, 0x00, 0x3C, 0x00,
  0x00, 0x3C, 0x00, 0x00, 0x1E, 0x00, 0x00, 0x1E, 0x00, 0x00, 0x0F, 0x00,
  0x00, 0x0F, 0x00, 0x00, 0x07, 0x80, 0x00, 0x07, 0xC0, 0x00, 0x03, 0xC0,
  0x00, 0x03, 0xE0, 0x00, 0x01, 0xE0, 0x00, 0x00, 0xF0, 0x00, 0x00, 0xF0,
  0x00, 0x00, 0xFF, 0xFF, 0xEF, 0xFF, 0xFE, 0xFF, 0xFF, 0xEF, 0xFF, 0xFE,
  0x00, 0x03, 0xE0, 0x00, 0x7C, 0x00, 0x0F, 0x80, 0x01, 0xF0, 0x00, 0x3E,
  0x00, 0x07, 0xC0, 0x00, 0x7C, 0x00, 0x0F, 0x80, 0x01, 0xF0, 0x00, 0x3E,
  0x00, 0x07, 0xC0, 0x00, 0xF8, 0x00, 0x0F, 0x80, 0x01, 0xF0, 0x00, 0x3E,
  0x00, 0x07, 0xC0, 0x00, 0xF8, 0x00, 0x0F, 0xFF, 0xFF, 0xFF, 0xFF, 0xFF,
  0xFF, 0xFF, 0xFF, 0xFF, 0xF0, 0x00, 0x38, 0x0F, 0xC0, 0xFE, 0x0F, 0xF0,
  0x78, 0x07, 0x80, 0x3C, 0x01, 0xE0, 0x0F, 0x00, 0x78, 0x03, 0xC0, 0x1E,
  0x00, 0xF0, 0x07, 0x80, 0x3C, 0x01, 0xE0, 0x0F, 0x00, 0x78, 0x03, 0x80,
  0x3C, 0x03, 0xE0, 0x7E, 0x03, 0xC0, 0x1F, 0x80, 0x7E, 0x00, 0xF0, 0x03,
  0x80, 0x1E, 0x00, 0xF0, 0x07, 0x80, 0x3C, 0x01, 0xE0, 0x0F, 0x00, 0x78,
  0x03, 0xC0, 0x1E, 0x00, 0xF0, 0x07, 0x80, 0x3C, 0x01, 0xE0, 0x0F, 0x80,
  0x3F, 0x01, 0xFE, 0x07, 0xF0, 0x0F, 0x80, 0xFF, 0xFF, 0xFF, 0xFF, 0xFF,
  0xFF, 0xFF, 0xFF, 0xFF, 0xFF, 0xFF, 0xFF, 0xFF, 0xFF, 0xFF, 0xFF, 0xFF,
  0xFF, 0xFF, 0xFF, 0xFF, 0xFF, 0xFF, 0xFF, 0xF0, 0xF0, 0x07, 0xE0, 0x3F,
  0xC1, 0xFE, 0x00, 0xF8, 0x03, 0xC0, 0x1E, 0x00, 0x70, 0x03, 0x80, 0x1C,
  0x00, 0xE0, 0x07, 0x00, 0x38, 0x01, 0xC0, 0x0E, 0x00, 0x70, 0x03, 0x80,
  0x1C, 0x00, 0xF0, 0x07, 0x80, 0x3E, 0x00, 0xFC, 0x01, 0xE0, 0x1F, 0x01,
  0xF0, 0x1E, 0x00, 0xF0, 0x07, 0x80, 0x38, 0x01, 0xC0, 0x0E, 0x00, 0x70,
  0x03, 0x80, 0x1C, 0x00, 0xE0, 0x07, 0x00, 0x38, 0x01, 0xC0, 0x1E, 0x00,
  0xF0, 0x0F, 0x81, 0xF8, 0x3F, 0xC1, 0xFC, 0x0F, 0x80, 0x00, 0x0F, 0x80,
  0x00, 0x7F, 0xE0, 0x3C, 0xFF, 0xF0, 0xFB, 0xFF, 0xFF, 0xE7, 0x87, 0xFF,
  0xDF, 0x03, 0xFF, 0x00, 0x00, 0xF8, 0x00, 0xFF, 0xFF, 0xFF, 0xFF, 0xFF,
  0xFF, 0xFF, 0xFE, 0x00, 0x07, 0xE0, 0x00, 0x7E, 0x00, 0x07, 0xE0, 0x00,
  0x7E, 0x00, 0x07, 0xE0, 0x00, 0x7E, 0x00, 0x07, 0xE0, 0x00, 0x7E, 0x00,
  0x07, 0xE0, 0x00, 0x7E, 0x00, 0x07, 0xE0, 0x00, 0x7E, 0x00, 0x07, 0xE0,
  0x00, 0x7E, 0x00, 0x07, 0xE0, 0x00, 0x7E, 0x00, 0x07, 0xE0, 0x00, 0x7E,
  0x00, 0x07, 0xE0, 0x00, 0x7E, 0x00, 0x07, 0xE0, 0x00, 0x7E, 0x00, 0x07,
  0xE0, 0x00, 0x7E, 0x00, 0x07, 0xE0, 0x00, 0x7E, 0x00, 0x07, 0xE0, 0x00,
  0x7E, 0x00, 0x07, 0xFF, 0xFF, 0xFF, 0xFF, 0xFF, 0xFF, 0xFF, 0xF0, 0xFF,
  0xFF, 0xFF, 0xFF, 0xFF, 0xFF, 0xFF, 0xFE, 0x00, 0x07, 0xE0, 0x00, 0x7E,
  0x00, 0x07, 0xE0, 0x00, 0x7E, 0x00, 0x07, 0xE0, 0x00, 0x7E, 0x00, 0x07,
  0xE0, 0x00, 0x7E, 0x00, 0x07, 0xE0, 0x00, 0x7E, 0x00, 0x07, 0xE0, 0x00,
  0x7E, 0x00, 0x07, 0xE0, 0x00, 0x7E, 0x00, 0x07, 0xE0, 0x00, 0x7E, 0x00,
  0x07, 0xE0, 0x00, 0x7E, 0x00, 0x07, 0xE0, 0x00, 0x7E, 0x00, 0x07, 0xE0,
  0x00, 0x7E, 0x00, 0x07, 0xE0, 0x00, 0x7E, 0x00, 0x07, 0xE0, 0x00, 0x7E,
  0x00, 0x07, 0xE0, 0x00, 0x7E, 0x00, 0x07, 0xFF, 0xFF, 0xFF, 0xFF, 0xFF,
  0xFF, 0xFF, 0xF0, 0xFF, 0xFF, 0xFF, 0xFF, 0xFF, 0xFF, 0xFF, 0xFE, 0x00,
  0x07, 0xE0, 0x00, 0x7E, 0x00, 0x07, 0xE0, 0x00, 0x7E, 0x00, 0x07, 0xE0,
  0x00, 0x7E, 0x00, 0x07, 0xE0, 0x00, 0x7E, 0x00, 0x07, 0xE0, 0x00, 0x7E,
  0x00, 0x07, 0xE0, 0x00, 0x7E, 0x00, 0x07, 0xE0, 0x00, 0x7E, 0x00, 0x07,
  0xE0, 0x00, 0x7E, 0x00, 0x07, 0xE0, 0x00, 0x7E, 0x00, 0x07, 0xE0, 0x00,
  0x7E, 0x00, 0x07, 0xE0, 0x00, 0x7E, 0x00, 0x07, 0xE0, 0x00, 0x7E, 0x00,
  0x07, 0xE0, 0x00, 0x7E, 0x00, 0x07, 0xE0, 0x00, 0x7E, 0x00, 0x07, 0xFF,
  0xFF, 0xFF, 0xFF, 0xFF, 0xFF, 0xFF, 0xF0, 0xFF, 0xFF, 0xFF, 0xFF, 0xFF,
  0xFF, 0xFF, 0xFE, 0x00, 0x07, 0xE0, 0x00, 0x7E, 0x00, 0x07, 0xE0, 0x00,
  0x7E, 0x00, 0x07, 0xE0, 0x00, 0x7E, 0x00, 0x07, 0xE0, 0x00, 0x7E, 0x00,
  0x07, 0xE0, 0x00, 0x7E, 0x00, 0x07, 0xE0, 0x00, 0x7E, 0x00, 0x07, 0xE0,
  0x00, 0x7E, 0x00, 0x07, 0xE0, 0x00, 0x7E, 0x00, 0x07, 0xE0, 0x00, 0x7E,
  0x00, 0x07, 0xE0, 0x00, 0x7E, 0x00, 0x07, 0xE0, 0x00, 0x7E, 0x00, 0x07,
  0xE0, 0x00, 0x7E, 0x00, 0x07, 0xE0, 0x00, 0x7E, 0x00, 0x07, 0xE0, 0x00,
  0x7E, 0x00, 0x07, 0xFF, 0xFF, 0xFF, 0xFF, 0xFF, 0xFF, 0xFF, 0xF0, 0xFF,
  0xFF, 0xFF, 0xFF, 0xFF, 0xFF, 0xFF, 0xFE, 0x00, 0x07, 0xE0, 0x00, 0x7E,
  0x00, 0x07, 0xE0, 0x00, 0x7E, 0x00, 0x07, 0xE0, 0x00, 0x7E, 0x00, 0x07,
  0xE0, 0x00, 0x7E, 0x00, 0x07, 0xE0, 0x00, 0x7E, 0x00, 0x07, 0xE0, 0x00,
  0x7E, 0x00, 0x07, 0xE0, 0x00, 0x7E, 0x00, 0x07, 0xE0, 0x00, 0x7E, 0x00,
  0x07, 0xE0, 0x00, 0x7E, 0x00, 0x07, 0xE0, 0x00, 0x7E, 0x00, 0x07, 0xE0,
  0x00, 0x7E, 0x00, 0x07, 0xE0, 0x00, 0x7E, 0x00, 0x07, 0xE0, 0x00, 0x7E,
  0x00, 0x07, 0xE0, 0x00, 0x7E, 0x00, 0x07, 0xFF, 0xFF, 0xFF, 0xFF, 0xFF,
  0xFF, 0xFF, 0xF0, 0xFF, 0xFF, 0xFF, 0xFF, 0xFF, 0xFF, 0xFF, 0xFE, 0x00,
  0x07, 0xE0, 0x00, 0x7E, 0x00, 0x07, 0xE0, 0x00, 0x7E, 0x00, 0x07, 0xE0,
  0x00, 0x7E, 0x00, 0x07, 0xE0, 0x00, 0x7E, 0x00, 0x07, 0xE0, 0x00, 0x7E,
  0x00, 0x07, 0xE0, 0x00, 0x7E, 0x00, 0x07, 0xE0, 0x00, 0x7E, 0x00, 0x07,
  0xE0, 0x00, 0x7E, 0x00, 0x07, 0xE0, 0x00, 0x7E, 0x00, 0x07, 0xE0, 0x00,
  0x7E, 0x00, 0x07, 0xE0, 0x00, 0x7E, 0x00, 0x07, 0xE0, 0x00, 0x7E, 0x00,
  0x07, 0xE0, 0x00, 0x7E, 0x00, 0x07, 0xE0, 0x00, 0x7E, 0x00, 0x07, 0xFF,
  0xFF, 0xFF, 0xFF, 0xFF, 0xFF, 0xFF, 0xF0, 0xFF, 0xFF, 0xFF, 0xFF, 0xFF,
  0xFF, 0xFF, 0xFE, 0x00, 0x07, 0xE0, 0x00, 0x7E, 0x00, 0x07, 0xE0, 0x00,
  0x7E, 0x00, 0x07, 0xE0, 0x00, 0x7E, 0x00, 0x07, 0xE0, 0x00, 0x7E, 0x00,
  0x07, 0xE0, 0x00, 0x7E, 0x00, 0x07, 0xE0, 0x00, 0x7E, 0x00, 0x07, 0xE0,
  0x00, 0x7E, 0x00, 0x07, 0xE0, 0x00, 0x7E, 0x00, 0x07, 0xE0, 0x00, 0x7E,
  0x00, 0x07, 0xE0, 0x00, 0x7E, 0x00, 0x07, 0xE0, 0x00, 0x7E, 0x00, 0x07,
  0xE0, 0x00, 0x7E, 0x00, 0x07, 0xE0, 0x00, 0x7E, 0x00, 0x07, 0xE0, 0x00,
  0x7E, 0x00, 0x07, 0xFF, 0xFF, 0xFF, 0xFF, 0xFF, 0xFF, 0xFF, 0xF0, 0xFF,
  0xFF, 0xFF, 0xFF, 0xFF, 0xFF, 0xFF, 0xFE, 0x00, 0x07, 0xE0, 0x00, 0x7E,
  0x00, 0x07, 0xE0, 0x00, 0x7E, 0x00, 0x07, 0xE0, 0x00, 0x7E, 0x00, 0x07,
  0xE0, 0x00, 0x7E, 0x00, 0x07, 0xE0, 0x00, 0x7E, 0x00, 0x07, 0xE0, 0x00,
  0x7E, 0x00, 0x07, 0xE0, 0x00, 0x7E, 0x00, 0x07, 0xE0, 0x00, 0x7E, 0x00,
  0x07, 0xE0, 0x00, 0x7E, 0x00, 0x07, 0xE0, 0x00, 0x7E, 0x00, 0x07, 0xE0,
  0x00, 0x7E, 0x00, 0x07, 0xE0, 0x00, 0x7E, 0x00, 0x07, 0xE0, 0x00, 0x7E,
  0x00, 0x07, 0xE0, 0x00, 0x7E, 0x00, 0x07, 0xFF, 0xFF, 0xFF, 0xFF, 0xFF,
  0xFF, 0xFF, 0xF0, 0xFF, 0xFF, 0xFF, 0xFF, 0xFF, 0xFF, 0xFF, 0xFE, 0x00,
  0x07, 0xE0, 0x00, 0x7E, 0x00, 0x07, 0xE0, 0x00, 0x7E, 0x00, 0x07, 0xE0,
  0x00, 0x7E, 0x00, 0x07, 0xE0, 0x00, 0x7E, 0x00, 0x07, 0xE0, 0x00, 0x7E,
  0x00, 0x07, 0xE0, 0x00, 0x7E, 0x00, 0x07, 0xE0, 0x00, 0x7E, 0x00, 0x07,
  0xE0, 0x00, 0x7E, 0x00, 0x07, 0xE0, 0x00, 0x7E, 0x00, 0x07, 0xE0, 0x00,
  0x7E, 0x00, 0x07, 0xE0, 0x00, 0x7E, 0x00, 0x07, 0xE0, 0x00, 0x7E, 0x00,
  0x07, 0xE0, 0x00, 0x7E, 0x00, 0x07, 0xE0, 0x00, 0x7E, 0x00, 0x07, 0xFF,
  0xFF, 0xFF, 0xFF, 0xFF, 0xFF, 0xFF, 0xF0, 0xFF, 0xFF, 0xFF, 0xFF, 0xFF,
  0xFF, 0xFF, 0xFE, 0x00, 0x07, 0xE0, 0x00, 0x7E, 0x00, 0x07, 0xE0, 0x00,
  0x7E, 0x00, 0x07, 0xE0, 0x00, 0x7E, 0x00, 0x07, 0xE0, 0x00, 0x7E, 0x00,
  0x07, 0xE0, 0x00, 0x7E, 0x00, 0x07, 0xE0, 0x00, 0x7E, 0x00, 0x07, 0xE0,
  0x00, 0x7E, 0x00, 0x07, 0xE0, 0x00, 0x7E, 0x00, 0x07, 0xE0, 0x00, 0x7E,
  0x00, 0x07, 0xE0, 0x00, 0x7E, 0x00, 0x07, 0xE0, 0x00, 0x7E, 0x00, 0x07,
  0xE0, 0x00, 0x7E, 0x00, 0x07, 0xE0, 0x00, 0x7E, 0x00, 0x07, 0xE0, 0x00,
  0x7E, 0x00, 0x07, 0xFF, 0xFF, 0xFF, 0xFF, 0xFF, 0xFF, 0xFF, 0xF0, 0xFF,
  0xFF, 0xFF, 0xFF, 0xFF, 0xFF, 0xFF, 0xFE, 0x00, 0x07, 0xE0, 0x00, 0x7E,
  0x00, 0x07, 0xE0, 0x00, 0x7E, 0x00, 0x07, 0xE0, 0x00, 0x7E, 0x00, 0x07,
  0xE0, 0x00, 0x7E, 0x00, 0x07, 0xE0, 0x00, 0x7E, 0x00, 0x07, 0xE0, 0x00,
  0x7E, 0x00, 0x07, 0xE0, 0x00, 0x7E, 0x00, 0x07, 0xE0, 0x00, 0x7E, 0x00,
  0x07, 0xE0, 0x00, 0x7E, 0x00, 0x07, 0xE0, 0x00, 0x7E, 0x00, 0x07, 0xE0,
  0x00, 0x7E, 0x00, 0x07, 0xE0, 0x00, 0x7E, 0x00, 0x07, 0xE0, 0x00, 0x7E,
  0x00, 0x07, 0xE0, 0x00, 0x7E, 0x00, 0x07, 0xFF, 0xFF, 0xFF, 0xFF, 0xFF,
  0xFF, 0xFF, 0xF0, 0xFF, 0xFF, 0xFF, 0xFF, 0xFF, 0xFF, 0xFF, 0xFE, 0x00,
  0x07, 0xE0, 0x00, 0x7E, 0x00, 0x07, 0xE0, 0x00, 0x7E, 0x00, 0x07, 0xE0,
  0x00, 0x7E, 0x00, 0x07, 0xE0, 0x00, 0x7E, 0x00, 0x07, 0xE0, 0x00, 0x7E,
  0x00, 0x07, 0xE0, 0x00, 0x7E, 0x00, 0x07, 0xE0, 0x00, 0x7E, 0x00, 0x07,
  0xE0, 0x00, 0x7E, 0x00, 0x07, 0xE0, 0x00, 0x7E, 0x00, 0x07, 0xE0, 0x00,
  0x7E, 0x00, 0x07, 0xE0, 0x00, 0x7E, 0x00, 0x07, 0xE0, 0x00, 0x7E, 0x00,
  0x07, 0xE0, 0x00, 0x7E, 0x00, 0x07, 0xE0, 0x00, 0x7E, 0x00, 0x07, 0xFF,
  0xFF, 0xFF, 0xFF, 0xFF, 0xFF, 0xFF, 0xF0, 0xFF, 0xFF, 0xFF, 0xFF, 0xFF,
  0xFF, 0xFF, 0xFE, 0x00, 0x07, 0xE0, 0x00, 0x7E, 0x00, 0x07, 0xE0, 0x00,
  0x7E, 0x00, 0x07, 0xE0, 0x00, 0x7E, 0x00, 0x07, 0xE0, 0x00, 0x7E, 0x00,
  0x07, 0xE0, 0x00, 0x7E, 0x00, 0x07, 0xE0, 0x00, 0x7E, 0x00, 0x07, 0xE0,
  0x00, 0x7E, 0x00, 0x07, 0xE0, 0x00, 0x7E, 0x00, 0x07, 0xE0, 0x00, 0x7E,
  0x00, 0x07, 0xE0, 0x00, 0x7E, 0x00, 0x07, 0xE0, 0x00, 0x7E, 0x00, 0x07,
  0xE0, 0x00, 0x7E, 0x00, 0x07, 0xE0, 0x00, 0x7E, 0x00, 0x07, 0xE0, 0x00,
  0x7E, 0x00, 0x07, 0xFF, 0xFF, 0xFF, 0xFF, 0xFF, 0xFF, 0xFF, 0xF0, 0xFF,
  0xFF, 0xFF, 0xFF, 0xFF, 0xFF, 0xFF, 0xFE, 0x00, 0x07, 0xE0, 0x00, 0x7E,
  0x00, 0x07, 0xE0, 0x00, 0x7E, 0x00, 0x07, 0xE0, 0x00, 0x7E, 0x00, 0x07,
  0xE0, 0x00, 0x7E, 0x00, 0x07, 0xE0, 0x00, 0x7E, 0x00, 0x07, 0xE0, 0x00,
  0x7E, 0x00, 0x07, 0xE0, 0x00, 0x7E, 0x00, 0x07, 0xE0, 0x00, 0x7E, 0x00,
  0x07, 0xE0, 0x00, 0x7E, 0x00, 0x07, 0xE0, 0x00, 0x7E, 0x00, 0x07, 0xE0,
  0x00, 0x7E, 0x00, 0x07, 0xE0, 0x00, 0x7E, 0x00, 0x07, 0xE0, 0x00, 0x7E,
  0x00, 0x07, 0xE0, 0x00, 0x7E, 0x00, 0x07, 0xFF, 0xFF, 0xFF, 0xFF, 0xFF,
  0xFF, 0xFF, 0xF0, 0xFF, 0xFF, 0xFF, 0xFF, 0xFF, 0xFF, 0xFF, 0xFE, 0x00,
  0x07, 0xE0, 0x00, 0x7E, 0x00, 0x07, 0xE0, 0x00, 0x7E, 0x00, 0x07, 0xE0,
  0x00, 0x7E, 0x00, 0x07, 0xE0, 0x00, 0x7E, 0x00, 0x07, 0xE0, 0x00, 0x7E,
  0x00, 0x07, 0xE0, 0x00, 0x7E, 0x00, 0x07, 0xE0, 0x00, 0x7E, 0x00, 0x07,
  0xE0, 0x00, 0x7E, 0x00, 0x07, 0xE0, 0x00, 0x7E, 0x00, 0x07, 0xE0, 0x00,
  0x7E, 0x00, 0x07, 0xE0, 0x00, 0x7E, 0x00, 0x07, 0xE0, 0x00, 0x7E, 0x00,
  0x07, 0xE0, 0x00, 0x7E, 0x00, 0x07, 0xE0, 0x00, 0x7E, 0x00, 0x07, 0xFF,
  0xFF, 0xFF, 0xFF, 0xFF, 0xFF, 0xFF, 0xF0, 0xFF, 0xFF, 0xFF, 0xFF, 0xFF,
  0xFF, 0xFF, 0xFE, 0x00, 0x07, 0xE0, 0x00, 0x7E, 0x00, 0x07, 0xE0, 0x00,
  0x7E, 0x00, 0x07, 0xE0, 0x00, 0x7E, 0x00, 0x07, 0xE0, 0x00, 0x7E, 0x00,
  0x07, 0xE0, 0x00, 0x7E, 0x00, 0x07, 0xE0, 0x00, 0x7E, 0x00, 0x07, 0xE0,
  0x00, 0x7E, 0x00, 0x07, 0xE0, 0x00, 0x7E, 0x00, 0x07, 0xE0, 0x00, 0x7E,
  0x00, 0x07, 0xE0, 0x00, 0x7E, 0x00, 0x07, 0xE0, 0x00, 0x7E, 0x00, 0x07,
  0xE0, 0x00, 0x7E, 0x00, 0x07, 0xE0, 0x00, 0x7E, 0x00, 0x07, 0xE0, 0x00,
  0x7E, 0x00, 0x07, 0xFF, 0xFF, 0xFF, 0xFF, 0xFF, 0xFF, 0xFF, 0xF0, 0xFF,
  0xFF, 0xFF, 0xFF, 0xFF, 0xFF, 0xFF, 0xFE, 0x00, 0x07, 0xE0, 0x00, 0x7E,
  0x00, 0x07, 0xE0, 0x00, 0x7E, 0x00, 0x07, 0xE0, 0x00, 0x7E, 0x00, 0x07,
  0xE0, 0x00, 0x7E, 0x00, 0x07, 0xE0, 0x00, 0x7E, 0x00, 0x07, 0xE0, 0x00,
  0x7E, 0x00, 0x07, 0xE0, 0x00, 0x7E, 0x00, 0x07, 0xE0, 0x00, 0x7E, 0x00,
  0x07, 0xE0, 0x00, 0x7E, 0x00, 0x07, 0xE0, 0x00, 0x7E, 0x00, 0x07, 0xE0,
  0x00, 0x7E, 0x00, 0x07, 0xE0, 0x00, 0x7E, 0x00, 0x07, 0xE0, 0x00, 0x7E,
  0x00, 0x07, 0xE0, 0x00, 0x7E, 0x00, 0x07, 0xFF, 0xFF, 0xFF, 0xFF, 0xFF,
  0xFF, 0xFF, 0xF0, 0xFF, 0xFF, 0xFF, 0xFF, 0xFF, 0xFF, 0xFF, 0xFE, 0x00,
  0x07, 0xE0, 0x00, 0x7E, 0x00, 0x07, 0xE0, 0x00, 0x7E, 0x00, 0x07, 0xE0,
  0x00, 0x7E, 0x00, 0x07, 0xE0, 0x00, 0x7E, 0x00, 0x07, 0xE0, 0x00, 0x7E,
  0x00, 0x07, 0xE0, 0x00, 0x7E, 0x00, 0x07, 0xE0, 0x00, 0x7E, 0x00, 0x07,
  0xE0, 0x00, 0x7E, 0x00, 0x07, 0xE0, 0x00, 0x7E, 0x00, 0x07, 0xE0, 0x00,
  0x7E, 0x00, 0x07, 0xE0, 0x00, 0x7E, 0x00, 0x07, 0xE0, 0x00, 0x7E, 0x00,
  0x07, 0xE0, 0x00, 0x7E, 0x00, 0x07, 0xE0, 0x00, 0x7E, 0x00, 0x07, 0xFF,
  0xFF, 0xFF, 0xFF, 0xFF, 0xFF, 0xFF, 0xF0, 0xFF, 0xFF, 0xFF, 0xFF, 0xFF,
  0xFF, 0xFF, 0xFE, 0x00, 0x07, 0xE0, 0x00, 0x7E, 0x00, 0x07, 0xE0, 0x00,
  0x7E, 0x00, 0x07, 0xE0, 0x00, 0x7E, 0x00, 0x07, 0xE0, 0x00, 0x7E, 0x00,
  0x07, 0xE0, 0x00, 0x7E, 0x00, 0x07, 0xE0, 0x00, 0x7E, 0x00, 0x07, 0xE0,
  0x00, 0x7E, 0x00, 0x07, 0xE0, 0x00, 0x7E, 0x00, 0x07, 0xE0, 0x00, 0x7E,
  0x00, 0x07, 0xE0, 0x00, 0x7E, 0x00, 0x07, 0xE0, 0x00, 0x7E, 0x00, 0x07,
  0xE0, 0x00, 0x7E, 0x00, 0x07, 0xE0, 0x00, 0x7E, 0x00, 0x07, 0xE0, 0x00,
  0x7E, 0x00, 0x07, 0xFF, 0xFF, 0xFF, 0xFF, 0xFF, 0xFF, 0xFF, 0xF0, 0xFF,
  0xFF, 0xFF, 0xFF, 0xFF, 0xFF, 0xFF, 0xFE, 0x00, 0x07, 0xE0, 0x00, 0x7E,
  0x00, 0x07, 0xE0, 0x00, 0x7E, 0x00, 0x07, 0xE0, 0x00, 0x7E, 0x00, 0x07,
  0xE0, 0x00, 0x7E, 0x00, 0x07, 0xE0, 0x00, 0x7E, 0x00, 0x07, 0xE0, 0x00,
  0x7E, 0x00, 0x07, 0xE0, 0x00, 0x7E, 0x00, 0x07, 0xE0, 0x00, 0x7E, 0x00,
  0x07, 0xE0, 0x00, 0x7E, 0x00, 0x07, 0xE0, 0x00, 0x7E, 0x00, 0x07, 0xE0,
  0x00, 0x7E, 0x00, 0x07, 0xE0, 0x00, 0x7E, 0x00, 0x07, 0xE0, 0x00, 0x7E,
  0x00, 0x07, 0xE0, 0x00, 0x7E, 0x00, 0x07, 0xFF, 0xFF, 0xFF, 0xFF, 0xFF,
  0xFF, 0xFF, 0xF0, 0xFF, 0xFF, 0xFF, 0xFF, 0xFF, 0xFF, 0xFF, 0xFE, 0x00,
  0x07, 0xE0, 0x00, 0x7E, 0x00, 0x07, 0xE0, 0x00, 0x7E, 0x00, 0x07, 0xE0,
  0x00, 0x7E, 0x00, 0x07, 0xE0, 0x00, 0x7E, 0x00, 0x07, 0xE0, 0x00, 0x7E,
  0x00, 0x07, 0xE0, 0x00, 0x7E, 0x00, 0x07, 0xE0, 0x00, 0x7E, 0x00, 0x07,
  0xE0, 0x00, 0x7E, 0x00, 0x07, 0xE0, 0x00, 0x7E, 0x00, 0x07, 0xE0, 0x00,
  0x7E, 0x00, 0x07, 0xE0, 0x00, 0x7E, 0x00, 0x07, 0xE0, 0x00, 0x7E, 0x00,
  0x07, 0xE0, 0x00, 0x7E, 0x00, 0x07, 0xE0, 0x00, 0x7E, 0x00, 0x07, 0xFF,
  0xFF, 0xFF, 0xFF, 0xFF, 0xFF, 0xFF, 0xF0, 0xFF, 0xFF, 0xFF, 0xFF, 0xFF,
  0xFF, 0xFF, 0xFE, 0x00, 0x07, 0xE0, 0x00, 0x7E, 0x00, 0x07, 0xE0, 0x00,
  0x7E, 0x00, 0x07, 0xE0, 0x00, 0x7E, 0x00, 0x07, 0xE0, 0x00, 0x7E, 0x00,
  0x07, 0xE0, 0x00, 0x7E, 0x00, 0x07, 0xE0, 0x00, 0x7E, 0x00, 0x07, 0xE0,
  0x00, 0x7E, 0x00, 0x07, 0xE0, 0x00, 0x7E, 0x00, 0x07, 0xE0, 0x00, 0x7E,
  0x00, 0x07, 0xE0, 0x00, 0x7E, 0x00, 0x07, 0xE0, 0x00, 0x7E, 0x00, 0x07,
  0xE0, 0x00, 0x7E, 0x00, 0x07, 0xE0, 0x00, 0x7E, 0x00, 0x07, 0xE0, 0x00,
  0x7E, 0x00, 0x07, 0xFF, 0xFF, 0xFF, 0xFF, 0xFF, 0xFF, 0xFF, 0xF0, 0xFF,
  0xFF, 0xFF, 0xFF, 0xFF, 0xFF, 0xFF, 0xFE, 0x00, 0x07, 0xE0, 0x00, 0x7E,
  0x00, 0x07, 0xE0, 0x00, 0x7E, 0x00, 0x07, 0xE0, 0x00, 0x7E, 0x00, 0x07,
  0xE0, 0x00, 0x7E, 0x00, 0x07, 0xE0, 0x00, 0x7E, 0x00, 0x07, 0xE0, 0x00,
  0x7E, 0x00, 0x07, 0xE0, 0x00, 0x7E, 0x00, 0x07, 0xE0, 0x00, 0x7E, 0x00,
  0x07, 0xE0, 0x00, 0x7E, 0x00, 0x07, 0xE0, 0x00, 0x7E, 0x00, 0x07, 0xE0,
  0x00, 0x7E, 0x00, 0x07, 0xE0, 0x00, 0x7E, 0x00, 0x07, 0xE0, 0x00, 0x7E,
  0x00, 0x07, 0xE0, 0x00, 0x7E, 0x00, 0x07, 0xFF, 0xFF, 0xFF, 0xFF, 0xFF,
  0xFF, 0xFF, 0xF0, 0xFF, 0xFF, 0xFF, 0xFF, 0xFF, 0xFF, 0xFF, 0xFE, 0x00,
  0x07, 0xE0, 0x00, 0x7E, 0x00, 0x07, 0xE0, 0x00, 0x7E, 0x00, 0x07, 0xE0,
  0x00, 0x7E, 0x00, 0x07, 0xE0, 0x00, 0x7E, 0x00, 0x07, 0xE0, 0x00, 0x7E,
  0x00, 0x07, 0xE0, 0x00, 0x7E, 0x00, 0x07, 0xE0, 0x00, 0x7E, 0x00, 0x07,
  0xE0, 0x00, 0x7E, 0x00, 0x07, 0xE0, 0x00, 0x7E, 0x00, 0x07, 0xE0, 0x00,
  0x7E, 0x00, 0x07, 0xE0, 0x00, 0x7E, 0x00, 0x07, 0xE0, 0x00, 0x7E, 0x00,
  0x07, 0xE0, 0x00, 0x7E, 0x00, 0x07, 0xE0, 0x00, 0x7E, 0x00, 0x07, 0xFF,
  0xFF, 0xFF, 0xFF, 0xFF, 0xFF, 0xFF, 0xF0, 0xFF, 0xFF, 0xFF, 0xFF, 0xFF,
  0xFF, 0xFF, 0xFE, 0x00, 0x07, 0xE0, 0x00, 0x7E, 0x00, 0x07, 0xE0, 0x00,
  0x7E, 0x00, 0x07, 0xE0, 0x00, 0x7E, 0x00, 0x07, 0xE0, 0x00, 0x7E, 0x00,
  0x07, 0xE0, 0x00, 0x7E, 0x00, 0x07, 0xE0, 0x00, 0x7E, 0x00, 0x07, 0xE0,
  0x00, 0x7E, 0x00, 0x07, 0xE0, 0x00, 0x7E, 0x00, 0x07, 0xE0, 0x00, 0x7E,
  0x00, 0x07, 0xE0, 0x00, 0x7E, 0x00, 0x07, 0xE0, 0x00, 0x7E, 0x00, 0x07,
  0xE0, 0x00, 0x7E, 0x00, 0x07, 0xE0, 0x00, 0x7E, 0x00, 0x07, 0xE0, 0x00,
  0x7E, 0x00, 0x07, 0xFF, 0xFF, 0xFF, 0xFF, 0xFF, 0xFF, 0xFF, 0xF0, 0xFF,
  0xFF, 0xFF, 0xFF, 0xFF, 0xFF, 0xFF, 0xFE, 0x00, 0x07, 0xE0, 0x00, 0x7E,
  0x00, 0x07, 0xE0, 0x00, 0x7E, 0x00, 0x07, 0xE0, 0x00, 0x7E, 0x00, 0x07,
  0xE0, 0x00, 0x7E, 0x00, 0x07, 0xE0, 0x00, 0x7E, 0x00, 0x07, 0xE0, 0x00,
  0x7E, 0x00, 0x07, 0xE0, 0x00, 0x7E, 0x00, 0x07, 0xE0, 0x00, 0x7E, 0x00,
  0x07, 0xE0, 0x00, 0x7E, 0x00, 0x07, 0xE0, 0x00, 0x7E, 0x00, 0x07, 0xE0,
  0x00, 0x7E, 0x00, 0x07, 0xE0, 0x00, 0x7E, 0x00, 0x07, 0xE0, 0x00, 0x7E,
  0x00, 0x07, 0xE0, 0x00, 0x7E, 0x00, 0x07, 0xFF, 0xFF, 0xFF, 0xFF, 0xFF,
  0xFF, 0xFF, 0xF0, 0xFF, 0xFF, 0xFF, 0xFF, 0xFF, 0xFF, 0xFF, 0xFE, 0x00,
  0x07, 0xE0, 0x00, 0x7E, 0x00, 0x07, 0xE0, 0x00, 0x7E, 0x00, 0x07, 0xE0,
  0x00, 0x7E, 0x00, 0x07, 0xE0, 0x00, 0x7E, 0x00, 0x07, 0xE0, 0x00, 0x7E,
  0x00, 0x07, 0xE0, 0x00, 0x7E, 0x00, 0x07, 0xE0, 0x00, 0x7E, 0x00, 0x07,
  0xE0, 0x00, 0x7E, 0x00, 0x07, 0xE0, 0x00, 0x7E, 0x00, 0x07, 0xE0, 0x00,
  0x7E, 0x00, 0x07, 0xE0, 0x00, 0x7E, 0x00, 0x07, 0xE0, 0x00, 0x7E, 0x00,
  0x07, 0xE0, 0x00, 0x7E, 0x00, 0x07, 0xE0, 0x00, 0x7E, 0x00, 0x07, 0xFF,
  0xFF, 0xFF, 0xFF, 0xFF, 0xFF, 0xFF, 0xF0, 0xFF, 0xFF, 0xFF, 0xFF, 0xFF,
  0xFF, 0xFF, 0xFE, 0x00, 0x07, 0xE0, 0x00, 0x7E, 0x00, 0x07, 0xE0, 0x00,
  0x7E, 0x00, 0x07, 0xE0, 0x00, 0x7E, 0x00, 0x07, 0xE0, 0x00, 0x7E, 0x00,
  0x07, 0xE0, 0x00, 0x7E, 0x00, 0x07, 0xE0, 0x00, 0x7E, 0x00, 0x07, 0xE0,
  0x00, 0x7E, 0x00, 0x07, 0xE0, 0x00, 0x7E, 0x00, 0x07, 0xE0, 0x00, 0x7E,
  0x00, 0x07, 0xE0, 0x00, 0x7E, 0x00, 0x07, 0xE0, 0x00, 0x7E, 0x00, 0x07,
  0xE0, 0x00, 0x7E, 0x00, 0x07, 0xE0, 0x00, 0x7E, 0x00, 0x07, 0xE0, 0x00,
  0x7E, 0x00, 0x07, 0xFF, 0xFF, 0xFF, 0xFF, 0xFF, 0xFF, 0xFF, 0xF0, 0xFF,
  0xFF, 0xFF, 0xFF, 0xFF, 0xFF, 0xFF, 0xFE, 0x00, 0x07, 0xE0, 0x00, 0x7E,
  0x00, 0x07, 0xE0, 0x00, 0x7E, 0x00, 0x07, 0xE0, 0x00, 0x7E, 0x00, 0x07,
  0xE0, 0x00, 0x7E, 0x00, 0x07, 0xE0, 0x00, 0x7E, 0x00, 0x07, 0xE0, 0x00,
  0x7E, 0x00, 0x07, 0xE0, 0x00, 0x7E, 0x00, 0x07, 0xE0, 0x00, 0x7E, 0x00,
  0x07, 0xE0, 0x00, 0x7E, 0x00, 0x07, 0xE0, 0x00, 0x7E, 0x00, 0x07, 0xE0,
  0x00, 0x7E, 0x00, 0x07, 0xE0, 0x00, 0x7E, 0x00, 0x07, 0xE0, 0x00, 0x7E,
  0x00, 0x07, 0xE0, 0x00, 0x7E, 0x00, 0x07, 0xFF, 0xFF, 0xFF, 0xFF, 0xFF,
  0xFF, 0xFF, 0xF0, 0xFF, 0xFF, 0xFF, 0xFF, 0xFF, 0xFF, 0xFF, 0xFE, 0x00,
  0x07, 0xE0, 0x00, 0x7E, 0x00, 0x07, 0xE0, 0x00, 0x7E, 0x00, 0x07, 0xE0,
  0x00, 0x7E, 0x00, 0x07, 0xE0, 0x00, 0x7E, 0x00, 0x07, 0xE0, 0x00, 0x7E,
  0x00, 0x07, 0xE0, 0x00, 0x7E, 0x00, 0x07, 0xE0, 0x00, 0x7E, 0x00, 0x07,
  0xE0, 0x00, 0x7E, 0x00, 0x07, 0xE0, 0x00, 0x7E, 0x00, 0x07, 0xE0, 0x00,
  0x7E, 0x00, 0x07, 0xE0, 0x00, 0x7E, 0x00, 0x07, 0xE0, 0x00, 0x7E, 0x00,
  0x07, 0xE0, 0x00, 0x7E, 0x00, 0x07, 0xE0, 0x00, 0x7E, 0x00, 0x07, 0xFF,
  0xFF, 0xFF, 0xFF, 0xFF, 0xFF, 0xFF, 0xF0, 0xFF, 0xFF, 0xFF, 0xFF, 0xFF,
  0xFF, 0xFF, 0xFE, 0x00, 0x07, 0xE0, 0x00, 0x7E, 0x00, 0x07, 0xE0, 0x00,
  0x7E, 0x00, 0x07, 0xE0, 0x00, 0x7E, 0x00, 0x07, 0xE0, 0x00, 0x7E, 0x00,
  0x07, 0xE0, 0x00, 0x7E, 0x00, 0x07, 0xE0, 0x00, 0x7E, 0x00, 0x07, 0xE0,
  0x00, 0x7E, 0x00, 0x07, 0xE0, 0x00, 0x7E, 0x00, 0x07, 0xE0, 0x00, 0x7E,
  0x00, 0x07, 0xE0, 0x00, 0x7E, 0x00, 0x07, 0xE0, 0x00, 0x7E, 0x00, 0x07,
  0xE0, 0x00, 0x7E, 0x00, 0x07, 0xE0, 0x00, 0x7E, 0x00, 0x07, 0xE0, 0x00,
  0x7E, 0x00, 0x07, 0xFF, 0xFF, 0xFF, 0xFF, 0xFF, 0xFF, 0xFF, 0xF0, 0xFF,
  0xFF, 0xFF, 0xFF, 0xFF, 0xFF, 0xFF, 0xFE, 0x00, 0x07, 0xE0, 0x00, 0x7E,
  0x00, 0x07, 0xE0, 0x00, 0x7E, 0x00, 0x07, 0xE0, 0x00, 0x7E, 0x00, 0x07,
  0xE0, 0x00, 0x7E, 0x00, 0x07, 0xE0, 0x00, 0x7E, 0x00, 0x07, 0xE0, 0x00,
  0x7E, 0x00, 0x07, 0xE0, 0x00, 0x7E, 0x00, 0x07, 0xE0, 0x00, 0x7E, 0x00,
  0x07, 0xE0, 0x00, 0x7E, 0x00, 0x07, 0xE0, 0x00, 0x7E, 0x00, 0x07, 0xE0,
  0x00, 0x7E, 0x00, 0x07, 0xE0, 0x00, 0x7E, 0x00, 0x07, 0xE0, 0x00, 0x7E,
  0x00, 0x07, 0xE0, 0x00, 0x7E, 0x00, 0x07, 0xFF, 0xFF, 0xFF, 0xFF, 0xFF,
  0xFF, 0xFF, 0xF0, 0xFF, 0xFF, 0xFF, 0xFF, 0xFF, 0xFF, 0xFF, 0xFE, 0x00,
  0x07, 0xE0, 0x00, 0x7E, 0x00, 0x07, 0xE0, 0x00, 0x7E, 0x00, 0x07, 0xE0,
  0x00, 0x7E, 0x00, 0x07, 0xE0, 0x00, 0x7E, 0x00, 0x07, 0xE0, 0x00, 0x7E,
  0x00, 0x07, 0xE0, 0x00, 0x7E, 0x00, 0x07, 0xE0, 0x00, 0x7E, 0x00, 0x07,
  0xE0, 0x00, 0x7E, 0x00, 0x07, 0xE0, 0x00, 0x7E, 0x00, 0x07, 0xE0, 0x00,
  0x7E, 0x00, 0x07, 0xE0, 0x00, 0x7E, 0x00, 0x07, 0xE0, 0x00, 0x7E, 0x00,
  0x07, 0xE0, 0x00, 0x7E, 0x00, 0x07, 0xE0, 0x00, 0x7E, 0x00, 0x07, 0xFF,
  0xFF, 0xFF, 0xFF, 0xFF, 0xFF, 0xFF, 0xF0, 0x00, 0x7B, 0xFF, 0xFF, 0x78,
  0xC0, 0x00, 0x00, 0x07, 0x9E, 0x79, 0xE7, 0x9E, 0x79, 0xE7, 0x9E, 0x79,
  0xE7, 0x9E, 0x79, 0xE7, 0x9E, 0x79, 0xE7, 0x9E, 0x79, 0xE7, 0x80, 0x00,
  0x3C, 0x00, 0x00, 0x78, 0x00, 0x00, 0xF0, 0x00, 0x01, 0xE0, 0x00, 0x1F,
  0xF8, 0x00, 0xFF, 0xFC, 0x03, 0xFF, 0xFC, 0x0F, 0xFF, 0xFC, 0x3F, 0x3C,
  0xFC, 0x7C, 0x78, 0x79, 0xF0, 0xF0, 0xFB, 0xC1, 0xE0, 0x8F, 0x83, 0xC0,
  0x1E, 0x07, 0x80, 0x3C, 0x0F, 0x00, 0x78, 0x1E, 0x00, 0xF0, 0x3C, 0x01,
  0xE0, 0x78, 0x03, 0xC0, 0xF0, 0x07, 0x81, 0xE0, 0x0F, 0x83, 0xC0, 0x0F,
  0x07, 0x83, 0x1F, 0x0F, 0x0F, 0x9F, 0x1E, 0x3E, 0x1F, 0xBC, 0xFC, 0x3F,
  0xFF, 0xF0, 0x1F, 0xFF, 0xC0, 0x1F, 0xFE, 0x00, 0x0F, 0xF0, 0x00, 0x07,
  0x80, 0x00, 0x0F, 0x00, 0x00, 0x1E, 0x00, 0x00, 0x3C, 0x00, 0x01, 0xF0,
  0x00, 0x0F, 0xFC, 0x00, 0x7F, 0xFE, 0x01, 0xFF, 0xFE, 0x03, 0xF0, 0xFC,
  0x0F, 0x80, 0x7C, 0x1E, 0x00, 0x7C, 0x7C, 0x00, 0xF0, 0xF0, 0x00, 0x81,
  0xE0, 0x00, 0x03, 0xC0, 0x00, 0x07, 0x80, 0x00, 0x0F, 0x80, 0x00, 0x0F,
  0x00, 0x00, 0x1F, 0x00, 0x00, 0x1E, 0x00, 0x00, 0x3E, 0x00, 0x00, 0x3C,
  0x00, 0x03, 0xFF, 0xF8, 0x07, 0xFF, 0xF0, 0x0F, 0xFF, 0xE0, 0x01, 0xF0,
  0x00, 0x01, 0xE0, 0x00, 0x03, 0xC0, 0x00, 0x07, 0x80, 0x00, 0x1F, 0x00,
  0x00, 0x3C, 0x00, 0x00, 0x78, 0x00, 0x00, 0xF0, 0x00, 0x03, 0xC0, 0x02,
  0x0F, 0x80, 0x07, 0xBE, 0x00, 0x3E, 0xFF, 0xFF, 0xFD, 0xFF, 0xFF, 0xF3,
  0xFF, 0xFF, 0xC7, 0xFF, 0xFE, 0x00, 0x30, 0x00, 0x08, 0x78, 0xFF, 0x1C,
  0xFF, 0xFF, 0xFF, 0x7F, 0xFF, 0xFE, 0x3F, 0xFF, 0xFC, 0x1F, 0x01, 0xF8,
  0x1E, 0x00, 0x78, 0x3C, 0x00, 0x7C, 0x3C, 0x00, 0x3C, 0x3C, 0x00, 0x3C,
  0x78, 0x00, 0x3C, 0x78, 0x00, 0x3C, 0x78, 0x00, 0x3C, 0x3C, 0x00, 0x3C,
  0x3C, 0x00, 0x3C, 0x3E, 0x00, 0x7C, 0x1F, 0x00, 0xF8, 0x1F, 0x81, 0xF8,
  0x3F, 0xFF, 0xFC, 0x7F, 0xFF, 0xFE, 0xFB, 0xFF, 0xFF, 0x30, 0xFE, 0x1C,
  0x10, 0x00, 0x08, 0xF8, 0x00, 0x01, 0xF7, 0xC0, 0x00, 0x3E, 0x3E, 0x00,
  0x07, 0xC3, 0xE0, 0x00, 0x7C, 0x1F, 0x00, 0x0F, 0x80, 0xF0, 0x00, 0xF0,
  0x0F, 0x80, 0x1F, 0x00, 0x7C, 0x01, 0xE0, 0x07, 0xC0, 0x3E, 0x00, 0x3E,
  0x07, 0xC0, 0x01, 0xE0, 0x78, 0x00, 0x1F, 0x0F, 0x80, 0x00, 0xF0, 0xF0,
  0x00, 0x0F, 0x9F, 0x00, 0x00, 0x7F, 0xE0, 0x00, 0x03, 0xFC, 0x00, 0x00,
  0x3F, 0xC0, 0x01, 0xFF, 0xFF, 0xF8, 0x1F, 0xFF, 0xFF, 0x81, 0xFF, 0xFF,
  0xF8, 0x00, 0x0F, 0x00, 0x00, 0x00, 0xF0, 0x00, 0x00, 0x0F, 0x00, 0x00,
  0x00, 0xF0, 0x00, 0x1F, 0xFF, 0xFF, 0x81, 0xFF, 0xFF, 0xF8, 0x1F, 0xFF,
  0xFF, 0x80, 0x00, 0xF0, 0x00, 0x00, 0x0F, 0x00, 0x00, 0x00, 0xF0, 0x00,
  0x00, 0x0F, 0x00, 0x00, 0x00, 0xF0, 0x00, 0x00, 0x0F, 0x00, 0x00, 0x00,
  0xF0, 0x00, 0x00, 0x0F, 0x00, 0x00, 0xFF, 0xFF, 0xFF, 0xFF, 0xFF, 0xFF,
  0xFF, 0xFF, 0xFF, 0xF0, 0x00, 0x0F, 0xFF, 0xFF, 0xFF, 0xFF, 0xFF, 0xFF,
  0xFF, 0xFF, 0xFF, 0xF0, 0x00, 0x7C, 0x00, 0x07, 0xFF, 0x00, 0x1F, 0xFF,
  0x80, 0x7F, 0xFF, 0x81, 0xF8, 0x3F, 0x03, 0xC0, 0x1F, 0x0F, 0x80, 0x1F,
  0x1E, 0x00, 0x3C, 0x3C, 0x00, 0x20, 0x78, 0x00, 0x00, 0xF8, 0x00, 0x01,
  0xF0, 0x00, 0x01, 0xF8, 0x00, 0x01, 0xFC, 0x00, 0x01, 0xFF, 0x00, 0x01,
  0xFF, 0x80, 0x0F, 0xFF, 0xC0, 0x3E, 0x7F, 0xC0, 0xF8, 0x1F, 0xE1, 0xE0,
  0x0F, 0xE3, 0xC0, 0x07, 0xCF, 0x00, 0x07, 0xDE, 0x00, 0x0F, 0xBE, 0x00,
  0x0F, 0x3C, 0x00, 0x1E, 0x7E, 0x00, 0x3C, 0xFE, 0x00, 0xF8, 0xFF, 0x81,
  0xE0, 0xFF, 0xC7, 0xC0, 0x7F, 0xFF, 0x00, 0x3F, 0xFC, 0x00, 0x1F, 0xF0,
  0x00, 0x07, 0xF0, 0x00, 0x03, 0xF0, 0x00, 0x03, 0xE0, 0x00, 0x03, 0xE0,
  0x80, 0x03, 0xC6, 0x00, 0x07, 0xBE, 0x00, 0x0F, 0x3C, 0x00, 0x1E, 0x7C,
  0x00, 0x3C, 0x7C, 0x00, 0xF8, 0xFC, 0x03, 0xE0, 0xFF, 0xFF, 0xC0, 0xFF,
  0xFF, 0x00, 0xFF, 0xFC, 0x00, 0x7F, 0xE0, 0x00, 0x20, 0x1B, 0xC0, 0xFF,
  0x87, 0xFE, 0x1F, 0xF8, 0x3D, 0xC0, 0x60, 0x00, 0x01, 0xFC, 0x00, 0x00,
  0x00, 0xFF, 0xFC, 0x00, 0x00, 0x1F, 0xFF, 0xF8, 0x00, 0x01, 0xFF, 0x1F,
  0xF0, 0x00, 0x1F, 0x80, 0x0F, 0xC0, 0x03, 0xF0, 0x00, 0x1F, 0x00, 0x3E,
  0x00, 0x00, 0x7C, 0x01, 0xE0, 0x00, 0x00, 0xF0, 0x1E, 0x01, 0xFC, 0x07,
  0xC1, 0xE0, 0x3F, 0xF8, 0x1E, 0x0F, 0x03, 0xFF, 0xE0, 0x78, 0xF0, 0x3F,
  0x0F, 0x83, 0xC7, 0x83, 0xE0, 0x1E, 0x0F, 0x38, 0x1E, 0x00, 0x70, 0x79,
  0xC1, 0xE0, 0x02, 0x01, 0xDE, 0x0F, 0x00, 0x00, 0x0E, 0xF0, 0x70, 0x00,
  0x00, 0x77, 0x83, 0x80, 0x00, 0x03, 0xFC, 0x1C, 0x00, 0x00, 0x1F, 0xE0,
  0xE0, 0x00, 0x00, 0xFF, 0x07, 0x80, 0x00, 0x07, 0x78, 0x3C, 0x00, 0x00,
  0x39, 0xC1, 0xE0, 0x02, 0x01, 0xCF, 0x07, 0x80, 0x1E, 0x1E, 0x78, 0x3E,
  0x01, 0xE0, 0xF3, 0xC0, 0xFC, 0x3E, 0x0F, 0x0F, 0x03, 0xFF, 0xE0, 0x78,
  0x7C, 0x0F, 0xFE, 0x07, 0x81, 0xE0, 0x0F, 0xC0, 0x7C, 0x07, 0x80, 0x00,
  0x07, 0xC0, 0x1E, 0x00, 0x00, 0x7C, 0x00, 0x7C, 0x00, 0x07, 0xC0, 0x01,
  0xF8, 0x00, 0xFC, 0x00, 0x07, 0xFF, 0xFF, 0xC0, 0x00, 0x1F, 0xFF, 0xF8,
  0x00, 0x00, 0x3F, 0xFF, 0x00, 0x00, 0x00, 0x1F, 0x80, 0x00, 0x00, 0x01,
  0xF8, 0x00, 0xFF, 0xF0, 0x1F, 0xFF, 0x83, 0xF3, 0xFC, 0x78, 0x03, 0xE3,
  0x00, 0x1E, 0x00, 0x01, 0xE0, 0x00, 0x0F, 0x00, 0x00, 0xF0, 0xFF, 0xCF,
  0x3F, 0xFF, 0xF7, 0xF9, 0xFF, 0x7C, 0x01, 0xFF, 0x80, 0x0F, 0xF0, 0x01,
  0xFF, 0x00, 0x1F, 0xF0, 0x01, 0xFF, 0x00, 0x3F, 0x7C, 0x07, 0xF7, 0xFF,
  0xEF, 0x3F, 0xFC, 0xF1, 0xFF, 0x8F, 0x01, 0xC0, 0x00, 0x00, 0x80, 0x20,
  0x0E, 0x03, 0x80, 0xF8, 0x3E, 0x0F, 0x83, 0xE0, 0x78, 0x3E, 0x07, 0x83,
  0xE0, 0x78, 0x3E, 0x07, 0x81, 0xE0, 0x78, 0x1E, 0x07, 0x81, 0xE0, 0x38,
  0x1E, 0x01, 0xE0, 0x78, 0x07, 0x81, 0xE0, 0x1E, 0x0F, 0x80, 0x78, 0x3E,
  0x01, 0xE0, 0xF8, 0x0F, 0x83, 0xE0, 0x3E, 0x0F, 0x80, 0xF8, 0x3E, 0x03,
  0xC0, 0xE0, 0x08, 0x02, 0x00, 0xFF, 0xFF, 0xFF, 0xFF, 0xFF, 0xFF, 0xFF,
  0xFF, 0xFF, 0xFF, 0xF0, 0x00, 0x07, 0x80, 0x00, 0x3C, 0x00, 0x01, 0xE0,
  0x00, 0x0F, 0x00, 0x00, 0x78, 0x00, 0x03, 0xC0, 0x00, 0x1E, 0x00, 0x00,
  0xF0, 0x00, 0x07, 0x80, 0xFF, 0xFF, 0xFF, 0xFF, 0xFF, 0xFF, 0xFF, 0x00,
  0xFC, 0x00, 0x0F, 0xFC, 0x00, 0xFF, 0xFC, 0x07, 0x80, 0x78, 0x3C, 0x00,
  0xF1, 0xE0, 0x01, 0xE7, 0x1F, 0x83, 0xB8, 0x7F, 0x07, 0xE1, 0x9E, 0x1F,
  0x86, 0x38, 0x7C, 0x18, 0x60, 0xF0, 0x7F, 0x83, 0xC1, 0xFC, 0x0F, 0x86,
  0x60, 0x7E, 0x19, 0xC1, 0xF8, 0x63, 0x87, 0x71, 0x87, 0x39, 0xE0, 0x01,
  0xE3, 0xC0, 0x0F, 0x07, 0x80, 0x78, 0x0F, 0xFF, 0xC0, 0x0F, 0xFC, 0x00,
  0x07, 0x80, 0x00, 0xFF, 0xFF, 0xFF, 0xFF, 0xFF, 0xC0, 0x07, 0x80, 0x7F,
  0x83, 0xFF, 0x1E, 0x3E, 0x70, 0x3B, 0xC0, 0xFE, 0x03, 0xFC, 0x0F, 0xF0,
  0x39, 0xE1, 0xE7, 0xFF, 0x8F, 0xFC, 0x1F, 0xE0, 0x00, 0x78, 0x00, 0x03,
  0xC0, 0x00, 0x1E, 0x00, 0x00, 0xF0, 0x00, 0x07, 0x80, 0x00, 0x3C, 0x00,
  0x01, 0xE0, 0x00, 0x0F, 0x00, 0xFF, 0xFF, 0xFF, 0xFF, 0xFF, 0xFF, 0xFF,
  0xFF, 0xFF, 0xFF, 0xF0, 0x07, 0x80, 0x00, 0x3C, 0x00, 0x01, 0xE0, 0x00,
  0x0F, 0x00, 0x00, 0x78, 0x00, 0x03, 0xC0, 0x00, 0x1E, 0x00, 0x00, 0xF0,
  0x00, 0x00, 0x00, 0x00, 0x00, 0x00, 0x00, 0x00, 0x1F, 0xFF, 0xFF, 0xFF,
  0xFF, 0xFF, 0xFF, 0xFF, 0xC0, 0x1F, 0xE0, 0xFF, 0xE7, 0xFF, 0x9E, 0x1F,
  0xF0, 0x3C, 0x00, 0xF0, 0x03, 0xC0, 0x0F, 0x00, 0x7C, 0x01, 0xE0, 0x0F,
  0x00, 0x7C, 0x03, 0xE0, 0x1F, 0x00, 0xF8, 0x07, 0xC0, 0x3E, 0x01, 0xF0,
  0x07, 0xFF, 0xDF, 0xFF, 0x7F, 0xFC, 0x0F, 0xE0, 0x7F, 0xF0, 0xFF, 0xE3,
  0xC1, 0xE3, 0x83, 0xC0, 0x03, 0x80, 0x0F, 0x00, 0x1E, 0x07, 0xF8, 0x0F,
  0xE0, 0x1F, 0xC0, 0x3F, 0xC0, 0x03, 0xC0, 0x03, 0xC0, 0x07, 0x98, 0x0F,
  0xF8, 0x1E, 0xF0, 0x78, 0xFF, 0xF1, 0xFF, 0xC0, 0xFF, 0x00, 0x1F, 0x1E,
  0x3C, 0x3C, 0x78, 0x70, 0xF0, 0xF0, 0x00, 0x7C, 0x1E, 0x00, 0x0F, 0x83,
  0xC0, 0x01, 0xF0, 0x78, 0x00, 0x3E, 0x0F, 0x00, 0x07, 0xC1, 0xE0, 0x00,
  0xF8, 0x3C, 0x00, 0x1F, 0x07, 0x80, 0x03, 0xE0, 0xF0, 0x00, 0x7C, 0x1E,
  0x00, 0x0F, 0x83, 0xC0, 0x01, 0xF0, 0x78, 0x00, 0x3E, 0x0F, 0x00, 0x07,
  0xC1, 0xE0, 0x00, 0xF8, 0x3C, 0x00, 0x1F, 0x07, 0x80, 0x03, 0xE0, 0xF0,
  0x00, 0x7C, 0x1E, 0x00, 0x0F, 0x83, 0xE0, 0x01, 0xF0, 0x7C, 0x00, 0x7E,
  0x0F, 0xC0, 0x1F, 0xC1, 0xFE, 0x0F, 0x7C, 0x7F, 0xFF, 0xEF, 0xFF, 0xBF,
  0xF8, 0xFF, 0xF3, 0xFE, 0x0F, 0xFE, 0x1E, 0x00, 0xFB, 0xC0, 0x00, 0x00,
  0x78, 0x00, 0x00, 0x0F, 0x00, 0x00, 0x01, 0xE0, 0x00, 0x00, 0x3C, 0x00,
  0x00, 0x07, 0x80, 0x00, 0x00, 0xF0, 0x00, 0x00, 0x1E, 0x00, 0x00, 0x03,
  0xC0, 0x00, 0x00, 0x78, 0x00, 0x00, 0x00, 0x01, 0xFF, 0xFF, 0x83, 0xFF,
  0xFF, 0xC3, 0xFF, 0xFF, 0xE3, 0xFF, 0xFF, 0xF3, 0xFF, 0xF8, 0x7B, 0xFF,
  0xFC, 0x3D, 0xFF, 0xFE, 0x1F, 0xFF, 0xFF, 0x0F, 0xFF, 0xFF, 0x87, 0xFF,
  0xFF, 0xC3, 0xFF, 0xFF, 0xE1, 0xFF, 0xFF, 0xF0, 0xFF, 0xFF, 0xF8, 0x7B,
  0xFF, 0xFC, 0x3D, 0xFF, 0xFE, 0x1E, 0xFF, 0xFF, 0x0F, 0x3F, 0xFF, 0x87,
  0x8F, 0xFF, 0xC3, 0xC3, 0xFF, 0xE1, 0xE0, 0x7F, 0xF0, 0xF0, 0x01, 0xF8,
  0x78, 0x00, 0x3C, 0x3C, 0x00, 0x1E, 0x1E, 0x00, 0x0F, 0x0F, 0x00, 0x07,
  0x87, 0x80, 0x03, 0xC3, 0xC0, 0x01, 0xE1, 0xE0, 0x00, 0xF0, 0xF0, 0x00,
  0x78, 0x78, 0x00, 0x3C, 0x3C, 0x00, 0x1E, 0x1E, 0x00, 0x0F, 0x0F, 0x00,
  0x07, 0x87, 0x80, 0x03, 0xC3, 0xC0, 0x01, 0xE1, 0xE0, 0x00, 0xF0, 0xF0,
  0x00, 0x78, 0x78, 0x00, 0x3C, 0x3C, 0x00, 0x1E, 0x1E, 0x00, 0x0F, 0x0F,
  0x00, 0x07, 0x87, 0x80, 0x03, 0xC3, 0xC0, 0x01, 0xE1, 0xE0, 0x00, 0xF0,
  0xF0, 0x00, 0x78, 0x78, 0x00, 0x3C, 0x3C, 0x73, 0xEF, 0xFF, 0xFD, 0xE0,
  0x3C, 0x0E, 0x07, 0xE1, 0xFE, 0xFF, 0xCC, 0xF0, 0x1C, 0x07, 0xE3, 0xFF,
  0xF7, 0xF8, 0xFC, 0x07, 0x0F, 0x3F, 0x7F, 0xFF, 0x77, 0x27, 0x07, 0x07,
  0x07, 0x07, 0x07, 0x07, 0x07, 0x07, 0x07, 0x07, 0x07, 0x07, 0x07, 0x07,
  0x00, 0x7C, 0x00, 0x0F, 0xFE, 0x00, 0x7F, 0xFC, 0x07, 0xFF, 0xF8, 0x1F,
  0x03, 0xF0, 0xF8, 0x03, 0xE7, 0xC0, 0x07, 0x9E, 0x00, 0x1F, 0x78, 0x00,
  0x3D, 0xE0, 0x00, 0xF7, 0x80, 0x03, 0xFC, 0x00, 0x0F, 0x78, 0x00, 0x3D,
  0xE0, 0x00, 0xF7, 0x80, 0x03, 0xDE, 0x00, 0x1F, 0x3C, 0x00, 0x78, 0xF8,
  0x03, 0xE1, 0xF0, 0x3F, 0x03, 0xFF, 0xF8, 0x07, 0xFF, 0xC0, 0x0F, 0xFE,
  0x00, 0x07, 0x80, 0x00, 0x20, 0x08, 0x03, 0x81, 0xE0, 0x3E, 0x0F, 0x80,
  0xF8, 0x3E, 0x03, 0xE0, 0xF0, 0x0F, 0x83, 0xC0, 0x3C, 0x0F, 0x00, 0xF0,
  0x3C, 0x03, 0xC0, 0xF0, 0x0F, 0x03, 0xC0, 0x3C, 0x0E, 0x03, 0xC0, 0xF0,
  0x3C, 0x0F, 0x03, 0xC0, 0xF0, 0x3E, 0x0F, 0x03, 0xE0, 0xF0, 0x3E, 0x0F,
  0x03, 0xE0, 0xF8, 0x3E, 0x0F, 0x80, 0xE0, 0x78, 0x02, 0x01, 0x80, 0x00,
  0x00, 0x00, 0x00, 0x10, 0x00, 0x38, 0x00, 0x01, 0xE0, 0x03, 0xC0, 0x00,
  0x1F, 0x00, 0x7E, 0x00, 0x00, 0xF0, 0x07, 0xF0, 0x00, 0x0F, 0x00, 0x7F,
  0x80, 0x00, 0xF8, 0x01, 0xDC, 0x00, 0x07, 0x80, 0x04, 0xE0, 0x00, 0x78,
  0x00, 0x07, 0x00, 0x07, 0xC0, 0x00, 0x38, 0x00, 0x3C, 0x00, 0x01, 0xC0,
  0x03, 0xC0, 0x00, 0x0E, 0x00, 0x3E, 0x00, 0x00, 0x70, 0x01, 0xE0, 0x00,
  0x03, 0x80, 0x1E, 0x00, 0x00, 0x1C, 0x01, 0xF0, 0x00, 0x00, 0xE0, 0x0F,
  0x00, 0x78, 0x07, 0x00, 0xF0, 0x07, 0xC0, 0x38, 0x0F, 0x80, 0x7E, 0x01,
  0xC0, 0x78, 0x03, 0xF0, 0x0E, 0x07, 0x80, 0x3F, 0x80, 0x70, 0x7C, 0x03,
  0xFC, 0x03, 0x83, 0xC0, 0x1D, 0xE0, 0x00, 0x3C, 0x01, 0xEF, 0x00, 0x03,
  0xE0, 0x1E, 0x78, 0x00, 0x1E, 0x01, 0xE3, 0xC0, 0x01, 0xE0, 0x0F, 0x1E,
  0x00, 0x1F, 0x00, 0xF0, 0xF0, 0x00, 0xF0, 0x0F, 0x07, 0x80, 0x0F, 0x00,
  0x7F, 0xFF, 0x80, 0xF8, 0x07, 0xFF, 0xFC, 0x07, 0x80, 0x3F, 0xFF, 0xE0,
  0x78, 0x00, 0x00, 0x78, 0x07, 0xC0, 0x00, 0x03, 0xC0, 0x3C, 0x00, 0x00,
  0x1E, 0x03, 0xC0, 0x00, 0x00, 0xF0, 0x1E, 0x00, 0x00, 0x07, 0x80, 0x20,
  0x00, 0x00, 0x00, 0x00, 0x00, 0x00, 0x00, 0x10, 0x00, 0x38, 0x00, 0x01,
  0xE0, 0x03, 0xC0, 0x00, 0x1F, 0x00, 0x7E, 0x00, 0x00, 0xF0, 0x07, 0xF0,
  0x00, 0x0F, 0x00, 0x7F, 0x80, 0x00, 0xF8, 0x01, 0xDC, 0x00, 0x07, 0x80,
  0x04, 0xE0, 0x00, 0x78, 0x00, 0x07, 0x00, 0x07, 0xC0, 0x00, 0x38, 0x00,
  0x3C, 0x00, 0x01, 0xC0, 0x03, 0xC0, 0x00, 0x0E, 0x00, 0x3E, 0x00, 0x00,
  0x70, 0x01, 0xE0, 0x00, 0x03, 0x80, 0x1E, 0x00, 0x00, 0x1C, 0x01, 0xF0,
  0x00, 0x00, 0xE0, 0x0F, 0x03, 0xF8, 0x07, 0x00, 0xF0, 0x7F, 0xF0, 0x38,
  0x0F, 0x87, 0xFF, 0x81, 0xC0, 0x78, 0x3C, 0x3E, 0x0E, 0x07, 0x80, 0xE0,
  0xF0, 0x70, 0x7C, 0x00, 0x03, 0x83, 0x83, 0xC0, 0x00, 0x3C, 0x00, 0x3C,
  0x00, 0x01, 0xE0, 0x03, 0xE0, 0x00, 0x0F, 0x00, 0x1E, 0x00, 0x00, 0xF0,
  0x01, 0xE0, 0x00, 0x0F, 0x80, 0x1F, 0x00, 0x00, 0xF8, 0x00, 0xF0, 0x00,
  0x0F, 0x80, 0x0F, 0x00, 0x00, 0xF8, 0x00, 0xF8, 0x00, 0x0F, 0x80, 0x07,
  0x80, 0x00, 0xF8, 0x00, 0x78, 0x00, 0x0F, 0x80, 0x07, 0xC0, 0x00, 0xF8,
  0x00, 0x3C, 0x00, 0x07, 0xFF, 0xC3, 0xC0, 0x00, 0x3F, 0xFE, 0x1E, 0x00,
  0x01, 0xFF, 0xF0, 0x20, 0x00, 0x00, 0x00, 0x00, 0x00, 0x00, 0x00, 0x01,
  0x80, 0x07, 0xF0, 0x00, 0x00, 0xF0, 0x0F, 0xFE, 0x00, 0x00, 0xF0, 0x07,
  0xFF, 0x00, 0x00, 0xF8, 0x07, 0x83, 0xC0, 0x00, 0x78, 0x01, 0xC1, 0xE0,
  0x00, 0x78, 0x00, 0x00, 0x70, 0x00, 0x7C, 0x00, 0x00, 0x78, 0x00, 0x3C,
  0x00, 0x00, 0x3C, 0x00, 0x3C, 0x00, 0x03, 0xFC, 0x00, 0x3E, 0x00, 0x01,
  0xFC, 0x00, 0x1E, 0x00, 0x00, 0xFE, 0x00, 0x1E, 0x00, 0x00, 0x7F, 0x80,
  0x1F, 0x00, 0x00, 0x01, 0xE0, 0x0F, 0x00, 0x00, 0x00, 0x78, 0x0F, 0x00,
  0x00, 0x00, 0x3C, 0x0F, 0x80, 0x78, 0x30, 0x1E, 0x07, 0x80, 0x3C, 0x7C,
  0x0F, 0x07, 0x80, 0x3E, 0x1E, 0x0F, 0x07, 0xC0, 0x3F, 0x07, 0xFF, 0x83,
  0xC0, 0x3F, 0x83, 0xFF, 0x83, 0xC0, 0x1F, 0xC0, 0x7F, 0x83, 0xE0, 0x1E,
  0xE0, 0x00, 0x01, 0xE0, 0x1E, 0x70, 0x00, 0x01, 0xE0, 0x0F, 0x38, 0x00,
  0x01, 0xE0, 0x0F, 0x1C, 0x00, 0x01, 0xF0, 0x0F, 0x0E, 0x00, 0x00, 0xF0,
  0x07, 0x87, 0x00, 0x00, 0xF0, 0x07, 0x83, 0x80, 0x00, 0xF8, 0x07, 0xFF,
  0xF8, 0x00, 0x78, 0x03, 0xFF, 0xFC, 0x00, 0x78, 0x01, 0xFF, 0xFE, 0x00,
  0x7C, 0x00, 0x00, 0x38, 0x00, 0x3C, 0x00, 0x00, 0x1C, 0x00, 0x3C, 0x00,
  0x00, 0x0E, 0x00, 0x3E, 0x00, 0x00, 0x07, 0x00, 0x0E, 0x00, 0x00, 0x03,
  0x80, 0x02, 0x00, 0x00, 0x00, 0x00, 0x01, 0xF0, 0x00, 0x7F, 0x00, 0x0F,
  0xE0, 0x01, 0xFC, 0x00, 0x3F, 0x80, 0x07, 0xF0, 0x00, 0x78, 0x00, 0x00,
  0x00, 0x00, 0x00, 0x00, 0x00, 0x00, 0x00, 0x00, 0x00, 0xF8, 0x00, 0x1F,
  0x00, 0x03, 0xE0, 0x00, 0x7C, 0x00, 0x0F, 0x80, 0x03, 0xE0, 0x00, 0xFC,
  0x00, 0x3F, 0x00, 0x0F, 0xC0, 0x03, 0xF0, 0x00, 0x7C, 0x00, 0x1F, 0x00,
  0x03, 0xC0, 0x00, 0xF8, 0x00, 0x1E, 0x00, 0x03, 0xC0, 0x00, 0x78, 0x00,
  0xCF, 0x80, 0x1F, 0xF0, 0x07, 0xDF, 0x01, 0xFB, 0xF8, 0xFE, 0x3F, 0xFF,
  0x83, 0xFF, 0xE0, 0x3F, 0xF8, 0x01, 0xF8, 0x00, 0x00, 0x3E, 0x00, 0x00,
  0x00, 0x3C, 0x00, 0x00, 0x00, 0x7C, 0x00, 0x00, 0x00, 0x78, 0x00, 0x00,
  0x00, 0x70, 0x00, 0x00, 0x00, 0xF0, 0x00, 0x00, 0x00, 0xE0, 0x00, 0x00,
  0x00, 0x00, 0x00, 0x00, 0x00, 0x00, 0x00, 0x00, 0x00, 0x00, 0x00, 0x00,
  0x00, 0x00, 0x00, 0x00, 0x3E, 0x00, 0x00, 0x00, 0xFC, 0x00, 0x00, 0x01,
  0xFC, 0x00, 0x00, 0x03, 0xF8, 0x00, 0x00, 0x0F, 0xF8, 0x00, 0x00, 0x1E,
  0xF0, 0x00, 0x00, 0x3D, 0xE0, 0x00, 0x00, 0xF3, 0xE0, 0x00, 0x01, 0xE3,
  0xC0, 0x00, 0x07, 0xC7, 0x80, 0x00, 0x0F, 0x07, 0x80, 0x00, 0x1E, 0x0F,
  0x00, 0x00, 0x7C, 0x1F, 0x00, 0x00, 0xF0, 0x1E, 0x00, 0x01, 0xE0, 0x3C,
  0x00, 0x07, 0x80, 0x7C, 0x00, 0x0F, 0x00, 0x78, 0x00, 0x3E, 0x00, 0xF0,
  0x00, 0x78, 0x01, 0xF0, 0x00, 0xF0, 0x01, 0xE0, 0x03, 0xE0, 0x03, 0xE0,
  0x07, 0xFF, 0xFF, 0xC0, 0x1F, 0xFF, 0xFF, 0x80, 0x3F, 0xFF, 0xFF, 0x80,
  0x7F, 0xFF, 0xFF, 0x01, 0xF0, 0x00, 0x1E, 0x03, 0xC0, 0x00, 0x3E, 0x07,
  0x80, 0x00, 0x3C, 0x1F, 0x00, 0x00, 0x7C, 0x3C, 0x00, 0x00, 0xF8, 0xF8,
  0x00, 0x00, 0xF1, 0xF0, 0x00, 0x01, 0xF3, 0xC0, 0x00, 0x01, 0xEF, 0x80,
  0x00, 0x03, 0xFE, 0x00, 0x00, 0x07, 0xC0, 0x00, 0x00, 0xF8, 0x00, 0x00,
  0x01, 0xE0, 0x00, 0x00, 0x07, 0x80, 0x00, 0x00, 0x0F, 0x00, 0x00, 0x00,
  0x3C, 0x00, 0x00, 0x00, 0x78, 0x00, 0x00, 0x01, 0xE0, 0x00, 0x00, 0x00,
  0x00, 0x00, 0x00, 0x00, 0x00, 0x00, 0x00, 0x00, 0x00, 0x00, 0x00, 0x00,
  0x00, 0x00, 0x00, 0x3E, 0x00, 0x00, 0x00, 0xFC, 0x00, 0x00, 0x01, 0xFC,
  0x00, 0x00, 0x03, 0xF8, 0x00, 0x00, 0x0F, 0xF8, 0x00, 0x00, 0x1E, 0xF0,
  0x00, 0x00, 0x3D, 0xE0, 0x00, 0x00, 0xF3, 0xE0, 0x00, 0x01, 0xE3, 0xC0,
  0x00, 0x07, 0xC7, 0x80, 0x00, 0x0F, 0x07, 0x80, 0x00, 0x1E, 0x0F, 0x00,
  0x00, 0x7C, 0x1F, 0x00, 0x00, 0xF0, 0x1E, 0x00, 0x01, 0xE0, 0x3C, 0x00,
  0x07, 0x80, 0x7C, 0x00, 0x0F, 0x00, 0x78, 0x00, 0x3E, 0x00, 0xF0, 0x00,
  0x78, 0x01, 0xF0, 0x00, 0xF0, 0x01, 0xE0, 0x03, 0xE0, 0x03, 0xE0, 0x07,
  0xFF, 0xFF, 0xC0, 0x1F, 0xFF, 0xFF, 0x80, 0x3F, 0xFF, 0xFF, 0x80, 0x7F,
  0xFF, 0xFF, 0x01, 0xF0, 0x00, 0x1E, 0x03, 0xC0, 0x00, 0x3E, 0x07, 0x80,
  0x00, 0x3C, 0x1F, 0x00, 0x00, 0x7C, 0x3C, 0x00, 0x00, 0xF8, 0xF8, 0x00,
  0x00, 0xF1, 0xF0, 0x00, 0x01, 0xF3, 0xC0, 0x00, 0x01, 0xEF, 0x80, 0x00,
  0x03, 0xFE, 0x00, 0x00, 0x07, 0xC0, 0x00, 0x07, 0xC0, 0x00, 0x00, 0x1F,
  0xC0, 0x00, 0x00, 0x7B, 0xC0, 0x00, 0x01, 0xE3, 0xC0, 0x00, 0x07, 0x83,
  0xC0, 0x00, 0x1E, 0x07, 0x80, 0x00, 0x7C, 0x07, 0x80, 0x00, 0x00, 0x00,
  0x00, 0x00, 0x00, 0x00, 0x00, 0x00, 0x00, 0x00, 0x00, 0x00, 0x00, 0x00,
  0x00, 0x00, 0x3E, 0x00, 0x00, 0x00, 0xFC, 0x00, 0x00, 0x01, 0xFC, 0x00,
  0x00, 0x03, 0xF8, 0x00, 0x00, 0x0F, 0xF8, 0x00, 0x00, 0x1E, 0xF0, 0x00,
  0x00, 0x3D, 0xE0, 0x00, 0x00, 0xF3, 0xE0, 0x00, 0x01, 0xE3, 0xC0, 0x00,
  0x07, 0xC7, 0x80, 0x00, 0x0F, 0x07, 0x80, 0x00, 0x1E, 0x0F, 0x00, 0x00,
  0x7C, 0x1F, 0x00, 0x00, 0xF0, 0x1E, 0x00, 0x01, 0xE0, 0x3C, 0x00, 0x07,
  0x80, 0x7C, 0x00, 0x0F, 0x00, 0x78, 0x00, 0x3E, 0x00, 0xF0, 0x00, 0x78,
  0x01, 0xF0, 0x00, 0xF0, 0x01, 0xE0, 0x03, 0xE0, 0x03, 0xE0, 0x07, 0xFF,
  0xFF, 0xC0, 0x1F, 0xFF, 0xFF, 0x80, 0x3F, 0xFF, 0xFF, 0x80, 0x7F, 0xFF,
  0xFF, 0x01, 0xF0, 0x00, 0x1E, 0x03, 0xC0, 0x00, 0x3E, 0x07, 0x80, 0x00,
  0x3C, 0x1F, 0x00, 0x00, 0x7C, 0x3C, 0x00, 0x00, 0xF8, 0xF8, 0x00, 0x00,
  0xF1, 0xF0, 0x00, 0x01, 0xF3, 0xC0, 0x00, 0x01, 0xEF, 0x80, 0x00, 0x03,
  0xFE, 0x00, 0x00, 0x07, 0xC0, 0x00, 0x08, 0x00, 0x00, 0x00, 0xFC, 0x1E,
  0x00, 0x03, 0xFE, 0x38, 0x00, 0x07, 0xFF, 0xF0, 0x00, 0x1E, 0x3F, 0xE0,
  0x00, 0x38, 0x3F, 0x80, 0x00, 0x00, 0x1C, 0x00, 0x00, 0x00, 0x00, 0x00,
  0x00, 0x00, 0x00, 0x00, 0x00, 0x00, 0x00, 0x00, 0x00, 0x00, 0x00, 0x00,
  0x00, 0x3E, 0x00, 0x00, 0x00, 0xFC, 0x00, 0x00, 0x01, 0xFC, 0x00, 0x00,
  0x03, 0xF8, 0x00, 0x00, 0x0F, 0xF8, 0x00, 0x00, 0x1E, 0xF0, 0x00, 0x00,
  0x3D, 0xE0, 0x00, 0x00, 0xF3, 0xE0, 0x00, 0x01, 0xE3, 0xC0, 0x00, 0x07,
  0xC7, 0x80, 0x00, 0x0F, 0x07, 0x80, 0x00, 0x1E, 0x0F, 0x00, 0x00, 0x7C,
  0x1F, 0x00, 0x00, 0xF0, 0x1E, 0x00, 0x01, 0xE0, 0x3C, 0x00, 0x07, 0x80,
  0x7C, 0x00, 0x0F, 0x00, 0x78, 0x00, 0x3E, 0x00, 0xF0, 0x00, 0x78, 0x01,
  0xF0, 0x00, 0xF0, 0x01, 0xE0, 0x03, 0xE0, 0x03, 0xE0, 0x07, 0xFF, 0xFF,
  0xC0, 0x1F, 0xFF, 0xFF, 0x80, 0x3F, 0xFF, 0xFF, 0x80, 0x7F, 0xFF, 0xFF,
  0x01, 0xF0, 0x00, 0x1E, 0x03, 0xC0, 0x00, 0x3E, 0x07, 0x80, 0x00, 0x3C,
  0x1F, 0x00, 0x00, 0x7C, 0x3C, 0x00, 0x00, 0xF8, 0xF8, 0x00, 0x00, 0xF1,
  0xF0, 0x00, 0x01, 0xF3, 0xC0, 0x00, 0x01, 0xEF, 0x80, 0x00, 0x03, 0xFE,
  0x00, 0x00, 0x07, 0xC0, 0x00, 0x20, 0x18, 0x00, 0x00, 0xF0, 0x78, 0x00,
  0x03, 0xE0, 0xF8, 0x00, 0x07, 0xC1, 0xF0, 0x00, 0x0F, 0x83, 0xC0, 0x00,
  0x0E, 0x03, 0x00, 0x00, 0x00, 0x00, 0x00, 0x00, 0x00, 0x00, 0x00, 0x00,
  0x00, 0x00, 0x00, 0x00, 0x00, 0x00, 0x00, 0x00, 0x00, 0x00, 0x00, 0x00,
  0x3E, 0x00, 0x00, 0x00, 0xFC, 0x00, 0x00, 0x01, 0xFC, 0x00, 0x00, 0x03,
  0xF8, 0x00, 0x00, 0x0F, 0xF8, 0x00, 0x00, 0x1E, 0xF0, 0x00, 0x00, 0x3D,
  0xE0, 0x00, 0x00, 0xF3, 0xE0, 0x00, 0x01, 0xE3, 0xC0, 0x00, 0x07, 0xC7,
  0x80, 0x00, 0x0F, 0x07, 0x80, 0x00, 0x1E, 0x0F, 0x00, 0x00, 0x7C, 0x1F,
  0x00, 0x00, 0xF0, 0x1E, 0x00, 0x01, 0xE0, 0x3C, 0x00, 0x07, 0x80, 0x7C,
  0x00, 0x0F, 0x00, 0x78, 0x00, 0x3E, 0x00, 0xF0, 0x00, 0x78, 0x01, 0xF0,
  0x00, 0xF0, 0x01, 0xE0, 0x03, 0xE0, 0x03, 0xE0, 0x07, 0xFF, 0xFF, 0xC0,
  0x1F, 0xFF, 0xFF, 0x80, 0x3F, 0xFF, 0xFF, 0x80, 0x7F, 0xFF, 0xFF, 0x01,
  0xF0, 0x00, 0x1E, 0x03, 0xC0, 0x00, 0x3E, 0x07, 0x80, 0x00, 0x3C, 0x1F,
  0x00, 0x00, 0x7C, 0x3C, 0x00, 0x00, 0xF8, 0xF8, 0x00, 0x00, 0xF1, 0xF0,
  0x00, 0x01, 0xF3, 0xC0, 0x00, 0x01, 0xEF, 0x80, 0x00, 0x03, 0xFE, 0x00,
  0x00, 0x07, 0xC0, 0x00, 0x07, 0xC0, 0x00, 0x00, 0x1F, 0xC0, 0x00, 0x00,
  0x7F, 0xC0, 0x00, 0x01, 0xE3, 0x80, 0x00, 0x03, 0x83, 0x80, 0x00, 0x07,
  0x07, 0x00, 0x00, 0x0E, 0x0E, 0x00, 0x00, 0x0E, 0x38, 0x00, 0x00, 0x1F,
  0xF0, 0x00, 0x00, 0x1F, 0xC0, 0x00, 0x00, 0x04, 0x00, 0x00, 0x00, 0x00,
  0x00, 0x00, 0x00, 0x00, 0x00, 0x00, 0x00, 0x00, 0x00, 0x00, 0x01, 0xF0,
  0x00, 0x00, 0x07, 0xE0, 0x00, 0x00, 0x0F, 0xE0, 0x00, 0x00, 0x1F, 0xC0,
  0x00, 0x00, 0x7F, 0xC0, 0x00, 0x00, 0xF7, 0x80, 0x00, 0x01, 0xEF, 0x00,
  0x00, 0x07, 0x9F, 0x00, 0x00, 0x0F, 0x1E, 0x00, 0x00, 0x3E, 0x3C, 0x00,
  0x00, 0x78, 0x3C, 0x00, 0x00, 0xF0, 0x78, 0x00, 0x03, 0xE0, 0xF8, 0x00,
  0x07, 0x80, 0xF0, 0x00, 0x0F, 0x01, 0xE0, 0x00, 0x3C, 0x03, 0xE0, 0x00,
  0x78, 0x03, 0xC0, 0x01, 0xF0, 0x07, 0x80, 0x03, 0xC0, 0x0F, 0x80, 0x07,
  0x80, 0x0F, 0x00, 0x1F, 0x00, 0x1F, 0x00, 0x3F, 0xFF, 0xFE, 0x00, 0xFF,
  0xFF, 0xFC, 0x01, 0xFF, 0xFF, 0xFC, 0x03, 0xFF, 0xFF, 0xF8, 0x0F, 0x80,
  0x00, 0xF0, 0x1E, 0x00, 0x01, 0xF0, 0x3C, 0x00, 0x01, 0xE0, 0xF8, 0x00,
  0x03, 0xE1, 0xE0, 0x00, 0x07, 0xC7, 0xC0, 0x00, 0x07, 0x8F, 0x80, 0x00,
  0x0F, 0x9E, 0x00, 0x00, 0x0F, 0x7C, 0x00, 0x00, 0x1F, 0xF0, 0x00, 0x00,
  0x3E, 0x00, 0x00, 0x07, 0xFF, 0xFF, 0xE0, 0x00, 0x01, 0xFF, 0xFF, 0xFC,
  0x00, 0x00, 0x7F, 0xFF, 0xFF, 0x80, 0x00, 0x0F, 0xFF, 0xFF, 0xF0, 0x00,
  0x03, 0xFE, 0x00, 0x00, 0x00, 0x00, 0x7B, 0xC0, 0x00, 0x00, 0x00, 0x1F,
  0x78, 0x00, 0x00, 0x00, 0x07, 0xCF, 0x00, 0x00, 0x00, 0x00, 0xF9, 0xE0,
  0x00, 0x00, 0x00, 0x3E, 0x3C, 0x00, 0x00, 0x00, 0x07, 0x87, 0x80, 0x00,
  0x00, 0x01, 0xF0, 0xF0, 0x00, 0x00, 0x00, 0x7C, 0x1E, 0x00, 0x00, 0x00,
  0x0F, 0x83, 0xC0, 0x00, 0x00, 0x03, 0xE0, 0x78, 0x00, 0x00, 0x00, 0xF8,
  0x0F, 0x00, 0x00, 0x00, 0x1F, 0x01, 0xFF, 0xFF, 0xC0, 0x07, 0xC0, 0x3F,
  0xFF, 0xF8, 0x00, 0xF8, 0x07, 0xFF, 0xFF, 0x00, 0x3E, 0x00, 0xF0, 0x00,
  0x00, 0x0F, 0x80, 0x1E, 0x00, 0x00, 0x01, 0xFF, 0xFF, 0xC0, 0x00, 0x00,
  0x7F, 0xFF, 0xF8, 0x00, 0x00, 0x0F, 0xFF, 0xFF, 0x00, 0x00, 0x03, 0xFF,
  0xFF, 0xE0, 0x00, 0x00, 0xF8, 0x00, 0x3C, 0x00, 0x00, 0x1F, 0x00, 0x07,
  0x80, 0x00, 0x07, 0xC0, 0x00, 0xF0, 0x00, 0x00, 0xF8, 0x00, 0x1E, 0x00,
  0x00, 0x3E, 0x00, 0x03, 0xC0, 0x00, 0x0F, 0x80, 0x00, 0x78, 0x00, 0x01,
  0xF0, 0x00, 0x0F, 0xFF, 0xFF, 0x7C, 0x00, 0x01, 0xFF, 0xFF, 0xEF, 0x80,
  0x00, 0x3F, 0xFF, 0xFF, 0xE0, 0x00, 0x07, 0xFF, 0xFF, 0x80, 0x00, 0x01,
  0xFC, 0x00, 0x00, 0x1F, 0xFF, 0x80, 0x00, 0x7F, 0xFF, 0xE0, 0x00, 0xFF,
  0xFF, 0xF8, 0x03, 0xFE, 0x07, 0xFC, 0x07, 0xF0, 0x00, 0xFE, 0x0F, 0xC0,
  0x00, 0x3E, 0x0F, 0x80, 0x00, 0x1C, 0x1F, 0x00, 0x00, 0x08, 0x3E, 0x00,
  0x00, 0x00, 0x3C, 0x00, 0x00, 0x00, 0x7C, 0x00, 0x00, 0x00, 0x78, 0x00,
  0x00, 0x00, 0x78, 0x00, 0x00, 0x00, 0x78, 0x00, 0x00, 0x00, 0xF8, 0x00,
  0x00, 0x00, 0xF8, 0x00, 0x00, 0x00, 0xF0, 0x00, 0x00, 0x00, 0xF0, 0x00,
  0x00, 0x00, 0xF0, 0x00, 0x00, 0x00, 0xF8, 0x00, 0x00, 0x00, 0xF8, 0x00,
  0x00, 0x00, 0x78, 0x00, 0x00, 0x00, 0x78, 0x00, 0x00, 0x00, 0x7C, 0x00,
  0x00, 0x00, 0x7C, 0x00, 0x00, 0x00, 0x3E, 0x00, 0x00, 0x00, 0x3E, 0x00,
  0x00, 0x04, 0x1F, 0x00, 0x00, 0x0C, 0x0F, 0x80, 0x00, 0x1F, 0x0F, 0xC0,
  0x00, 0x3F, 0x07, 0xF0, 0x00, 0xFE, 0x03, 0xFE, 0x07, 0xFC, 0x00, 0xFF,
  0xFF, 0xF8, 0x00, 0x7F, 0xFF, 0xE0, 0x00, 0x1F, 0xFF, 0x80, 0x00, 0x01,
  0xFC, 0x00, 0x00, 0x03, 0x80, 0x00, 0x00, 0x03, 0xF0, 0x00, 0x00, 0x07,
  0xFC, 0x00, 0x00, 0x07, 0xFC, 0x00, 0x00, 0x01, 0x1E, 0x00, 0x00, 0x00,
  0x1E, 0x00, 0x00, 0x00, 0x1E, 0x00, 0x00, 0x0F, 0x1E, 0x00, 0x00, 0x07,
  0xFC, 0x00, 0x00, 0x07, 0xFC, 0x00, 0x00, 0x01, 0xF8, 0x00, 0x0F, 0x80,
  0x00, 0x7C, 0x00, 0x03, 0xC0, 0x00, 0x1E, 0x00, 0x01, 0xE0, 0x00, 0x0F,
  0x00, 0x00, 0xF0, 0x00, 0x00, 0x00, 0x00, 0x00, 0x00, 0x00, 0x00, 0x00,
  0x00, 0x0F, 0xFF, 0xFE, 0xFF, 0xFF, 0xEF, 0xFF, 0xFE, 0xFF, 0xFF, 0xEF,
  0x00, 0x00, 0xF0, 0x00, 0x0F, 0x00, 0x00, 0xF0, 0x00, 0x0F, 0x00, 0x00,
  0xF0, 0x00, 0x0F, 0x00, 0x00, 0xF0, 0x00, 0x0F, 0x00, 0x00, 0xF0, 0x00,
  0x0F, 0x00, 0x00, 0xF0, 0x00, 0x0F, 0xFF, 0xFE, 0xFF, 0xFF, 0xEF, 0xFF,
  0xFE, 0xF0, 0x00, 0x0F, 0x00, 0x00, 0xF0, 0x00, 0x0F, 0x00, 0x00, 0xF0,
  0x00, 0x0F, 0x00, 0x00, 0xF0, 0x00, 0x0F, 0x00, 0x00, 0xF0, 0x00, 0x0F,
  0x00, 0x00, 0xF0, 0x00, 0x0F, 0x00, 0x00, 0xFF, 0xFF, 0xFF, 0xFF, 0xFF,
  0xFF, 0xFF, 0xFF, 0xFF, 0xFF, 0x00, 0x1F, 0x00, 0x03, 0xE0, 0x00, 0x3C,
  0x00, 0x07, 0x80, 0x00, 0x78, 0x00, 0x07, 0x00, 0x00, 0xF0, 0x00, 0x00,
  0x00, 0x00, 0x00, 0x00, 0x00, 0x00, 0x00, 0x00, 0x0F, 0xFF, 0xFE, 0xFF,
  0xFF, 0xEF, 0xFF, 0xFE, 0xFF, 0xFF, 0xEF, 0x00, 0x00, 0xF0, 0x00, 0x0F,
  0x00, 0x00, 0xF0, 0x00, 0x0F, 0x00, 0x00, 0xF0, 0x00, 0x0F, 0x00, 0x00,
  0xF0, 0x00, 0x0F, 0x00, 0x00, 0xF0, 0x00, 0x0F, 0x00, 0x00, 0xF0, 0x00,
  0x0F, 0xFF, 0xFE, 0xFF, 0xFF, 0xEF, 0xFF, 0xFE, 0xF0, 0x00, 0x0F, 0x00,
  0x00, 0xF0, 0x00, 0x0F, 0x00, 0x00, 0xF0, 0x00, 0x0F, 0x00, 0x00, 0xF0,
  0x00, 0x0F, 0x00, 0x00, 0xF0, 0x00, 0x0F, 0x00, 0x00, 0xF0, 0x00, 0x0F,
  0x00, 0x00, 0xFF, 0xFF, 0xFF, 0xFF, 0xFF, 0xFF, 0xFF, 0xFF, 0xFF, 0xFF,
  0x01, 0xF8, 0x00, 0x1F, 0xC0, 0x03, 0xFC, 0x00, 0x79, 0xE0, 0x0F, 0x0F,
  0x01, 0xE0, 0x78, 0x3C, 0x03, 0xC0, 0x00, 0x00, 0x00, 0x00, 0x00, 0x00,
  0x00, 0x00, 0x00, 0x0F, 0xFF, 0xFE, 0xFF, 0xFF, 0xEF, 0xFF, 0xFE, 0xFF,
  0xFF, 0xEF, 0x00, 0x00, 0xF0, 0x00, 0x0F, 0x00, 0x00, 0xF0, 0x00, 0x0F,
  0x00, 0x00, 0xF0, 0x00, 0x0F, 0x00, 0x00, 0xF0, 0x00, 0x0F, 0x00, 0x00,
  0xF0, 0x00, 0x0F, 0x00, 0x00, 0xF0, 0x00, 0x0F, 0xFF, 0xFE, 0xFF, 0xFF,
  0xEF, 0xFF, 0xFE, 0xF0, 0x00, 0x0F, 0x00, 0x00, 0xF0, 0x00, 0x0F, 0x00,
  0x00, 0xF0, 0x00, 0x0F, 0x00, 0x00, 0xF0, 0x00, 0x0F, 0x00, 0x00, 0xF0,
  0x00, 0x0F, 0x00, 0x00, 0xF0, 0x00, 0x0F, 0x00, 0x00, 0xFF, 0xFF, 0xFF,
  0xFF, 0xFF, 0xFF, 0xFF, 0xFF, 0xFF, 0xFF, 0x04, 0x02, 0x01, 0xE0, 0x78,
  0x1F, 0x0F, 0x81, 0xF0, 0xF8, 0x1F, 0x07, 0x80, 0xE0, 0x30, 0x00, 0x00,
  0x00, 0x00, 0x00, 0x00, 0x00, 0x00, 0x00, 0x00, 0x00, 0x00, 0x0F, 0xFF,
  0xFE, 0xFF, 0xFF, 0xEF, 0xFF, 0xFE, 0xFF, 0xFF, 0xEF, 0x00, 0x00, 0xF0,
  0x00, 0x0F, 0x00, 0x00, 0xF0, 0x00, 0x0F, 0x00, 0x00, 0xF0, 0x00, 0x0F,
  0x00, 0x00, 0xF0, 0x00, 0x0F, 0x00, 0x00, 0xF0, 0x00, 0x0F, 0x00, 0x00,
  0xF0, 0x00, 0x0F, 0xFF, 0xFE, 0xFF, 0xFF, 0xEF, 0xFF, 0xFE, 0xF0, 0x00,
  0x0F, 0x00, 0x00, 0xF0, 0x00, 0x0F, 0x00, 0x00, 0xF0, 0x00, 0x0F, 0x00,
  0x00, 0xF0, 0x00, 0x0F, 0x00, 0x00, 0xF0, 0x00, 0x0F, 0x00, 0x00, 0xF0,
  0x00, 0x0F, 0x00, 0x00, 0xFF, 0xFF, 0xFF, 0xFF, 0xFF, 0xFF, 0xFF, 0xFF,
  0xFF, 0xFF, 0xF8, 0x7C, 0x3C, 0x1E, 0x1E, 0x0F, 0x0F, 0x00, 0x00, 0x00,
  0x00, 0x0F, 0x0F, 0x0F, 0x0F, 0x0F, 0x0F, 0x0F, 0x0F, 0x0F, 0x0F, 0x0F,
  0x0F, 0x0F, 0x0F, 0x0F, 0x0F, 0x0F, 0x0F, 0x0F, 0x0F, 0x0F, 0x0F, 0x0F,
  0x0F, 0x0F, 0x0F, 0x0F, 0x0F, 0x0F, 0x0F, 0x0F, 0x0F, 0x0F, 0x0F, 0x0F,
  0x1F, 0x3E, 0x3C, 0x78, 0x78, 0xF0, 0xF0, 0x00, 0x00, 0x00, 0x00, 0xF0,
  0xF0, 0xF0, 0xF0, 0xF0, 0xF0, 0xF0, 0xF0, 0xF0, 0xF0, 0xF0, 0xF0, 0xF0,
  0xF0, 0xF0, 0xF0, 0xF0, 0xF0, 0xF0, 0xF0, 0xF0, 0xF0, 0xF0, 0xF0, 0xF0,
  0xF0, 0xF0, 0xF0, 0xF0, 0xF0, 0xF0, 0xF0, 0xF0, 0xF0, 0xF0, 0x07, 0xE0,
  0x0F, 0xF0, 0x0F, 0xF0, 0x1E, 0x78, 0x3C, 0x3C, 0x78, 0x1E, 0xF0, 0x0F,
  0x00, 0x00, 0x00, 0x00, 0x00, 0x00, 0x00, 0x00, 0x03, 0xC0, 0x03, 0xC0,
  0x03, 0xC0, 0x03, 0xC0, 0x03, 0xC0, 0x03, 0xC0, 0x03, 0xC0, 0x03, 0xC0,
  0x03, 0xC0, 0x03, 0xC0, 0x03, 0xC0, 0x03, 0xC0, 0x03, 0xC0, 0x03, 0xC0,
  0x03, 0xC0, 0x03, 0xC0, 0x03, 0xC0, 0x03, 0xC0, 0x03, 0xC0, 0x03, 0xC0,
  0x03, 0xC0, 0x03, 0xC0, 0x03, 0xC0, 0x03, 0xC0, 0x03, 0xC0, 0x03, 0xC0,
  0x03, 0xC0, 0x03, 0xC0, 0x03, 0xC0, 0x03, 0xC0, 0x03, 0xC0, 0x03, 0xC0,
  0x03, 0xC0, 0x03, 0xC0, 0x03, 0xC0, 0x20, 0x1B, 0xC0, 0xFF, 0x87, 0xFE,
  0x1F, 0xF8, 0x3D, 0xC0, 0x60, 0x00, 0x00, 0x00, 0x00, 0x00, 0x00, 0x00,
  0x00, 0x01, 0xE0, 0x07, 0x80, 0x1E, 0x00, 0x78, 0x01, 0xE0, 0x07, 0x80,
  0x1E, 0x00, 0x78, 0x01, 0xE0, 0x07, 0x80, 0x1E, 0x00, 0x78, 0x01, 0xE0,
  0x07, 0x80, 0x1E, 0x00, 0x78, 0x01, 0xE0, 0x07, 0x80, 0x1E, 0x00, 0x78,
  0x01, 0xE0, 0x07, 0x80, 0x1E, 0x00, 0x78, 0x01, 0xE0, 0x07, 0x80, 0x1E,
  0x00, 0x78, 0x01, 0xE0, 0x07, 0x80, 0x1E, 0x00, 0x78, 0x01, 0xE0, 0x07,
  0x80, 0x1E, 0x00, 0x0F, 0xFF, 0xE0, 0x00, 0x0F, 0xFF, 0xFE, 0x00, 0x0F,
  0xFF, 0xFF, 0x00, 0x0F, 0xFF, 0xFF, 0xC0, 0x0F, 0x00, 0x1F, 0xE0, 0x0F,
  0x00, 0x03, 0xF0, 0x0F, 0x00, 0x01, 0xF8, 0x0F, 0x00, 0x00, 0xFC, 0x0F,
  0x00, 0x00, 0x7C, 0x0F, 0x00, 0x00, 0x3E, 0x0F, 0x00, 0x00, 0x1E, 0x0F,
  0x00, 0x00, 0x1E, 0x0F, 0x00, 0x00, 0x1F, 0x0F, 0x00, 0x00, 0x0F, 0x0F,
  0x00, 0x00, 0x0F, 0x0F, 0x00, 0x00, 0x0F, 0xFF, 0xFF, 0xC0, 0x0F, 0xFF,
  0xFF, 0xC0, 0x0F, 0xFF, 0xFF, 0xC0, 0x0F, 0x0F, 0x00, 0x00, 0x0F, 0x0F,
  0x00, 0x00, 0x0F, 0x0F, 0x00, 0x00, 0x0F, 0x0F, 0x00, 0x00, 0x1F, 0x0F,
  0x00, 0x00, 0x1E, 0x0F, 0x00, 0x00, 0x3E, 0x0F, 0x00, 0x00, 0x3E, 0x0F,
  0x00, 0x00, 0x7C, 0x0F, 0x00, 0x00, 0xFC, 0x0F, 0x00, 0x01, 0xF8, 0x0F,
  0x00, 0x03, 0xF0, 0x0F, 0x00, 0x1F, 0xE0, 0x0F, 0xFF, 0xFF, 0xC0, 0x0F,
  0xFF, 0xFF, 0x00, 0x0F, 0xFF, 0xFC, 0x00, 0x0F, 0xFF, 0xE0, 0x00, 0x00,
  0x20, 0x00, 0x00, 0x3F, 0x07, 0x00, 0x0F, 0xF8, 0xE0, 0x01, 0xFF, 0xFC,
  0x00, 0x78, 0xFF, 0x80, 0x0E, 0x0F, 0xE0, 0x00, 0x00, 0x70, 0x00, 0x00,
  0x00, 0x00, 0x00, 0x00, 0x00, 0x00, 0x00, 0x00, 0x00, 0x00, 0x00, 0x00,
  0x7C, 0x00, 0x00, 0xFF, 0xC0, 0x00, 0x1F, 0xFC, 0x00, 0x03, 0xFF, 0x80,
  0x00, 0x7F, 0xF8, 0x00, 0x0F, 0xFF, 0x00, 0x01, 0xFF, 0xF0, 0x00, 0x3F,
  0xDF, 0x00, 0x07, 0xF9, 0xE0, 0x00, 0xFF, 0x3E, 0x00, 0x1F, 0xE3, 0xE0,
  0x03, 0xFC, 0x3C, 0x00, 0x7F, 0x87, 0xC0, 0x0F, 0xF0, 0x7C, 0x01, 0xFE,
  0x07, 0x80, 0x3F, 0xC0, 0xF8, 0x07, 0xF8, 0x0F, 0x00, 0xFF, 0x01, 0xF0,
  0x1F, 0xE0, 0x1F, 0x03, 0xFC, 0x01, 0xE0, 0x7F, 0x80, 0x3E, 0x0F, 0xF0,
  0x03, 0xE1, 0xFE, 0x00, 0x3C, 0x3F, 0xC0, 0x07, 0xC7, 0xF8, 0x00, 0x78,
  0xFF, 0x00, 0x0F, 0x9F, 0xE0, 0x00, 0xFB, 0xFC, 0x00, 0x0F, 0x7F, 0x80,
  0x01, 0xFF, 0xF0, 0x00, 0x1F, 0xFE, 0x00, 0x01, 0xFF, 0xC0, 0x00, 0x3F,
  0xF8, 0x00, 0x03, 0xFF, 0x00, 0x00, 0x3F, 0xE0, 0x00, 0x07, 0xC0, 0x00,
  0x07, 0x80, 0x00, 0x00, 0x00, 0x3C, 0x00, 0x00, 0x00, 0x03, 0xC0, 0x00,
  0x00, 0x00, 0x1E, 0x00, 0x00, 0x00, 0x01, 0xE0, 0x00, 0x00, 0x00, 0x0F,
  0x00, 0x00, 0x00, 0x00, 0x70, 0x00, 0x00, 0x00, 0x00, 0x00, 0x00, 0x00,
  0x00, 0x00, 0x00, 0x00, 0x00, 0x00, 0x00, 0x00, 0x00, 0x01, 0xFC, 0x00,
  0x00, 0x01, 0xFF, 0xF8, 0x00, 0x00, 0x7F, 0xFF, 0xE0, 0x00, 0x0F, 0xFF,
  0xFF, 0x80, 0x03, 0xFE, 0x07, 0xFC, 0x00, 0x7F, 0x00, 0x0F, 0xE0, 0x0F,
  0xC0, 0x00, 0x3F, 0x00, 0xF8, 0x00, 0x01, 0xF8, 0x1F, 0x00, 0x00, 0x0F,
  0x83, 0xE0, 0x00, 0x00, 0x7C, 0x3E, 0x00, 0x00, 0x03, 0xE7, 0xC0, 0x00,
  0x00, 0x3E, 0x7C, 0x00, 0x00, 0x01, 0xE7, 0x80, 0x00, 0x00, 0x1F, 0x78,
  0x00, 0x00, 0x01, 0xFF, 0x80, 0x00, 0x00, 0x0F, 0xF0, 0x00, 0x00, 0x00,
  0xFF, 0x00, 0x00, 0x00, 0x0F, 0xF0, 0x00, 0x00, 0x00, 0xFF, 0x00, 0x00,
  0x00, 0x0F, 0xF8, 0x00, 0x00, 0x00, 0xFF, 0x80, 0x00, 0x00, 0x0F, 0x78,
  0x00, 0x00, 0x01, 0xF7, 0x80, 0x00, 0x00, 0x1F, 0x7C, 0x00, 0x00, 0x01,
  0xE7, 0xC0, 0x00, 0x00, 0x3E, 0x3E, 0x00, 0x00, 0x03, 0xC3, 0xE0, 0x00,
  0x00, 0x7C, 0x1F, 0x00, 0x00, 0x0F, 0x80, 0xF8, 0x00, 0x01, 0xF8, 0x0F,
  0xC0, 0x00, 0x3F, 0x00, 0x7F, 0x00, 0x0F, 0xE0, 0x03, 0xFE, 0x07, 0xFC,
  0x00, 0x0F, 0xFF, 0xFF, 0x80, 0x00, 0x7F, 0xFF, 0xE0, 0x00, 0x01, 0xFF,
  0xF8, 0x00, 0x00, 0x01, 0xF8, 0x00, 0x00, 0x00, 0x00, 0x1F, 0x00, 0x00,
  0x00, 0x03, 0xE0, 0x00, 0x00, 0x00, 0x3C, 0x00, 0x00, 0x00, 0x03, 0xC0,
  0x00, 0x00, 0x00, 0x78, 0x00, 0x00, 0x00, 0x07, 0x00, 0x00, 0x00, 0x00,
  0xF0, 0x00, 0x00, 0x00, 0x00, 0x00, 0x00, 0x00, 0x00, 0x00, 0x00, 0x00,
  0x00, 0x00, 0x00, 0x00, 0x00, 0x01, 0xFC, 0x00, 0x00, 0x01, 0xFF, 0xF8,
  0x00, 0x00, 0x7F, 0xFF, 0xE0, 0x00, 0x0F, 0xFF, 0xFF, 0x80, 0x03, 0xFE,
  0x07, 0xFC, 0x00, 0x7F, 0x00, 0x0F, 0xE0, 0x0F, 0xC0, 0x00, 0x3F, 0x00,
  0xF8, 0x00, 0x01, 0xF8, 0x1F, 0x00, 0x00, 0x0F, 0x83, 0xE0, 0x00, 0x00,
  0x7C, 0x3E, 0x00, 0x00, 0x03, 0xE7, 0xC0, 0x00, 0x00, 0x3E, 0x7C, 0x00,
  0x00, 0x01, 0xE7, 0x80, 0x00, 0x00, 0x1F, 0x78, 0x00, 0x00, 0x01, 0xFF,
  0x80, 0x00, 0x00, 0x0F, 0xF0, 0x00, 0x00, 0x00, 0xFF, 0x00, 0x00, 0x00,
  0x0F, 0xF0, 0x00, 0x00, 0x00, 0xFF, 0x00, 0x00, 0x00, 0x0F, 0xF8, 0x00,
  0x00, 0x00, 0xFF, 0x80, 0x00, 0x00, 0x0F, 0x78, 0x00, 0x00, 0x01, 0xF7,
  0x80, 0x00, 0x00, 0x1F, 0x7C, 0x00, 0x00, 0x01, 0xE7, 0xC0, 0x00, 0x00,
  0x3E, 0x3E, 0x00, 0x00, 0x03, 0xC3, 0xE0, 0x00, 0x00, 0x7C, 0x1F, 0x00,
  0x00, 0x0F, 0x80, 0xF8, 0x00, 0x01, 0xF8, 0x0F, 0xC0, 0x00, 0x3F, 0x00,
  0x7F, 0x00, 0x0F, 0xE0, 0x03, 0xFE, 0x07, 0xFC, 0x00, 0x0F, 0xFF, 0xFF,
  0x80, 0x00, 0x7F, 0xFF, 0xE0, 0x00, 0x01, 0xFF, 0xF8, 0x00, 0x00, 0x01,
  0xF8, 0x00, 0x00, 0x00, 0x00, 0xF8, 0x00, 0x00, 0x00, 0x1F, 0xC0, 0x00,
  0x00, 0x03, 0xFE, 0x00, 0x00, 0x00, 0x79, 0xE0, 0x00, 0x00, 0x0F, 0x0F,
  0x00, 0x00, 0x01, 0xE0, 0x78, 0x00, 0x00, 0x3C, 0x03, 0xC0, 0x00, 0x00,
  0x00, 0x00, 0x00, 0x00, 0x00, 0x00, 0x00, 0x00, 0x00, 0x00, 0x00, 0x00,
  0x00, 0x01, 0xFC, 0x00, 0x00, 0x01, 0xFF, 0xF8, 0x00, 0x00, 0x7F, 0xFF,
  0xE0, 0x00, 0x0F, 0xFF, 0xFF, 0x80, 0x03, 0xFE, 0x07, 0xFC, 0x00, 0x7F,
  0x00, 0x0F, 0xE0, 0x0F, 0xC0, 0x00, 0x3F, 0x00, 0xF8, 0x00, 0x01, 0xF8,
  0x1F, 0x00, 0x00, 0x0F, 0x83, 0xE0, 0x00, 0x00, 0x7C, 0x3E, 0x00, 0x00,
  0x03, 0xE7, 0xC0, 0x00, 0x00, 0x3E, 0x7C, 0x00, 0x00, 0x01, 0xE7, 0x80,
  0x00, 0x00, 0x1F, 0x78, 0x00, 0x00, 0x01, 0xFF, 0x80, 0x00, 0x00, 0x0F,
  0xF0, 0x00, 0x00, 0x00, 0xFF, 0x00, 0x00, 0x00, 0x0F, 0xF0, 0x00, 0x00,
  0x00, 0xFF, 0x00, 0x00, 0x00, 0x0F, 0xF8, 0x00, 0x00, 0x00, 0xFF, 0x80,
  0x00, 0x00, 0x0F, 0x78, 0x00, 0x00, 0x01, 0xF7, 0x80, 0x00, 0x00, 0x1F,
  0x7C, 0x00, 0x00, 0x01, 0xE7, 0xC0, 0x00, 0x00, 0x3E, 0x3E, 0x00, 0x00,
  0x03, 0xC3, 0xE0, 0x00, 0x00, 0x7C, 0x1F, 0x00, 0x00, 0x0F, 0x80, 0xF8,
  0x00, 0x01, 0xF8, 0x0F, 0xC0, 0x00, 0x3F, 0x00, 0x7F, 0x00, 0x0F, 0xE0,
  0x03, 0xFE, 0x07, 0xFC, 0x00, 0x0F, 0xFF, 0xFF, 0x80, 0x00, 0x7F, 0xFF,
  0xE0, 0x00, 0x01, 0xFF, 0xF8, 0x00, 0x00, 0x01, 0xF8, 0x00, 0x00, 0x00,
  0x02, 0x00, 0x00, 0x00, 0x00, 0xFC, 0x1C, 0x00, 0x00, 0x1F, 0xF1, 0xC0,
  0x00, 0x03, 0xFF, 0xFC, 0x00, 0x00, 0x3C, 0xFF, 0xC0, 0x00, 0x03, 0x83,
  0xF8, 0x00, 0x00, 0x00, 0x0E, 0x00, 0x00, 0x00, 0x00, 0x00, 0x00, 0x00,
  0x00, 0x00, 0x00, 0x00, 0x00, 0x00, 0x00, 0x00, 0x00, 0x01, 0xFC, 0x00,
  0x00, 0x01, 0xFF, 0xF8, 0x00, 0x00, 0x7F, 0xFF, 0xE0, 0x00, 0x0F, 0xFF,
  0xFF, 0x80, 0x03, 0xFE, 0x07, 0xFC, 0x00, 0x7F, 0x00, 0x0F, 0xE0, 0x0F,
  0xC0, 0x00, 0x3F, 0x00, 0xF8, 0x00, 0x01, 0xF8, 0x1F, 0x00, 0x00, 0x0F,
  0x83, 0xE0, 0x00, 0x00, 0x7C, 0x3E, 0x00, 0x00, 0x03, 0xE7, 0xC0, 0x00,
  0x00, 0x3E, 0x7C, 0x00, 0x00, 0x01, 0xE7, 0x80, 0x00, 0x00, 0x1F, 0x78,
  0x00, 0x00, 0x01, 0xFF, 0x80, 0x00, 0x00, 0x0F, 0xF0, 0x00, 0x00, 0x00,
  0xFF, 0x00, 0x00, 0x00, 0x0F, 0xF0, 0x00, 0x00, 0x00, 0xFF, 0x00, 0x00,
  0x00, 0x0F, 0xF8, 0x00, 0x00, 0x00, 0xFF, 0x80, 0x00, 0x00, 0x0F, 0x78,
  0x00, 0x00, 0x01, 0xF7, 0x80, 0x00, 0x00, 0x1F, 0x7C, 0x00, 0x00, 0x01,
  0xE7, 0xC0, 0x00, 0x00, 0x3E, 0x3E, 0x00, 0x00, 0x03, 0xC3, 0xE0, 0x00,
  0x00, 0x7C, 0x1F, 0x00, 0x00, 0x0F, 0x80, 0xF8, 0x00, 0x01, 0xF8, 0x0F,
  0xC0, 0x00, 0x3F, 0x00, 0x7F, 0x00, 0x0F, 0xE0, 0x03, 0xFE, 0x07, 0xFC,
  0x00, 0x0F, 0xFF, 0xFF, 0x80, 0x00, 0x7F, 0xFF, 0xE0, 0x00, 0x01, 0xFF,
  0xF8, 0x00, 0x00, 0x01, 0xF8, 0x00, 0x00, 0x00, 0x04, 0x03, 0x00, 0x00,
  0x01, 0xF0, 0x78, 0x00, 0x00, 0x1F, 0x0F, 0xC0, 0x00, 0x01, 0xF0, 0xFC,
  0x00, 0x00, 0x1F, 0x07, 0x80, 0x00, 0x00, 0xE0, 0x30, 0x00, 0x00, 0x00,
  0x00, 0x00, 0x00, 0x00, 0x00, 0x00, 0x00, 0x00, 0x00, 0x00, 0x00, 0x00,
  0x00, 0x00, 0x00, 0x00, 0x00, 0x01, 0xFC, 0x00, 0x00, 0x01, 0xFF, 0xF8,
  0x00, 0x00, 0x7F, 0xFF, 0xE0, 0x00, 0x0F, 0xFF, 0xFF, 0x80, 0x03, 0xFE,
  0x07, 0xFC, 0x00, 0x7F, 0x00, 0x0F, 0xE0, 0x0F, 0xC0, 0x00, 0x3F, 0x00,
  0xF8, 0x00, 0x01, 0xF8, 0x1F, 0x00, 0x00, 0x0F, 0x83, 0xE0, 0x00, 0x00,
  0x7C, 0x3E, 0x00, 0x00, 0x03, 0xE7, 0xC0, 0x00, 0x00, 0x3E, 0x7C, 0x00,
  0x00, 0x01, 0xE7, 0x80, 0x00, 0x00, 0x1F, 0x78, 0x00, 0x00, 0x01, 0xFF,
  0x80, 0x00, 0x00, 0x0F, 0xF0, 0x00, 0x00, 0x00, 0xFF, 0x00, 0x00, 0x00,
  0x0F, 0xF0, 0x00, 0x00, 0x00, 0xFF, 0x00, 0x00, 0x00, 0x0F, 0xF8, 0x00,
  0x00, 0x00, 0xFF, 0x80, 0x00, 0x00, 0x0F, 0x78, 0x00, 0x00, 0x01, 0xF7,
  0x80, 0x00, 0x00, 0x1F, 0x7C, 0x00, 0x00, 0x01, 0xE7, 0xC0, 0x00, 0x00,
  0x3E, 0x3E, 0x00, 0x00, 0x03, 0xC3, 0xE0, 0x00, 0x00, 0x7C, 0x1F, 0x00,
  0x00, 0x0F, 0x80, 0xF8, 0x00, 0x01, 0xF8, 0x0F, 0xC0, 0x00, 0x3F, 0x00,
  0x7F, 0x00, 0x0F, 0xE0, 0x03, 0xFE, 0x07, 0xFC, 0x00, 0x0F, 0xFF, 0xFF,
  0x80, 0x00, 0x7F, 0xFF, 0xE0, 0x00, 0x01, 0xFF, 0xF8, 0x00, 0x00, 0x01,
  0xF8, 0x00, 0x00, 0x30, 0x00, 0x23, 0xC0, 0x03, 0xBF, 0x00, 0x3E, 0x7C,
  0x03, 0xE1, 0xF0, 0x3E, 0x07, 0xC7, 0xE0, 0x1F, 0x7E, 0x00, 0x7F, 0xE0,
  0x01, 0xFE, 0x00, 0x07, 0xE0, 0x00, 0x7F, 0x00, 0x07, 0xFC, 0x00, 0x7F,
  0xF0, 0x07, 0xC7, 0xC0, 0x7C, 0x1F, 0x07, 0xC0, 0x7C, 0x7C, 0x01, 0xF7,
  0xC0, 0x07, 0xCC, 0x00, 0x1C, 0x40, 0x00, 0x40, 0x00, 0x00, 0x00, 0x08,
  0x00, 0x00, 0x1F, 0xC1, 0xC0, 0x00, 0x1F, 0xFF, 0x9E, 0x00, 0x07, 0xFF,
  0xFF, 0xC0, 0x00, 0xFF, 0xFF, 0xF8, 0x00, 0x3F, 0xE0, 0x7F, 0xC0, 0x07,
  0xF0, 0x00, 0xFE, 0x00, 0xFC, 0x00, 0x0F, 0xF0, 0x0F, 0x80, 0x01, 0xFF,
  0x81, 0xF0, 0x00, 0x3C, 0xF8, 0x3E, 0x00, 0x03, 0xC7, 0xC3, 0xE0, 0x00,
  0x78, 0x3E, 0x7C, 0x00, 0x0F, 0x83, 0xE7, 0xC0, 0x00, 0xF0, 0x1E, 0x78,
  0x00, 0x1E, 0x01, 0xF7, 0x80, 0x01, 0xE0, 0x1F, 0xF8, 0x00, 0x3C, 0x00,
  0xFF, 0x00, 0x07, 0x80, 0x0F, 0xF0, 0x00, 0x78, 0x00, 0xFF, 0x00, 0x0F,
  0x00, 0x0F, 0xF0, 0x00, 0xF0, 0x00, 0xFF, 0x80, 0x1E, 0x00, 0x0F, 0xF8,
  0x03, 0xC0, 0x00, 0xF7, 0x80, 0x3C, 0x00, 0x1F, 0x78, 0x07, 0x80, 0x01,
  0xF7, 0xC0, 0xF0, 0x00, 0x1E, 0x7C, 0x0F, 0x00, 0x03, 0xE3, 0xE1, 0xE0,
  0x00, 0x3C, 0x3E, 0x1E, 0x00, 0x07, 0xC1, 0xF3, 0xC0, 0x00, 0xF8, 0x0F,
  0xF8, 0x00, 0x1F, 0x80, 0xFF, 0x80, 0x03, 0xF0, 0x07, 0xF0, 0x00, 0xFE,
  0x00, 0x3F, 0xE0, 0x7F, 0xC0, 0x01, 0xFF, 0xFF, 0xF8, 0x00, 0x3F, 0xFF,
  0xFE, 0x00, 0x07, 0xDF, 0xFF, 0x80, 0x00, 0x38, 0x1F, 0x80, 0x00, 0x00,
  0x80, 0x00, 0x00, 0x00, 0x01, 0xF0, 0x00, 0x00, 0x3E, 0x00, 0x00, 0x07,
  0x80, 0x00, 0x00, 0xF0, 0x00, 0x00, 0x3C, 0x00, 0x00, 0x07, 0x00, 0x00,
  0x01, 0xE0, 0x00, 0x00, 0x00, 0x00, 0x00, 0x00, 0x00, 0x00, 0x00, 0x00,
  0x00, 0x00, 0x00, 0x03, 0xC0, 0x00, 0x0F, 0xF0, 0x00, 0x03, 0xFC, 0x00,
  0x00, 0xFF, 0x00, 0x00, 0x3F, 0xC0, 0x00, 0x0F, 0xF0, 0x00, 0x03, 0xFC,
  0x00, 0x00, 0xFF, 0x00, 0x00, 0x3F, 0xC0, 0x00, 0x0F, 0xF0, 0x00, 0x03,
  0xFC, 0x00, 0x00, 0xFF, 0x00, 0x00, 0x3F, 0xC0, 0x00, 0x0F, 0xF0, 0x00,
  0x03, 0xFC, 0x00, 0x00, 0xFF, 0x00, 0x00, 0x3F, 0xC0, 0x00, 0x0F, 0xF0,
  0x00, 0x03, 0xFC, 0x00, 0x00, 0xFF, 0x00, 0x00, 0x3F, 0xC0, 0x00, 0x0F,
  0xF0, 0x00, 0x03, 0xFC, 0x00, 0x00, 0xFF, 0x00, 0x00, 0x3F, 0xC0, 0x00,
  0x0F, 0xF8, 0x00, 0x07, 0xDE, 0x00, 0x01, 0xE7, 0x80, 0x00, 0x79, 0xF0,
  0x00, 0x3E, 0x3E, 0x00, 0x1F, 0x0F, 0xC0, 0x0F, 0xC1, 0xFE, 0x1F, 0xE0,
  0x3F, 0xFF, 0xF0, 0x07, 0xFF, 0xF8, 0x00, 0x7F, 0xF8, 0x00, 0x03, 0xF0,
  0x00, 0x00, 0x03, 0xE0, 0x00, 0x01, 0xF0, 0x00, 0x00, 0x78, 0x00, 0x00,
  0x3C, 0x00, 0x00, 0x0F, 0x00, 0x00, 0x07, 0x80, 0x00, 0x01, 0xE0, 0x00,
  0x00, 0x00, 0x00, 0x00, 0x00, 0x00, 0x00, 0x00, 0x00, 0x00, 0x00, 0x00,
  0x03, 0xC0, 0x00, 0x0F, 0xF0, 0x00, 0x03, 0xFC, 0x00, 0x00, 0xFF, 0x00,
  0x00, 0x3F, 0xC0, 0x00, 0x0F, 0xF0, 0x00, 0x03, 0xFC, 0x00, 0x00, 0xFF,
  0x00, 0x00, 0x3F, 0xC0, 0x00, 0x0F, 0xF0, 0x00, 0x03, 0xFC, 0x00, 0x00,
  0xFF, 0x00, 0x00, 0x3F, 0xC0, 0x00, 0x0F, 0xF0, 0x00, 0x03, 0xFC, 0x00,
  0x00, 0xFF, 0x00, 0x00, 0x3F, 0xC0, 0x00, 0x0F, 0xF0, 0x00, 0x03, 0xFC,
  0x00, 0x00, 0xFF, 0x00, 0x00, 0x3F, 0xC0, 0x00, 0x0F, 0xF0, 0x00, 0x03,
  0xFC, 0x00, 0x00, 0xFF, 0x00, 0x00, 0x3F, 0xC0, 0x00, 0x0F, 0xF8, 0x00,
  0x07, 0xDE, 0x00, 0x01, 0xE7, 0x80, 0x00, 0x79, 0xF0, 0x00, 0x3E, 0x3E,
  0x00, 0x1F, 0x0F, 0xC0, 0x0F, 0xC1, 0xFE, 0x1F, 0xE0, 0x3F, 0xFF, 0xF0,
  0x07, 0xFF, 0xF8, 0x00, 0x7F, 0xF8, 0x00, 0x03, 0xF0, 0x00, 0x00, 0x3F,
  0x00, 0x00, 0x1F, 0xC0, 0x00, 0x07, 0xF8, 0x00, 0x03, 0xCF, 0x00, 0x01,
  0xE1, 0xE0, 0x00, 0xF0, 0x3C, 0x00, 0x78, 0x07, 0x80, 0x00, 0x00, 0x00,
  0x00, 0x00, 0x00, 0x00, 0x00, 0x00, 0x00, 0x00, 0x00, 0x03, 0xC0, 0x00,
  0x0F, 0xF0, 0x00, 0x03, 0xFC, 0x00, 0x00, 0xFF, 0x00, 0x00, 0x3F, 0xC0,
  0x00, 0x0F, 0xF0, 0x00, 0x03, 0xFC, 0x00, 0x00, 0xFF, 0x00, 0x00, 0x3F,
  0xC0, 0x00, 0x0F, 0xF0, 0x00, 0x03, 0xFC, 0x00, 0x00, 0xFF, 0x00, 0x00,
  0x3F, 0xC0, 0x00, 0x0F, 0xF0, 0x00, 0x03, 0xFC, 0x00, 0x00, 0xFF, 0x00,
  0x00, 0x3F, 0xC0, 0x00, 0x0F, 0xF0, 0x00, 0x03, 0xFC, 0x00, 0x00, 0xFF,
  0x00, 0x00, 0x3F, 0xC0, 0x00, 0x0F, 0xF0, 0x00, 0x03, 0xFC, 0x00, 0x00,
  0xFF, 0x00, 0x00, 0x3F, 0xC0, 0x00, 0x0F, 0xF8, 0x00, 0x07, 0xDE, 0x00,
  0x01, 0xE7, 0x80, 0x00, 0x79, 0xF0, 0x00, 0x3E, 0x3E, 0x00, 0x1F, 0x0F,
  0xC0, 0x0F, 0xC1, 0xFE, 0x1F, 0xE0, 0x3F, 0xFF, 0xF0, 0x07, 0xFF, 0xF8,
  0x00, 0x7F, 0xF8, 0x00, 0x03, 0xF0, 0x00, 0x00, 0x80, 0x40, 0x00, 0xF0,
  0x3C, 0x00, 0x3E, 0x1F, 0x00, 0x0F, 0x87, 0xC0, 0x03, 0xE1, 0xF0, 0x00,
  0x70, 0x18, 0x00, 0x00, 0x00, 0x00, 0x00, 0x00, 0x00, 0x00, 0x00, 0x00,
  0x00, 0x00, 0x00, 0x00, 0x00, 0x00, 0x03, 0xC0, 0x00, 0x0F, 0xF0, 0x00,
  0x03, 0xFC, 0x00, 0x00, 0xFF, 0x00, 0x00, 0x3F, 0xC0, 0x00, 0x0F, 0xF0,
  0x00, 0x03, 0xFC, 0x00, 0x00, 0xFF, 0x00, 0x00, 0x3F, 0xC0, 0x00, 0x0F,
  0xF0, 0x00, 0x03, 0xFC, 0x00, 0x00, 0xFF, 0x00, 0x00, 0x3F, 0xC0, 0x00,
  0x0F, 0xF0, 0x00, 0x03, 0xFC, 0x00, 0x00, 0xFF, 0x00, 0x00, 0x3F, 0xC0,
  0x00, 0x0F, 0xF0, 0x00, 0x03, 0xFC, 0x00, 0x00, 0xFF, 0x00, 0x00, 0x3F,
  0xC0, 0x00, 0x0F, 0xF0, 0x00, 0x03, 0xFC, 0x00, 0x00, 0xFF, 0x00, 0x00,
  0x3F, 0xC0, 0x00, 0x0F, 0xF8, 0x00, 0x07, 0xDE, 0x00, 0x01, 0xE7, 0x80,
  0x00, 0x79, 0xF0, 0x00, 0x3E, 0x3E, 0x00, 0x1F, 0x0F, 0xC0, 0x0F, 0xC1,
  0xFE, 0x1F, 0xE0, 0x3F, 0xFF, 0xF0, 0x07, 0xFF, 0xF8, 0x00, 0x7F, 0xF8,
  0x00, 0x03, 0xF0, 0x00, 0x00, 0x03, 0xE0, 0x00, 0x00, 0x78, 0x00, 0x00,
  0x1F, 0x00, 0x00, 0x03, 0xC0, 0x00, 0x00, 0xF0, 0x00, 0x00, 0x1E, 0x00,
  0x00, 0x07, 0x80, 0x00, 0x00, 0x00, 0x00, 0x00, 0x00, 0x00, 0x00, 0x00,
  0x00, 0x00, 0x00, 0x00, 0x00, 0x7C, 0x00, 0x01, 0xF7, 0xC0, 0x00, 0x3C,
  0xF8, 0x00, 0x0F, 0x8F, 0x80, 0x03, 0xE0, 0xF0, 0x00, 0x7C, 0x1F, 0x00,
  0x1F, 0x01, 0xF0, 0x03, 0xC0, 0x3E, 0x00, 0xF8, 0x03, 0xE0, 0x3E, 0x00,
  0x3C, 0x07, 0xC0, 0x07, 0xC1, 0xF0, 0x00, 0x7C, 0x3C, 0x00, 0x07, 0x8F,
  0x80, 0x00, 0xFB, 0xE0, 0x00, 0x0F, 0x78, 0x00, 0x00, 0xFF, 0x00, 0x00,
  0x1F, 0xC0, 0x00, 0x01, 0xF8, 0x00, 0x00, 0x3E, 0x00, 0x00, 0x03, 0xC0,
  0x00, 0x00, 0x78, 0x00, 0x00, 0x0F, 0x00, 0x00, 0x01, 0xE0, 0x00, 0x00,
  0x3C, 0x00, 0x00, 0x07, 0x80, 0x00, 0x00, 0xF0, 0x00, 0x00, 0x1E, 0x00,
  0x00, 0x03, 0xC0, 0x00, 0x00, 0x78, 0x00, 0x00, 0x0F, 0x00, 0x00, 0x01,
  0xE0, 0x00, 0x00, 0x3C, 0x00, 0x00, 0x07, 0x80, 0x00, 0x00, 0xF0, 0x00,
  0x00, 0x1E, 0x00, 0x00, 0xF0, 0x00, 0x01, 0xE0, 0x00, 0x03, 0xC0, 0x00,
  0x07, 0x80, 0x00, 0x0F, 0x00, 0x00, 0x1F, 0xFF, 0x80, 0x3F, 0xFF, 0xE0,
  0x7F, 0xFF, 0xF0, 0xFF, 0xFF, 0xF1, 0xE0, 0x07, 0xF3, 0xC0, 0x03, 0xE7,
  0x80, 0x03, 0xEF, 0x00, 0x07, 0xDE, 0x00, 0x07, 0xBC, 0x00, 0x0F, 0xF8,
  0x00, 0x1F, 0xF0, 0x00, 0x3F, 0xE0, 0x00, 0x7F, 0xC0, 0x00, 0xF7, 0x80,
  0x01, 0xEF, 0x00, 0x07, 0xDE, 0x00, 0x1F, 0xBC, 0x00, 0x7E, 0x7F, 0xFF,
  0xF8, 0xFF, 0xFF, 0xE1, 0xFF, 0xFF, 0x83, 0xFF, 0xFC, 0x07, 0x80, 0x00,
  0x0F, 0x00, 0x00, 0x1E, 0x00, 0x00, 0x3C, 0x00, 0x00, 0x78, 0x00, 0x00,
  0xF0, 0x00, 0x01, 0xE0, 0x00, 0x03, 0xC0, 0x00, 0x00, 0x00, 0xFC, 0x00,
  0x0F, 0xFF, 0x00, 0x3F, 0xFF, 0x00, 0xFF, 0xFF, 0x03, 0xF8, 0x7F, 0x0F,
  0xC0, 0x3E, 0x1F, 0x00, 0x3E, 0x7C, 0x00, 0x3C, 0xF8, 0x00, 0x79, 0xE0,
  0x00, 0xF3, 0xC0, 0x01, 0xE7, 0x80, 0x03, 0xCF, 0x00, 0x0F, 0x9E, 0x00,
  0x1E, 0x3C, 0x00, 0xFC, 0x78, 0x3F, 0xF0, 0xF0, 0x7F, 0xC1, 0xE0, 0xFF,
  0x83, 0xC1, 0xFF, 0x87, 0x80, 0x3F, 0x8F, 0x00, 0x0F, 0x9E, 0x00, 0x0F,
  0xBC, 0x00, 0x0F, 0x78, 0x00, 0x1F, 0xF0, 0x00, 0x1F, 0xE0, 0x00, 0x3F,
  0xC0, 0x00, 0x7F, 0x80, 0x00, 0xFF, 0x00, 0x03, 0xFE, 0x00, 0x07, 0xBC,
  0x00, 0x1F, 0x78, 0x00, 0x7E, 0xF1, 0xCF, 0xF9, 0xE3, 0xFF, 0xE3, 0xC7,
  0xFF, 0x87, 0x8F, 0xFC, 0x00, 0x01, 0x80, 0x00, 0x03, 0xC0, 0x00, 0x0F,
  0x00, 0x00, 0x78, 0x00, 0x01, 0xE0, 0x00, 0x0F, 0x00, 0x00, 0x3C, 0x00,
  0x01, 0xE0, 0x00, 0x00, 0x00, 0x00, 0x00, 0x00, 0x00, 0x00, 0x00, 0x3E,
  0x00, 0x0F, 0xFE, 0x01, 0xFF, 0xFC, 0x1F, 0xFF, 0xF1, 0xF8, 0x1F, 0xCF,
  0x80, 0x3E, 0x18, 0x00, 0xF8, 0x00, 0x03, 0xC0, 0x00, 0x1E, 0x00, 0x00,
  0xF0, 0x3F, 0xC7, 0x87, 0xFF, 0xFC, 0xFF, 0xFF, 0xEF, 0xFB, 0xFF, 0x7C,
  0x00, 0xFF, 0xC0, 0x03, 0xFC, 0x00, 0x1F, 0xE0, 0x00, 0xFF, 0x00, 0x07,
  0xF8, 0x00, 0x7F, 0xC0, 0x07, 0xFF, 0x00, 0x7F, 0x7E, 0x07, 0xFB, 0xFF,
  0xFB, 0xCF, 0xFF, 0x9E, 0x1F, 0xF8, 0xF0, 0x1E, 0x00, 0x00, 0x00, 0x0F,
  0x80, 0x00, 0xF8, 0x00, 0x07, 0x80, 0x00, 0x3C, 0x00, 0x03, 0xC0, 0x00,
  0x1C, 0x00, 0x01, 0xE0, 0x00, 0x00, 0x00, 0x00, 0x00, 0x00, 0x00, 0x00,
  0x00, 0x3E, 0x00, 0x0F, 0xFE, 0x01, 0xFF, 0xFC, 0x1F, 0xFF, 0xF1, 0xF8,
  0x1F, 0xCF, 0x80, 0x3E, 0x18, 0x00, 0xF8, 0x00, 0x03, 0xC0, 0x00, 0x1E,
  0x00, 0x00, 0xF0, 0x3F, 0xC7, 0x87, 0xFF, 0xFC, 0xFF, 0xFF, 0xEF, 0xFB,
  0xFF, 0x7C, 0x00, 0xFF, 0xC0, 0x03, 0xFC, 0x00, 0x1F, 0xE0, 0x00, 0xFF,
  0x00, 0x07, 0xF8, 0x00, 0x7F, 0xC0, 0x07, 0xFF, 0x00, 0x7F, 0x7E, 0x07,
  0xFB, 0xFF, 0xFB, 0xCF, 0xFF, 0x9E, 0x1F, 0xF8, 0xF0, 0x1E, 0x00, 0x00,
  0x00, 0x7C, 0x00, 0x07, 0xF0, 0x00, 0x7F, 0xC0, 0x07, 0x9E, 0x00, 0x78,
  0x78, 0x07, 0x81, 0xE0, 0x78, 0x07, 0x80, 0x00, 0x00, 0x00, 0x00, 0x00,
  0x00, 0x00, 0x00, 0x3E, 0x00, 0x0F, 0xFE, 0x01, 0xFF, 0xFC, 0x1F, 0xFF,
  0xF1, 0xF8, 0x1F, 0xCF, 0x80, 0x3E, 0x18, 0x00, 0xF8, 0x00, 0x03, 0xC0,
  0x00, 0x1E, 0x00, 0x00, 0xF0, 0x3F, 0xC7, 0x87, 0xFF, 0xFC, 0xFF, 0xFF,
  0xEF, 0xFB, 0xFF, 0x7C, 0x00, 0xFF, 0xC0, 0x03, 0xFC, 0x00, 0x1F, 0xE0,
  0x00, 0xFF, 0x00, 0x07, 0xF8, 0x00, 0x7F, 0xC0, 0x07, 0xFF, 0x00, 0x7F,
  0x7E, 0x07, 0xFB, 0xFF, 0xFB, 0xCF, 0xFF, 0x9E, 0x1F, 0xF8, 0xF0, 0x1E,
  0x00, 0x00, 0x01, 0x00, 0x00, 0x3F, 0x07, 0x03, 0xFE, 0x38, 0x3F, 0xFF,
  0xC1, 0xE7, 0xFC, 0x0E, 0x0F, 0xE0, 0x00, 0x1C, 0x00, 0x00, 0x00, 0x00,
  0x00, 0x00, 0x00, 0x00, 0x00, 0x3E, 0x00, 0x0F, 0xFE, 0x01, 0xFF, 0xFC,
  0x1F, 0xFF, 0xF1, 0xF8, 0x1F, 0xCF, 0x80, 0x3E, 0x18, 0x00, 0xF8, 0x00,
  0x03, 0xC0, 0x00, 0x1E, 0x00, 0x00, 0xF0, 0x3F, 0xC7, 0x87, 0xFF, 0xFC,
  0xFF, 0xFF, 0xEF, 0xFB, 0xFF, 0x7C, 0x00, 0xFF, 0xC0, 0x03, 0xFC, 0x00,
  0x1F, 0xE0, 0x00, 0xFF, 0x00, 0x07, 0xF8, 0x00, 0x7F, 0xC0, 0x07, 0xFF,
  0x00, 0x7F, 0x7E, 0x07, 0xFB, 0xFF, 0xFB, 0xCF, 0xFF, 0x9E, 0x1F, 0xF8,
  0xF0, 0x1E, 0x00, 0x00, 0x02, 0x01, 0x00, 0x7C, 0x1E, 0x03, 0xE1, 0xF8,
  0x1F, 0x0F, 0xC0, 0xF8, 0x3C, 0x03, 0x80, 0xC0, 0x00, 0x00, 0x00, 0x00,
  0x00, 0x00, 0x00, 0x00, 0x00, 0x00, 0x00, 0x3E, 0x00, 0x0F, 0xFE, 0x01,
  0xFF, 0xFC, 0x1F, 0xFF, 0xF1, 0xF8, 0x1F, 0xCF, 0x80, 0x3E, 0x18, 0x00,
  0xF8, 0x00, 0x03, 0xC0, 0x00, 0x1E, 0x00, 0x00, 0xF0, 0x3F, 0xC7, 0x87,
  0xFF, 0xFC, 0xFF, 0xFF, 0xEF, 0xFB, 0xFF, 0x7C, 0x00, 0xFF, 0xC0, 0x03,
  0xFC, 0x00, 0x1F, 0xE0, 0x00, 0xFF, 0x00, 0x07, 0xF8, 0x00, 0x7F, 0xC0,
  0x07, 0xFF, 0x00, 0x7F, 0x7E, 0x07, 0xFB, 0xFF, 0xFB, 0xCF, 0xFF, 0x9E,
  0x1F, 0xF8, 0xF0, 0x1E, 0x00, 0x00, 0x00, 0x7C, 0x00, 0x0F, 0xF0, 0x00,
  0x7F, 0xC0, 0x07, 0x0E, 0x00, 0x38, 0x30, 0x01, 0xC1, 0x80, 0x0E, 0x1C,
  0x00, 0x79, 0xE0, 0x01, 0xFE, 0x00, 0x07, 0xE0, 0x00, 0x04, 0x00, 0x00,
  0x00, 0x00, 0x00, 0x00, 0x00, 0x7C, 0x00, 0x1F, 0xFC, 0x03, 0xFF, 0xF8,
  0x3F, 0xFF, 0xE3, 0xF0, 0x3F, 0x9F, 0x00, 0x7C, 0x30, 0x01, 0xF0, 0x00,
  0x07, 0x80, 0x00, 0x3C, 0x00, 0x01, 0xE0, 0x7F, 0x8F, 0x0F, 0xFF, 0xF9,
  0xFF, 0xFF, 0xDF, 0xF7, 0xFE, 0xF8, 0x01, 0xFF, 0x80, 0x07, 0xF8, 0x00,
  0x3F, 0xC0, 0x01, 0xFE, 0x00, 0x0F, 0xF0, 0x00, 0xFF, 0x80, 0x0F, 0xFE,
  0x00, 0xFE, 0xFC, 0x0F, 0xF7, 0xFF, 0xF7, 0x9F, 0xFF, 0x3C, 0x3F, 0xF1,
  0xE0, 0x3C, 0x00, 0x00, 0xF8, 0x00, 0x1F, 0x00, 0x03, 0xFF, 0x80, 0x7F,
  0xF0, 0x07, 0xFF, 0xF0, 0xFF, 0xFE, 0x07, 0xFF, 0xFC, 0xFF, 0xFF, 0x87,
  0xE0, 0x7F, 0xFE, 0x0F, 0xC3, 0xE0, 0x0F, 0xFC, 0x01, 0xF0, 0x60, 0x03,
  0xFC, 0x00, 0x7C, 0x00, 0x00, 0xFC, 0x00, 0x1E, 0x00, 0x00, 0x7C, 0x00,
  0x0F, 0x80, 0x00, 0x3E, 0x00, 0x03, 0xC0, 0xFF, 0x1F, 0x00, 0x01, 0xE1,
  0xFF, 0xFF, 0xFF, 0xFF, 0xF3, 0xFF, 0xFF, 0xFF, 0xFF, 0xFB, 0xFE, 0xFF,
  0xFF, 0xFF, 0xFD, 0xF0, 0x03, 0xE0, 0x00, 0x01, 0xF0, 0x00, 0xF0, 0x00,
  0x00, 0xF0, 0x00, 0x7C, 0x00, 0x00, 0x78, 0x00, 0x3E, 0x00, 0x00, 0x3C,
  0x00, 0x1F, 0x00, 0x00, 0x1E, 0x00, 0x1F, 0xC0, 0x01, 0xCF, 0x00, 0x1F,
  0xF0, 0x00, 0xFF, 0xC0, 0x1F, 0xFC, 0x00, 0xF9, 0xF8, 0x1F, 0x3F, 0x81,
  0xF8, 0xFF, 0xFF, 0x0F, 0xFF, 0xFC, 0x3F, 0xFF, 0x03, 0xFF, 0xF8, 0x07,
  0xFE, 0x00, 0x7F, 0xF8, 0x00, 0x7C, 0x00, 0x07, 0xC0, 0x00, 0x00, 0x3C,
  0x00, 0x03, 0xFF, 0x80, 0x1F, 0xFF, 0xC0, 0x7F, 0xFF, 0xC1, 0xFC, 0x1F,
  0xC7, 0xE0, 0x0F, 0x9F, 0x00, 0x0F, 0xBE, 0x00, 0x0E, 0xF8, 0x00, 0x11,
  0xF0, 0x00, 0x03, 0xC0, 0x00, 0x07, 0x80, 0x00, 0x0F, 0x00, 0x00, 0x1E,
  0x00, 0x00, 0x3C, 0x00, 0x00, 0x78, 0x00, 0x00, 0xF0, 0x00, 0x01, 0xF0,
  0x00, 0x01, 0xE0, 0x00, 0x43, 0xE0, 0x00, 0xE7, 0xC0, 0x03, 0xE7, 0xE0,
  0x0F, 0x87, 0xE0, 0x7F, 0x07, 0xFF, 0xFC, 0x07, 0xFF, 0xF0, 0x03, 0xFF,
  0x80, 0x00, 0xF8, 0x00, 0x03, 0x80, 0x00, 0x0F, 0xE0, 0x00, 0x1F, 0xE0,
  0x00, 0x7F, 0xE0, 0x00, 0x13, 0xC0, 0x00, 0x03, 0x80, 0x00, 0x07, 0x00,
  0x03, 0x0E, 0x00, 0x0F, 0xFC, 0x00, 0x0F, 0xF0, 0x00, 0x0F, 0xC0, 0x00,
  0x03, 0xE0, 0x00, 0x01, 0xF0, 0x00, 0x00, 0xF0, 0x00, 0x00, 0x78, 0x00,
  0x00, 0x78, 0x00, 0x00, 0x38, 0x00, 0x00, 0x3C, 0x00, 0x00, 0x00, 0x00,
  0x00, 0x00, 0x00, 0x00, 0x00, 0x00, 0x00, 0x7E, 0x00, 0x03, 0xFF, 0xC0,
  0x07, 0xFF, 0xE0, 0x0F, 0xFF, 0xF0, 0x1F, 0x81, 0xF8, 0x3E, 0x00, 0x7C,
  0x7C, 0x00, 0x3C, 0x78, 0x00, 0x3E, 0x78, 0x00, 0x1E, 0xF8, 0x00, 0x1E,
  0xF0, 0x00, 0x1F, 0xFF, 0xFF, 0xFF, 0xFF, 0xFF, 0xFF, 0xFF, 0xFF, 0xFF,
  0xF0, 0x00, 0x00, 0xF0, 0x00, 0x00, 0xF0, 0x00, 0x00, 0xF8, 0x00, 0x00,
  0x78, 0x00, 0x00, 0x7C, 0x00, 0x1C, 0x7C, 0x00, 0x3E, 0x3F, 0x00, 0x7E,
  0x1F, 0xC1, 0xFC, 0x0F, 0xFF, 0xF8, 0x07, 0xFF, 0xF0, 0x03, 0xFF, 0xC0,
  0x00, 0x7E, 0x00, 0x00, 0x07, 0x80, 0x00, 0x0F, 0x00, 0x00, 0x0F, 0x00,
  0x00, 0x1E, 0x00, 0x00, 0x1E, 0x00, 0x00, 0x3C, 0x00, 0x00, 0x3C, 0x00,
  0x00, 0x00, 0x00, 0x00, 0x00, 0x00, 0x00, 0x00, 0x00, 0x00, 0x7E, 0x00,
  0x03, 0xFF, 0xC0, 0x07, 0xFF, 0xE0, 0x0F, 0xFF, 0xF0, 0x1F, 0x81, 0xF8,
  0x3E, 0x00, 0x7C, 0x7C, 0x00, 0x3C, 0x78, 0x00, 0x3E, 0x78, 0x00, 0x1E,
  0xF8, 0x00, 0x1E, 0xF0, 0x00, 0x1F, 0xFF, 0xFF, 0xFF, 0xFF, 0xFF, 0xFF,
  0xFF, 0xFF, 0xFF, 0xF0, 0x00, 0x00, 0xF0, 0x00, 0x00, 0xF0, 0x00, 0x00,
  0xF8, 0x00, 0x00, 0x78, 0x00, 0x00, 0x7C, 0x00, 0x1C, 0x7C, 0x00, 0x3E,
  0x3F, 0x00, 0x7E, 0x1F, 0xC1, 0xFC, 0x0F, 0xFF, 0xF8, 0x07, 0xFF, 0xF0,
  0x03, 0xFF, 0xC0, 0x00, 0x7E, 0x00, 0x00, 0x7E, 0x00, 0x00, 0xFE, 0x00,
  0x00, 0xFF, 0x00, 0x01, 0xE7, 0x80, 0x03, 0xC3, 0xC0, 0x07, 0x81, 0xE0,
  0x0F, 0x00, 0xF0, 0x00, 0x00, 0x00, 0x00, 0x00, 0x00, 0x00, 0x00, 0x00,
  0x00, 0x7E, 0x00, 0x03, 0xFF, 0xC0, 0x07, 0xFF, 0xE0, 0x0F, 0xFF, 0xF0,
  0x1F, 0x81, 0xF8, 0x3E, 0x00, 0x7C, 0x7C, 0x00, 0x3C, 0x78, 0x00, 0x3E,
  0x78, 0x00, 0x1E, 0xF8, 0x00, 0x1E, 0xF0, 0x00, 0x1F, 0xFF, 0xFF, 0xFF,
  0xFF, 0xFF, 0xFF, 0xFF, 0xFF, 0xFF, 0xF0, 0x00, 0x00, 0xF0, 0x00, 0x00,
  0xF0, 0x00, 0x00, 0xF8, 0x00, 0x00, 0x78, 0x00, 0x00, 0x7C, 0x00, 0x1C,
  0x7C, 0x00, 0x3E, 0x3F, 0x00, 0x7E, 0x1F, 0xC1, 0xFC, 0x0F, 0xFF, 0xF8,
  0x07, 0xFF, 0xF0, 0x03, 0xFF, 0xC0, 0x00, 0x7E, 0x00, 0x01, 0x00, 0x80,
  0x07, 0x81, 0xE0, 0x07, 0xC3, 0xE0, 0x0F, 0xC3, 0xE0, 0x07, 0xC3, 0xE0,
  0x03, 0x80, 0xC0, 0x00, 0x00, 0x00, 0x00, 0x00, 0x00, 0x00, 0x00, 0x00,
  0x00, 0x00, 0x00, 0x00, 0x7E, 0x00, 0x03, 0xFF, 0xC0, 0x07, 0xFF, 0xE0,
  0x0F, 0xFF, 0xF0, 0x1F, 0x81, 0xF8, 0x3E, 0x00, 0x7C, 0x7C, 0x00, 0x3C,
  0x78, 0x00, 0x3E, 0x78, 0x00, 0x1E, 0xF8, 0x00, 0x1E, 0xF0, 0x00, 0x1F,
  0xFF, 0xFF, 0xFF, 0xFF, 0xFF, 0xFF, 0xFF, 0xFF, 0xFF, 0xF0, 0x00, 0x00,
  0xF0, 0x00, 0x00, 0xF0, 0x00, 0x00, 0xF8, 0x00, 0x00, 0x78, 0x00, 0x00,
  0x7C, 0x00, 0x1C, 0x7C, 0x00, 0x3E, 0x3F, 0x00, 0x7E, 0x1F, 0xC1, 0xFC,
  0x0F, 0xFF, 0xF8, 0x07, 0xFF, 0xF0, 0x03, 0xFF, 0xC0, 0x00, 0x7E, 0x00,
  0xF8, 0x78, 0x3C, 0x3C, 0x1E, 0x1E, 0x0F, 0x00, 0x00, 0x00, 0x00, 0x1F,
  0x1F, 0x1F, 0x1F, 0x1F, 0x1F, 0x1F, 0x1F, 0x1F, 0x1F, 0x1F, 0x1F, 0x1F,
  0x1F, 0x1F, 0x1F, 0x1F, 0x1F, 0x1F, 0x1F, 0x1F, 0x1F, 0x1F, 0x1F, 0x1F,
  0x1F, 0x1E, 0x3E, 0x3C, 0x78, 0x78, 0xF0, 0x00, 0x00, 0x00, 0x00, 0xF8,
  0xF8, 0xF8, 0xF8, 0xF8, 0xF8, 0xF8, 0xF8, 0xF8, 0xF8, 0xF8, 0xF8, 0xF8,
  0xF8, 0xF8, 0xF8, 0xF8, 0xF8, 0xF8, 0xF8, 0xF8, 0xF8, 0xF8, 0xF8, 0xF8,
  0x03, 0xE0, 0x03, 0xF8, 0x03, 0xDE, 0x03, 0xC7, 0x83, 0xC1, 0xE3, 0xE0,
  0x7B, 0xE0, 0x1E, 0x00, 0x00, 0x00, 0x00, 0x00, 0x00, 0x00, 0x00, 0x00,
  0x7C, 0x00, 0x3E, 0x00, 0x1F, 0x00, 0x0F, 0x80, 0x07, 0xC0, 0x03, 0xE0,
  0x01, 0xF0, 0x00, 0xF8, 0x00, 0x7C, 0x00, 0x3E, 0x00, 0x1F, 0x00, 0x0F,
  0x80, 0x07, 0xC0, 0x03, 0xE0, 0x01, 0xF0, 0x00, 0xF8, 0x00, 0x7C, 0x00,
  0x3E, 0x00, 0x1F, 0x00, 0x0F, 0x80, 0x07, 0xC0, 0x03, 0xE0, 0x01, 0xF0,
  0x00, 0xF8, 0x00, 0x7C, 0x00, 0x20, 0x08, 0xF0, 0x7B, 0xE0, 0xFF, 0xE1,
  0xFF, 0x83, 0xEE, 0x03, 0x00, 0x00, 0x00, 0x00, 0x00, 0x00, 0x00, 0x00,
  0x00, 0x00, 0x3E, 0x00, 0x7C, 0x00, 0xF8, 0x01, 0xF0, 0x03, 0xE0, 0x07,
  0xC0, 0x0F, 0x80, 0x1F, 0x00, 0x3E, 0x00, 0x7C, 0x00, 0xF8, 0x01, 0xF0,
  0x03, 0xE0, 0x07, 0xC0, 0x0F, 0x80, 0x1F, 0x00, 0x3E, 0x00, 0x7C, 0x00,
  0xF8, 0x01, 0xF0, 0x03, 0xE0, 0x07, 0xC0, 0x0F, 0x80, 0x1F, 0x00, 0x3E,
  0x00, 0x02, 0x00, 0x00, 0x03, 0xC0, 0x00, 0x07, 0xF8, 0x30, 0x07, 0xFC,
  0xF0, 0x01, 0xFF, 0xF8, 0x00, 0x3F, 0xE0, 0x00, 0x7F, 0xC0, 0x01, 0xFF,
  0xE0, 0x03, 0xF3, 0xF0, 0x01, 0xC1, 0xF0, 0x01, 0x00, 0xF8, 0x00, 0x00,
  0x78, 0x00, 0xFE, 0x3C, 0x03, 0xFF, 0xBC, 0x0F, 0xFF, 0xFE, 0x1F, 0xFF,
  0xFE, 0x3F, 0x01, 0xFE, 0x7E, 0x00, 0x7E, 0x7C, 0x00, 0x3F, 0x78, 0x00,
  0x1F, 0xF8, 0x00, 0x1F, 0xF0, 0x00, 0x0F, 0xF0, 0x00, 0x0F, 0xF0, 0x00,
  0x0F, 0xF0, 0x00, 0x0F, 0xF0, 0x00, 0x0F, 0xF0, 0x00, 0x0F, 0xF0, 0x00,
  0x1F, 0xF8, 0x00, 0x1E, 0x78, 0x00, 0x3E, 0x7C, 0x00, 0x3C, 0x3E, 0x00,
  0x7C, 0x3F, 0x81, 0xF8, 0x1F, 0xFF, 0xF0, 0x0F, 0xFF, 0xE0, 0x03, 0xFF,
  0x80, 0x00, 0x7E, 0x00, 0x01, 0x00, 0x00, 0x1F, 0x83, 0x80, 0xFF, 0x0E,
  0x07, 0xFF, 0xF8, 0x1C, 0x7F, 0xC0, 0x70, 0x7F, 0x00, 0x00, 0x70, 0x00,
  0x00, 0x00, 0x00, 0x00, 0x00, 0x00, 0x00, 0x00, 0x03, 0xE0, 0x3C, 0x3F,
  0xE0, 0xF3, 0xFF, 0xE3, 0xDF, 0xFF, 0xCF, 0xF8, 0x3F, 0x3F, 0x80, 0x3E,
  0xFC, 0x00, 0xFB, 0xE0, 0x01, 0xEF, 0x80, 0x07, 0xBE, 0x00, 0x1F, 0xF0,
  0x00, 0x7F, 0xC0, 0x01, 0xFF, 0x00, 0x07, 0xFC, 0x00, 0x1F, 0xF0, 0x00,
  0x7F, 0xC0, 0x01, 0xFF, 0x00, 0x07, 0xFC, 0x00, 0x1F, 0xF0, 0x00, 0x7F,
  0xC0, 0x01, 0xFF, 0x00, 0x07, 0xFC, 0x00, 0x1F, 0xF0, 0x00, 0x7F, 0xC0,
  0x01, 0xFF, 0x00, 0x07, 0xFC, 0x00, 0x1F, 0x01, 0xF0, 0x00, 0x00, 0x78,
  0x00, 0x00, 0x1E, 0x00, 0x00, 0x0F, 0x00, 0x00, 0x03, 0xC0, 0x00, 0x01,
  0xE0, 0x00, 0x00, 0x78, 0x00, 0x00, 0x00, 0x00, 0x00, 0x00, 0x00, 0x00,
  0x00, 0x00, 0x00, 0x0F, 0x80, 0x00, 0x3F, 0xF8, 0x00, 0x7F, 0xFF, 0x00,
  0x7F, 0xFF, 0xC0, 0x7F, 0x07, 0xF0, 0x7E, 0x00, 0xFC, 0x7E, 0x00, 0x1F,
  0x3E, 0x00, 0x0F, 0x9E, 0x00, 0x03, 0xFF, 0x00, 0x00, 0xFF, 0x00, 0x00,
  0x7F, 0x80, 0x00, 0x3F, 0xC0, 0x00, 0x1F, 0xE0, 0x00, 0x0F, 0xF0, 0x00,
  0x07, 0xF8, 0x00, 0x03, 0xFC, 0x00, 0x01, 0xFF, 0x00, 0x00, 0xF7, 0x80,
  0x00, 0xFB, 0xE0, 0x00, 0xF9, 0xF8, 0x00, 0x7C, 0x7E, 0x00, 0xFC, 0x1F,
  0xC0, 0xFC, 0x07, 0xFF, 0xFC, 0x01, 0xFF, 0xFC, 0x00, 0x3F, 0xF8, 0x00,
  0x03, 0xF0, 0x00, 0x00, 0x07, 0xC0, 0x00, 0x03, 0xC0, 0x00, 0x03, 0xE0,
  0x00, 0x01, 0xE0, 0x00, 0x00, 0xE0, 0x00, 0x00, 0xF0, 0x00, 0x00, 0x70,
  0x00, 0x00, 0x00, 0x00, 0x00, 0x00, 0x00, 0x00, 0x00, 0x00, 0x00, 0x0F,
  0x80, 0x00, 0x3F, 0xF8, 0x00, 0x7F, 0xFF, 0x00, 0x7F, 0xFF, 0xC0, 0x7F,
  0x07, 0xF0, 0x7E, 0x00, 0xFC, 0x7E, 0x00, 0x1F, 0x3E, 0x00, 0x0F, 0x9E,
  0x00, 0x03, 0xFF, 0x00, 0x00, 0xFF, 0x00, 0x00, 0x7F, 0x80, 0x00, 0x3F,
  0xC0, 0x00, 0x1F, 0xE0, 0x00, 0x0F, 0xF0, 0x00, 0x07, 0xF8, 0x00, 0x03,
  0xFC, 0x00, 0x01, 0xFF, 0x00, 0x00, 0xF7, 0x80, 0x00, 0xFB, 0xE0, 0x00,
  0xF9, 0xF8, 0x00, 0x7C, 0x7E, 0x00, 0xFC, 0x1F, 0xC0, 0xFC, 0x07, 0xFF,
  0xFC, 0x01, 0xFF, 0xFC, 0x00, 0x3F, 0xF8, 0x00, 0x03, 0xF0, 0x00, 0x00,
  0x3E, 0x00, 0x00, 0x3F, 0x80, 0x00, 0x3D, 0xE0, 0x00, 0x3C, 0x78, 0x00,
  0x3E, 0x1E, 0x00, 0x1E, 0x07, 0x80, 0x1E, 0x01, 0xE0, 0x00, 0x00, 0x00,
  0x00, 0x00, 0x00, 0x00, 0x00, 0x00, 0x00, 0x0F, 0x80, 0x00, 0x3F, 0xF8,
  0x00, 0x7F, 0xFF, 0x00, 0x7F, 0xFF, 0xC0, 0x7F, 0x07, 0xF0, 0x7E, 0x00,
  0xFC, 0x7E, 0x00, 0x1F, 0x3E, 0x00, 0x0F, 0x9E, 0x00, 0x03, 0xFF, 0x00,
  0x00, 0xFF, 0x00, 0x00, 0x7F, 0x80, 0x00, 0x3F, 0xC0, 0x00, 0x1F, 0xE0,
  0x00, 0x0F, 0xF0, 0x00, 0x07, 0xF8, 0x00, 0x03, 0xFC, 0x00, 0x01, 0xFF,
  0x00, 0x00, 0xF7, 0x80, 0x00, 0xFB, 0xE0, 0x00, 0xF9, 0xF8, 0x00, 0x7C,
  0x7E, 0x00, 0xFC, 0x1F, 0xC0, 0xFC, 0x07, 0xFF, 0xFC, 0x01, 0xFF, 0xFC,
  0x00, 0x3F, 0xF8, 0x00, 0x03, 0xF0, 0x00, 0x00, 0x40, 0x00, 0x01, 0xF8,
  0x1C, 0x01, 0xFF, 0x1E, 0x00, 0xFF, 0xFE, 0x00, 0x71, 0xFF, 0x00, 0x78,
  0x7F, 0x00, 0x00, 0x0E, 0x00, 0x00, 0x00, 0x00, 0x00, 0x00, 0x00, 0x00,
  0x00, 0x00, 0x00, 0x0F, 0x80, 0x00, 0x3F, 0xF8, 0x00, 0x7F, 0xFF, 0x00,
  0x7F, 0xFF, 0xC0, 0x7F, 0x07, 0xF0, 0x7E, 0x00, 0xFC, 0x7E, 0x00, 0x1F,
  0x3E, 0x00, 0x0F, 0x9E, 0x00, 0x03, 0xFF, 0x00, 0x00, 0xFF, 0x00, 0x00,
  0x7F, 0x80, 0x00, 0x3F, 0xC0, 0x00, 0x1F, 0xE0, 0x00, 0x0F, 0xF0, 0x00,
  0x07, 0xF8, 0x00, 0x03, 0xFC, 0x00, 0x01, 0xFF, 0x00, 0x00, 0xF7, 0x80,
  0x00, 0xFB, 0xE0, 0x00, 0xF9, 0xF8, 0x00, 0x7C, 0x7E, 0x00, 0xFC, 0x1F,
  0xC0, 0xFC, 0x07, 0xFF, 0xFC, 0x01, 0xFF, 0xFC, 0x00, 0x3F, 0xF8, 0x00,
  0x03, 0xF0, 0x00, 0x01, 0x00, 0x40, 0x01, 0xE0, 0xF8, 0x01, 0xF8, 0x7C,
  0x00, 0xFC, 0x3E, 0x00, 0x3C, 0x1F, 0x00, 0x0C, 0x06, 0x00, 0x00, 0x00,
  0x00, 0x00, 0x00, 0x00, 0x00, 0x00, 0x00, 0x00, 0x00, 0x00, 0x00, 0x0F,
  0x80, 0x00, 0x3F, 0xF8, 0x00, 0x7F, 0xFF, 0x00, 0x7F, 0xFF, 0xC0, 0x7F,
  0x07, 0xF0, 0x7E, 0x00, 0xFC, 0x7E, 0x00, 0x1F, 0x3E, 0x00, 0x0F, 0x9E,
  0x00, 0x03, 0xFF, 0x00, 0x00, 0xFF, 0x00, 0x00, 0x7F, 0x80, 0x00, 0x3F,
  0xC0, 0x00, 0x1F, 0xE0, 0x00, 0x0F, 0xF0, 0x00, 0x07, 0xF8, 0x00, 0x03,
  0xFC, 0x00, 0x01, 0xFF, 0x00, 0x00, 0xF7, 0x80, 0x00, 0xFB, 0xE0, 0x00,
  0xF9, 0xF8, 0x00, 0x7C, 0x7E, 0x00, 0xFC, 0x1F, 0xC0, 0xFC, 0x07, 0xFF,
  0xFC, 0x01, 0xFF, 0xFC, 0x00, 0x3F, 0xF8, 0x00, 0x03, 0xF0, 0x00, 0x00,
  0x70, 0x00, 0x07, 0xC0, 0x00, 0x3F, 0x00, 0x01, 0xF8, 0x00, 0x0F, 0x80,
  0x00, 0x3C, 0x00, 0x00, 0x00, 0x00, 0x00, 0x00, 0x00, 0x00, 0x00, 0x00,
  0x00, 0x3F, 0xFF, 0xFF, 0xFF, 0xFF, 0xFF, 0xFF, 0xFF, 0xFF, 0xFF, 0xFC,
  0x00, 0x00, 0x00, 0x00, 0x00, 0x00, 0x00, 0x00, 0x01, 0x00, 0x00, 0x3E,
  0x00, 0x01, 0xF8, 0x00, 0x0F, 0xC0, 0x00, 0x7E, 0x00, 0x03, 0xE0, 0x00,
  0x04, 0x00, 0x00, 0x00, 0x10, 0x00, 0x1F, 0x0C, 0x00, 0x7F, 0xFF, 0x00,
  0xFF, 0xFF, 0x00, 0xFF, 0xFF, 0x80, 0xFE, 0x0F, 0xE0, 0xFC, 0x03, 0xF8,
  0xFC, 0x03, 0xFE, 0x7C, 0x01, 0xDF, 0x3C, 0x01, 0xE7, 0xFE, 0x01, 0xE1,
  0xFE, 0x00, 0xE0, 0xFF, 0x00, 0xF0, 0x7F, 0x80, 0xF0, 0x3F, 0xC0, 0x70,
  0x1F, 0xE0, 0x78, 0x0F, 0xF0, 0x38, 0x07, 0xF8, 0x3C, 0x03, 0xFE, 0x3C,
  0x01, 0xEF, 0x1C, 0x01, 0xF7, 0xDE, 0x01, 0xF3, 0xFE, 0x00, 0xF8, 0xFE,
  0x01, 0xF8, 0x3F, 0x81, 0xF8, 0x0F, 0xFF, 0xF8, 0x07, 0xFF, 0xF8, 0x07,
  0xFF, 0xF0, 0x01, 0x87, 0xE0, 0x00, 0x40, 0x00, 0x00, 0x07, 0xC0, 0x00,
  0x1E, 0x00, 0x00, 0x78, 0x00, 0x03, 0xC0, 0x00, 0x0F, 0x00, 0x00, 0x78,
  0x00, 0x01, 0xE0, 0x00, 0x00, 0x00, 0x00, 0x00, 0x00, 0x00, 0x00, 0x00,
  0x00, 0x01, 0xE0, 0x00, 0xFF, 0x00, 0x07, 0xF8, 0x00, 0x3F, 0xC0, 0x01,
  0xFE, 0x00, 0x0F, 0xF0, 0x00, 0x7F, 0x80, 0x03, 0xFC, 0x00, 0x1F, 0xE0,
  0x00, 0xFF, 0x00, 0x07, 0xF8, 0x00, 0x3F, 0xC0, 0x01, 0xFE, 0x00, 0x0F,
  0xF0, 0x00, 0x7F, 0x80, 0x03, 0xFC, 0x00, 0x1F, 0xE0, 0x00, 0xFF, 0x00,
  0x07, 0xFC, 0x00, 0x7F, 0xE0, 0x07, 0xEF, 0x80, 0x7F, 0x7E, 0x07, 0xF9,
  0xFF, 0xFB, 0xC7, 0xFF, 0x9E, 0x1F, 0xF8, 0xF0, 0x1E, 0x00, 0x00, 0x00,
  0x1F, 0x00, 0x00, 0xF0, 0x00, 0x07, 0x80, 0x00, 0x78, 0x00, 0x03, 0xC0,
  0x00, 0x3C, 0x00, 0x01, 0xC0, 0x00, 0x00, 0x00, 0x00, 0x00, 0x00, 0x00,
  0x00, 0x00, 0x00, 0x01, 0xE0, 0x00, 0xFF, 0x00, 0x07, 0xF8, 0x00, 0x3F,
  0xC0, 0x01, 0xFE, 0x00, 0x0F, 0xF0, 0x00, 0x7F, 0x80, 0x03, 0xFC, 0x00,
  0x1F, 0xE0, 0x00, 0xFF, 0x00, 0x07, 0xF8, 0x00, 0x3F, 0xC0, 0x01, 0xFE,
  0x00, 0x0F, 0xF0, 0x00, 0x7F, 0x80, 0x03, 0xFC, 0x00, 0x1F, 0xE0, 0x00,
  0xFF, 0x00, 0x07, 0xFC, 0x00, 0x7F, 0xE0, 0x07, 0xEF, 0x80, 0x7F, 0x7E,
  0x07, 0xF9, 0xFF, 0xFB, 0xC7, 0xFF, 0x9E, 0x1F, 0xF8, 0xF0, 0x1E, 0x00,
  0x00, 0x00, 0xF8, 0x00, 0x0F, 0xE0, 0x00, 0xF7, 0x80, 0x0F, 0x9E, 0x00,
  0x78, 0x78, 0x07, 0x81, 0xE0, 0x78, 0x07, 0x80, 0x00, 0x00, 0x00, 0x00,
  0x00, 0x00, 0x00, 0x00, 0x00, 0x01, 0xE0, 0x00, 0xFF, 0x00, 0x07, 0xF8,
  0x00, 0x3F, 0xC0, 0x01, 0xFE, 0x00, 0x0F, 0xF0, 0x00, 0x7F, 0x80, 0x03,
  0xFC, 0x00, 0x1F, 0xE0, 0x00, 0xFF, 0x00, 0x07, 0xF8, 0x00, 0x3F, 0xC0,
  0x01, 0xFE, 0x00, 0x0F, 0xF0, 0x00, 0x7F, 0x80, 0x03, 0xFC, 0x00, 0x1F,
  0xE0, 0x00, 0xFF, 0x00, 0x07, 0xFC, 0x00, 0x7F, 0xE0, 0x07, 0xEF, 0x80,
  0x7F, 0x7E, 0x07, 0xF9, 0xFF, 0xFB, 0xC7, 0xFF, 0x9E, 0x1F, 0xF8, 0xF0,
  0x1E, 0x00, 0x00, 0x06, 0x01, 0x00, 0x78, 0x3E, 0x07, 0xE1, 0xF0, 0x3F,
  0x0F, 0x80, 0xF0, 0x7C, 0x03, 0x01, 0xC0, 0x00, 0x00, 0x00, 0x00, 0x00,
  0x00, 0x00, 0x00, 0x00, 0x00, 0x00, 0x00, 0x01, 0xE0, 0x00, 0xFF, 0x00,
  0x07, 0xF8, 0x00, 0x3F, 0xC0, 0x01, 0xFE, 0x00, 0x0F, 0xF0, 0x00, 0x7F,
  0x80, 0x03, 0xFC, 0x00, 0x1F, 0xE0, 0x00, 0xFF, 0x00, 0x07, 0xF8, 0x00,
  0x3F, 0xC0, 0x01, 0xFE, 0x00, 0x0F, 0xF0, 0x00, 0x7F, 0x80, 0x03, 0xFC,
  0x00, 0x1F, 0xE0, 0x00, 0xFF, 0x00, 0x07, 0xFC, 0x00, 0x7F, 0xE0, 0x07,
  0xEF, 0x80, 0x7F, 0x7E, 0x07, 0xF9, 0xFF, 0xFB, 0xC7, 0xFF, 0x9E, 0x1F,
  0xF8, 0xF0, 0x1E, 0x00, 0x00, 0x00, 0x07, 0xC0, 0x00, 0x03, 0xC0, 0x00,
  0x01, 0xE0, 0x00, 0x01, 0xE0, 0x00, 0x00, 0xE0, 0x00, 0x00, 0xF0, 0x00,
  0x00, 0x70, 0x00, 0x00, 0x00, 0x00, 0x00, 0x00, 0x00, 0x00, 0x00, 0x00,
  0x00, 0x00, 0x00, 0x1F, 0x00, 0x01, 0xF7, 0x80, 0x00, 0xF3, 0xE0, 0x00,
  0xF8, 0xF0, 0x00, 0x78, 0x7C, 0x00, 0x7C, 0x1E, 0x00, 0x3C, 0x0F, 0x80,
  0x1E, 0x03, 0xC0, 0x1F, 0x01, 0xE0, 0x0F, 0x00, 0x78, 0x0F, 0x80, 0x3C,
  0x07, 0x80, 0x1F, 0x03, 0xC0, 0x07, 0x83, 0xC0, 0x03, 0xE1, 0xE0, 0x00,
  0xF1, 0xF0, 0x00, 0x78, 0xF0, 0x00, 0x1E, 0x78, 0x00, 0x0F, 0x78, 0x00,
  0x03, 0xFC, 0x00, 0x01, 0xFC, 0x00, 0x00, 0xFE, 0x00, 0x00, 0x3F, 0x00,
  0x00, 0x1F, 0x00, 0x00, 0x07, 0x80, 0x00, 0x07, 0x80, 0x00, 0x03, 0xC0,
  0x00, 0x03, 0xC0, 0x00, 0x01, 0xE0, 0x00, 0x01, 0xE0, 0x00, 0x00, 0xF0,
  0x00, 0x00, 0xF8, 0x00, 0x00, 0x78, 0x00, 0x00, 0x7C, 0x00, 0x00, 0x3C,
  0x00, 0x00, 0x1E, 0x00, 0x00, 0x1E, 0x00, 0x00, 0xF0, 0x00, 0x00, 0x78,
  0x00, 0x00, 0x3C, 0x00, 0x00, 0x1E, 0x00, 0x00, 0x0F, 0x00, 0x00, 0x07,
  0x80, 0x00, 0x03, 0xC0, 0x00, 0x01, 0xE0, 0x00, 0x00, 0xF0, 0x00, 0x00,
  0x78, 0x1F, 0x00, 0x3C, 0x3F, 0xF0, 0x1E, 0x7F, 0xFE, 0x0F, 0x7F, 0xFF,
  0x87, 0xBE, 0x0F, 0xE3, 0xFC, 0x01, 0xF9, 0xFC, 0x00, 0x7C, 0xFC, 0x00,
  0x1F, 0x7C, 0x00, 0x0F, 0xBE, 0x00, 0x03, 0xDE, 0x00, 0x01, 0xEF, 0x00,
  0x00, 0xFF, 0x80, 0x00, 0x3F, 0xC0, 0x00, 0x1F, 0xE0, 0x00, 0x1F, 0xF0,
  0x00, 0x0F, 0xF8, 0x00, 0x07, 0xBE, 0x00, 0x03, 0xDF, 0x00, 0x03, 0xEF,
  0xC0, 0x01, 0xF7, 0xF0, 0x01, 0xF3, 0xFC, 0x01, 0xF1, 0xFF, 0x83, 0xF8,
  0xF7, 0xFF, 0xF8, 0x79, 0xFF, 0xF8, 0x3C, 0x7F, 0xF0, 0x1E, 0x07, 0xE0,
  0x0F, 0x00, 0x00, 0x07, 0x80, 0x00, 0x03, 0xC0, 0x00, 0x01, 0xE0, 0x00,
  0x00, 0xF0, 0x00, 0x00, 0x78, 0x00, 0x00, 0x3C, 0x00, 0x00, 0x1E, 0x00,
  0x00, 0x0F, 0x00, 0x00, 0x07, 0x80, 0x00, 0x00, 0x01, 0x80, 0x40, 0x01,
  0xE0, 0xF8, 0x01, 0xF8, 0x7C, 0x00, 0xFC, 0x3E, 0x00, 0x3C, 0x1F, 0x00,
  0x0C, 0x07, 0x00, 0x00, 0x00, 0x00, 0x00, 0x00, 0x00, 0x00, 0x00, 0x00,
  0x00, 0x00, 0x00, 0x00, 0x00, 0x00, 0x1F, 0x00, 0x01, 0xF7, 0x80, 0x00,
  0xF3, 0xE0, 0x00, 0xF8, 0xF0, 0x00, 0x78, 0x7C, 0x00, 0x7C, 0x1E, 0x00,
  0x3C, 0x0F, 0x80, 0x1E, 0x03, 0xC0, 0x1F, 0x01, 0xE0, 0x0F, 0x00, 0x78,
  0x0F, 0x80, 0x3C, 0x07, 0x80, 0x1F, 0x03, 0xC0, 0x07, 0x83, 0xC0, 0x03,
  0xE1, 0xE0, 0x00, 0xF1, 0xF0, 0x00, 0x78, 0xF0, 0x00, 0x1E, 0x78, 0x00,
  0x0F, 0x78, 0x00, 0x03, 0xFC, 0x00, 0x01, 0xFC, 0x00, 0x00, 0xFE, 0x00,
  0x00, 0x3F, 0x00, 0x00, 0x1F, 0x00, 0x00, 0x07, 0x80, 0x00, 0x07, 0x80,
  0x00, 0x03, 0xC0, 0x00, 0x03, 0xC0, 0x00, 0x01, 0xE0, 0x00, 0x01, 0xE0,
  0x00, 0x00, 0xF0, 0x00, 0x00, 0xF8, 0x00, 0x00, 0x78, 0x00, 0x00, 0x7C
};

const WideGlyph GoogleSansFlex_RegularSettingsTabGlyphs[] PROGMEM = {
  {     0,   1,   1,  11,    0,    0 },   // 0x20 ' '
  {     1,   6,  35,  16,    5,  -34 },   // 0x21 '!'
  {    28,  10,  12,  16,    3,  -34 },   // 0x22 '"'
  {    43,  29,  35,  31,    1,  -34 },   // 0x23 '#'
  {   170,  23,  43,  29,    3,  -38 },   // 0x24 '$'
  {   294,  38,  37,  41,    1,  -35 },   // 0x25 '%'
  {   470,  28,  37,  31,    2,  -35 },   // 0x26 '&'
  {   600,   3,  12,   9,    3,  -34 },   // 0x27 '''
  {   605,  12,  46,  16,    3,  -38 },   // 0x28 '('
  {   674,  12,  46,  16,    1,  -38 },   // 0x29 ')'
  {   743,  17,  17,  21,    2,  -35 },   // 0x2A '*'
  {   780,  21,  22,  27,    3,  -25 },   // 0x2B '+'
  {   838,   7,  11,  12,    2,   -5 },   // 0x2C ','
  {   848,  14,   4,  17,    1,  -17 },   // 0x2D '-'
  {   855,   6,   6,  12,    3,   -5 },   // 0x2E '.'
  {   860,  15,  35,  15,    0,  -34 },   // 0x2F '/'
  {   926,  27,  37,  32,    2,  -35 },   // 0x30 '0'
  {  1051,  12,  35,  18,    2,  -34 },   // 0x31 '1'
  {  1104,  21,  36,  26,    2,  -35 },   // 0x32 '2'
  {  1199,  22,  37,  26,    2,  -35 },   // 0x33 '3'
  {  1301,  25,  35,  29,    2,  -34 },   // 0x34 '4'
  {  1411,  23,  36,  28,    2,  -34 },   // 0x35 '5'
  {  1515,  24,  37,  27,    2,  -35 },   // 0x36 '6'
  {  1626,  22,  36,  24,    1,  -34 },   // 0x37 '7'
  {  1725,  23,  37,  27,    2,  -35 },   // 0x38 '8'
  {  1832,  23,  37,  27,    2,  -35 },   // 0x39 '9'
  {  1939,   6,  25,  12,    3,  -24 },   // 0x3A ':'
  {  1958,   8,  30,  12,    2,  -24 },   // 0x3B ';'
  {  1988,  21,  21,  27,    3,  -25 },   // 0x3C '<'
  {  2044,  21,  14,  27,    3,  -21 },   // 0x3D '='
  {  2081,  20,  21,  27,    4,  -25 },   // 0x3E '>'
  {  2134,  20,  36,  23,    2,  -35 },   // 0x3F '?'
  {  2224,  38,  38,  43,    3,  -33 },   // 0x40 '@'
  {  2405,  31,  35,  33,    1,  -34 },   // 0x41 'A'
  {  2541,  24,  35,  30,    4,  -34 },   // 0x42 'B'
  {  2646,  32,  37,  36,    2,  -35 },   // 0x43 'C'
  {  2794,  28,  35,  34,    4,  -34 },   // 0x44 'D'
  {  2917,  20,  35,  27,    4,  -34 },   // 0x45 'E'
  {  3005,  19,  35,  26,    4,  -34 },   // 0x46 'F'
  {  3089,  36,  37,  39,    2,  -35 },   // 0x47 'G'
  {  3256,  26,  35,  34,    4,  -34 },   // 0x48 'H'
  {  3370,   4,  35,  12,    4,  -34 },   // 0x49 'I'
  {  3388,  22,  36,  26,    1,  -34 },   // 0x4A 'J'
  {  3487,  26,  35,  31,    4,  -34 },   // 0x4B 'K'
  {  3601,  19,  35,  25,    4,  -34 },   // 0x4C 'L'
  {  3685,  34,  35,  42,    4,  -34 },   // 0x4D 'M'
  {  3834,  27,  35,  35,    4,  -34 },   // 0x4E 'N'
  {  3953,  36,  37,  40,    2,  -35 },   // 0x4F 'O'
  {  4120,  23,  35,  28,    4,  -34 },   // 0x50 'P'
  {  4221,  36,  39,  40,    2,  -35 },   // 0x51 'Q'
  {  4397,  24,  35,  29,    4,  -34 },   // 0x52 'R'
  {  4502,  24,  37,  27,    1,  -35 },   // 0x53 'S'
  {  4613,  24,  35,  26,    1,  -34 },   // 0x54 'T'
  {  4718,  26,  36,  32,    3,  -34 },   // 0x55 'U'
  {  4835,  29,  35,  31,    1,  -34 },   // 0x56 'V'
  {  4962,  44,  35,  46,    1,  -34 },   // 0x57 'W'
  {  5155,  29,  35,  31,    1,  -34 },   // 0x58 'X'
  {  5282,  27,  35,  29,    1,  -34 },   // 0x59 'Y'
  {  5401,  24,  35,  28,    2,  -34 },   // 0x5A 'Z'
  {  5506,  10,  45,  19,    5,  -38 },   // 0x5B '['
  {  5563,  15,  35,  15,    0,  -34 },   // 0x5C '\'
  {  5629,  10,  45,  19,    3,  -38 },   // 0x5D ']'
  {  5686,  21,  15,  23,    1,  -34 },   // 0x5E '^'
  {  5726,  23,   4,  28,    2,    5 },   // 0x5F '_'
  {  5738,   8,   7,  22,    7,  -35 },   // 0x60 '`'
  {  5745,  21,  27,  26,    2,  -25 },   // 0x61 'a'
  {  5816,  25,  36,  29,    3,  -34 },   // 0x62 'b'
  {  5929,  23,  27,  27,    2,  -25 },   // 0x63 'c'
  {  6007,  24,  36,  29,    2,  -34 },   // 0x64 'd'
  {  6115,  24,  27,  28,    2,  -25 },   // 0x65 'e'
  {  6196,  17,  36,  19,    1,  -35 },   // 0x66 'f'
  {  6273,  24,  37,  29,    2,  -25 },   // 0x67 'g'
  {  6384,  22,  35,  27,    3,  -34 },   // 0x68 'h'
  {  6481,   5,  36,  11,    3,  -35 },   // 0x69 'i'
  {  6504,  12,  47,  11,   -4,  -35 },   // 0x6A 'j'
  {  6575,  22,  35,  25,    3,  -34 },   // 0x6B 'k'
  {  6672,   4,  35,  10,    3,  -34 },   // 0x6C 'l'
  {  6690,  37,  26,  43,    3,  -25 },   // 0x6D 'm'
  {  6811,  22,  26,  27,    3,  -25 },   // 0x6E 'n'
  {  6883,  25,  27,  29,    2,  -25 },   // 0x6F 'o'
  {  6968,  25,  37,  29,    3,  -25 },   // 0x70 'p'
  {  7084,  24,  37,  29,    2,  -25 },   // 0x71 'q'
  {  7195,  14,  26,  18,    3,  -25 },   // 0x72 'r'
  {  7241,  21,  27,  23,    1,  -25 },   // 0x73 's'
  {  7312,  15,  33,  18,    1,  -31 },   // 0x74 't'
  {  7374,  21,  26,  27,    3,  -24 },   // 0x75 'u'
  {  7443,  25,  25,  25,    0,  -24 },   // 0x76 'v'
  {  7522,  38,  25,  38,    0,  -24 },   // 0x77 'w'
  {  7641,  23,  25,  24,    0,  -24 },   // 0x78 'x'
  {  7713,  25,  36,  25,    0,  -24 },   // 0x79 'y'
  {  7826,  20,  25,  24,    2,  -24 },   // 0x7A 'z'
  {  7889,  13,  45,  19,    3,  -38 },   // 0x7B '{'
  {  7963,   4,  49,  12,    4,  -37 },   // 0x7C '|'
  {  7988,  13,  45,  19,    3,  -38 },   // 0x7D '}'
  {  8062,  23,   7,  27,    2,  -18 },   // 0x7E '~'
  {  8083,  20,  35,  28,    4,  -34 },   // 0x7F
  {  8171,  20,  35,  28,    4,  -34 },   // 0x80
  {  8259,  20,  35,  28,    4,  -34 },   // 0x81
  {  8347,  20,  35,  28,    4,  -34 },   // 0x82
  {  8435,  20,  35,  28,    4,  -34 },   // 0x83
  {  8523,  20,  35,  28,    4,  -34 },   // 0x84
  {  8611,  20,  35,  28,    4,  -34 },   // 0x85
  {  8699,  20,  35,  28,    4,  -34 },   // 0x86
  {  8787,  20,  35,  28,    4,  -34 },   // 0x87
  {  8875,  20,  35,  28,    4,  -34 },   // 0x88
  {  8963,  20,  35,  28,    4,  -34 },   // 0x89
  {  9051,  20,  35,  28,    4,  -34 },   // 0x8A
  {  9139,  20,  35,  28,    4,  -34 },   // 0x8B
  {  9227,  20,  35,  28,    4,  -34 },   // 0x8C
  {  9315,  20,  35,  28,    4,  -34 },   // 0x8D
  {  9403,  20,  35,  28,    4,  -34 },   // 0x8E
  {  9491,  20,  35,  28,    4,  -34 },   // 0x8F
  {  9579,  20,  35,  28,    4,  -34 },   // 0x90
  {  9667,  20,  35,  28,    4,  -34 },   // 0x91
  {  9755,  20,  35,  28,    4,  -34 },   // 0x92
  {  9843,  20,  35,  28,    4,  -34 },   // 0x93
  {  9931,  20,  35,  28,    4,  -34 },   // 0x94
  { 10019,  20,  35,  28,    4,  -34 },   // 0x95
  { 10107,  20,  35,  28,    4,  -34 },   // 0x96
  { 10195,  20,  35,  28,    4,  -34 },   // 0x97
  { 10283,  20,  35,  28,    4,  -34 },   // 0x98
  { 10371,  20,  35,  28,    4,  -34 },   // 0x99
  { 10459,  20,  35,  28,    4,  -34 },   // 0x9A
  { 10547,  20,  35,  28,    4,  -34 },   // 0x9B
  { 10635,  20,  35,  28,    4,  -34 },   // 0x9C
  { 10723,  20,  35,  28,    4,  -34 },   // 0x9D
  { 10811,  20,  35,  28,    4,  -34 },   // 0x9E
  { 10899,  20,  35,  28,    4,  -34 },   // 0x9F
  { 10987,   1,   1,  11,    0,    0 },   // 0xA0
  { 10988,   6,  35,  16,    5,  -24 },   // 0xA1
  { 11015,  23,  33,  29,    4,  -32 },   // 0xA2
  { 11110,  23,  36,  26,    3,  -35 },   // 0xA3
  { 11214,  24,  23,  30,    3,  -24 },   // 0xA4
  { 11283,  28,  35,  28,    0,  -34 },   // 0xA5
  { 11406,   4,  43,  12,    4,  -36 },   // 0xA6
  { 11428,  23,  47,  27,    2,  -35 },   // 0xA7
  { 11564,  14,   6,  22,    4,  -35 },   // 0xA8
  { 11575,  37,  37,  41,    2,  -35 },   // 0xA9
  { 11747,  20,  23,  24,    2,  -35 },   // 0xAA
  { 11805,  21,  21,  27,    3,  -22 },   // 0xAB
  { 11861,  21,  13,  27,    3,  -16 },   // 0xAC
  { 11896,  14,   4,  17,    1,  -17 },   // 0xAD
  { 11903,  22,  23,  26,    2,  -35 },   // 0xAE
  { 11967,  14,   3,  22,    4,  -33 },   // 0xAF
  { 11973,  14,  13,  16,    1,  -35 },   // 0xB0
  { 11996,  21,  26,  27,    3,  -25 },   // 0xB1
  { 12065,  14,  21,  17,    1,  -43 },   // 0xB2
  { 12102,  15,  21,  18,    1,  -43 },   // 0xB3
  { 12142,   8,   7,  22,    7,  -35 },   // 0xB4
  { 12149,  27,  36,  31,    3,  -24 },   // 0xB5
  { 12271,  25,  46,  30,    1,  -34 },   // 0xB6
  { 12415,   6,   6,  12,    3,  -17 },   // 0xB7
  { 12420,  10,  12,  22,    6,    1 },   // 0xB8
  { 12435,   8,  21,  12,    1,  -43 },   // 0xB9
  { 12456,  22,  23,  27,    2,  -35 },   // 0xBA
  { 12520,  21,  21,  27,    3,  -22 },   // 0xBB
  { 12576,  37,  37,  38,    1,  -35 },   // 0xBC
  { 12748,  37,  37,  40,    1,  -35 },   // 0xBD
  { 12920,  41,  37,  43,    1,  -35 },   // 0xBE
  { 13110,  19,  36,  23,    2,  -24 },   // 0xBF
  { 13196,  31,  46,  33,    1,  -45 },   // 0xC0
  { 13375,  31,  46,  33,    1,  -45 },   // 0xC1
  { 13554,  31,  46,  33,    1,  -45 },   // 0xC2
  { 13733,  31,  46,  33,    1,  -45 },   // 0xC3
  { 13912,  31,  46,  33,    1,  -45 },   // 0xC4
  { 14091,  31,  49,  33,    1,  -48 },   // 0xC5
  { 14281,  43,  35,  47,    1,  -34 },   // 0xC6
  { 14470,  32,  48,  36,    2,  -35 },   // 0xC7
  { 14662,  20,  46,  27,    4,  -45 },   // 0xC8
  { 14777,  20,  46,  27,    4,  -45 },   // 0xC9
  { 14892,  20,  46,  27,    4,  -45 },   // 0xCA
  { 15007,  20,  46,  27,    4,  -45 },   // 0xCB
  { 15122,   8,  46,  12,    0,  -45 },   // 0xCC
  { 15168,   8,  46,  12,    4,  -45 },   // 0xCD
  { 15214,  16,  46,  12,   -2,  -45 },   // 0xCE
  { 15306,  14,  46,  12,   -1,  -45 },   // 0xCF
  { 15387,  32,  35,  34,    0,  -34 },   // 0xD0
  { 15527,  27,  46,  35,    4,  -45 },   // 0xD1
  { 15683,  36,  47,  40,    2,  -45 },   // 0xD2
  { 15895,  36,  47,  40,    2,  -45 },   // 0xD3
  { 16107,  36,  47,  40,    2,  -45 },   // 0xD4
  { 16319,  36,  47,  40,    2,  -45 },   // 0xD5
  { 16531,  36,  47,  40,    2,  -45 },   // 0xD6
  { 16743,  21,  20,  27,    3,  -24 },   // 0xD7
  { 16796,  36,  39,  40,    2,  -36 },   // 0xD8
  { 16972,  26,  47,  32,    3,  -45 },   // 0xD9
  { 17125,  26,  47,  32,    3,  -45 },   // 0xDA
  { 17278,  26,  47,  32,    3,  -45 },   // 0xDB
  { 17431,  26,  47,  32,    3,  -45 },   // 0xDC
  { 17584,  27,  46,  29,    1,  -45 },   // 0xDD
  { 17740,  23,  35,  28,    4,  -34 },   // 0xDE
  { 17841,  23,  37,  28,    3,  -35 },   // 0xDF
  { 17948,  21,  37,  26,    2,  -35 },   // 0xE0
  { 18046,  21,  37,  26,    2,  -35 },   // 0xE1
  { 18144,  21,  37,  26,    2,  -35 },   // 0xE2
  { 18242,  21,  37,  26,    2,  -35 },   // 0xE3
  { 18340,  21,  37,  26,    2,  -35 },   // 0xE4
  { 18438,  21,  40,  26,    2,  -38 },   // 0xE5
  { 18543,  41,  27,  45,    2,  -25 },   // 0xE6
  { 18682,  23,  38,  27,    2,  -25 },   // 0xE7
  { 18792,  24,  37,  28,    2,  -35 },   // 0xE8
  { 18903,  24,  37,  28,    2,  -35 },   // 0xE9
  { 19014,  24,  37,  28,    2,  -35 },   // 0xEA
  { 19125,  24,  37,  28,    2,  -35 },   // 0xEB
  { 19236,   8,  36,  11,    0,  -35 },   // 0xEC
  { 19272,   8,  36,  11,    3,  -35 },   // 0xED
  { 19308,  17,  36,  11,   -3,  -35 },   // 0xEE
  { 19385,  15,  36,  11,   -2,  -35 },   // 0xEF
  { 19453,  24,  37,  28,    2,  -35 },   // 0xF0
  { 19564,  22,  36,  27,    3,  -35 },   // 0xF1
  { 19663,  25,  37,  29,    2,  -35 },   // 0xF2
  { 19779,  25,  37,  29,    2,  -35 },   // 0xF3
  { 19895,  25,  37,  29,    2,  -35 },   // 0xF4
  { 20011,  25,  37,  29,    2,  -35 },   // 0xF5
  { 20127,  25,  37,  29,    2,  -35 },   // 0xF6
  { 20243,  21,  24,  27,    3,  -26 },   // 0xF7
  { 20306,  25,  29,  29,    2,  -26 },   // 0xF8
  { 20397,  21,  37,  27,    3,  -35 },   // 0xF9
  { 20495,  21,  37,  27,    3,  -35 },   // 0xFA
  { 20593,  21,  37,  27,    3,  -35 },   // 0xFB
  { 20691,  21,  37,  27,    3,  -35 },   // 0xFC
  { 20789,  25,  47,  25,    0,  -35 },   // 0xFD
  { 20936,  25,  46,  29,    3,  -34 },   // 0xFE
  { 21080,  25,  47,  25,    0,  -35 }   // 0xFF // 0xFF
};

const WideFont GoogleSansFlex_RegularSettingsTab PROGMEM = {
  (uint8_t  *)GoogleSansFlex_RegularSettingsTabBitmaps,
  (WideGlyph *)GoogleSansFlex_RegularSettingsTabGlyphs,
  0x20, 0xFF, 61 };

// Approx. 22802 bytes
