#pragma once
#include "../WideFont.h"

const uint8_t GoogleSansFlex_SemiBoldWakeTitleBitmaps[] PROGMEM = {
  0x00, 0x7F, 0xF9, 0xFF, 0xE7, 0xFF, 0x9F, 0xFE, 0x7F, 0xF9, 0xFF, 0xE7,
  0xFF, 0x9F, 0xFE, 0x7F, 0xF9, 0xFF, 0xE7, 0xFF, 0x8F, 0xFE, 0x3F, 0xF8,
  0xFF, 0xE3, 0xFF, 0x8F, 0xFE, 0x3F, 0xF8, 0xFF, 0xE3, 0xFF, 0x0F, 0xFC,
  0x3F, 0xF0, 0xFF, 0xC3, 0xFF, 0x0F, 0xFC, 0x3F, 0xF0, 0xFF, 0xC3, 0xFF,
  0x0F, 0xFC, 0x3F, 0xF0, 0xFF, 0xC3, 0xFF, 0x0F, 0xFC, 0x3F, 0xF0, 0xFF,
  0xC3, 0xFF, 0x0F, 0xFC, 0x3F, 0xF0, 0xFF, 0xC3, 0xFF, 0x0F, 0xFC, 0x1F,
  0xF0, 0x7F, 0xC1, 0xFF, 0x00, 0x00, 0x00, 0x00, 0x00, 0x00, 0x00, 0x00,
  0x00, 0x00, 0x00, 0x1E, 0x01, 0xFE, 0x0F, 0xFE, 0x7F, 0xFB, 0xFF, 0xFF,
  0xFF, 0xFF, 0xFF, 0xFF, 0xFF, 0xFF, 0xFF, 0xFF, 0xDF, 0xFF, 0x7F, 0xF8,
  0xFF, 0xC0, 0xFC, 0x00, 0xFF, 0x81, 0xFF, 0xFF, 0x81, 0xFF, 0xFF, 0x81,
  0xFF, 0xFF, 0x81, 0xFF, 0xFF, 0x81, 0xFF, 0xFF, 0x81, 0xFF, 0xFF, 0x81,
  0xFF, 0xFF, 0x81, 0xFF, 0xFF, 0x81, 0xFF, 0xFF, 0x81, 0xFF, 0xFF, 0x81,
  0xFF, 0xFF, 0x81, 0xFF, 0xFF, 0x81, 0xFF, 0xFF, 0x81, 0xFF, 0xFF, 0x81,
  0xFF, 0xFF, 0x81, 0xFF, 0xFF, 0x81, 0xFF, 0xFF, 0x81, 0xFF, 0xFF, 0x81,
  0xFF, 0xFF, 0x81, 0xFF, 0xFF, 0x81, 0xFF, 0xFF, 0x81, 0xFF, 0xFF, 0x81,
  0xFF, 0x00, 0x00, 0x7F, 0xC0, 0x0F, 0xF8, 0x00, 0x00, 0x03, 0xFE, 0x00,
  0x7F, 0xC0, 0x00, 0x00, 0x1F, 0xF0, 0x03, 0xFE, 0x00, 0x00, 0x00, 0xFF,
  0x80, 0x1F, 0xE0, 0x00, 0x00, 0x07, 0xF8, 0x01, 0xFF, 0x00, 0x00, 0x00,
  0x3F, 0xC0, 0x0F, 0xF8, 0x00, 0x00, 0x03, 0xFE, 0x00, 0x7F, 0xC0, 0x00,
  0x00, 0x1F, 0xF0, 0x03, 0xFE, 0x00, 0x00, 0x00, 0xFF, 0x80, 0x1F, 0xF0,
  0x00, 0x00, 0x07, 0xFC, 0x00, 0xFF, 0x80, 0x00, 0x00, 0x3F, 0xE0, 0x07,
  0xF8, 0x00, 0x00, 0x01, 0xFE, 0x00, 0x7F, 0xC0, 0x00, 0x00, 0x0F, 0xF0,
  0x03, 0xFE, 0x00, 0x00, 0x00, 0xFF, 0x80, 0x1F, 0xF0, 0x00, 0x00, 0x07,
  0xFC, 0x00, 0xFF, 0x80, 0x00, 0x00, 0x3F, 0xE0, 0x07, 0xFC, 0x00, 0x00,
  0x01, 0xFF, 0x00, 0x3F, 0xE0, 0x00, 0x7F, 0xFF, 0xFF, 0xFF, 0xFF, 0xFF,
  0xC3, 0xFF, 0xFF, 0xFF, 0xFF, 0xFF, 0xFE, 0x1F, 0xFF, 0xFF, 0xFF, 0xFF,
  0xFF, 0xF0, 0xFF, 0xFF, 0xFF, 0xFF, 0xFF, 0xFF, 0x87, 0xFF, 0xFF, 0xFF,
  0xFF, 0xFF, 0xFC, 0x7F, 0xFF, 0xFF, 0xFF, 0xFF, 0xFF, 0xE3, 0xFF, 0xFF,
  0xFF, 0xFF, 0xFF, 0xFE, 0x1F, 0xFF, 0xFF, 0xFF, 0xFF, 0xFF, 0xF0, 0xFF,
  0xFF, 0xFF, 0xFF, 0xFF, 0xFF, 0x80, 0x01, 0xFF, 0x00, 0x3F, 0xE0, 0x00,
  0x00, 0x0F, 0xF8, 0x01, 0xFF, 0x00, 0x00, 0x00, 0x7F, 0xC0, 0x0F, 0xF8,
  0x00, 0x00, 0x03, 0xFE, 0x00, 0x7F, 0xC0, 0x00, 0x00, 0x1F, 0xF0, 0x03,
  0xFC, 0x00, 0x00, 0x00, 0xFF, 0x80, 0x1F, 0xE0, 0x00, 0x00, 0x07, 0xF8,
  0x01, 0xFF, 0x00, 0x00, 0x00, 0x7F, 0xC0, 0x0F, 0xF8, 0x00, 0x00, 0x03,
  0xFE, 0x00, 0x7F, 0xC0, 0x00, 0x00, 0x1F, 0xF0, 0x03, 0xFE, 0x00, 0x00,
  0x00, 0xFF, 0x80, 0x1F, 0xF0, 0x00, 0x00, 0x07, 0xFC, 0x00, 0xFF, 0x00,
  0x11, 0xFF, 0xFF, 0xFF, 0xFF, 0xFF, 0xFF, 0x0F, 0xFF, 0xFF, 0xFF, 0xFF,
  0xFF, 0xF8, 0x7F, 0xFF, 0xFF, 0xFF, 0xFF, 0xFF, 0xC3, 0xFF, 0xFF, 0xFF,
  0xFF, 0xFF, 0xFE, 0x1F, 0xFF, 0xFF, 0xFF, 0xFF, 0xFF, 0xF1, 0xFF, 0xFF,
  0xFF, 0xFF, 0xFF, 0xFF, 0x8F, 0xFF, 0xFF, 0xFF, 0xFF, 0xFF, 0xFC, 0x7F,
  0xFF, 0xFF, 0xFF, 0xFF, 0xFF, 0xC0, 0x00, 0x7F, 0x80, 0x1F, 0xF0, 0x00,
  0x00, 0x07, 0xFC, 0x00, 0xFF, 0x80, 0x00, 0x00, 0x3F, 0xE0, 0x07, 0xFC,
  0x00, 0x00, 0x01, 0xFF, 0x00, 0x3F, 0xE0, 0x00, 0x00, 0x0F, 0xF8, 0x01,
  0xFF, 0x00, 0x00, 0x00, 0x7F, 0xC0, 0x0F, 0xF0, 0x00, 0x00, 0x03, 0xFC,
  0x00, 0x7F, 0x80, 0x00, 0x00, 0x1F, 0xE0, 0x07, 0xFC, 0x00, 0x00, 0x01,
  0xFF, 0x00, 0x3F, 0xE0, 0x00, 0x00, 0x0F, 0xF8, 0x01, 0xFF, 0x00, 0x00,
  0x00, 0x7F, 0xC0, 0x0F, 0xF8, 0x00, 0x00, 0x03, 0xFE, 0x00, 0x7F, 0xC0,
  0x00, 0x00, 0x1F, 0xF0, 0x03, 0xFC, 0x00, 0x00, 0x00, 0xFF, 0x00, 0x3F,
  0xE0, 0x00, 0x00, 0x07, 0xF8, 0x01, 0xFF, 0x00, 0x00, 0x00, 0x7F, 0xC0,
  0x0F, 0xF8, 0x00, 0x00, 0x00, 0x00, 0x0F, 0xE0, 0x00, 0x00, 0x00, 0x00,
  0x7F, 0x00, 0x00, 0x00, 0x00, 0x03, 0xF8, 0x00, 0x00, 0x00, 0x00, 0x1F,
  0xC0, 0x00, 0x00, 0x00, 0x00, 0xFE, 0x00, 0x00, 0x00, 0x00, 0x07, 0xF0,
  0x00, 0x00, 0x00, 0x00, 0x3F, 0x80, 0x00, 0x00, 0x00, 0x01, 0xFC, 0x00,
  0x00, 0x00, 0x03, 0xFF, 0xFE, 0x00, 0x00, 0x00, 0x7F, 0xFF, 0xFE, 0x00,
  0x00, 0x0F, 0xFF, 0xFF, 0xFC, 0x00, 0x00, 0xFF, 0xFF, 0xFF, 0xF0, 0x00,
  0x1F, 0xFF, 0xFF, 0xFF, 0xE0, 0x01, 0xFF, 0xFF, 0xFF, 0xFF, 0x80, 0x0F,
  0xFF, 0xFF, 0xFF, 0xFE, 0x00, 0xFF, 0xFF, 0xFF, 0xFF, 0xF0, 0x0F, 0xFF,
  0xFF, 0xFF, 0xFF, 0xC0, 0x7F, 0xFE, 0x7F, 0x7F, 0xFF, 0x07, 0xFF, 0xC3,
  0xF8, 0xFF, 0xF0, 0x3F, 0xFC, 0x1F, 0xC3, 0xFF, 0x01, 0xFF, 0xC0, 0xFE,
  0x0F, 0xF0, 0x0F, 0xFE, 0x07, 0xF0, 0x3E, 0x00, 0xFF, 0xE0, 0x3F, 0x80,
  0xE0, 0x07, 0xFF, 0x01, 0xFC, 0x02, 0x00, 0x3F, 0xFC, 0x0F, 0xE0, 0x00,
  0x01, 0xFF, 0xE0, 0x7F, 0x00, 0x00, 0x07, 0xFF, 0x03, 0xF8, 0x00, 0x00,
  0x3F, 0xFC, 0x1F, 0xC0, 0x00, 0x01, 0xFF, 0xF0, 0xFE, 0x00, 0x00, 0x0F,
  0xFF, 0xE7, 0xF0, 0x00, 0x00, 0x3F, 0xFF, 0xFF, 0x80, 0x00, 0x01, 0xFF,
  0xFF, 0xFC, 0x00, 0x00, 0x07, 0xFF, 0xFF, 0xE0, 0x00, 0x00, 0x1F, 0xFF,
  0xFF, 0x80, 0x00, 0x00, 0x7F, 0xFF, 0xFF, 0x80, 0x00, 0x01, 0xFF, 0xFF,
  0xFF, 0x00, 0x00, 0x07, 0xFF, 0xFF, 0xFE, 0x00, 0x00, 0x0F, 0xFF, 0xFF,
  0xFC, 0x00, 0x00, 0x1F, 0xFF, 0xFF, 0xF0, 0x00, 0x00, 0x3F, 0xFF, 0xFF,
  0xE0, 0x00, 0x00, 0x7F, 0xFF, 0xFF, 0x80, 0x00, 0x00, 0x7F, 0xFF, 0xFC,
  0x00, 0x00, 0x03, 0xFF, 0xFF, 0xF0, 0x00, 0x00, 0x1F, 0xFF, 0xFF, 0xC0,
  0x00, 0x00, 0xFE, 0xFF, 0xFE, 0x00, 0x00, 0x07, 0xF1, 0xFF, 0xF8, 0x00,
  0x00, 0x3F, 0x87, 0xFF, 0xC0, 0x00, 0x01, 0xFC, 0x1F, 0xFE, 0x00, 0x00,
  0x0F, 0xE0, 0x7F, 0xF0, 0x04, 0x00, 0x7F, 0x03, 0xFF, 0xC0, 0xF0, 0x03,
  0xF8, 0x0F, 0xFE, 0x0F, 0x80, 0x1F, 0xC0, 0x7F, 0xF1, 0xFE, 0x00, 0xFE,
  0x03, 0xFF, 0xBF, 0xF8, 0x07, 0xF0, 0x3F, 0xFF, 0xFF, 0xC0, 0x3F, 0x81,
  0xFF, 0xCF, 0xFF, 0x01, 0xFC, 0x0F, 0xFE, 0x7F, 0xFC, 0x0F, 0xE0, 0xFF,
  0xF1, 0xFF, 0xF8, 0x7F, 0x0F, 0xFF, 0x8F, 0xFF, 0xF3, 0xF9, 0xFF, 0xF8,
  0x3F, 0xFF, 0xFF, 0xFF, 0xFF, 0xC0, 0xFF, 0xFF, 0xFF, 0xFF, 0xFC, 0x07,
  0xFF, 0xFF, 0xFF, 0xFF, 0xC0, 0x1F, 0xFF, 0xFF, 0xFF, 0xFC, 0x00, 0x7F,
  0xFF, 0xFF, 0xFF, 0xC0, 0x00, 0xFF, 0xFF, 0xFF, 0xFC, 0x00, 0x03, 0xFF,
  0xFF, 0xFF, 0xC0, 0x00, 0x07, 0xFF, 0xFF, 0xF8, 0x00, 0x00, 0x0F, 0xFF,
  0xFF, 0x00, 0x00, 0x00, 0x07, 0xFF, 0x80, 0x00, 0x00, 0x00, 0x07, 0xF0,
  0x00, 0x00, 0x00, 0x00, 0x3F, 0x80, 0x00, 0x00, 0x00, 0x01, 0xFC, 0x00,
  0x00, 0x00, 0x00, 0x0F, 0xE0, 0x00, 0x00, 0x00, 0x00, 0x7F, 0x00, 0x00,
  0x00, 0x00, 0x03, 0xF8, 0x00, 0x00, 0x00, 0x00, 0x1F, 0xC0, 0x00, 0x00,
  0x00, 0x00, 0x00, 0x00, 0x00, 0x00, 0x08, 0x00, 0x00, 0x00, 0xFF, 0xC0,
  0x00, 0x00, 0x00, 0x70, 0x00, 0x00, 0x0F, 0xFF, 0xC0, 0x00, 0x00, 0x01,
  0xE0, 0x00, 0x00, 0xFF, 0xFF, 0xC0, 0x00, 0x00, 0x0F, 0xE0, 0x00, 0x07,
  0xFF, 0xFF, 0x80, 0x00, 0x00, 0x7F, 0xE0, 0x00, 0x3F, 0xFF, 0xFF, 0x00,
  0x00, 0x01, 0xFF, 0x00, 0x01, 0xFF, 0xFF, 0xFE, 0x00, 0x00, 0x0F, 0xF8,
  0x00, 0x0F, 0xFF, 0xFF, 0xFC, 0x00, 0x00, 0x7F, 0xE0, 0x00, 0x7F, 0xFC,
  0xFF, 0xF8, 0x00, 0x01, 0xFF, 0x00, 0x01, 0xFF, 0x80, 0x7F, 0xE0, 0x00,
  0x0F, 0xF8, 0x00, 0x07, 0xFC, 0x00, 0xFF, 0xC0, 0x00, 0x7F, 0xE0, 0x00,
  0x3F, 0xE0, 0x01, 0xFF, 0x00, 0x01, 0xFF, 0x00, 0x00, 0xFF, 0x80, 0x03,
  0xFC, 0x00, 0x0F, 0xF8, 0x00, 0x03, 0xFC, 0x00, 0x0F, 0xF0, 0x00, 0x7F,
  0xE0, 0x00, 0x0F, 0xF0, 0x00, 0x3F, 0xC0, 0x01, 0xFF, 0x00, 0x00, 0x3F,
  0xC0, 0x00, 0xFF, 0x80, 0x0F, 0xF8, 0x00, 0x00, 0xFF, 0x00, 0x03, 0xFE,
  0x00, 0x7F, 0xE0, 0x00, 0x03, 0xFC, 0x00, 0x0F, 0xF8, 0x01, 0xFF, 0x00,
  0x00, 0x0F, 0xF0, 0x00, 0x3F, 0xC0, 0x0F, 0xF8, 0x00, 0x00, 0x3F, 0xE0,
  0x00, 0xFF, 0x00, 0x7F, 0xE0, 0x00, 0x00, 0xFF, 0x80, 0x07, 0xFC, 0x03,
  0xFF, 0x00, 0x00, 0x03, 0xFF, 0x00, 0x3F, 0xF0, 0x0F, 0xF8, 0x00, 0x00,
  0x07, 0xFE, 0x01, 0xFF, 0x80, 0x7F, 0xE0, 0x00, 0x00, 0x1F, 0xFE, 0x1F,
  0xFE, 0x03, 0xFF, 0x00, 0x00, 0x00, 0x3F, 0xFF, 0xFF, 0xF0, 0x0F, 0xF8,
  0x00, 0x00, 0x00, 0x7F, 0xFF, 0xFF, 0x80, 0x7F, 0xE0, 0x00, 0x00, 0x00,
  0xFF, 0xFF, 0xFC, 0x03, 0xFF, 0x00, 0x00, 0x00, 0x01, 0xFF, 0xFF, 0xE0,
  0x0F, 0xF8, 0x00, 0x00, 0x00, 0x03, 0xFF, 0xFF, 0x00, 0x7F, 0xE0, 0x00,
  0x00, 0x00, 0x07, 0xFF, 0xF8, 0x03, 0xFF, 0x00, 0x00, 0x00, 0x00, 0x07,
  0xFF, 0x80, 0x0F, 0xF8, 0x00, 0x00, 0x00, 0x00, 0x00, 0x00, 0x00, 0x7F,
  0xE0, 0x00, 0x00, 0x00, 0x00, 0x00, 0x00, 0x03, 0xFF, 0x00, 0x00, 0x00,
  0x00, 0x00, 0x00, 0x00, 0x0F, 0xF8, 0x00, 0x00, 0x00, 0x00, 0x00, 0x00,
  0x00, 0x7F, 0xE0, 0x00, 0x00, 0x00, 0x00, 0x00, 0x00, 0x03, 0xFF, 0x00,
  0x1F, 0xFC, 0x00, 0x00, 0x00, 0x00, 0x0F, 0xF8, 0x01, 0xFF, 0xFC, 0x00,
  0x00, 0x00, 0x00, 0x7F, 0xE0, 0x1F, 0xFF, 0xF8, 0x00, 0x00, 0x00, 0x03,
  0xFF, 0x00, 0xFF, 0xFF, 0xF8, 0x00, 0x00, 0x00, 0x0F, 0xF8, 0x07, 0xFF,
  0xFF, 0xF0, 0x00, 0x00, 0x00, 0x7F, 0xE0, 0x3F, 0xFF, 0xFF, 0xE0, 0x00,
  0x00, 0x03, 0xFF, 0x00, 0xFF, 0xFF, 0xFF, 0x80, 0x00, 0x00, 0x0F, 0xF8,
  0x07, 0xFF, 0x9F, 0xFF, 0x00, 0x00, 0x00, 0x7F, 0xE0, 0x3F, 0xF8, 0x0F,
  0xFE, 0x00, 0x00, 0x03, 0xFF, 0x00, 0xFF, 0x80, 0x0F, 0xF8, 0x00, 0x00,
  0x0F, 0xF8, 0x03, 0xFE, 0x00, 0x3F, 0xE0, 0x00, 0x00, 0x7F, 0xE0, 0x1F,
  0xF0, 0x00, 0x7F, 0xC0, 0x00, 0x03, 0xFF, 0x00, 0x7F, 0xC0, 0x01, 0xFF,
  0x00, 0x00, 0x0F, 0xF8, 0x01, 0xFE, 0x00, 0x03, 0xFC, 0x00, 0x00, 0x7F,
  0xE0, 0x07, 0xF8, 0x00, 0x0F, 0xF0, 0x00, 0x03, 0xFF, 0x00, 0x1F, 0xE0,
  0x00, 0x3F, 0xC0, 0x00, 0x0F, 0xF8, 0x00, 0x7F, 0x80, 0x00, 0xFF, 0x00,
  0x00, 0x7F, 0xE0, 0x01, 0xFF, 0x00, 0x07, 0xFC, 0x00, 0x03, 0xFF, 0x00,
  0x07, 0xFC, 0x00, 0x1F, 0xF0, 0x00, 0x0F, 0xF8, 0x00, 0x0F, 0xF8, 0x00,
  0xFF, 0x80, 0x00, 0x7F, 0xE0, 0x00, 0x3F, 0xE0, 0x03, 0xFE, 0x00, 0x03,
  0xFF, 0x00, 0x00, 0xFF, 0xE0, 0x3F, 0xF8, 0x00, 0x0F, 0xF8, 0x00, 0x01,
  0xFF, 0xE3, 0xFF, 0xC0, 0x00, 0x7F, 0xC0, 0x00, 0x07, 0xFF, 0xFF, 0xFE,
  0x00, 0x03, 0xFF, 0x00, 0x00, 0x0F, 0xFF, 0xFF, 0xF8, 0x00, 0x0F, 0xF8,
  0x00, 0x00, 0x1F, 0xFF, 0xFF, 0xC0, 0x00, 0x7F, 0xC0, 0x00, 0x00, 0x3F,
  0xFF, 0xFE, 0x00, 0x00, 0xFF, 0x00, 0x00, 0x00, 0x7F, 0xFF, 0xF0, 0x00,
  0x00, 0xF8, 0x00, 0x00, 0x00, 0x7F, 0xFF, 0x00, 0x00, 0x01, 0xC0, 0x00,
  0x00, 0x00, 0x7F, 0xF0, 0x00, 0x00, 0x01, 0x00, 0x00, 0x00, 0x00, 0x00,
  0x00, 0x00, 0x00, 0x00, 0x3F, 0xF8, 0x00, 0x00, 0x00, 0x00, 0x0F, 0xFF,
  0xF8, 0x00, 0x00, 0x00, 0x01, 0xFF, 0xFF, 0xE0, 0x00, 0x00, 0x00, 0x1F,
  0xFF, 0xFF, 0xC0, 0x00, 0x00, 0x01, 0xFF, 0xFF, 0xFF, 0x00, 0x00, 0x00,
  0x1F, 0xFF, 0xFF, 0xFC, 0x00, 0x00, 0x01, 0xFF, 0xFF, 0xFF, 0xF0, 0x00,
  0x00, 0x0F, 0xFF, 0xFF, 0xFF, 0x80, 0x00, 0x00, 0xFF, 0xFF, 0xFF, 0xFE,
  0x00, 0x00, 0x07, 0xFF, 0xE1, 0xFF, 0xF0, 0x00, 0x00, 0x3F, 0xFC, 0x03,
  0xFF, 0xC0, 0x00, 0x03, 0xFF, 0xE0, 0x0F, 0xFC, 0x00, 0x00, 0x1F, 0xFE,
  0x00, 0x3F, 0x80, 0x00, 0x00, 0xFF, 0xF0, 0x01, 0xF0, 0x00, 0x00, 0x07,
  0xFF, 0x80, 0x06, 0x00, 0x00, 0x00, 0x3F, 0xFC, 0x00, 0x00, 0x00, 0x00,
  0x00, 0xFF, 0xE0, 0x00, 0x00, 0x00, 0x00, 0x07, 0xFF, 0x80, 0x00, 0x00,
  0x00, 0x00, 0x3F, 0xFC, 0x00, 0x00, 0x00, 0x00, 0x00, 0xFF, 0xF0, 0x00,
  0x00, 0x00, 0x00, 0x07, 0xFF, 0xC0, 0x00, 0x00, 0x00, 0x00, 0x1F, 0xFE,
  0x00, 0x00, 0x00, 0x00, 0x00, 0xFF, 0xF8, 0x00, 0x00, 0x00, 0x00, 0x03,
  0xFF, 0xE0, 0x00, 0x00, 0x00, 0x00, 0x0F, 0xFF, 0x80, 0x00, 0x00, 0x00,
  0x01, 0xFF, 0xFE, 0x00, 0x00, 0x00, 0x00, 0x1F, 0xFF, 0xF8, 0x00, 0x00,
  0x00, 0x01, 0xFF, 0xFF, 0xC0, 0x00, 0x00, 0x00, 0x3F, 0xFF, 0xFF, 0x00,
  0x00, 0x00, 0x03, 0xFF, 0xFF, 0xFC, 0x00, 0x00, 0x00, 0x1F, 0xFF, 0xFF,
  0xF0, 0x00, 0x00, 0x01, 0xFF, 0xFF, 0xFF, 0xC0, 0x00, 0x00, 0x1F, 0xFF,
  0xFF, 0xFE, 0x00, 0x00, 0x01, 0xFF, 0xF8, 0xFF, 0xF8, 0x00, 0x00, 0x0F,
  0xFF, 0x83, 0xFF, 0xE0, 0x00, 0x00, 0xFF, 0xF8, 0x0F, 0xFF, 0x80, 0x10,
  0x07, 0xFF, 0x80, 0x7F, 0xFE, 0x00, 0xE0, 0x3F, 0xFC, 0x01, 0xFF, 0xF0,
  0x07, 0xC3, 0xFF, 0xC0, 0x07, 0xFF, 0xC0, 0x7F, 0xDF, 0xFE, 0x00, 0x1F,
  0xFF, 0x03, 0xFF, 0xFF, 0xF0, 0x00, 0x7F, 0xFC, 0x1F, 0xFF, 0xFF, 0x80,
  0x03, 0xFF, 0xF1, 0xFF, 0xFF, 0xF8, 0x00, 0x0F, 0xFF, 0xCF, 0xFD, 0xFF,
  0xC0, 0x00, 0x3F, 0xFE, 0xFF, 0xEF, 0xFE, 0x00, 0x00, 0xFF, 0xFF, 0xFE,
  0x7F, 0xF8, 0x00, 0x03, 0xFF, 0xFF, 0xF3, 0xFF, 0xC0, 0x00, 0x1F, 0xFF,
  0xFF, 0x1F, 0xFE, 0x00, 0x00, 0x7F, 0xFF, 0xF8, 0xFF, 0xF8, 0x00, 0x01,
  0xFF, 0xFF, 0x83, 0xFF, 0xC0, 0x00, 0x07, 0xFF, 0xFC, 0x1F, 0xFF, 0x00,
  0x00, 0x1F, 0xFF, 0xC0, 0xFF, 0xFC, 0x00, 0x00, 0xFF, 0xFC, 0x03, 0xFF,
  0xF0, 0x00, 0x07, 0xFF, 0xF0, 0x1F, 0xFF, 0xE0, 0x01, 0xFF, 0xFF, 0x80,
  0x7F, 0xFF, 0xE0, 0xFF, 0xFF, 0xFE, 0x03, 0xFF, 0xFF, 0xFF, 0xFF, 0xFF,
  0xF8, 0x0F, 0xFF, 0xFF, 0xFF, 0xFF, 0xFF, 0xE0, 0x3F, 0xFF, 0xFF, 0xFF,
  0xFF, 0xFF, 0x80, 0xFF, 0xFF, 0xFF, 0xFF, 0xFF, 0xFC, 0x03, 0xFF, 0xFF,
  0xFF, 0xFF, 0xFF, 0xC0, 0x0F, 0xFF, 0xFF, 0xFF, 0xC7, 0xF8, 0x00, 0x1F,
  0xFF, 0xFF, 0xFC, 0x3F, 0x80, 0x00, 0x3F, 0xFF, 0xFF, 0x00, 0xF8, 0x00,
  0x00, 0x3F, 0xFF, 0xC0, 0x03, 0x80, 0x00, 0x00, 0x00, 0x00, 0x00, 0x08,
  0x00, 0xFF, 0xFF, 0xFF, 0xFF, 0xFF, 0xFF, 0xFF, 0xFF, 0xFF, 0xFF, 0xFF,
  0xFF, 0xFF, 0xFF, 0xFF, 0xFF, 0xFF, 0xFF, 0xFF, 0xFF, 0xFF, 0xFF, 0xFF,
  0xFF, 0xFF, 0xFF, 0xFF, 0xFF, 0xFC, 0x00, 0x01, 0x00, 0x00, 0x00, 0xC0,
  0x00, 0x00, 0xF8, 0x00, 0x00, 0xFF, 0x00, 0x00, 0x7F, 0xC0, 0x00, 0x7F,
  0xFC, 0x00, 0x7F, 0xFC, 0x00, 0x3F, 0xFC, 0x00, 0x3F, 0xFE, 0x00, 0x3F,
  0xFE, 0x00, 0x1F, 0xFF, 0x00, 0x1F, 0xFF, 0x00, 0x0F, 0xFF, 0x00, 0x0F,
  0xFF, 0x80, 0x07, 0xFF, 0x80, 0x07, 0xFF, 0xC0, 0x03, 0xFF, 0xC0, 0x03,
  0xFF, 0xC0, 0x01, 0xFF, 0xE0, 0x01, 0xFF, 0xE0, 0x00, 0xFF, 0xF0, 0x00,
  0x7F, 0xF8, 0x00, 0x7F, 0xF8, 0x00, 0x3F, 0xFC, 0x00, 0x1F, 0xFC, 0x00,
  0x1F, 0xFE, 0x00, 0x0F, 0xFF, 0x00, 0x07, 0xFF, 0x00, 0x03, 0xFF, 0x80,
  0x03, 0xFF, 0xC0, 0x01, 0xFF, 0xE0, 0x00, 0xFF, 0xE0, 0x00, 0x7F, 0xF0,
  0x00, 0x3F, 0xF8, 0x00, 0x1F, 0xFC, 0x00, 0x0F, 0xFE, 0x00, 0x0F, 0xFF,
  0x00, 0x07, 0xFF, 0x80, 0x03, 0xFF, 0xC0, 0x01, 0xFF, 0xE0, 0x00, 0xFF,
  0xF0, 0x00, 0x7F, 0xF8, 0x00, 0x3F, 0xFC, 0x00, 0x1F, 0xFE, 0x00, 0x0F,
  0xFF, 0x00, 0x07, 0xFF, 0x80, 0x01, 0xFF, 0xC0, 0x00, 0xFF, 0xE0, 0x00,
  0x7F, 0xF0, 0x00, 0x3F, 0xF8, 0x00, 0x1F, 0xFC, 0x00, 0x0F, 0xFF, 0x00,
  0x07, 0xFF, 0x80, 0x01, 0xFF, 0xC0, 0x00, 0xFF, 0xE0, 0x00, 0x7F, 0xF8,
  0x00, 0x3F, 0xFC, 0x00, 0x0F, 0xFE, 0x00, 0x07, 0xFF, 0x80, 0x03, 0xFF,
  0xC0, 0x00, 0xFF, 0xE0, 0x00, 0x7F, 0xF8, 0x00, 0x3F, 0xFC, 0x00, 0x0F,
  0xFF, 0x00, 0x07, 0xFF, 0x80, 0x01, 0xFF, 0xE0, 0x00, 0xFF, 0xF0, 0x00,
  0x3F, 0xFC, 0x00, 0x1F, 0xFE, 0x00, 0x07, 0xFF, 0x80, 0x03, 0xFF, 0xE0,
  0x00, 0xFF, 0xF0, 0x00, 0x7F, 0xFC, 0x00, 0x1F, 0xFF, 0x00, 0x0F, 0xFF,
  0x80, 0x03, 0xFF, 0xE0, 0x00, 0xFF, 0xF8, 0x00, 0x7F, 0xF0, 0x00, 0x1F,
  0xE0, 0x00, 0x07, 0xE0, 0x00, 0x03, 0xC0, 0x00, 0x00, 0x80, 0x00, 0x00,
  0x80, 0x00, 0x01, 0xC0, 0x00, 0x07, 0xC0, 0x00, 0x0F, 0xE0, 0x00, 0x3F,
  0xF0, 0x00, 0xFF, 0xF0, 0x00, 0xFF, 0xF8, 0x00, 0x7F, 0xFC, 0x00, 0x3F,
  0xFC, 0x00, 0x3F, 0xFE, 0x00, 0x1F, 0xFF, 0x00, 0x0F, 0xFF, 0x00, 0x0F,
  0xFF, 0x80, 0x07, 0xFF, 0x80, 0x07, 0xFF, 0xC0, 0x03, 0xFF, 0xC0, 0x03,
  0xFF, 0xE0, 0x01, 0xFF, 0xE0, 0x01, 0xFF, 0xF0, 0x00, 0xFF, 0xF0, 0x00,
  0xFF, 0xF0, 0x00, 0x7F, 0xF8, 0x00, 0x7F, 0xF8, 0x00, 0x3F, 0xF8, 0x00,
  0x3F, 0xFC, 0x00, 0x3F, 0xFC, 0x00, 0x1F, 0xFC, 0x00, 0x1F, 0xFC, 0x00,
  0x1F, 0xFE, 0x00, 0x0F, 0xFE, 0x00, 0x0F, 0xFE, 0x00, 0x0F, 0xFE, 0x00,
  0x0F, 0xFE, 0x00, 0x0F, 0xFF, 0x00, 0x0F, 0xFF, 0x00, 0x07, 0xFF, 0x00,
  0x07, 0xFF, 0x00, 0x07, 0xFF, 0x00, 0x07, 0xFF, 0x00, 0x07, 0xFF, 0x00,
  0x07, 0xFF, 0x00, 0x07, 0xFF, 0x00, 0x07, 0xFF, 0x00, 0x07, 0xFF, 0x00,
  0x07, 0xFF, 0x00, 0x07, 0xFF, 0x00, 0x07, 0xFF, 0x00, 0x07, 0xFF, 0x00,
  0x0F, 0xFF, 0x00, 0x0F, 0xFF, 0x00, 0x0F, 0xFE, 0x00, 0x0F, 0xFE, 0x00,
  0x0F, 0xFE, 0x00, 0x1F, 0xFE, 0x00, 0x1F, 0xFE, 0x00, 0x1F, 0xFC, 0x00,
  0x3F, 0xFC, 0x00, 0x3F, 0xFC, 0x00, 0x3F, 0xF8, 0x00, 0x7F, 0xF8, 0x00,
  0x7F, 0xF8, 0x00, 0x7F, 0xF0, 0x00, 0xFF, 0xF0, 0x00, 0xFF, 0xF0, 0x01,
  0xFF, 0xE0, 0x01, 0xFF, 0xE0, 0x03, 0xFF, 0xC0, 0x03, 0xFF, 0xC0, 0x07,
  0xFF, 0x80, 0x0F, 0xFF, 0x80, 0x0F, 0xFF, 0x00, 0x1F, 0xFF, 0x00, 0x1F,
  0xFE, 0x00, 0x3F, 0xFE, 0x00, 0x7F, 0xFC, 0x00, 0x7F, 0xF8, 0x00, 0xFF,
  0xF8, 0x00, 0x7F, 0xF0, 0x00, 0x1F, 0xE0, 0x00, 0x07, 0xE0, 0x00, 0x01,
  0xC0, 0x00, 0x00, 0x80, 0x00, 0x00, 0x03, 0xFC, 0x00, 0x00, 0x00, 0x7F,
  0x80, 0x00, 0x00, 0x0F, 0xF0, 0x00, 0x00, 0x01, 0xFE, 0x00, 0x00, 0x00,
  0x3F, 0xC0, 0x00, 0x00, 0x07, 0xF0, 0x00, 0x00, 0x00, 0xFE, 0x00, 0x00,
  0x00, 0x1F, 0xC0, 0x00, 0x38, 0x03, 0xF8, 0x03, 0x87, 0xE0, 0x7F, 0x03,
  0xF0, 0xFF, 0x0F, 0xE1, 0xFE, 0x3F, 0xFD, 0xFD, 0xFF, 0xE7, 0xFF, 0xFF,
  0xFF, 0xFC, 0xFF, 0xFF, 0xFF, 0xFF, 0xFF, 0xFF, 0xFF, 0xFF, 0xFB, 0xFF,
  0xFF, 0xFF, 0xFE, 0x0F, 0xFF, 0xFF, 0xFE, 0x00, 0x3F, 0xFF, 0xFE, 0x00,
  0x00, 0x7F, 0xFE, 0x00, 0x00, 0x0F, 0xFF, 0x80, 0x00, 0x03, 0xFF, 0xF8,
  0x00, 0x00, 0xFF, 0xFF, 0x80, 0x00, 0x1F, 0xFF, 0xF8, 0x00, 0x07, 0xFD,
  0xFF, 0x00, 0x01, 0xFF, 0x1F, 0xF0, 0x00, 0x7F, 0xE3, 0xFF, 0x00, 0x1F,
  0xF8, 0x3F, 0xF0, 0x03, 0xFE, 0x03, 0xFF, 0x00, 0xFF, 0xC0, 0x7F, 0xF0,
  0x0F, 0xF0, 0x07, 0xFC, 0x00, 0xFC, 0x00, 0x7E, 0x00, 0x0F, 0x80, 0x07,
  0x80, 0x00, 0x60, 0x00, 0xC0, 0x00, 0x00, 0x00, 0x10, 0x00, 0x00, 0x01,
  0xFF, 0x80, 0x00, 0x00, 0x01, 0xFF, 0x80, 0x00, 0x00, 0x01, 0xFF, 0x80,
  0x00, 0x00, 0x01, 0xFF, 0x80, 0x00, 0x00, 0x01, 0xFF, 0x80, 0x00, 0x00,
  0x01, 0xFF, 0x80, 0x00, 0x00, 0x01, 0xFF, 0x80, 0x00, 0x00, 0x01, 0xFF,
  0x80, 0x00, 0x00, 0x01, 0xFF, 0x80, 0x00, 0x00, 0x01, 0xFF, 0x80, 0x00,
  0x00, 0x01, 0xFF, 0x80, 0x00, 0x00, 0x01, 0xFF, 0x80, 0x00, 0x00, 0x01,
  0xFF, 0x80, 0x00, 0x00, 0x01, 0xFF, 0x80, 0x00, 0x00, 0x01, 0xFF, 0x80,
  0x00, 0xFF, 0xFF, 0xFF, 0xFF, 0xFF, 0xFF, 0xFF, 0xFF, 0xFF, 0xFF, 0xFF,
  0xFF, 0xFF, 0xFF, 0xFF, 0xFF, 0xFF, 0xFF, 0xFF, 0xFF, 0xFF, 0xFF, 0xFF,
  0xFF, 0xFF, 0xFF, 0xFF, 0xFF, 0xFF, 0xFF, 0xFF, 0xFF, 0xFF, 0xFF, 0xFF,
  0xFF, 0xFF, 0xFF, 0xFF, 0xFF, 0xFF, 0xFF, 0xFF, 0xFF, 0xFF, 0xFF, 0xFF,
  0xFF, 0xFF, 0xFF, 0x00, 0x01, 0xFF, 0x80, 0x00, 0x00, 0x01, 0xFF, 0x80,
  0x00, 0x00, 0x01, 0xFF, 0x80, 0x00, 0x00, 0x01, 0xFF, 0x80, 0x00, 0x00,
  0x01, 0xFF, 0x80, 0x00, 0x00, 0x01, 0xFF, 0x80, 0x00, 0x00, 0x01, 0xFF,
  0x80, 0x00, 0x00, 0x01, 0xFF, 0x80, 0x00, 0x00, 0x01, 0xFF, 0x80, 0x00,
  0x00, 0x01, 0xFF, 0x80, 0x00, 0x00, 0x01, 0xFF, 0x80, 0x00, 0x00, 0x01,
  0xFF, 0x80, 0x00, 0x00, 0x01, 0xFF, 0x80, 0x00, 0x00, 0x01, 0xFF, 0x80,
  0x00, 0x00, 0x01, 0xFF, 0x80, 0x00, 0x03, 0xE0, 0x0F, 0xF8, 0x1F, 0xFC,
  0x3F, 0xFE, 0x3F, 0xFE, 0x7F, 0xFF, 0x7F, 0xFF, 0x7F, 0xFF, 0x7F, 0xFF,
  0x3F, 0xFF, 0x3F, 0xFE, 0x1F, 0xFE, 0x0F, 0xFC, 0x07, 0xFC, 0x0F, 0xF8,
  0x0F, 0xF0, 0x1F, 0xF0, 0x3F, 0xE0, 0x3F, 0xC0, 0x7F, 0xC0, 0xFF, 0x80,
  0xFF, 0x00, 0x3F, 0x00, 0x1E, 0x00, 0x04, 0x00, 0xFF, 0xFF, 0xFF, 0xFF,
  0xFF, 0xFF, 0xFF, 0xFF, 0xFF, 0xFF, 0xFF, 0xFF, 0xFF, 0xFF, 0xFF, 0xFF,
  0xFF, 0xFF, 0xFF, 0xFF, 0xFF, 0xFF, 0xFF, 0xFF, 0xFF, 0xFF, 0xFF, 0xFF,
  0xFF, 0xC0, 0x07, 0xC0, 0x3F, 0xE0, 0xFF, 0xE3, 0xFF, 0xE7, 0xFF, 0xDF,
  0xFF, 0xFF, 0xFF, 0xFF, 0xFF, 0xFF, 0xFF, 0xFF, 0xFD, 0xFF, 0xF3, 0xFF,
  0xE3, 0xFF, 0x83, 0xFE, 0x00, 0xE0, 0x00, 0x00, 0x00, 0x0F, 0xFC, 0x00,
  0x00, 0x3F, 0xF0, 0x00, 0x01, 0xFF, 0xC0, 0x00, 0x07, 0xFE, 0x00, 0x00,
  0x1F, 0xF8, 0x00, 0x00, 0xFF, 0xE0, 0x00, 0x03, 0xFF, 0x00, 0x00, 0x0F,
  0xFC, 0x00, 0x00, 0x7F, 0xF0, 0x00, 0x01, 0xFF, 0xC0, 0x00, 0x07, 0xFE,
  0x00, 0x00, 0x3F, 0xF8, 0x00, 0x00, 0xFF, 0xE0, 0x00, 0x03, 0xFF, 0x00,
  0x00, 0x1F, 0xFC, 0x00, 0x00, 0x7F, 0xF0, 0x00, 0x01, 0xFF, 0x80, 0x00,
  0x0F, 0xFE, 0x00, 0x00, 0x3F, 0xF8, 0x00, 0x00, 0xFF, 0xC0, 0x00, 0x03,
  0xFF, 0x00, 0x00, 0x1F, 0xFC, 0x00, 0x00, 0x7F, 0xE0, 0x00, 0x01, 0xFF,
  0x80, 0x00, 0x0F, 0xFE, 0x00, 0x00, 0x3F, 0xF8, 0x00, 0x00, 0xFF, 0xC0,
  0x00, 0x07, 0xFF, 0x00, 0x00, 0x1F, 0xFC, 0x00, 0x00, 0x7F, 0xE0, 0x00,
  0x03, 0xFF, 0x80, 0x00, 0x0F, 0xFE, 0x00, 0x00, 0x3F, 0xF0, 0x00, 0x01,
  0xFF, 0xC0, 0x00, 0x07, 0xFF, 0x00, 0x00, 0x1F, 0xF8, 0x00, 0x00, 0xFF,
  0xE0, 0x00, 0x03, 0xFF, 0x80, 0x00, 0x0F, 0xFC, 0x00, 0x00, 0x3F, 0xF0,
  0x00, 0x01, 0xFF, 0xC0, 0x00, 0x07, 0xFE, 0x00, 0x00, 0x1F, 0xF8, 0x00,
  0x00, 0xFF, 0xE0, 0x00, 0x03, 0xFF, 0x80, 0x00, 0x0F, 0xFC, 0x00, 0x00,
  0x7F, 0xF0, 0x00, 0x01, 0xFF, 0xC0, 0x00, 0x07, 0xFE, 0x00, 0x00, 0x3F,
  0xF8, 0x00, 0x00, 0xFF, 0xE0, 0x00, 0x03, 0xFF, 0x00, 0x00, 0x1F, 0xFC,
  0x00, 0x00, 0x7F, 0xF0, 0x00, 0x01, 0xFF, 0x80, 0x00, 0x0F, 0xFE, 0x00,
  0x00, 0x3F, 0xF8, 0x00, 0x00, 0xFF, 0xC0, 0x00, 0x03, 0xFF, 0x00, 0x00,
  0x1F, 0xFC, 0x00, 0x00, 0x7F, 0xF0, 0x00, 0x03, 0xFF, 0x80, 0x00, 0x00,
  0x00, 0x00, 0x3F, 0xFC, 0x00, 0x00, 0x00, 0x00, 0xFF, 0xFF, 0xC0, 0x00,
  0x00, 0x01, 0xFF, 0xFF, 0xF8, 0x00, 0x00, 0x01, 0xFF, 0xFF, 0xFF, 0x00,
  0x00, 0x03, 0xFF, 0xFF, 0xFF, 0xC0, 0x00, 0x03, 0xFF, 0xFF, 0xFF, 0xF0,
  0x00, 0x03, 0xFF, 0xFF, 0xFF, 0xFC, 0x00, 0x03, 0xFF, 0xFF, 0xFF, 0xFF,
  0x00, 0x01, 0xFF, 0xFF, 0xFF, 0xFF, 0xC0, 0x01, 0xFF, 0xFF, 0xFF, 0xFF,
  0xF0, 0x01, 0xFF, 0xFF, 0xFF, 0xFF, 0xF8, 0x00, 0xFF, 0xFE, 0x01, 0xFF,
  0xFE, 0x00, 0xFF, 0xFC, 0x00, 0x3F, 0xFF, 0x00, 0xFF, 0xFC, 0x00, 0x0F,
  0xFF, 0xC0, 0x7F, 0xFC, 0x00, 0x03, 0xFF, 0xE0, 0x3F, 0xFC, 0x00, 0x00,
  0xFF, 0xF8, 0x3F, 0xFE, 0x00, 0x00, 0x3F, 0xFC, 0x1F, 0xFE, 0x00, 0x00,
  0x1F, 0xFF, 0x0F, 0xFF, 0x00, 0x00, 0x07, 0xFF, 0x8F, 0xFF, 0x00, 0x00,
  0x03, 0xFF, 0xC7, 0xFF, 0x80, 0x00, 0x00, 0xFF, 0xE3, 0xFF, 0xC0, 0x00,
  0x00, 0x7F, 0xF9, 0xFF, 0xC0, 0x00, 0x00, 0x3F, 0xFD, 0xFF, 0xE0, 0x00,
  0x00, 0x1F, 0xFE, 0xFF, 0xF0, 0x00, 0x00, 0x07, 0xFF, 0x7F, 0xF8, 0x00,
  0x00, 0x03, 0xFF, 0xBF, 0xFC, 0x00, 0x00, 0x01, 0xFF, 0xDF, 0xFE, 0x00,
  0x00, 0x00, 0xFF, 0xFF, 0xFE, 0x00, 0x00, 0x00, 0x7F, 0xFF, 0xFF, 0x00,
  0x00, 0x00, 0x3F, 0xFF, 0xFF, 0x80, 0x00, 0x00, 0x1F, 0xFF, 0xFF, 0xC0,
  0x00, 0x00, 0x0F, 0xFF, 0xFF, 0xE0, 0x00, 0x00, 0x07, 0xFF, 0xFF, 0xF0,
  0x00, 0x00, 0x03, 0xFF, 0xFF, 0xF8, 0x00, 0x00, 0x01, 0xFF, 0xFF, 0xFC,
  0x00, 0x00, 0x00, 0xFF, 0xFF, 0xFF, 0x00, 0x00, 0x00, 0x7F, 0xFF, 0xFF,
  0x80, 0x00, 0x00, 0x3F, 0xFB, 0xFF, 0xC0, 0x00, 0x00, 0x1F, 0xFD, 0xFF,
  0xE0, 0x00, 0x00, 0x0F, 0xFE, 0xFF, 0xF0, 0x00, 0x00, 0x0F, 0xFF, 0x3F,
  0xF8, 0x00, 0x00, 0x07, 0xFF, 0x9F, 0xFE, 0x00, 0x00, 0x03, 0xFF, 0xCF,
  0xFF, 0x00, 0x00, 0x01, 0xFF, 0xC7, 0xFF, 0x80, 0x00, 0x01, 0xFF, 0xE1,
  0xFF, 0xE0, 0x00, 0x00, 0xFF, 0xF0, 0xFF, 0xF0, 0x00, 0x00, 0xFF, 0xF8,
  0x7F, 0xFC, 0x00, 0x00, 0x7F, 0xF8, 0x1F, 0xFE, 0x00, 0x00, 0x7F, 0xFC,
  0x0F, 0xFF, 0x80, 0x00, 0x3F, 0xFE, 0x07, 0xFF, 0xE0, 0x00, 0x3F, 0xFE,
  0x01, 0xFF, 0xF8, 0x00, 0x3F, 0xFF, 0x00, 0xFF, 0xFF, 0x00, 0x7F, 0xFF,
  0x00, 0x3F, 0xFF, 0xFF, 0xFF, 0xFF, 0x00, 0x0F, 0xFF, 0xFF, 0xFF, 0xFF,
  0x80, 0x07, 0xFF, 0xFF, 0xFF, 0xFF, 0x80, 0x01, 0xFF, 0xFF, 0xFF, 0xFF,
  0x80, 0x00, 0x7F, 0xFF, 0xFF, 0xFF, 0x80, 0x00, 0x1F, 0xFF, 0xFF, 0xFF,
  0xC0, 0x00, 0x07, 0xFF, 0xFF, 0xFF, 0x80, 0x00, 0x01, 0xFF, 0xFF, 0xFF,
  0x80, 0x00, 0x00, 0x3F, 0xFF, 0xFF, 0x80, 0x00, 0x00, 0x07, 0xFF, 0xFF,
  0x00, 0x00, 0x00, 0x00, 0xFF, 0xFC, 0x00, 0x00, 0x00, 0x00, 0x3F, 0xC0,
  0x00, 0x1F, 0xF0, 0x00, 0x1F, 0xFC, 0x00, 0x0F, 0xFF, 0x00, 0x0F, 0xFF,
  0xC0, 0x07, 0xFF, 0xF0, 0x03, 0xFF, 0xFC, 0x03, 0xFF, 0xFF, 0x01, 0xFF,
  0xFF, 0xC1, 0xFF, 0xFF, 0xF0, 0xFF, 0xFF, 0xFC, 0xFF, 0xFF, 0xFF, 0x7F,
  0xFF, 0xFF, 0xFF, 0xFF, 0xFF, 0xF7, 0xFF, 0xFF, 0xFD, 0xFF, 0xFF, 0xFF,
  0x3F, 0xF3, 0xFF, 0xC7, 0xF8, 0xFF, 0xF0, 0xFC, 0x3F, 0xFC, 0x1C, 0x0F,
  0xFF, 0x06, 0x03, 0xFF, 0xC0, 0x00, 0xFF, 0xF0, 0x00, 0x3F, 0xFC, 0x00,
  0x0F, 0xFF, 0x00, 0x03, 0xFF, 0xC0, 0x00, 0xFF, 0xF0, 0x00, 0x3F, 0xFC,
  0x00, 0x0F, 0xFF, 0x00, 0x03, 0xFF, 0xC0, 0x00, 0xFF, 0xF0, 0x00, 0x3F,
  0xFC, 0x00, 0x0F, 0xFF, 0x00, 0x03, 0xFF, 0xC0, 0x00, 0xFF, 0xF0, 0x00,
  0x3F, 0xFC, 0x00, 0x0F, 0xFF, 0x00, 0x03, 0xFF, 0xC0, 0x00, 0xFF, 0xF0,
  0x00, 0x3F, 0xFC, 0x00, 0x0F, 0xFF, 0x00, 0x03, 0xFF, 0xC0, 0x00, 0xFF,
  0xF0, 0x00, 0x3F, 0xFC, 0x00, 0x0F, 0xFF, 0x00, 0x03, 0xFF, 0xC0, 0x00,
  0xFF, 0xF0, 0x00, 0x3F, 0xFC, 0x00, 0x0F, 0xFF, 0x00, 0x03, 0xFF, 0xC0,
  0x00, 0xFF, 0xF0, 0x00, 0x3F, 0xFC, 0x00, 0x0F, 0xFF, 0x00, 0x03, 0xFF,
  0xC0, 0x00, 0xFF, 0xF0, 0x00, 0x3F, 0xFC, 0x00, 0x0F, 0xFF, 0x00, 0x03,
  0xFF, 0xC0, 0x00, 0xFF, 0xF0, 0x00, 0x3F, 0xFC, 0x00, 0x0F, 0xFF, 0x00,
  0x03, 0xFF, 0xC0, 0x00, 0xFF, 0xF0, 0x00, 0x01, 0xFF, 0xE0, 0x00, 0x00,
  0x07, 0xFF, 0xFE, 0x00, 0x00, 0x0F, 0xFF, 0xFF, 0xC0, 0x00, 0x1F, 0xFF,
  0xFF, 0xF0, 0x00, 0x1F, 0xFF, 0xFF, 0xFC, 0x00, 0x1F, 0xFF, 0xFF, 0xFF,
  0x00, 0x1F, 0xFF, 0xFF, 0xFF, 0xC0, 0x1F, 0xFF, 0xFF, 0xFF, 0xF0, 0x1F,
  0xFF, 0xFF, 0xFF, 0xFC, 0x0F, 0xFF, 0xFF, 0xFF, 0xFE, 0x0F, 0xFF, 0xFF,
  0xFF, 0xFF, 0x8F, 0xFF, 0xE0, 0x1F, 0xFF, 0xC7, 0xFF, 0xC0, 0x03, 0xFF,
  0xE7, 0xFF, 0xC0, 0x00, 0xFF, 0xF9, 0xFF, 0xC0, 0x00, 0x7F, 0xFC, 0x3F,
  0xE0, 0x00, 0x1F, 0xFE, 0x07, 0xE0, 0x00, 0x0F, 0xFF, 0x00, 0xE0, 0x00,
  0x07, 0xFF, 0x80, 0x10, 0x00, 0x03, 0xFF, 0xC0, 0x00, 0x00, 0x01, 0xFF,
  0xE0, 0x00, 0x00, 0x00, 0xFF, 0xF0, 0x00, 0x00, 0x00, 0x7F, 0xF8, 0x00,
  0x00, 0x00, 0x3F, 0xFC, 0x00, 0x00, 0x00, 0x3F, 0xFC, 0x00, 0x00, 0x00,
  0x1F, 0xFE, 0x00, 0x00, 0x00, 0x1F, 0xFF, 0x00, 0x00, 0x00, 0x0F, 0xFF,
  0x00, 0x00, 0x00, 0x0F, 0xFF, 0x80, 0x00, 0x00, 0x0F, 0xFF, 0x80, 0x00,
  0x00, 0x0F, 0xFF, 0x80, 0x00, 0x00, 0x07, 0xFF, 0xC0, 0x00, 0x00, 0x07,
  0xFF, 0xC0, 0x00, 0x00, 0x07, 0xFF, 0xC0, 0x00, 0x00, 0x07, 0xFF, 0xE0,
  0x00, 0x00, 0x07, 0xFF, 0xE0, 0x00, 0x00, 0x07, 0xFF, 0xE0, 0x00, 0x00,
  0x07, 0xFF, 0xE0, 0x00, 0x00, 0x07, 0xFF, 0xE0, 0x00, 0x00, 0x07, 0xFF,
  0xE0, 0x00, 0x00, 0x07, 0xFF, 0xE0, 0x00, 0x00, 0x07, 0xFF, 0xE0, 0x00,
  0x00, 0x07, 0xFF, 0xE0, 0x00, 0x00, 0x07, 0xFF, 0xE0, 0x00, 0x00, 0x07,
  0xFF, 0xE0, 0x00, 0x00, 0x07, 0xFF, 0xE0, 0x00, 0x00, 0x07, 0xFF, 0xE0,
  0x00, 0x00, 0x07, 0xFF, 0xE0, 0x00, 0x00, 0x07, 0xFF, 0xE0, 0x00, 0x00,
  0x07, 0xFF, 0xE0, 0x00, 0x00, 0x07, 0xFF, 0xE0, 0x00, 0x00, 0x03, 0xFF,
  0xE0, 0x00, 0x00, 0x03, 0xFF, 0xE0, 0x00, 0x00, 0x03, 0xFF, 0xE0, 0x00,
  0x00, 0x03, 0xFF, 0xFF, 0xFF, 0xFF, 0xFD, 0xFF, 0xFF, 0xFF, 0xFF, 0xFE,
  0xFF, 0xFF, 0xFF, 0xFF, 0xFF, 0x7F, 0xFF, 0xFF, 0xFF, 0xFF, 0xBF, 0xFF,
  0xFF, 0xFF, 0xFF, 0xDF, 0xFF, 0xFF, 0xFF, 0xFF, 0xEF, 0xFF, 0xFF, 0xFF,
  0xFF, 0xF7, 0xFF, 0xFF, 0xFF, 0xFF, 0xFB, 0xFF, 0xFF, 0xFF, 0xFF, 0xFD,
  0xFF, 0xFF, 0xFF, 0xFF, 0xFE, 0x00, 0x00, 0xFF, 0xF0, 0x00, 0x00, 0x00,
  0xFF, 0xFF, 0xC0, 0x00, 0x00, 0x7F, 0xFF, 0xFE, 0x00, 0x00, 0x3F, 0xFF,
  0xFF, 0xE0, 0x00, 0x0F, 0xFF, 0xFF, 0xFF, 0x00, 0x03, 0xFF, 0xFF, 0xFF,
  0xF0, 0x00, 0xFF, 0xFF, 0xFF, 0xFF, 0x00, 0x3F, 0xFF, 0xFF, 0xFF, 0xE0,
  0x0F, 0xFF, 0xFF, 0xFF, 0xFE, 0x01, 0xFF, 0xFF, 0xFF, 0xFF, 0xC0, 0x7F,
  0xFE, 0x03, 0xFF, 0xFC, 0x1F, 0xFF, 0x00, 0x1F, 0xFF, 0x83, 0xFF, 0xC0,
  0x01, 0xFF, 0xF0, 0x1F, 0xF0, 0x00, 0x1F, 0xFE, 0x01, 0xFE, 0x00, 0x01,
  0xFF, 0xE0, 0x0F, 0x80, 0x00, 0x3F, 0xFC, 0x00, 0x60, 0x00, 0x07, 0xFF,
  0x80, 0x00, 0x00, 0x00, 0xFF, 0xF0, 0x00, 0x00, 0x00, 0x1F, 0xFE, 0x00,
  0x00, 0x00, 0x03, 0xFF, 0x80, 0x00, 0x00, 0x00, 0x7F, 0xF0, 0x00, 0x00,
  0x00, 0x0F, 0xFE, 0x00, 0x00, 0x00, 0x03, 0xFF, 0xC0, 0x00, 0x00, 0x00,
  0x7F, 0xF0, 0x00, 0x00, 0x00, 0x1F, 0xFE, 0x00, 0x00, 0x00, 0x0F, 0xFF,
  0x80, 0x00, 0x00, 0x1F, 0xFF, 0xE0, 0x00, 0x00, 0xFF, 0xFF, 0xF8, 0x00,
  0x00, 0x1F, 0xFF, 0xFE, 0x00, 0x00, 0x03, 0xFF, 0xFF, 0x00, 0x00, 0x00,
  0x7F, 0xFF, 0xE0, 0x00, 0x00, 0x0F, 0xFF, 0xFF, 0x00, 0x00, 0x01, 0xFF,
  0xFF, 0xF8, 0x00, 0x00, 0x3F, 0xFF, 0xFF, 0x80, 0x00, 0x07, 0xFF, 0xFF,
  0xF8, 0x00, 0x00, 0x01, 0xFF, 0xFF, 0x80, 0x00, 0x00, 0x03, 0xFF, 0xF0,
  0x00, 0x00, 0x00, 0x1F, 0xFF, 0x00, 0x00, 0x00, 0x01, 0xFF, 0xE0, 0x00,
  0x00, 0x00, 0x1F, 0xFE, 0x00, 0x00, 0x00, 0x03, 0xFF, 0xC0, 0x00, 0x00,
  0x00, 0x3F, 0xF8, 0x00, 0x00, 0x00, 0x07, 0xFF, 0x00, 0x00, 0x00, 0x00,
  0xFF, 0xF0, 0x00, 0x00, 0x00, 0x1F, 0xFE, 0x00, 0xC0, 0x00, 0x03, 0xFF,
  0xC0, 0x78, 0x00, 0x00, 0x7F, 0xF8, 0x7F, 0x80, 0x00, 0x0F, 0xFF, 0xFF,
  0xF0, 0x00, 0x03, 0xFF, 0xEF, 0xFF, 0x00, 0x00, 0x7F, 0xF9, 0xFF, 0xE0,
  0x00, 0x1F, 0xFF, 0x1F, 0xFE, 0x00, 0x07, 0xFF, 0xE3, 0xFF, 0xE0, 0x01,
  0xFF, 0xF8, 0x3F, 0xFF, 0x00, 0x7F, 0xFF, 0x07, 0xFF, 0xFF, 0xFF, 0xFF,
  0xE0, 0x7F, 0xFF, 0xFF, 0xFF, 0xF8, 0x0F, 0xFF, 0xFF, 0xFF, 0xFE, 0x00,
  0xFF, 0xFF, 0xFF, 0xFF, 0x80, 0x0F, 0xFF, 0xFF, 0xFF, 0xF0, 0x00, 0xFF,
  0xFF, 0xFF, 0xF8, 0x00, 0x0F, 0xFF, 0xFF, 0xFE, 0x00, 0x00, 0x7F, 0xFF,
  0xFF, 0x80, 0x00, 0x03, 0xFF, 0xFF, 0xC0, 0x00, 0x00, 0x1F, 0xFF, 0xC0,
  0x00, 0x00, 0x00, 0x00, 0x1F, 0xFE, 0x00, 0x00, 0x00, 0x00, 0xFF, 0xF8,
  0x00, 0x00, 0x00, 0x03, 0xFF, 0xE0, 0x00, 0x00, 0x00, 0x1F, 0xFF, 0x80,
  0x00, 0x00, 0x00, 0xFF, 0xFE, 0x00, 0x00, 0x00, 0x03, 0xFF, 0xF8, 0x00,
  0x00, 0x00, 0x1F, 0xFF, 0xE0, 0x00, 0x00, 0x00, 0xFF, 0xFF, 0x80, 0x00,
  0x00, 0x03, 0xFF, 0xFE, 0x00, 0x00, 0x00, 0x1F, 0xFF, 0xF8, 0x00, 0x00,
  0x00, 0xFF, 0xFF, 0xE0, 0x00, 0x00, 0x03, 0xFF, 0xFF, 0x80, 0x00, 0x00,
  0x1F, 0xFF, 0xFE, 0x00, 0x00, 0x00, 0xFF, 0xFF, 0xF8, 0x00, 0x00, 0x03,
  0xFF, 0xFF, 0xE0, 0x00, 0x00, 0x1F, 0xFB, 0xFF, 0x80, 0x00, 0x00, 0xFF,
  0xEF, 0xFE, 0x00, 0x00, 0x03, 0xFF, 0x3F, 0xF8, 0x00, 0x00, 0x1F, 0xF8,
  0xFF, 0xE0, 0x00, 0x00, 0xFF, 0xE3, 0xFF, 0x80, 0x00, 0x03, 0xFF, 0x0F,
  0xFE, 0x00, 0x00, 0x1F, 0xF8, 0x3F, 0xF8, 0x00, 0x00, 0xFF, 0xE0, 0xFF,
  0xE0, 0x00, 0x03, 0xFF, 0x03, 0xFF, 0x80, 0x00, 0x1F, 0xF8, 0x0F, 0xFE,
  0x00, 0x00, 0xFF, 0xE0, 0x3F, 0xF8, 0x00, 0x03, 0xFF, 0x00, 0xFF, 0xE0,
  0x00, 0x1F, 0xFC, 0x03, 0xFF, 0x80, 0x00, 0xFF, 0xE0, 0x0F, 0xFE, 0x00,
  0x03, 0xFF, 0x00, 0x3F, 0xF8, 0x00, 0x1F, 0xFC, 0x00, 0xFF, 0xE0, 0x00,
  0xFF, 0xE0, 0x03, 0xFF, 0x80, 0x03, 0xFF, 0x00, 0x0F, 0xFE, 0x00, 0x1F,
  0xFC, 0x00, 0x3F, 0xF8, 0x00, 0xFF, 0xE0, 0x00, 0xFF, 0xE0, 0x03, 0xFF,
  0x00, 0x03, 0xFF, 0x80, 0x1F, 0xFC, 0x00, 0x0F, 0xFE, 0x00, 0xFF, 0xE0,
  0x00, 0x3F, 0xF8, 0x03, 0xFF, 0x00, 0x00, 0xFF, 0xE0, 0x1F, 0xFC, 0x00,
  0x03, 0xFF, 0x80, 0xFF, 0xFF, 0xFF, 0xFF, 0xFF, 0xFF, 0xFF, 0xFF, 0xFF,
  0xFF, 0xFF, 0xFF, 0xFF, 0xFF, 0xFF, 0xFF, 0xFF, 0xFF, 0xFF, 0xFF, 0xFF,
  0xFF, 0xFF, 0xFF, 0xFF, 0xFF, 0xFF, 0xFF, 0xFF, 0xFF, 0xFF, 0xFF, 0xFF,
  0xFF, 0xFF, 0xFF, 0xFF, 0xFF, 0xFF, 0xFF, 0xFF, 0xFF, 0xFF, 0xFF, 0xFF,
  0xFF, 0xFF, 0xFF, 0xFF, 0xFF, 0xFF, 0xFF, 0xFF, 0xFF, 0xFF, 0xFF, 0xFF,
  0xF0, 0x00, 0x00, 0x00, 0xFF, 0xE0, 0x00, 0x00, 0x00, 0x03, 0xFF, 0x80,
  0x00, 0x00, 0x00, 0x0F, 0xFE, 0x00, 0x00, 0x00, 0x00, 0x3F, 0xF8, 0x00,
  0x00, 0x00, 0x00, 0xFF, 0xE0, 0x00, 0x00, 0x00, 0x03, 0xFF, 0x80, 0x00,
  0x00, 0x00, 0x0F, 0xFE, 0x00, 0x00, 0x00, 0x00, 0x3F, 0xF8, 0x00, 0x00,
  0x00, 0x00, 0xFF, 0xE0, 0x00, 0x00, 0x00, 0x03, 0xFF, 0x80, 0x00, 0x00,
  0x00, 0x0F, 0xFE, 0x00, 0x00, 0x00, 0x00, 0x3F, 0xF8, 0x00, 0x03, 0xFF,
  0xFF, 0xFF, 0xFE, 0x00, 0x7F, 0xFF, 0xFF, 0xFF, 0xC0, 0x0F, 0xFF, 0xFF,
  0xFF, 0xF8, 0x01, 0xFF, 0xFF, 0xFF, 0xFF, 0x00, 0x3F, 0xFF, 0xFF, 0xFF,
  0xE0, 0x07, 0xFF, 0xFF, 0xFF, 0xFC, 0x01, 0xFF, 0xFF, 0xFF, 0xFF, 0x80,
  0x3F, 0xFF, 0xFF, 0xFF, 0xF0, 0x07, 0xFF, 0xFF, 0xFF, 0xFE, 0x00, 0xFF,
  0xFF, 0xFF, 0xFF, 0xC0, 0x1F, 0xFF, 0xFF, 0xFF, 0xF8, 0x03, 0xFF, 0x00,
  0x00, 0x00, 0x00, 0x7F, 0xE0, 0x00, 0x00, 0x00, 0x0F, 0xFC, 0x00, 0x00,
  0x00, 0x03, 0xFF, 0x00, 0x00, 0x00, 0x00, 0x7F, 0xE0, 0x00, 0x00, 0x00,
  0x0F, 0xFC, 0x00, 0x00, 0x00, 0x01, 0xFF, 0x80, 0x00, 0x00, 0x00, 0x3F,
  0xF0, 0x00, 0x00, 0x00, 0x07, 0xFE, 0x00, 0x00, 0x00, 0x00, 0xFF, 0xC0,
  0x00, 0x00, 0x00, 0x1F, 0xF8, 0x00, 0x00, 0x00, 0x07, 0xFE, 0x00, 0x00,
  0x00, 0x00, 0xFF, 0xC0, 0xFF, 0xF0, 0x00, 0x1F, 0xF8, 0xFF, 0xFF, 0x80,
  0x03, 0xFF, 0x7F, 0xFF, 0xFC, 0x00, 0x7F, 0xFF, 0xFF, 0xFF, 0xC0, 0x0F,
  0xFF, 0xFF, 0xFF, 0xFC, 0x01, 0xFF, 0xFF, 0xFF, 0xFF, 0xC0, 0x3F, 0xFF,
  0xFF, 0xFF, 0xFC, 0x0F, 0xFF, 0xFF, 0xFF, 0xFF, 0xC1, 0xFF, 0xFF, 0xFF,
  0xFF, 0xFC, 0x1F, 0xFF, 0xC0, 0x7F, 0xFF, 0x80, 0xFF, 0xE0, 0x03, 0xFF,
  0xF8, 0x03, 0xF8, 0x00, 0x1F, 0xFF, 0x00, 0x1E, 0x00, 0x01, 0xFF, 0xE0,
  0x00, 0x00, 0x00, 0x3F, 0xFE, 0x00, 0x00, 0x00, 0x03, 0xFF, 0xC0, 0x00,
  0x00, 0x00, 0x7F, 0xF8, 0x00, 0x00, 0x00, 0x07, 0xFF, 0x00, 0x00, 0x00,
  0x00, 0xFF, 0xE0, 0x00, 0x00, 0x00, 0x1F, 0xFC, 0x00, 0x00, 0x00, 0x03,
  0xFF, 0x80, 0x10, 0x00, 0x00, 0x7F, 0xF0, 0x1E, 0x00, 0x00, 0x0F, 0xFE,
  0x0F, 0xC0, 0x00, 0x01, 0xFF, 0xCF, 0xFC, 0x00, 0x00, 0x7F, 0xFF, 0xFF,
  0x80, 0x00, 0x0F, 0xFF, 0xFF, 0xF8, 0x00, 0x03, 0xFF, 0xEF, 0xFF, 0x80,
  0x00, 0xFF, 0xF9, 0xFF, 0xF0, 0x00, 0x1F, 0xFF, 0x1F, 0xFF, 0x80, 0x0F,
  0xFF, 0xE3, 0xFF, 0xFC, 0x07, 0xFF, 0xF8, 0x3F, 0xFF, 0xFF, 0xFF, 0xFF,
  0x07, 0xFF, 0xFF, 0xFF, 0xFF, 0xC0, 0x7F, 0xFF, 0xFF, 0xFF, 0xF0, 0x07,
  0xFF, 0xFF, 0xFF, 0xFC, 0x00, 0x7F, 0xFF, 0xFF, 0xFF, 0x00, 0x07, 0xFF,
  0xFF, 0xFF, 0xC0, 0x00, 0x7F, 0xFF, 0xFF, 0xF0, 0x00, 0x03, 0xFF, 0xFF,
  0xFC, 0x00, 0x00, 0x1F, 0xFF, 0xFE, 0x00, 0x00, 0x00, 0xFF, 0xFE, 0x00,
  0x00, 0x00, 0x00, 0x00, 0x40, 0x00, 0x00, 0x00, 0x00, 0x07, 0x00, 0x00,
  0x00, 0x00, 0x00, 0x3E, 0x00, 0x00, 0x00, 0x00, 0x03, 0xF8, 0x00, 0x00,
  0x00, 0x00, 0x3F, 0xE0, 0x00, 0x00, 0x00, 0x03, 0xFF, 0xC0, 0x00, 0x00,
  0x00, 0x1F, 0xFF, 0x80, 0x00, 0x00, 0x01, 0xFF, 0xF8, 0x00, 0x00, 0x00,
  0x1F, 0xFF, 0x80, 0x00, 0x00, 0x00, 0xFF, 0xF8, 0x00, 0x00, 0x00, 0x0F,
  0xFF, 0xC0, 0x00, 0x00, 0x00, 0xFF, 0xFC, 0x00, 0x00, 0x00, 0x0F, 0xFF,
  0xC0, 0x00, 0x00, 0x00, 0x7F, 0xFC, 0x00, 0x00, 0x00, 0x07, 0xFF, 0xE0,
  0x00, 0x00, 0x00, 0x7F, 0xFE, 0x00, 0x00, 0x00, 0x07, 0xFF, 0xE0, 0x00,
  0x00, 0x00, 0x3F, 0xFE, 0x00, 0x00, 0x00, 0x03, 0xFF, 0xF0, 0x00, 0x00,
  0x00, 0x3F, 0xFF, 0x00, 0x00, 0x00, 0x01, 0xFF, 0xF0, 0x00, 0x00, 0x00,
  0x1F, 0xFF, 0x00, 0x00, 0x00, 0x01, 0xFF, 0xF8, 0x00, 0x00, 0x00, 0x1F,
  0xFF, 0x80, 0x00, 0x00, 0x00, 0xFF, 0xFF, 0xFC, 0x00, 0x00, 0x0F, 0xFF,
  0xFF, 0xFC, 0x00, 0x00, 0xFF, 0xFF, 0xFF, 0xF8, 0x00, 0x07, 0xFF, 0xFF,
  0xFF, 0xF0, 0x00, 0x7F, 0xFF, 0xFF, 0xFF, 0xC0, 0x03, 0xFF, 0xFF, 0xFF,
  0xFF, 0x00, 0x3F, 0xFF, 0xFF, 0xFF, 0xFC, 0x03, 0xFF, 0xFF, 0xFF, 0xFF,
  0xF0, 0x1F, 0xFF, 0xFF, 0xFF, 0xFF, 0xC1, 0xFF, 0xFF, 0xC7, 0xFF, 0xFE,
  0x0F, 0xFF, 0xE0, 0x03, 0xFF, 0xF8, 0x7F, 0xFE, 0x00, 0x0F, 0xFF, 0xC7,
  0xFF, 0xE0, 0x00, 0x3F, 0xFF, 0x3F, 0xFE, 0x00, 0x00, 0xFF, 0xF9, 0xFF,
  0xE0, 0x00, 0x03, 0xFF, 0xCF, 0xFF, 0x00, 0x00, 0x1F, 0xFE, 0xFF, 0xF0,
  0x00, 0x00, 0x7F, 0xFF, 0xFF, 0x80, 0x00, 0x03, 0xFF, 0xFF, 0xFC, 0x00,
  0x00, 0x1F, 0xFF, 0xFF, 0xE0, 0x00, 0x00, 0xFF, 0xFF, 0xFF, 0x00, 0x00,
  0x07, 0xFF, 0xFF, 0xF8, 0x00, 0x00, 0x3F, 0xFF, 0xFF, 0xC0, 0x00, 0x01,
  0xFF, 0xFF, 0xFE, 0x00, 0x00, 0x0F, 0xFE, 0x7F, 0xF0, 0x00, 0x00, 0xFF,
  0xF3, 0xFF, 0xC0, 0x00, 0x07, 0xFF, 0x9F, 0xFF, 0x00, 0x00, 0x7F, 0xFC,
  0xFF, 0xF8, 0x00, 0x03, 0xFF, 0xC3, 0xFF, 0xE0, 0x00, 0x3F, 0xFE, 0x1F,
  0xFF, 0xC0, 0x07, 0xFF, 0xF0, 0x7F, 0xFF, 0xC1, 0xFF, 0xFF, 0x03, 0xFF,
  0xFF, 0xFF, 0xFF, 0xF0, 0x0F, 0xFF, 0xFF, 0xFF, 0xFF, 0x80, 0x3F, 0xFF,
  0xFF, 0xFF, 0xF8, 0x00, 0xFF, 0xFF, 0xFF, 0xFF, 0x80, 0x03, 0xFF, 0xFF,
  0xFF, 0xF8, 0x00, 0x0F, 0xFF, 0xFF, 0xFF, 0x80, 0x00, 0x3F, 0xFF, 0xFF,
  0xF8, 0x00, 0x00, 0xFF, 0xFF, 0xFF, 0x00, 0x00, 0x00, 0xFF, 0xFF, 0xE0,
  0x00, 0x00, 0x01, 0xFF, 0xF8, 0x00, 0x00, 0xFF, 0xFF, 0xFF, 0xFF, 0xFF,
  0xFF, 0xFF, 0xFF, 0xFF, 0xFF, 0xFF, 0xFF, 0xFF, 0xFF, 0xFF, 0xFF, 0xFF,
  0xFF, 0xFF, 0xFF, 0xFF, 0xFF, 0xFF, 0xFF, 0xFF, 0xFF, 0xFF, 0xFF, 0xFF,
  0xFF, 0xFF, 0xFF, 0xFF, 0xFF, 0xFF, 0xFF, 0xFF, 0xFF, 0xFF, 0xFF, 0xFF,
  0xFF, 0xFF, 0xFF, 0xFF, 0xFF, 0xFF, 0xFF, 0xFF, 0xFF, 0xFF, 0xFF, 0xFF,
  0xFF, 0xFF, 0xFF, 0xE0, 0x00, 0x00, 0x01, 0xFF, 0xE0, 0x00, 0x00, 0x00,
  0xFF, 0xF0, 0x00, 0x00, 0x00, 0xFF, 0xF0, 0x00, 0x00, 0x00, 0xFF, 0xF8,
  0x00, 0x00, 0x00, 0x7F, 0xF8, 0x00, 0x00, 0x00, 0x7F, 0xFC, 0x00, 0x00,
  0x00, 0x3F, 0xFC, 0x00, 0x00, 0x00, 0x3F, 0xFE, 0x00, 0x00, 0x00, 0x1F,
  0xFE, 0x00, 0x00, 0x00, 0x1F, 0xFE, 0x00, 0x00, 0x00, 0x0F, 0xFF, 0x00,
  0x00, 0x00, 0x0F, 0xFF, 0x00, 0x00, 0x00, 0x07, 0xFF, 0x80, 0x00, 0x00,
  0x07, 0xFF, 0x80, 0x00, 0x00, 0x07, 0xFF, 0xC0, 0x00, 0x00, 0x03, 0xFF,
  0xC0, 0x00, 0x00, 0x03, 0xFF, 0xE0, 0x00, 0x00, 0x01, 0xFF, 0xE0, 0x00,
  0x00, 0x01, 0xFF, 0xF0, 0x00, 0x00, 0x00, 0xFF, 0xF0, 0x00, 0x00, 0x00,
  0xFF, 0xF8, 0x00, 0x00, 0x00, 0x7F, 0xF8, 0x00, 0x00, 0x00, 0x7F, 0xFC,
  0x00, 0x00, 0x00, 0x3F, 0xFC, 0x00, 0x00, 0x00, 0x3F, 0xFE, 0x00, 0x00,
  0x00, 0x3F, 0xFE, 0x00, 0x00, 0x00, 0x1F, 0xFF, 0x00, 0x00, 0x00, 0x1F,
  0xFF, 0x00, 0x00, 0x00, 0x0F, 0xFF, 0x80, 0x00, 0x00, 0x0F, 0xFF, 0x80,
  0x00, 0x00, 0x07, 0xFF, 0xC0, 0x00, 0x00, 0x07, 0xFF, 0xC0, 0x00, 0x00,
  0x03, 0xFF, 0xE0, 0x00, 0x00, 0x03, 0xFF, 0xE0, 0x00, 0x00, 0x01, 0xFF,
  0xE0, 0x00, 0x00, 0x01, 0xFF, 0xF0, 0x00, 0x00, 0x01, 0xFF, 0xF0, 0x00,
  0x00, 0x00, 0xFF, 0xF8, 0x00, 0x00, 0x00, 0xFF, 0xF8, 0x00, 0x00, 0x00,
  0x7F, 0xFC, 0x00, 0x00, 0x00, 0x7F, 0xFC, 0x00, 0x00, 0x00, 0x3F, 0xFE,
  0x00, 0x00, 0x00, 0x3F, 0xFE, 0x00, 0x00, 0x00, 0x1F, 0xFF, 0x00, 0x00,
  0x00, 0x1F, 0xFF, 0x00, 0x00, 0x00, 0x0F, 0xFF, 0x80, 0x00, 0x00, 0x0F,
  0xFF, 0x80, 0x00, 0x00, 0x07, 0xFF, 0xC0, 0x00, 0x00, 0x00, 0xFF, 0xC0,
  0x00, 0x00, 0x00, 0x1F, 0xE0, 0x00, 0x00, 0x00, 0x03, 0xE0, 0x00, 0x00,
  0x00, 0x00, 0x70, 0x00, 0x00, 0x00, 0x00, 0x10, 0x00, 0x00, 0x00, 0x00,
  0x00, 0xFF, 0xF0, 0x00, 0x00, 0x00, 0xFF, 0xFF, 0xC0, 0x00, 0x00, 0x7F,
  0xFF, 0xFE, 0x00, 0x00, 0x3F, 0xFF, 0xFF, 0xE0, 0x00, 0x0F, 0xFF, 0xFF,
  0xFE, 0x00, 0x03, 0xFF, 0xFF, 0xFF, 0xF0, 0x00, 0xFF, 0xFF, 0xFF, 0xFE,
  0x00, 0x3F, 0xFF, 0xFF, 0xFF, 0xE0, 0x07, 0xFF, 0xFF, 0xFF, 0xFE, 0x01,
  0xFF, 0xFF, 0xFF, 0xFF, 0xC0, 0x3F, 0xFF, 0x00, 0xFF, 0xFC, 0x0F, 0xFF,
  0x80, 0x0F, 0xFF, 0x81, 0xFF, 0xE0, 0x00, 0x7F, 0xF8, 0x3F, 0xF8, 0x00,
  0x0F, 0xFF, 0x07, 0xFF, 0x00, 0x00, 0xFF, 0xE0, 0xFF, 0xE0, 0x00, 0x1F,
  0xFC, 0x1F, 0xF8, 0x00, 0x03, 0xFF, 0x83, 0xFF, 0x00, 0x00, 0x3F, 0xF0,
  0x7F, 0xE0, 0x00, 0x07, 0xFE, 0x0F, 0xFC, 0x00, 0x01, 0xFF, 0xC1, 0xFF,
  0x80, 0x00, 0x3F, 0xF8, 0x3F, 0xF8, 0x00, 0x07, 0xFF, 0x07, 0xFF, 0x00,
  0x01, 0xFF, 0xC0, 0x7F, 0xF0, 0x00, 0x3F, 0xF8, 0x0F, 0xFF, 0x00, 0x0F,
  0xFE, 0x00, 0xFF, 0xF0, 0x03, 0xFF, 0xC0, 0x0F, 0xFF, 0xC3, 0xFF, 0xF0,
  0x00, 0xFF, 0xFF, 0xFF, 0xFC, 0x00, 0x0F, 0xFF, 0xFF, 0xFF, 0x00, 0x00,
  0xFF, 0xFF, 0xFF, 0xC0, 0x00, 0x0F, 0xFF, 0xFF, 0xE0, 0x00, 0x03, 0xFF,
  0xFF, 0xFF, 0x00, 0x01, 0xFF, 0xFF, 0xFF, 0xF0, 0x00, 0x7F, 0xFF, 0xFF,
  0xFF, 0x80, 0x1F, 0xFF, 0xFF, 0xFF, 0xF8, 0x07, 0xFF, 0xF0, 0x7F, 0xFF,
  0x81, 0xFF, 0xF8, 0x01, 0xFF, 0xF0, 0x3F, 0xFC, 0x00, 0x0F, 0xFF, 0x0F,
  0xFF, 0x00, 0x00, 0xFF, 0xF1, 0xFF, 0xC0, 0x00, 0x1F, 0xFE, 0x7F, 0xF8,
  0x00, 0x01, 0xFF, 0xEF, 0xFE, 0x00, 0x00, 0x1F, 0xFD, 0xFF, 0xC0, 0x00,
  0x03, 0xFF, 0xFF, 0xF8, 0x00, 0x00, 0x7F, 0xFF, 0xFF, 0x00, 0x00, 0x0F,
  0xFF, 0xFF, 0xE0, 0x00, 0x01, 0xFF, 0xFF, 0xFC, 0x00, 0x00, 0x3F, 0xFF,
  0xFF, 0x80, 0x00, 0x07, 0xFF, 0xFF, 0xF0, 0x00, 0x00, 0xFF, 0xEF, 0xFF,
  0x00, 0x00, 0x3F, 0xFD, 0xFF, 0xE0, 0x00, 0x07, 0xFF, 0xBF, 0xFE, 0x00,
  0x01, 0xFF, 0xF7, 0xFF, 0xE0, 0x00, 0x7F, 0xFC, 0x7F, 0xFF, 0x00, 0x3F,
  0xFF, 0x8F, 0xFF, 0xFC, 0x3F, 0xFF, 0xE0, 0xFF, 0xFF, 0xFF, 0xFF, 0xFC,
  0x0F, 0xFF, 0xFF, 0xFF, 0xFF, 0x01, 0xFF, 0xFF, 0xFF, 0xFF, 0xC0, 0x1F,
  0xFF, 0xFF, 0xFF, 0xF0, 0x00, 0xFF, 0xFF, 0xFF, 0xFC, 0x00, 0x0F, 0xFF,
  0xFF, 0xFF, 0x00, 0x00, 0xFF, 0xFF, 0xFF, 0x80, 0x00, 0x07, 0xFF, 0xFF,
  0xC0, 0x00, 0x00, 0x1F, 0xFF, 0xE0, 0x00, 0x00, 0x00, 0x7F, 0xF0, 0x00,
  0x00, 0x00, 0x1F, 0xFF, 0xF8, 0x00, 0x00, 0x03, 0xFF, 0xFF, 0xF0, 0x00,
  0x00, 0x7F, 0xFF, 0xFF, 0xE0, 0x00, 0x07, 0xFF, 0xFF, 0xFF, 0x80, 0x00,
  0xFF, 0xFF, 0xFF, 0xFE, 0x00, 0x0F, 0xFF, 0xFF, 0xFF, 0xF8, 0x00, 0x7F,
  0xFF, 0xFF, 0xFF, 0xE0, 0x07, 0xFF, 0xFF, 0xFF, 0xFF, 0x80, 0x7F, 0xFF,
  0xFF, 0xFF, 0xFE, 0x07, 0xFF, 0xFF, 0x7F, 0xFF, 0xF0, 0x3F, 0xFF, 0x80,
  0x1F, 0xFF, 0xC3, 0xFF, 0xF0, 0x00, 0x7F, 0xFE, 0x1F, 0xFF, 0x00, 0x01,
  0xFF, 0xF9, 0xFF, 0xF0, 0x00, 0x07, 0xFF, 0xCF, 0xFF, 0x00, 0x00, 0x1F,
  0xFE, 0x7F, 0xF8, 0x00, 0x00, 0x7F, 0xFB, 0xFF, 0x80, 0x00, 0x03, 0xFF,
  0xDF, 0xFC, 0x00, 0x00, 0x1F, 0xFF, 0xFF, 0xE0, 0x00, 0x00, 0xFF, 0xFF,
  0xFF, 0x00, 0x00, 0x03, 0xFF, 0xFF, 0xF8, 0x00, 0x00, 0x1F, 0xFF, 0xFF,
  0xC0, 0x00, 0x01, 0xFF, 0xFF, 0xFE, 0x00, 0x00, 0x0F, 0xFF, 0x7F, 0xF0,
  0x00, 0x00, 0x7F, 0xFB, 0xFF, 0xC0, 0x00, 0x03, 0xFF, 0xDF, 0xFE, 0x00,
  0x00, 0x3F, 0xFC, 0xFF, 0xF8, 0x00, 0x01, 0xFF, 0xE7, 0xFF, 0xE0, 0x00,
  0x1F, 0xFF, 0x1F, 0xFF, 0x80, 0x01, 0xFF, 0xF8, 0xFF, 0xFE, 0x00, 0x3F,
  0xFF, 0x83, 0xFF, 0xFC, 0x07, 0xFF, 0xFC, 0x1F, 0xFF, 0xFF, 0xFF, 0xFF,
  0xC0, 0x7F, 0xFF, 0xFF, 0xFF, 0xFE, 0x01, 0xFF, 0xFF, 0xFF, 0xFF, 0xE0,
  0x07, 0xFF, 0xFF, 0xFF, 0xFF, 0x00, 0x1F, 0xFF, 0xFF, 0xFF, 0xF0, 0x00,
  0x7F, 0xFF, 0xFF, 0xFF, 0x00, 0x01, 0xFF, 0xFF, 0xFF, 0xF8, 0x00, 0x03,
  0xFF, 0xFF, 0xFF, 0x80, 0x00, 0x03, 0xFF, 0xFF, 0xFC, 0x00, 0x00, 0x00,
  0x0F, 0xFF, 0xC0, 0x00, 0x00, 0x00, 0x7F, 0xFC, 0x00, 0x00, 0x00, 0x07,
  0xFF, 0xE0, 0x00, 0x00, 0x00, 0x7F, 0xFE, 0x00, 0x00, 0x00, 0x07, 0xFF,
  0xE0, 0x00, 0x00, 0x00, 0x3F, 0xFE, 0x00, 0x00, 0x00, 0x03, 0xFF, 0xF0,
  0x00, 0x00, 0x00, 0x3F, 0xFF, 0x00, 0x00, 0x00, 0x03, 0xFF, 0xF0, 0x00,
  0x00, 0x00, 0x1F, 0xFF, 0x00, 0x00, 0x00, 0x01, 0xFF, 0xF8, 0x00, 0x00,
  0x00, 0x1F, 0xFF, 0x80, 0x00, 0x00, 0x01, 0xFF, 0xF8, 0x00, 0x00, 0x00,
  0x0F, 0xFF, 0xC0, 0x00, 0x00, 0x00, 0xFF, 0xFC, 0x00, 0x00, 0x00, 0x0F,
  0xFF, 0xC0, 0x00, 0x00, 0x00, 0xFF, 0xFC, 0x00, 0x00, 0x00, 0x07, 0xFF,
  0xE0, 0x00, 0x00, 0x00, 0x1F, 0xFE, 0x00, 0x00, 0x00, 0x00, 0x7F, 0xE0,
  0x00, 0x00, 0x00, 0x00, 0xFE, 0x00, 0x00, 0x00, 0x00, 0x03, 0xF0, 0x00,
  0x00, 0x00, 0x00, 0x07, 0x00, 0x00, 0x00, 0x00, 0x00, 0x10, 0x00, 0x00,
  0x00, 0x07, 0xC0, 0x3F, 0xE0, 0xFF, 0xE3, 0xFF, 0xE7, 0xFF, 0xDF, 0xFF,
  0xFF, 0xFF, 0xFF, 0xFF, 0xFF, 0xFF, 0xFF, 0xFD, 0xFF, 0xF3, 0xFF, 0xE3,
  0xFF, 0x83, 0xFE, 0x01, 0xF0, 0x00, 0x00, 0x00, 0x00, 0x00, 0x00, 0x00,
  0x00, 0x00, 0x00, 0x00, 0x00, 0x00, 0x00, 0x00, 0x00, 0x00, 0x00, 0x00,
  0x00, 0x00, 0x00, 0x00, 0x00, 0x00, 0x00, 0x00, 0x00, 0x00, 0x00, 0x03,
  0xE0, 0x1F, 0xF0, 0x7F, 0xF1, 0xFF, 0xF3, 0xFF, 0xEF, 0xFF, 0xFF, 0xFF,
  0xFF, 0xFF, 0xFF, 0xFF, 0xFF, 0xFE, 0xFF, 0xF9, 0xFF, 0xF1, 0xFF, 0xC1,
  0xFF, 0x00, 0x70, 0x00, 0x01, 0xF0, 0x03, 0xFE, 0x03, 0xFF, 0x83, 0xFF,
  0xE1, 0xFF, 0xF1, 0xFF, 0xFC, 0xFF, 0xFE, 0x7F, 0xFF, 0x3F, 0xFF, 0x9F,
  0xFF, 0xC7, 0xFF, 0xC3, 0xFF, 0xE0, 0xFF, 0xE0, 0x3F, 0xE0, 0x07, 0x80,
  0x00, 0x00, 0x00, 0x00, 0x00, 0x00, 0x00, 0x00, 0x00, 0x00, 0x00, 0x00,
  0x00, 0x00, 0x00, 0x00, 0x00, 0x00, 0x00, 0x00, 0x00, 0x00, 0x00, 0x00,
  0x00, 0x00, 0x00, 0x00, 0x00, 0x00, 0x00, 0x00, 0x00, 0x00, 0x07, 0xC0,
  0x0F, 0xF8, 0x0F, 0xFE, 0x0F, 0xFF, 0x87, 0xFF, 0xC7, 0xFF, 0xF3, 0xFF,
  0xF9, 0xFF, 0xFC, 0xFF, 0xFE, 0x3F, 0xFF, 0x1F, 0xFF, 0x07, 0xFF, 0x81,
  0xFF, 0x80, 0x7F, 0xC0, 0x7F, 0xC0, 0x3F, 0xC0, 0x3F, 0xE0, 0x3F, 0xE0,
  0x1F, 0xE0, 0x1F, 0xF0, 0x1F, 0xF0, 0x0F, 0xF0, 0x01, 0xF8, 0x00, 0x78,
  0x00, 0x08, 0x00, 0x00, 0x00, 0x00, 0x00, 0x02, 0x00, 0x00, 0x00, 0x00,
  0x3C, 0x00, 0x00, 0x00, 0x01, 0xF8, 0x00, 0x00, 0x00, 0x1F, 0xF0, 0x00,
  0x00, 0x00, 0xFF, 0xE0, 0x00, 0x00, 0x07, 0xFF, 0xC0, 0x00, 0x00, 0x7F,
  0xFF, 0x80, 0x00, 0x03, 0xFF, 0xFF, 0x00, 0x00, 0x3F, 0xFF, 0xFE, 0x00,
  0x01, 0xFF, 0xFF, 0xFC, 0x00, 0x1F, 0xFF, 0xFF, 0xF0, 0x00, 0xFF, 0xFF,
  0xFF, 0x00, 0x0F, 0xFF, 0xFF, 0xF8, 0x00, 0x7F, 0xFF, 0xFF, 0x80, 0x07,
  0xFF, 0xFF, 0xF8, 0x00, 0x3F, 0xFF, 0xFF, 0xC0, 0x00, 0xFF, 0xFF, 0xFC,
  0x00, 0x01, 0xFF, 0xFF, 0xC0, 0x00, 0x03, 0xFF, 0xFC, 0x00, 0x00, 0x07,
  0xFF, 0xE0, 0x00, 0x00, 0x0F, 0xFF, 0x80, 0x00, 0x00, 0x1F, 0xFF, 0xE0,
  0x00, 0x00, 0x3F, 0xFF, 0xF8, 0x00, 0x00, 0x7F, 0xFF, 0xFC, 0x00, 0x00,
  0xFF, 0xFF, 0xFF, 0x00, 0x00, 0x7F, 0xFF, 0xFF, 0xC0, 0x00, 0x1F, 0xFF,
  0xFF, 0xE0, 0x00, 0x0F, 0xFF, 0xFF, 0xF8, 0x00, 0x03, 0xFF, 0xFF, 0xFE,
  0x00, 0x01, 0xFF, 0xFF, 0xFF, 0x80, 0x00, 0x7F, 0xFF, 0xFF, 0x80, 0x00,
  0x3F, 0xFF, 0xFF, 0x00, 0x00, 0x0F, 0xFF, 0xFE, 0x00, 0x00, 0x07, 0xFF,
  0xFC, 0x00, 0x00, 0x01, 0xFF, 0xF8, 0x00, 0x00, 0x00, 0xFF, 0xF0, 0x00,
  0x00, 0x00, 0x3F, 0xE0, 0x00, 0x00, 0x00, 0x1F, 0xC0, 0x00, 0x00, 0x00,
  0x07, 0x80, 0x00, 0x00, 0x00, 0x03, 0xFF, 0xFF, 0xFF, 0xFF, 0xFF, 0xFF,
  0xFF, 0xFF, 0xFF, 0xFF, 0xFF, 0xFF, 0xFF, 0xFF, 0xFF, 0xFF, 0xFF, 0xFF,
  0xFF, 0xFF, 0xFF, 0xFF, 0xFF, 0xFF, 0xFF, 0xFF, 0xFF, 0xFF, 0xFF, 0xFF,
  0xFF, 0xFF, 0xFF, 0xFF, 0xFF, 0xFF, 0xFF, 0xFF, 0xFF, 0xFF, 0xFF, 0xFF,
  0xFF, 0xFF, 0xFF, 0xFF, 0xFF, 0xFF, 0xFF, 0xFF, 0x00, 0x00, 0x00, 0x00,
  0x00, 0x00, 0x00, 0x00, 0x00, 0x00, 0x00, 0x00, 0x00, 0x00, 0x00, 0x00,
  0x00, 0x00, 0x00, 0x00, 0x00, 0x00, 0x00, 0x00, 0x00, 0x00, 0x00, 0x00,
  0x00, 0x00, 0x00, 0x00, 0x00, 0x00, 0x00, 0x00, 0x00, 0x00, 0x00, 0x00,
  0xFF, 0xFF, 0xFF, 0xFF, 0xFF, 0xFF, 0xFF, 0xFF, 0xFF, 0xFF, 0xFF, 0xFF,
  0xFF, 0xFF, 0xFF, 0xFF, 0xFF, 0xFF, 0xFF, 0xFF, 0xFF, 0xFF, 0xFF, 0xFF,
  0xFF, 0xFF, 0xFF, 0xFF, 0xFF, 0xFF, 0xFF, 0xFF, 0xFF, 0xFF, 0xFF, 0xFF,
  0xFF, 0xFF, 0xFF, 0xFF, 0xFF, 0xFF, 0xFF, 0xFF, 0xFF, 0xFF, 0xFF, 0xFF,
  0xFF, 0xFF, 0x80, 0x00, 0x00, 0x00, 0x01, 0xE0, 0x00, 0x00, 0x00, 0x03,
  0xF0, 0x00, 0x00, 0x00, 0x07, 0xFC, 0x00, 0x00, 0x00, 0x0F, 0xFE, 0x00,
  0x00, 0x00, 0x1F, 0xFF, 0x80, 0x00, 0x00, 0x3F, 0xFF, 0xC0, 0x00, 0x00,
  0x7F, 0xFF, 0xF0, 0x00, 0x00, 0xFF, 0xFF, 0xF8, 0x00, 0x01, 0xFF, 0xFF,
  0xFE, 0x00, 0x01, 0xFF, 0xFF, 0xFF, 0x00, 0x00, 0xFF, 0xFF, 0xFF, 0xC0,
  0x00, 0x3F, 0xFF, 0xFF, 0xE0, 0x00, 0x0F, 0xFF, 0xFF, 0xF0, 0x00, 0x03,
  0xFF, 0xFF, 0xFC, 0x00, 0x01, 0xFF, 0xFF, 0xFE, 0x00, 0x00, 0x7F, 0xFF,
  0xFE, 0x00, 0x00, 0x1F, 0xFF, 0xFC, 0x00, 0x00, 0x07, 0xFF, 0xF8, 0x00,
  0x00, 0x03, 0xFF, 0xF0, 0x00, 0x00, 0x03, 0xFF, 0xE0, 0x00, 0x00, 0x3F,
  0xFF, 0xC0, 0x00, 0x01, 0xFF, 0xFF, 0x80, 0x00, 0x1F, 0xFF, 0xFF, 0x00,
  0x01, 0xFF, 0xFF, 0xFE, 0x00, 0x0F, 0xFF, 0xFF, 0xF0, 0x00, 0xFF, 0xFF,
  0xFF, 0x00, 0x0F, 0xFF, 0xFF, 0xF8, 0x00, 0x7F, 0xFF, 0xFF, 0x80, 0x07,
  0xFF, 0xFF, 0xFC, 0x00, 0x3F, 0xFF, 0xFF, 0xC0, 0x00, 0x7F, 0xFF, 0xFE,
  0x00, 0x00, 0xFF, 0xFF, 0xE0, 0x00, 0x01, 0xFF, 0xFF, 0x00, 0x00, 0x03,
  0xFF, 0xF0, 0x00, 0x00, 0x07, 0xFF, 0x80, 0x00, 0x00, 0x0F, 0xF8, 0x00,
  0x00, 0x00, 0x1F, 0xC0, 0x00, 0x00, 0x00, 0x3C, 0x00, 0x00, 0x00, 0x00,
  0x60, 0x00, 0x00, 0x00, 0x00, 0x00, 0x03, 0xFF, 0xE0, 0x00, 0x00, 0x1F,
  0xFF, 0xFC, 0x00, 0x00, 0x7F, 0xFF, 0xFF, 0x00, 0x00, 0xFF, 0xFF, 0xFF,
  0x80, 0x03, 0xFF, 0xFF, 0xFF, 0xC0, 0x07, 0xFF, 0xFF, 0xFF, 0xE0, 0x0F,
  0xFF, 0xFF, 0xFF, 0xF0, 0x1F, 0xFF, 0xFF, 0xFF, 0xF8, 0x1F, 0xFF, 0xFF,
  0xFF, 0xFC, 0x3F, 0xFF, 0xFF, 0xFF, 0xFC, 0x7F, 0xFF, 0x01, 0xFF, 0xFE,
  0x7F, 0xFC, 0x00, 0x7F, 0xFE, 0x7F, 0xF8, 0x00, 0x3F, 0xFE, 0xFF, 0xF0,
  0x00, 0x1F, 0xFE, 0x7F, 0xF0, 0x00, 0x1F, 0xFE, 0x0F, 0xE0, 0x00, 0x0F,
  0xFF, 0x01, 0xE0, 0x00, 0x0F, 0xFF, 0x00, 0x00, 0x00, 0x0F, 0xFF, 0x00,
  0x00, 0x00, 0x0F, 0xFE, 0x00, 0x00, 0x00, 0x1F, 0xFE, 0x00, 0x00, 0x00,
  0x1F, 0xFE, 0x00, 0x00, 0x00, 0x3F, 0xFE, 0x00, 0x00, 0x00, 0x3F, 0xFC,
  0x00, 0x00, 0x00, 0x7F, 0xFC, 0x00, 0x00, 0x00, 0xFF, 0xF8, 0x00, 0x00,
  0x03, 0xFF, 0xF8, 0x00, 0x00, 0x07, 0xFF, 0xF0, 0x00, 0x00, 0x0F, 0xFF,
  0xE0, 0x00, 0x00, 0x1F, 0xFF, 0xC0, 0x00, 0x00, 0x3F, 0xFF, 0x80, 0x00,
  0x00, 0x7F, 0xFF, 0x00, 0x00, 0x00, 0xFF, 0xFE, 0x00, 0x00, 0x00, 0xFF,
  0xF8, 0x00, 0x00, 0x01, 0xFF, 0xF0, 0x00, 0x00, 0x01, 0xFF, 0xE0, 0x00,
  0x00, 0x03, 0xFF, 0xE0, 0x00, 0x00, 0x03, 0xFF, 0xC0, 0x00, 0x00, 0x03,
  0xFF, 0xC0, 0x00, 0x00, 0x03, 0xFF, 0xC0, 0x00, 0x00, 0x03, 0xFF, 0xC0,
  0x00, 0x00, 0x03, 0xFF, 0xC0, 0x00, 0x00, 0x03, 0xFF, 0xC0, 0x00, 0x00,
  0x03, 0xFF, 0xC0, 0x00, 0x00, 0x03, 0xFF, 0xC0, 0x00, 0x00, 0x00, 0x00,
  0x00, 0x00, 0x00, 0x00, 0x00, 0x00, 0x00, 0x00, 0x00, 0x00, 0x00, 0x00,
  0x00, 0x00, 0x00, 0x00, 0x00, 0x00, 0x00, 0x00, 0x00, 0x00, 0x00, 0x00,
  0xFF, 0x00, 0x00, 0x00, 0x03, 0xFF, 0x80, 0x00, 0x00, 0x07, 0xFF, 0xC0,
  0x00, 0x00, 0x07, 0xFF, 0xE0, 0x00, 0x00, 0x0F, 0xFF, 0xF0, 0x00, 0x00,
  0x0F, 0xFF, 0xF0, 0x00, 0x00, 0x0F, 0xFF, 0xF0, 0x00, 0x00, 0x0F, 0xFF,
  0xF0, 0x00, 0x00, 0x0F, 0xFF, 0xF0, 0x00, 0x00, 0x0F, 0xFF, 0xF0, 0x00,
  0x00, 0x07, 0xFF, 0xE0, 0x00, 0x00, 0x07, 0xFF, 0xE0, 0x00, 0x00, 0x03,
  0xFF, 0xC0, 0x00, 0x00, 0x01, 0xFF, 0x80, 0x00, 0x00, 0x00, 0x7E, 0x00,
  0x00, 0x00, 0x00, 0x00, 0x3F, 0xFF, 0xF0, 0x00, 0x00, 0x00, 0x00, 0x00,
  0x1F, 0xFF, 0xFF, 0xF8, 0x00, 0x00, 0x00, 0x00, 0x03, 0xFF, 0xFF, 0xFF,
  0xF0, 0x00, 0x00, 0x00, 0x00, 0xFF, 0xFF, 0xFF, 0xFF, 0xE0, 0x00, 0x00,
  0x00, 0x0F, 0xFF, 0xFF, 0xFF, 0xFF, 0xC0, 0x00, 0x00, 0x01, 0xFF, 0xFF,
  0xFF, 0xFF, 0xFF, 0x00, 0x00, 0x00, 0x1F, 0xFF, 0xFF, 0xFF, 0xFF, 0xFE,
  0x00, 0x00, 0x01, 0xFF, 0xFE, 0x00, 0x07, 0xFF, 0xF8, 0x00, 0x00, 0x3F,
  0xFF, 0x00, 0x00, 0x07, 0xFF, 0xE0, 0x00, 0x03, 0xFF, 0xE0, 0x00, 0x00,
  0x07, 0xFF, 0x80, 0x00, 0x1F, 0xFC, 0x00, 0x00, 0x00, 0x1F, 0xFE, 0x00,
  0x01, 0xFF, 0xC0, 0x00, 0x00, 0x00, 0x3F, 0xF8, 0x00, 0x1F, 0xFC, 0x00,
  0x00, 0x00, 0x00, 0xFF, 0xE0, 0x01, 0xFF, 0x80, 0x00, 0x00, 0x00, 0x03,
  0xFF, 0x00, 0x1F, 0xF8, 0x00, 0x00, 0x00, 0x00, 0x0F, 0xFC, 0x00, 0xFF,
  0x80, 0x00, 0x7E, 0x00, 0x00, 0x3F, 0xE0, 0x0F, 0xFC, 0x00, 0x3F, 0xFE,
  0x0F, 0xE0, 0xFF, 0x80, 0x7F, 0xC0, 0x07, 0xFF, 0xFC, 0x7F, 0x03, 0xFC,
  0x07, 0xFC, 0x00, 0x7F, 0xFF, 0xF3, 0xF8, 0x1F, 0xF0, 0x3F, 0xC0, 0x07,
  0xFF, 0xFF, 0xDF, 0xC0, 0x7F, 0x83, 0xFE, 0x00, 0x7F, 0xFF, 0xFF, 0xFE,
  0x01, 0xFE, 0x1F, 0xE0, 0x07, 0xFF, 0xFF, 0xFF, 0xF0, 0x0F, 0xF0, 0xFF,
  0x00, 0x7F, 0xFE, 0xFF, 0xFF, 0x80, 0x7F, 0x8F, 0xF8, 0x03, 0xFF, 0x00,
  0x7F, 0xFC, 0x01, 0xFC, 0x7F, 0x80, 0x3F, 0xF0, 0x00, 0xFF, 0xE0, 0x0F,
  0xF3, 0xFC, 0x01, 0xFF, 0x00, 0x03, 0xFF, 0x00, 0x7F, 0x9F, 0xE0, 0x1F,
  0xF0, 0x00, 0x1F, 0xF8, 0x01, 0xFC, 0xFE, 0x00, 0xFF, 0x80, 0x00, 0x7F,
  0xC0, 0x0F, 0xEF, 0xF0, 0x07, 0xF8, 0x00, 0x03, 0xFE, 0x00, 0x7F, 0x7F,
  0x80, 0x3F, 0xC0, 0x00, 0x0F, 0xF0, 0x03, 0xFB, 0xFC, 0x03, 0xFE, 0x00,
  0x00, 0x7F, 0x80, 0x1F, 0xDF, 0xE0, 0x1F, 0xF0, 0x00, 0x03, 0xFC, 0x00,
  0xFE, 0xFF, 0x00, 0xFF, 0x00, 0x00, 0x1F, 0xE0, 0x07, 0xFF, 0xF8, 0x07,
  0xF8, 0x00, 0x00, 0xFF, 0x00, 0x3F, 0xFF, 0xC0, 0x3F, 0xE0, 0x00, 0x07,
  0xF8, 0x01, 0xFD, 0xFE, 0x01, 0xFF, 0x00, 0x00, 0x3F, 0xC0, 0x0F, 0xEF,
  0xF0, 0x07, 0xF8, 0x00, 0x01, 0xFE, 0x00, 0x7F, 0x7F, 0x80, 0x3F, 0xC0,
  0x00, 0x1F, 0xF0, 0x03, 0xF9, 0xFC, 0x01, 0xFF, 0x00, 0x00, 0xFF, 0x80,
  0x3F, 0xCF, 0xF0, 0x0F, 0xF8, 0x00, 0x0F, 0xFC, 0x01, 0xFE, 0x7F, 0x80,
  0x3F, 0xE0, 0x00, 0xFF, 0xE0, 0x1F, 0xE3, 0xFC, 0x01, 0xFF, 0x80, 0x0F,
  0xFF, 0x80, 0xFF, 0x1F, 0xF0, 0x07, 0xFF, 0x01, 0xFF, 0xFE, 0x1F, 0xF8,
  0x7F, 0x80, 0x3F, 0xFF, 0xFF, 0xFF, 0xFF, 0xFF, 0x83, 0xFC, 0x00, 0xFF,
  0xFF, 0xFF, 0xBF, 0xFF, 0xFC, 0x1F, 0xF0, 0x03, 0xFF, 0xFF, 0xFD, 0xFF,
  0xFF, 0xC0, 0x7F, 0x80, 0x0F, 0xFF, 0xFF, 0xC7, 0xFF, 0xFC, 0x03, 0xFE,
  0x00, 0x3F, 0xFF, 0xF8, 0x1F, 0xFF, 0xC0, 0x0F, 0xF8, 0x00, 0x7F, 0xFF,
  0x80, 0x7F, 0xFC, 0x00, 0x7F, 0xC0, 0x00, 0xFF, 0xE0, 0x00, 0xFF, 0x80,
  0x01, 0xFF, 0x00, 0x00, 0x00, 0x00, 0x00, 0x00, 0x00, 0x0F, 0xFC, 0x00,
  0x00, 0x00, 0x00, 0x00, 0x00, 0x00, 0x3F, 0xF0, 0x00, 0x00, 0x00, 0x00,
  0x00, 0x00, 0x00, 0xFF, 0xE0, 0x00, 0x00, 0x00, 0x00, 0x00, 0x00, 0x07,
  0xFF, 0x80, 0x00, 0x00, 0x00, 0x00, 0x00, 0x00, 0x1F, 0xFE, 0x00, 0x00,
  0x00, 0x00, 0x00, 0x00, 0x00, 0x7F, 0xFC, 0x00, 0x00, 0x00, 0x00, 0x00,
  0x00, 0x01, 0xFF, 0xFC, 0x00, 0x00, 0xE0, 0x00, 0x00, 0x00, 0x07, 0xFF,
  0xFE, 0x00, 0x7F, 0x00, 0x00, 0x00, 0x00, 0x0F, 0xFF, 0xFF, 0xFF, 0xFC,
  0x00, 0x00, 0x00, 0x00, 0x3F, 0xFF, 0xFF, 0xFF, 0xE0, 0x00, 0x00, 0x00,
  0x00, 0x7F, 0xFF, 0xFF, 0xFF, 0x80, 0x00, 0x00, 0x00, 0x01, 0xFF, 0xFF,
  0xFF, 0xFC, 0x00, 0x00, 0x00, 0x00, 0x01, 0xFF, 0xFF, 0xFF, 0xE0, 0x00,
  0x00, 0x00, 0x00, 0x03, 0xFF, 0xFF, 0xF8, 0x00, 0x00, 0x00, 0x00, 0x00,
  0x00, 0xFF, 0xFC, 0x00, 0x00, 0x00, 0x00, 0x00, 0x00, 0x01, 0xFF, 0xC0,
  0x00, 0x00, 0x00, 0x00, 0x00, 0x7F, 0xF8, 0x00, 0x00, 0x00, 0x00, 0x00,
  0x1F, 0xFE, 0x00, 0x00, 0x00, 0x00, 0x00, 0x0F, 0xFF, 0xC0, 0x00, 0x00,
  0x00, 0x00, 0x03, 0xFF, 0xF0, 0x00, 0x00, 0x00, 0x00, 0x01, 0xFF, 0xFC,
  0x00, 0x00, 0x00, 0x00, 0x00, 0x7F, 0xFF, 0x80, 0x00, 0x00, 0x00, 0x00,
  0x1F, 0xFF, 0xE0, 0x00, 0x00, 0x00, 0x00, 0x0F, 0xFF, 0xFC, 0x00, 0x00,
  0x00, 0x00, 0x03, 0xFF, 0xFF, 0x00, 0x00, 0x00, 0x00, 0x01, 0xFF, 0xFF,
  0xC0, 0x00, 0x00, 0x00, 0x00, 0x7F, 0xFF, 0xF8, 0x00, 0x00, 0x00, 0x00,
  0x1F, 0xFF, 0xFE, 0x00, 0x00, 0x00, 0x00, 0x0F, 0xFF, 0xFF, 0x80, 0x00,
  0x00, 0x00, 0x03, 0xFF, 0xFF, 0xF0, 0x00, 0x00, 0x00, 0x00, 0xFF, 0xDF,
  0xFC, 0x00, 0x00, 0x00, 0x00, 0x7F, 0xF3, 0xFF, 0x80, 0x00, 0x00, 0x00,
  0x1F, 0xFC, 0xFF, 0xE0, 0x00, 0x00, 0x00, 0x0F, 0xFE, 0x3F, 0xF8, 0x00,
  0x00, 0x00, 0x03, 0xFF, 0x87, 0xFF, 0x00, 0x00, 0x00, 0x00, 0xFF, 0xE1,
  0xFF, 0xC0, 0x00, 0x00, 0x00, 0x7F, 0xF0, 0x7F, 0xF0, 0x00, 0x00, 0x00,
  0x1F, 0xFC, 0x1F, 0xFE, 0x00, 0x00, 0x00, 0x07, 0xFF, 0x03, 0xFF, 0x80,
  0x00, 0x00, 0x03, 0xFF, 0x80, 0xFF, 0xF0, 0x00, 0x00, 0x00, 0xFF, 0xE0,
  0x1F, 0xFC, 0x00, 0x00, 0x00, 0x7F, 0xF8, 0x07, 0xFF, 0x00, 0x00, 0x00,
  0x1F, 0xFC, 0x01, 0xFF, 0xE0, 0x00, 0x00, 0x07, 0xFF, 0x00, 0x3F, 0xF8,
  0x00, 0x00, 0x03, 0xFF, 0xC0, 0x0F, 0xFF, 0x00, 0x00, 0x00, 0xFF, 0xE0,
  0x03, 0xFF, 0xC0, 0x00, 0x00, 0x7F, 0xF8, 0x00, 0x7F, 0xF0, 0x00, 0x00,
  0x1F, 0xFE, 0x00, 0x1F, 0xFE, 0x00, 0x00, 0x07, 0xFF, 0x00, 0x07, 0xFF,
  0x80, 0x00, 0x03, 0xFF, 0xC0, 0x00, 0xFF, 0xE0, 0x00, 0x00, 0xFF, 0xE0,
  0x00, 0x3F, 0xFC, 0x00, 0x00, 0x3F, 0xF8, 0x00, 0x0F, 0xFF, 0x00, 0x00,
  0x1F, 0xFE, 0x00, 0x01, 0xFF, 0xE0, 0x00, 0x07, 0xFF, 0x00, 0x00, 0x7F,
  0xF8, 0x00, 0x03, 0xFF, 0xFF, 0xFF, 0xFF, 0xFE, 0x00, 0x00, 0xFF, 0xFF,
  0xFF, 0xFF, 0xFF, 0xC0, 0x00, 0x3F, 0xFF, 0xFF, 0xFF, 0xFF, 0xF0, 0x00,
  0x1F, 0xFF, 0xFF, 0xFF, 0xFF, 0xFC, 0x00, 0x07, 0xFF, 0xFF, 0xFF, 0xFF,
  0xFF, 0x80, 0x03, 0xFF, 0xFF, 0xFF, 0xFF, 0xFF, 0xE0, 0x00, 0xFF, 0xFF,
  0xFF, 0xFF, 0xFF, 0xFC, 0x00, 0x3F, 0xFF, 0xFF, 0xFF, 0xFF, 0xFF, 0x00,
  0x1F, 0xFF, 0xFF, 0xFF, 0xFF, 0xFF, 0xC0, 0x07, 0xFF, 0x80, 0x00, 0x00,
  0x7F, 0xF8, 0x01, 0xFF, 0xE0, 0x00, 0x00, 0x1F, 0xFE, 0x00, 0xFF, 0xF0,
  0x00, 0x00, 0x07, 0xFF, 0xC0, 0x3F, 0xFC, 0x00, 0x00, 0x00, 0xFF, 0xF0,
  0x1F, 0xFE, 0x00, 0x00, 0x00, 0x3F, 0xFC, 0x07, 0xFF, 0x80, 0x00, 0x00,
  0x0F, 0xFF, 0x81, 0xFF, 0xE0, 0x00, 0x00, 0x01, 0xFF, 0xE0, 0xFF, 0xF0,
  0x00, 0x00, 0x00, 0x7F, 0xF8, 0x3F, 0xFC, 0x00, 0x00, 0x00, 0x1F, 0xFF,
  0x0F, 0xFF, 0x00, 0x00, 0x00, 0x03, 0xFF, 0xC7, 0xFF, 0x80, 0x00, 0x00,
  0x00, 0xFF, 0xF9, 0xFF, 0xE0, 0x00, 0x00, 0x00, 0x3F, 0xFE, 0xFF, 0xF8,
  0x00, 0x00, 0x00, 0x07, 0xFF, 0xBF, 0xFC, 0x00, 0x00, 0x00, 0x01, 0xFF,
  0xF0, 0xFF, 0xFF, 0xFF, 0xF0, 0x00, 0x07, 0xFF, 0xFF, 0xFF, 0xF8, 0x00,
  0x3F, 0xFF, 0xFF, 0xFF, 0xF0, 0x01, 0xFF, 0xFF, 0xFF, 0xFF, 0xC0, 0x0F,
  0xFF, 0xFF, 0xFF, 0xFF, 0x80, 0x7F, 0xFF, 0xFF, 0xFF, 0xFE, 0x03, 0xFF,
  0xFF, 0xFF, 0xFF, 0xF8, 0x1F, 0xFF, 0xFF, 0xFF, 0xFF, 0xE0, 0xFF, 0xFF,
  0xFF, 0xFF, 0xFF, 0x07, 0xFF, 0xFF, 0xFF, 0xFF, 0xFC, 0x3F, 0xF8, 0x00,
  0x0F, 0xFF, 0xE1, 0xFF, 0xC0, 0x00, 0x1F, 0xFF, 0x8F, 0xFE, 0x00, 0x00,
  0x7F, 0xFC, 0x7F, 0xF0, 0x00, 0x01, 0xFF, 0xE3, 0xFF, 0x80, 0x00, 0x0F,
  0xFF, 0x1F, 0xFC, 0x00, 0x00, 0x3F, 0xF8, 0xFF, 0xE0, 0x00, 0x01, 0xFF,
  0xE7, 0xFF, 0x00, 0x00, 0x0F, 0xFE, 0x3F, 0xF8, 0x00, 0x00, 0x7F, 0xF1,
  0xFF, 0xC0, 0x00, 0x03, 0xFF, 0x8F, 0xFE, 0x00, 0x00, 0x1F, 0xFC, 0x7F,
  0xF0, 0x00, 0x00, 0xFF, 0xE3, 0xFF, 0x80, 0x00, 0x0F, 0xFE, 0x1F, 0xFC,
  0x00, 0x00, 0xFF, 0xF0, 0xFF, 0xE0, 0x00, 0x0F, 0xFF, 0x07, 0xFF, 0x00,
  0x00, 0xFF, 0xF8, 0x3F, 0xFF, 0xFF, 0xFF, 0xFF, 0x81, 0xFF, 0xFF, 0xFF,
  0xFF, 0xF8, 0x0F, 0xFF, 0xFF, 0xFF, 0xFF, 0x80, 0x7F, 0xFF, 0xFF, 0xFF,
  0xF0, 0x03, 0xFF, 0xFF, 0xFF, 0xFF, 0x80, 0x1F, 0xFF, 0xFF, 0xFF, 0xFF,
  0x00, 0xFF, 0xFF, 0xFF, 0xFF, 0xFC, 0x07, 0xFF, 0xFF, 0xFF, 0xFF, 0xF8,
  0x3F, 0xFF, 0xFF, 0xFF, 0xFF, 0xE1, 0xFF, 0xC0, 0x00, 0x3F, 0xFF, 0x8F,
  0xFE, 0x00, 0x00, 0x7F, 0xFC, 0x7F, 0xF0, 0x00, 0x01, 0xFF, 0xF3, 0xFF,
  0x80, 0x00, 0x07, 0xFF, 0x9F, 0xFC, 0x00, 0x00, 0x1F, 0xFE, 0xFF, 0xE0,
  0x00, 0x00, 0x7F, 0xF7, 0xFF, 0x00, 0x00, 0x03, 0xFF, 0xBF, 0xF8, 0x00,
  0x00, 0x1F, 0xFF, 0xFF, 0xC0, 0x00, 0x00, 0xFF, 0xFF, 0xFE, 0x00, 0x00,
  0x07, 0xFF, 0xFF, 0xF0, 0x00, 0x00, 0x3F, 0xFF, 0xFF, 0x80, 0x00, 0x01,
  0xFF, 0xFF, 0xFC, 0x00, 0x00, 0x1F, 0xFE, 0xFF, 0xE0, 0x00, 0x00, 0xFF,
  0xF7, 0xFF, 0x00, 0x00, 0x0F, 0xFF, 0xBF, 0xF8, 0x00, 0x00, 0xFF, 0xFD,
  0xFF, 0xC0, 0x00, 0x1F, 0xFF, 0xCF, 0xFF, 0xFF, 0xFF, 0xFF, 0xFE, 0x7F,
  0xFF, 0xFF, 0xFF, 0xFF, 0xE3, 0xFF, 0xFF, 0xFF, 0xFF, 0xFF, 0x1F, 0xFF,
  0xFF, 0xFF, 0xFF, 0xF0, 0xFF, 0xFF, 0xFF, 0xFF, 0xFF, 0x07, 0xFF, 0xFF,
  0xFF, 0xFF, 0xF0, 0x3F, 0xFF, 0xFF, 0xFF, 0xFE, 0x01, 0xFF, 0xFF, 0xFF,
  0xFF, 0xE0, 0x0F, 0xFF, 0xFF, 0xFF, 0xFC, 0x00, 0x7F, 0xFF, 0xFF, 0xFF,
  0x00, 0x00, 0x00, 0x00, 0x00, 0x7F, 0xFE, 0x00, 0x00, 0x00, 0x00, 0x01,
  0xFF, 0xFF, 0xF0, 0x00, 0x00, 0x00, 0x07, 0xFF, 0xFF, 0xFE, 0x00, 0x00,
  0x00, 0x0F, 0xFF, 0xFF, 0xFF, 0xC0, 0x00, 0x00, 0x1F, 0xFF, 0xFF, 0xFF,
  0xF8, 0x00, 0x00, 0x1F, 0xFF, 0xFF, 0xFF, 0xFE, 0x00, 0x00, 0x3F, 0xFF,
  0xFF, 0xFF, 0xFF, 0xC0, 0x00, 0x3F, 0xFF, 0xFF, 0xFF, 0xFF, 0xF0, 0x00,
  0x3F, 0xFF, 0xFF, 0xFF, 0xFF, 0xFC, 0x00, 0x3F, 0xFF, 0xFF, 0xFF, 0xFF,
  0xFF, 0x00, 0x3F, 0xFF, 0xFF, 0xFF, 0xFF, 0xFF, 0xC0, 0x3F, 0xFF, 0xFC,
  0x00, 0x7F, 0xFF, 0x80, 0x3F, 0xFF, 0xF0, 0x00, 0x07, 0xFF, 0x80, 0x1F,
  0xFF, 0xE0, 0x00, 0x00, 0xFF, 0x80, 0x1F, 0xFF, 0xC0, 0x00, 0x00, 0x3F,
  0x80, 0x1F, 0xFF, 0xC0, 0x00, 0x00, 0x0F, 0x80, 0x0F, 0xFF, 0xC0, 0x00,
  0x00, 0x03, 0x80, 0x0F, 0xFF, 0xC0, 0x00, 0x00, 0x00, 0x80, 0x07, 0xFF,
  0xC0, 0x00, 0x00, 0x00, 0x00, 0x07, 0xFF, 0xC0, 0x00, 0x00, 0x00, 0x00,
  0x03, 0xFF, 0xE0, 0x00, 0x00, 0x00, 0x00, 0x01, 0xFF, 0xE0, 0x00, 0x00,
  0x00, 0x00, 0x01, 0xFF, 0xF0, 0x00, 0x00, 0x00, 0x00, 0x00, 0xFF, 0xF0,
  0x00, 0x00, 0x00, 0x00, 0x00, 0x7F, 0xF8, 0x00, 0x00, 0x00, 0x00, 0x00,
  0x3F, 0xFC, 0x00, 0x00, 0x00, 0x00, 0x00, 0x1F, 0xFC, 0x00, 0x00, 0x00,
  0x00, 0x00, 0x0F, 0xFE, 0x00, 0x00, 0x00, 0x00, 0x00, 0x0F, 0xFF, 0x00,
  0x00, 0x00, 0x00, 0x00, 0x07, 0xFF, 0x80, 0x00, 0x00, 0x00, 0x00, 0x03,
  0xFF, 0xC0, 0x00, 0x00, 0x00, 0x00, 0x01, 0xFF, 0xE0, 0x00, 0x00, 0x00,
  0x00, 0x00, 0xFF, 0xF0, 0x00, 0x00, 0x00, 0x00, 0x00, 0x7F, 0xF8, 0x00,
  0x00, 0x00, 0x00, 0x00, 0x3F, 0xFC, 0x00, 0x00, 0x00, 0x00, 0x00, 0x1F,
  0xFE, 0x00, 0x00, 0x00, 0x00, 0x00, 0x07, 0xFF, 0x00, 0x00, 0x00, 0x00,
  0x00, 0x03, 0xFF, 0x80, 0x00, 0x00, 0x00, 0x00, 0x01, 0xFF, 0xE0, 0x00,
  0x00, 0x00, 0x00, 0x00, 0xFF, 0xF0, 0x00, 0x00, 0x00, 0x00, 0x00, 0x7F,
  0xF8, 0x00, 0x00, 0x00, 0x00, 0x00, 0x3F, 0xFE, 0x00, 0x00, 0x00, 0x00,
  0x00, 0x0F, 0xFF, 0x00, 0x00, 0x00, 0x00, 0x00, 0x07, 0xFF, 0xC0, 0x00,
  0x00, 0x00, 0x00, 0x03, 0xFF, 0xE0, 0x00, 0x00, 0x00, 0x00, 0x00, 0xFF,
  0xF8, 0x00, 0x00, 0x00, 0x02, 0x00, 0x7F, 0xFE, 0x00, 0x00, 0x00, 0x03,
  0x00, 0x1F, 0xFF, 0x80, 0x00, 0x00, 0x03, 0xC0, 0x0F, 0xFF, 0xE0, 0x00,
  0x00, 0x03, 0xF0, 0x03, 0xFF, 0xF8, 0x00, 0x00, 0x03, 0xFC, 0x00, 0xFF,
  0xFF, 0x00, 0x00, 0x07, 0xFF, 0x00, 0x7F, 0xFF, 0xE0, 0x00, 0x0F, 0xFF,
  0xC0, 0x1F, 0xFF, 0xFC, 0x00, 0x3F, 0xFF, 0xF0, 0x07, 0xFF, 0xFF, 0xFF,
  0xFF, 0xFF, 0xFC, 0x01, 0xFF, 0xFF, 0xFF, 0xFF, 0xFF, 0xFC, 0x00, 0x7F,
  0xFF, 0xFF, 0xFF, 0xFF, 0xFC, 0x00, 0x1F, 0xFF, 0xFF, 0xFF, 0xFF, 0xFC,
  0x00, 0x07, 0xFF, 0xFF, 0xFF, 0xFF, 0xFC, 0x00, 0x01, 0xFF, 0xFF, 0xFF,
  0xFF, 0xF8, 0x00, 0x00, 0x3F, 0xFF, 0xFF, 0xFF, 0xF8, 0x00, 0x00, 0x0F,
  0xFF, 0xFF, 0xFF, 0xF0, 0x00, 0x00, 0x01, 0xFF, 0xFF, 0xFF, 0xE0, 0x00,
  0x00, 0x00, 0x1F, 0xFF, 0xFF, 0xC0, 0x00, 0x00, 0x00, 0x01, 0xFF, 0xFF,
  0x00, 0x00, 0xFF, 0xFF, 0xFF, 0x00, 0x00, 0x00, 0x0F, 0xFF, 0xFF, 0xFF,
  0xC0, 0x00, 0x00, 0xFF, 0xFF, 0xFF, 0xFF, 0x80, 0x00, 0x0F, 0xFF, 0xFF,
  0xFF, 0xFE, 0x00, 0x00, 0xFF, 0xFF, 0xFF, 0xFF, 0xF8, 0x00, 0x0F, 0xFF,
  0xFF, 0xFF, 0xFF, 0xE0, 0x00, 0xFF, 0xFF, 0xFF, 0xFF, 0xFF, 0x00, 0x0F,
  0xFF, 0xFF, 0xFF, 0xFF, 0xFC, 0x00, 0xFF, 0xFF, 0xFF, 0xFF, 0xFF, 0xE0,
  0x0F, 0xFF, 0xFF, 0xFF, 0xFF, 0xFF, 0x00, 0xFF, 0xFF, 0xFF, 0xFF, 0xFF,
  0xF8, 0x0F, 0xFE, 0x00, 0x07, 0xFF, 0xFF, 0x80, 0xFF, 0xE0, 0x00, 0x0F,
  0xFF, 0xFC, 0x0F, 0xFE, 0x00, 0x00, 0x1F, 0xFF, 0xE0, 0xFF, 0xE0, 0x00,
  0x00, 0xFF, 0xFE, 0x0F, 0xFE, 0x00, 0x00, 0x03, 0xFF, 0xF0, 0xFF, 0xE0,
  0x00, 0x00, 0x1F, 0xFF, 0x0F, 0xFE, 0x00, 0x00, 0x00, 0xFF, 0xF8, 0xFF,
  0xE0, 0x00, 0x00, 0x0F, 0xFF, 0x8F, 0xFE, 0x00, 0x00, 0x00, 0x7F, 0xFC,
  0xFF, 0xE0, 0x00, 0x00, 0x03, 0xFF, 0xCF, 0xFE, 0x00, 0x00, 0x00, 0x3F,
  0xFC, 0xFF, 0xE0, 0x00, 0x00, 0x03, 0xFF, 0xEF, 0xFE, 0x00, 0x00, 0x00,
  0x1F, 0xFE, 0xFF, 0xE0, 0x00, 0x00, 0x01, 0xFF, 0xEF, 0xFE, 0x00, 0x00,
  0x00, 0x1F, 0xFE, 0xFF, 0xE0, 0x00, 0x00, 0x01, 0xFF, 0xEF, 0xFE, 0x00,
  0x00, 0x00, 0x0F, 0xFE, 0xFF, 0xE0, 0x00, 0x00, 0x00, 0xFF, 0xEF, 0xFE,
  0x00, 0x00, 0x00, 0x0F, 0xFE, 0xFF, 0xE0, 0x00, 0x00, 0x00, 0xFF, 0xFF,
  0xFE, 0x00, 0x00, 0x00, 0x0F, 0xFF, 0xFF, 0xE0, 0x00, 0x00, 0x00, 0xFF,
  0xEF, 0xFE, 0x00, 0x00, 0x00, 0x0F, 0xFE, 0xFF, 0xE0, 0x00, 0x00, 0x00,
  0xFF, 0xEF, 0xFE, 0x00, 0x00, 0x00, 0x0F, 0xFE, 0xFF, 0xE0, 0x00, 0x00,
  0x01, 0xFF, 0xEF, 0xFE, 0x00, 0x00, 0x00, 0x1F, 0xFE, 0xFF, 0xE0, 0x00,
  0x00, 0x01, 0xFF, 0xEF, 0xFE, 0x00, 0x00, 0x00, 0x1F, 0xFE, 0xFF, 0xE0,
  0x00, 0x00, 0x03, 0xFF, 0xCF, 0xFE, 0x00, 0x00, 0x00, 0x3F, 0xFC, 0xFF,
  0xE0, 0x00, 0x00, 0x07, 0xFF, 0xCF, 0xFE, 0x00, 0x00, 0x00, 0x7F, 0xF8,
  0xFF, 0xE0, 0x00, 0x00, 0x0F, 0xFF, 0x8F, 0xFE, 0x00, 0x00, 0x01, 0xFF,
  0xF8, 0xFF, 0xE0, 0x00, 0x00, 0x3F, 0xFF, 0x0F, 0xFE, 0x00, 0x00, 0x07,
  0xFF, 0xF0, 0xFF, 0xE0, 0x00, 0x00, 0xFF, 0xFE, 0x0F, 0xFE, 0x00, 0x00,
  0x3F, 0xFF, 0xC0, 0xFF, 0xE0, 0x00, 0x1F, 0xFF, 0xFC, 0x0F, 0xFE, 0x00,
  0x3F, 0xFF, 0xFF, 0x80, 0xFF, 0xFF, 0xFF, 0xFF, 0xFF, 0xF0, 0x0F, 0xFF,
  0xFF, 0xFF, 0xFF, 0xFE, 0x00, 0xFF, 0xFF, 0xFF, 0xFF, 0xFF, 0xC0, 0x0F,
  0xFF, 0xFF, 0xFF, 0xFF, 0xF8, 0x00, 0xFF, 0xFF, 0xFF, 0xFF, 0xFE, 0x00,
  0x0F, 0xFF, 0xFF, 0xFF, 0xFF, 0xC0, 0x00, 0xFF, 0xFF, 0xFF, 0xFF, 0xF0,
  0x00, 0x0F, 0xFF, 0xFF, 0xFF, 0xFC, 0x00, 0x00, 0xFF, 0xFF, 0xFF, 0xFE,
  0x00, 0x00, 0x0F, 0xFF, 0xFF, 0xFE, 0x00, 0x00, 0x00, 0xFF, 0xFF, 0xFF,
  0xFF, 0xFF, 0xFF, 0xFF, 0xFF, 0xFF, 0xFF, 0xFF, 0xFF, 0xFF, 0xFF, 0xFF,
  0xFF, 0xFF, 0xFF, 0xFF, 0xFF, 0xFF, 0xFF, 0xFF, 0xFF, 0xFF, 0xFF, 0xFF,
  0xFF, 0xFF, 0xFF, 0xFF, 0xFF, 0xFF, 0xFF, 0xFF, 0xFF, 0xFF, 0xFF, 0xFF,
  0xFF, 0xFF, 0xFF, 0xFF, 0xFF, 0xFF, 0xFF, 0xFF, 0xFF, 0xFF, 0xFF, 0xFF,
  0xFF, 0xC0, 0x00, 0x00, 0x0F, 0xFE, 0x00, 0x00, 0x00, 0x7F, 0xF0, 0x00,
  0x00, 0x03, 0xFF, 0x80, 0x00, 0x00, 0x1F, 0xFC, 0x00, 0x00, 0x00, 0xFF,
  0xE0, 0x00, 0x00, 0x07, 0xFF, 0x00, 0x00, 0x00, 0x3F, 0xF8, 0x00, 0x00,
  0x01, 0xFF, 0xC0, 0x00, 0x00, 0x0F, 0xFE, 0x00, 0x00, 0x00, 0x7F, 0xF0,
  0x00, 0x00, 0x03, 0xFF, 0x80, 0x00, 0x00, 0x1F, 0xFC, 0x00, 0x00, 0x00,
  0xFF, 0xE0, 0x00, 0x00, 0x07, 0xFF, 0x00, 0x00, 0x00, 0x3F, 0xFF, 0xFF,
  0xFF, 0xFD, 0xFF, 0xFF, 0xFF, 0xFF, 0xEF, 0xFF, 0xFF, 0xFF, 0xFF, 0x7F,
  0xFF, 0xFF, 0xFF, 0xFB, 0xFF, 0xFF, 0xFF, 0xFF, 0xDF, 0xFF, 0xFF, 0xFF,
  0xFE, 0xFF, 0xFF, 0xFF, 0xFF, 0xF7, 0xFF, 0xFF, 0xFF, 0xFF, 0xBF, 0xFF,
  0xFF, 0xFF, 0xFD, 0xFF, 0xFF, 0xFF, 0xFF, 0xEF, 0xFE, 0x00, 0x00, 0x00,
  0x7F, 0xF0, 0x00, 0x00, 0x03, 0xFF, 0x80, 0x00, 0x00, 0x1F, 0xFC, 0x00,
  0x00, 0x00, 0xFF, 0xE0, 0x00, 0x00, 0x07, 0xFF, 0x00, 0x00, 0x00, 0x3F,
  0xF8, 0x00, 0x00, 0x01, 0xFF, 0xC0, 0x00, 0x00, 0x0F, 0xFE, 0x00, 0x00,
  0x00, 0x7F, 0xF0, 0x00, 0x00, 0x03, 0xFF, 0x80, 0x00, 0x00, 0x1F, 0xFC,
  0x00, 0x00, 0x00, 0xFF, 0xE0, 0x00, 0x00, 0x07, 0xFF, 0x00, 0x00, 0x00,
  0x3F, 0xF8, 0x00, 0x00, 0x01, 0xFF, 0xFF, 0xFF, 0xFF, 0xFF, 0xFF, 0xFF,
  0xFF, 0xFF, 0xFF, 0xFF, 0xFF, 0xFF, 0xFF, 0xFF, 0xFF, 0xFF, 0xFF, 0xFF,
  0xFF, 0xFF, 0xFF, 0xFF, 0xFF, 0xFF, 0xFF, 0xFF, 0xFF, 0xFF, 0xFF, 0xFF,
  0xFF, 0xFF, 0xFF, 0xFF, 0xFF, 0xFF, 0xFF, 0xFF, 0xFF, 0xFF, 0xFF, 0xFF,
  0xFF, 0xFF, 0xFF, 0xFF, 0xFF, 0xFF, 0xFF, 0xFC, 0xFF, 0xFF, 0xFF, 0xFF,
  0xFF, 0xFF, 0xFF, 0xFF, 0xFF, 0xFF, 0xFF, 0xFF, 0xFF, 0xFF, 0xFF, 0xFF,
  0xFF, 0xFF, 0xFF, 0xFF, 0xFF, 0xFF, 0xFF, 0xFF, 0xFF, 0xFF, 0xFF, 0xFF,
  0xFF, 0xFF, 0xFF, 0xFF, 0xFF, 0xFF, 0xFF, 0xFF, 0xFF, 0xFF, 0xFF, 0xFF,
  0xFF, 0xFF, 0xFF, 0xFF, 0xFF, 0xFF, 0xFF, 0xFF, 0xFF, 0xFF, 0xFE, 0x00,
  0x00, 0x00, 0xFF, 0xE0, 0x00, 0x00, 0x0F, 0xFE, 0x00, 0x00, 0x00, 0xFF,
  0xE0, 0x00, 0x00, 0x0F, 0xFE, 0x00, 0x00, 0x00, 0xFF, 0xE0, 0x00, 0x00,
  0x0F, 0xFE, 0x00, 0x00, 0x00, 0xFF, 0xE0, 0x00, 0x00, 0x0F, 0xFE, 0x00,
  0x00, 0x00, 0xFF, 0xE0, 0x00, 0x00, 0x0F, 0xFE, 0x00, 0x00, 0x00, 0xFF,
  0xE0, 0x00, 0x00, 0x0F, 0xFE, 0x00, 0x00, 0x00, 0xFF, 0xE0, 0x00, 0x00,
  0x0F, 0xFE, 0x00, 0x00, 0x00, 0xFF, 0xE0, 0x00, 0x00, 0x0F, 0xFF, 0xFF,
  0xFF, 0xFE, 0xFF, 0xFF, 0xFF, 0xFF, 0xEF, 0xFF, 0xFF, 0xFF, 0xFE, 0xFF,
  0xFF, 0xFF, 0xFF, 0xEF, 0xFF, 0xFF, 0xFF, 0xFE, 0xFF, 0xFF, 0xFF, 0xFF,
  0xEF, 0xFF, 0xFF, 0xFF, 0xFE, 0xFF, 0xFF, 0xFF, 0xFF, 0xEF, 0xFF, 0xFF,
  0xFF, 0xFE, 0xFF, 0xFF, 0xFF, 0xFF, 0xEF, 0xFE, 0x00, 0x00, 0x00, 0xFF,
  0xE0, 0x00, 0x00, 0x0F, 0xFE, 0x00, 0x00, 0x00, 0xFF, 0xE0, 0x00, 0x00,
  0x0F, 0xFE, 0x00, 0x00, 0x00, 0xFF, 0xE0, 0x00, 0x00, 0x0F, 0xFE, 0x00,
  0x00, 0x00, 0xFF, 0xE0, 0x00, 0x00, 0x0F, 0xFE, 0x00, 0x00, 0x00, 0xFF,
  0xE0, 0x00, 0x00, 0x0F, 0xFE, 0x00, 0x00, 0x00, 0xFF, 0xE0, 0x00, 0x00,
  0x0F, 0xFE, 0x00, 0x00, 0x00, 0xFF, 0xE0, 0x00, 0x00, 0x0F, 0xFE, 0x00,
  0x00, 0x00, 0xFF, 0xE0, 0x00, 0x00, 0x0F, 0xFE, 0x00, 0x00, 0x00, 0xFF,
  0xE0, 0x00, 0x00, 0x0F, 0xFE, 0x00, 0x00, 0x00, 0xFF, 0xE0, 0x00, 0x00,
  0x0F, 0xFE, 0x00, 0x00, 0x00, 0xFF, 0xE0, 0x00, 0x00, 0x0F, 0xFE, 0x00,
  0x00, 0x00, 0xFF, 0xE0, 0x00, 0x00, 0x0F, 0xFE, 0x00, 0x00, 0x00, 0x00,
  0x00, 0x00, 0x7F, 0xFF, 0x00, 0x00, 0x00, 0x00, 0x00, 0x07, 0xFF, 0xFF,
  0xC0, 0x00, 0x00, 0x00, 0x00, 0x7F, 0xFF, 0xFF, 0xF0, 0x00, 0x00, 0x00,
  0x03, 0xFF, 0xFF, 0xFF, 0xF8, 0x00, 0x00, 0x00, 0x1F, 0xFF, 0xFF, 0xFF,
  0xFC, 0x00, 0x00, 0x00, 0x7F, 0xFF, 0xFF, 0xFF, 0xFC, 0x00, 0x00, 0x03,
  0xFF, 0xFF, 0xFF, 0xFF, 0xFC, 0x00, 0x00, 0x0F, 0xFF, 0xFF, 0xFF, 0xFF,
  0xFE, 0x00, 0x00, 0x3F, 0xFF, 0xFF, 0xFF, 0xFF, 0xFE, 0x00, 0x00, 0xFF,
  0xFF, 0xFF, 0xFF, 0xFF, 0xFC, 0x00, 0x03, 0xFF, 0xFF, 0xFF, 0xFF, 0xFF,
  0xF0, 0x00, 0x0F, 0xFF, 0xFF, 0x00, 0x0F, 0xFF, 0xC0, 0x00, 0x3F, 0xFF,
  0xF0, 0x00, 0x07, 0xFF, 0x00, 0x00, 0x7F, 0xFF, 0x80, 0x00, 0x03, 0xFC,
  0x00, 0x01, 0xFF, 0xFC, 0x00, 0x00, 0x01, 0xF0, 0x00, 0x07, 0xFF, 0xF0,
  0x00, 0x00, 0x01, 0xC0, 0x00, 0x0F, 0xFF, 0xC0, 0x00, 0x00, 0x01, 0x80,
  0x00, 0x3F, 0xFF, 0x00, 0x00, 0x00, 0x00, 0x00, 0x00, 0x7F, 0xFC, 0x00,
  0x00, 0x00, 0x00, 0x00, 0x01, 0xFF, 0xF0, 0x00, 0x00, 0x00, 0x00, 0x00,
  0x03, 0xFF, 0xE0, 0x00, 0x00, 0x00, 0x00, 0x00, 0x07, 0xFF, 0x80, 0x00,
  0x00, 0x00, 0x00, 0x00, 0x0F, 0xFF, 0x00, 0x00, 0x00, 0x00, 0x00, 0x00,
  0x3F, 0xFC, 0x00, 0x00, 0x00, 0x00, 0x00, 0x00, 0x7F, 0xF8, 0x00, 0x00,
  0x00, 0x00, 0x00, 0x00, 0xFF, 0xF0, 0x00, 0x00, 0x00, 0x00, 0x00, 0x01,
  0xFF, 0xC0, 0x00, 0x00, 0x00, 0x00, 0x00, 0x03, 0xFF, 0x80, 0x00, 0x00,
  0x00, 0x00, 0x00, 0x0F, 0xFF, 0x00, 0x00, 0x0F, 0xFF, 0xFF, 0xFF, 0xFF,
  0xFE, 0x00, 0x00, 0x1F, 0xFF, 0xFF, 0xFF, 0xFF, 0xFC, 0x00, 0x00, 0x3F,
  0xFF, 0xFF, 0xFF, 0xFF, 0xF8, 0x00, 0x00, 0x7F, 0xFF, 0xFF, 0xFF, 0xFF,
  0xF0, 0x00, 0x00, 0xFF, 0xFF, 0xFF, 0xFF, 0xFF, 0xE0, 0x00, 0x01, 0xFF,
  0xFF, 0xFF, 0xFF, 0xFF, 0xC0, 0x00, 0x03, 0xFF, 0xFF, 0xFF, 0xFF, 0xFF,
  0x80, 0x00, 0x07, 0xFF, 0xFF, 0xFF, 0xF7, 0xFF, 0x00, 0x00, 0x0F, 0xFF,
  0xFF, 0xFF, 0xEF, 0xFE, 0x00, 0x00, 0x1F, 0xFF, 0xFF, 0xFF, 0xDF, 0xFE,
  0x00, 0x00, 0x00, 0x00, 0x03, 0xFF, 0xBF, 0xFC, 0x00, 0x00, 0x00, 0x00,
  0x07, 0xFE, 0x7F, 0xF8, 0x00, 0x00, 0x00, 0x00, 0x1F, 0xFC, 0x7F, 0xF8,
  0x00, 0x00, 0x00, 0x00, 0x3F, 0xF8, 0xFF, 0xF0, 0x00, 0x00, 0x00, 0x00,
  0x7F, 0xF1, 0xFF, 0xF0, 0x00, 0x00, 0x00, 0x01, 0xFF, 0xE3, 0xFF, 0xE0,
  0x00, 0x00, 0x00, 0x03, 0xFF, 0x83, 0xFF, 0xE0, 0x00, 0x00, 0x00, 0x0F,
  0xFF, 0x07, 0xFF, 0xE0, 0x00, 0x00, 0x00, 0x1F, 0xFE, 0x07, 0xFF, 0xE0,
  0x00, 0x00, 0x00, 0x7F, 0xF8, 0x0F, 0xFF, 0xE0, 0x00, 0x00, 0x01, 0xFF,
  0xF0, 0x0F, 0xFF, 0xE0, 0x00, 0x00, 0x07, 0xFF, 0xC0, 0x0F, 0xFF, 0xE0,
  0x00, 0x00, 0x1F, 0xFF, 0x80, 0x1F, 0xFF, 0xF0, 0x00, 0x00, 0xFF, 0xFE,
  0x00, 0x1F, 0xFF, 0xF8, 0x00, 0x07, 0xFF, 0xF8, 0x00, 0x1F, 0xFF, 0xFF,
  0x00, 0xFF, 0xFF, 0xF0, 0x00, 0x1F, 0xFF, 0xFF, 0xFF, 0xFF, 0xFF, 0xC0,
  0x00, 0x1F, 0xFF, 0xFF, 0xFF, 0xFF, 0xFF, 0x00, 0x00, 0x1F, 0xFF, 0xFF,
  0xFF, 0xFF, 0xFC, 0x00, 0x00, 0x1F, 0xFF, 0xFF, 0xFF, 0xFF, 0xF0, 0x00,
  0x00, 0x1F, 0xFF, 0xFF, 0xFF, 0xFF, 0xC0, 0x00, 0x00, 0x0F, 0xFF, 0xFF,
  0xFF, 0xFE, 0x00, 0x00, 0x00, 0x0F, 0xFF, 0xFF, 0xFF, 0xF8, 0x00, 0x00,
  0x00, 0x07, 0xFF, 0xFF, 0xFF, 0xC0, 0x00, 0x00, 0x00, 0x01, 0xFF, 0xFF,
  0xFC, 0x00, 0x00, 0x00, 0x00, 0x00, 0x7F, 0xFF, 0xC0, 0x00, 0x00, 0xFF,
  0xE0, 0x00, 0x00, 0x03, 0xFF, 0xFF, 0xF8, 0x00, 0x00, 0x00, 0xFF, 0xFF,
  0xFE, 0x00, 0x00, 0x00, 0x3F, 0xFF, 0xFF, 0x80, 0x00, 0x00, 0x0F, 0xFF,
  0xFF, 0xE0, 0x00, 0x00, 0x03, 0xFF, 0xFF, 0xF8, 0x00, 0x00, 0x00, 0xFF,
  0xFF, 0xFE, 0x00, 0x00, 0x00, 0x3F, 0xFF, 0xFF, 0x80, 0x00, 0x00, 0x0F,
  0xFF, 0xFF, 0xE0, 0x00, 0x00, 0x03, 0xFF, 0xFF, 0xF8, 0x00, 0x00, 0x00,
  0xFF, 0xFF, 0xFE, 0x00, 0x00, 0x00, 0x3F, 0xFF, 0xFF, 0x80, 0x00, 0x00,
  0x0F, 0xFF, 0xFF, 0xE0, 0x00, 0x00, 0x03, 0xFF, 0xFF, 0xF8, 0x00, 0x00,
  0x00, 0xFF, 0xFF, 0xFE, 0x00, 0x00, 0x00, 0x3F, 0xFF, 0xFF, 0x80, 0x00,
  0x00, 0x0F, 0xFF, 0xFF, 0xE0, 0x00, 0x00, 0x03, 0xFF, 0xFF, 0xF8, 0x00,
  0x00, 0x00, 0xFF, 0xFF, 0xFE, 0x00, 0x00, 0x00, 0x3F, 0xFF, 0xFF, 0x80,
  0x00, 0x00, 0x0F, 0xFF, 0xFF, 0xE0, 0x00, 0x00, 0x03, 0xFF, 0xFF, 0xF8,
  0x00, 0x00, 0x00, 0xFF, 0xFF, 0xFE, 0x00, 0x00, 0x00, 0x3F, 0xFF, 0xFF,
  0x80, 0x00, 0x00, 0x0F, 0xFF, 0xFF, 0xE0, 0x00, 0x00, 0x03, 0xFF, 0xFF,
  0xFF, 0xFF, 0xFF, 0xFF, 0xFF, 0xFF, 0xFF, 0xFF, 0xFF, 0xFF, 0xFF, 0xFF,
  0xFF, 0xFF, 0xFF, 0xFF, 0xFF, 0xFF, 0xFF, 0xFF, 0xFF, 0xFF, 0xFF, 0xFF,
  0xFF, 0xFF, 0xFF, 0xFF, 0xFF, 0xFF, 0xFF, 0xFF, 0xFF, 0xFF, 0xFF, 0xFF,
  0xFF, 0xFF, 0xFF, 0xFF, 0xFF, 0xFF, 0xFF, 0xFF, 0xFF, 0xFF, 0xFF, 0xFF,
  0xFF, 0xFF, 0xFF, 0xFF, 0xFF, 0xFF, 0xFF, 0xFF, 0xFF, 0xFF, 0xFF, 0xFF,
  0xFF, 0xFF, 0xFF, 0xFF, 0xFF, 0xFF, 0xFF, 0xFF, 0xFF, 0xE0, 0x00, 0x00,
  0x03, 0xFF, 0xFF, 0xF8, 0x00, 0x00, 0x00, 0xFF, 0xFF, 0xFE, 0x00, 0x00,
  0x00, 0x3F, 0xFF, 0xFF, 0x80, 0x00, 0x00, 0x0F, 0xFF, 0xFF, 0xE0, 0x00,
  0x00, 0x03, 0xFF, 0xFF, 0xF8, 0x00, 0x00, 0x00, 0xFF, 0xFF, 0xFE, 0x00,
  0x00, 0x00, 0x3F, 0xFF, 0xFF, 0x80, 0x00, 0x00, 0x0F, 0xFF, 0xFF, 0xE0,
  0x00, 0x00, 0x03, 0xFF, 0xFF, 0xF8, 0x00, 0x00, 0x00, 0xFF, 0xFF, 0xFE,
  0x00, 0x00, 0x00, 0x3F, 0xFF, 0xFF, 0x80, 0x00, 0x00, 0x0F, 0xFF, 0xFF,
  0xE0, 0x00, 0x00, 0x03, 0xFF, 0xFF, 0xF8, 0x00, 0x00, 0x00, 0xFF, 0xFF,
  0xFE, 0x00, 0x00, 0x00, 0x3F, 0xFF, 0xFF, 0x80, 0x00, 0x00, 0x0F, 0xFF,
  0xFF, 0xE0, 0x00, 0x00, 0x03, 0xFF, 0xFF, 0xF8, 0x00, 0x00, 0x00, 0xFF,
  0xFF, 0xFE, 0x00, 0x00, 0x00, 0x3F, 0xFF, 0xFF, 0x80, 0x00, 0x00, 0x0F,
  0xFF, 0xFF, 0xE0, 0x00, 0x00, 0x03, 0xFF, 0xFF, 0xF8, 0x00, 0x00, 0x00,
  0xFF, 0xFF, 0xFE, 0x00, 0x00, 0x00, 0x3F, 0xFF, 0xFF, 0x80, 0x00, 0x00,
  0x0F, 0xFF, 0xFF, 0xE0, 0x00, 0x00, 0x03, 0xFF, 0xFF, 0xF8, 0x00, 0x00,
  0x00, 0xFF, 0xF0, 0xFF, 0xFF, 0xFF, 0xFF, 0xFF, 0xFF, 0xFF, 0xFF, 0xFF,
  0xFF, 0xFF, 0xFF, 0xFF, 0xFF, 0xFF, 0xFF, 0xFF, 0xFF, 0xFF, 0xFF, 0xFF,
  0xFF, 0xFF, 0xFF, 0xFF, 0xFF, 0xFF, 0xFF, 0xFF, 0xFF, 0xFF, 0xFF, 0xFF,
  0xFF, 0xFF, 0xFF, 0xFF, 0xFF, 0xFF, 0xFF, 0xFF, 0xFF, 0xFF, 0xFF, 0xFF,
  0xFF, 0xFF, 0xFF, 0xFF, 0xFF, 0xFF, 0xFF, 0xFF, 0xFF, 0xFF, 0xFF, 0xFF,
  0xFF, 0xFF, 0xFF, 0xFF, 0xFF, 0xFF, 0xFF, 0xFF, 0xFF, 0xFF, 0xFF, 0xFF,
  0xFF, 0xFF, 0xFF, 0xFF, 0xFF, 0xFF, 0xFF, 0xFF, 0xFF, 0xFF, 0xFF, 0xFF,
  0xFF, 0xFF, 0xFF, 0xFF, 0xC0, 0x00, 0x00, 0x00, 0x03, 0xFF, 0x80, 0x00,
  0x00, 0x01, 0xFF, 0xC0, 0x00, 0x00, 0x00, 0xFF, 0xE0, 0x00, 0x00, 0x00,
  0x7F, 0xF0, 0x00, 0x00, 0x00, 0x3F, 0xF8, 0x00, 0x00, 0x00, 0x1F, 0xFC,
  0x00, 0x00, 0x00, 0x0F, 0xFE, 0x00, 0x00, 0x00, 0x07, 0xFF, 0x00, 0x00,
  0x00, 0x03, 0xFF, 0x80, 0x00, 0x00, 0x01, 0xFF, 0xC0, 0x00, 0x00, 0x00,
  0xFF, 0xE0, 0x00, 0x00, 0x00, 0x7F, 0xF0, 0x00, 0x00, 0x00, 0x3F, 0xF8,
  0x00, 0x00, 0x00, 0x1F, 0xFC, 0x00, 0x00, 0x00, 0x0F, 0xFE, 0x00, 0x00,
  0x00, 0x07, 0xFF, 0x00, 0x00, 0x00, 0x03, 0xFF, 0x80, 0x00, 0x00, 0x01,
  0xFF, 0xC0, 0x00, 0x00, 0x00, 0xFF, 0xE0, 0x00, 0x00, 0x00, 0x7F, 0xF0,
  0x00, 0x00, 0x00, 0x3F, 0xF8, 0x00, 0x00, 0x00, 0x1F, 0xFC, 0x00, 0x00,
  0x00, 0x0F, 0xFE, 0x00, 0x00, 0x00, 0x07, 0xFF, 0x00, 0x00, 0x00, 0x03,
  0xFF, 0x80, 0x00, 0x00, 0x01, 0xFF, 0xC0, 0x00, 0x00, 0x00, 0xFF, 0xE0,
  0x00, 0x00, 0x00, 0x7F, 0xF0, 0x00, 0x00, 0x00, 0x3F, 0xF8, 0x00, 0x00,
  0x00, 0x1F, 0xFC, 0x00, 0x00, 0x00, 0x0F, 0xFE, 0x00, 0x00, 0x00, 0x07,
  0xFF, 0x00, 0x00, 0x00, 0x03, 0xFF, 0x80, 0x00, 0x00, 0x01, 0xFF, 0xC0,
  0x00, 0x00, 0x00, 0xFF, 0xE0, 0x00, 0x00, 0x00, 0x7F, 0xF0, 0x00, 0x00,
  0x00, 0x3F, 0xF8, 0x00, 0x00, 0x00, 0x1F, 0xFC, 0x00, 0x00, 0x00, 0x0F,
  0xFE, 0x00, 0x00, 0x00, 0x07, 0xFF, 0x00, 0x00, 0x00, 0x03, 0xFF, 0x80,
  0x00, 0x00, 0x01, 0xFF, 0xC0, 0x00, 0x00, 0x00, 0xFF, 0xE0, 0x00, 0x00,
  0x00, 0x7F, 0xF0, 0x04, 0x00, 0x00, 0x3F, 0xF8, 0x1F, 0x00, 0x00, 0x3F,
  0xFC, 0x3F, 0x80, 0x00, 0x1F, 0xFE, 0xFF, 0xE0, 0x00, 0x0F, 0xFF, 0xFF,
  0xF0, 0x00, 0x0F, 0xFF, 0xBF, 0xFC, 0x00, 0x07, 0xFF, 0x9F, 0xFF, 0x00,
  0x07, 0xFF, 0xC7, 0xFF, 0xC0, 0x0F, 0xFF, 0xE3, 0xFF, 0xFC, 0x1F, 0xFF,
  0xE0, 0xFF, 0xFF, 0xFF, 0xFF, 0xF0, 0x7F, 0xFF, 0xFF, 0xFF, 0xF0, 0x1F,
  0xFF, 0xFF, 0xFF, 0xF8, 0x07, 0xFF, 0xFF, 0xFF, 0xF8, 0x01, 0xFF, 0xFF,
  0xFF, 0xF8, 0x00, 0x7F, 0xFF, 0xFF, 0xF8, 0x00, 0x1F, 0xFF, 0xFF, 0xF8,
  0x00, 0x03, 0xFF, 0xFF, 0xF0, 0x00, 0x00, 0x7F, 0xFF, 0xE0, 0x00, 0x00,
  0x0F, 0xFF, 0xC0, 0x00, 0xFF, 0xE0, 0x00, 0x00, 0x1F, 0xFF, 0x9F, 0xFC,
  0x00, 0x00, 0x07, 0xFF, 0xE3, 0xFF, 0x80, 0x00, 0x01, 0xFF, 0xF8, 0x7F,
  0xF0, 0x00, 0x00, 0x7F, 0xFF, 0x0F, 0xFE, 0x00, 0x00, 0x1F, 0xFF, 0xC1,
  0xFF, 0xC0, 0x00, 0x03, 0xFF, 0xF0, 0x3F, 0xF8, 0x00, 0x00, 0xFF, 0xFC,
  0x07, 0xFF, 0x00, 0x00, 0x3F, 0xFF, 0x00, 0xFF, 0xE0, 0x00, 0x0F, 0xFF,
  0xC0, 0x1F, 0xFC, 0x00, 0x03, 0xFF, 0xF0, 0x03, 0xFF, 0x80, 0x00, 0xFF,
  0xFC, 0x00, 0x7F, 0xF0, 0x00, 0x1F, 0xFF, 0x80, 0x0F, 0xFE, 0x00, 0x07,
  0xFF, 0xE0, 0x01, 0xFF, 0xC0, 0x01, 0xFF, 0xF8, 0x00, 0x3F, 0xF8, 0x00,
  0x7F, 0xFE, 0x00, 0x07, 0xFF, 0x00, 0x1F, 0xFF, 0x80, 0x00, 0xFF, 0xE0,
  0x07, 0xFF, 0xE0, 0x00, 0x1F, 0xFC, 0x01, 0xFF, 0xF8, 0x00, 0x03, 0xFF,
  0x80, 0x3F, 0xFE, 0x00, 0x00, 0x7F, 0xF0, 0x0F, 0xFF, 0xC0, 0x00, 0x0F,
  0xFE, 0x03, 0xFF, 0xF0, 0x00, 0x01, 0xFF, 0xC0, 0xFF, 0xFC, 0x00, 0x00,
  0x3F, 0xF8, 0x3F, 0xFF, 0x00, 0x00, 0x07, 0xFF, 0x0F, 0xFF, 0xC0, 0x00,
  0x00, 0xFF, 0xE1, 0xFF, 0xF0, 0x00, 0x00, 0x1F, 0xFC, 0x7F, 0xFC, 0x00,
  0x00, 0x03, 0xFF, 0x9F, 0xFF, 0x00, 0x00, 0x00, 0x7F, 0xF7, 0xFF, 0xF0,
  0x00, 0x00, 0x0F, 0xFF, 0xFF, 0xFF, 0x00, 0x00, 0x01, 0xFF, 0xFF, 0xFF,
  0xE0, 0x00, 0x00, 0x3F, 0xFF, 0xFF, 0xFE, 0x00, 0x00, 0x07, 0xFF, 0xFF,
  0xFF, 0xE0, 0x00, 0x00, 0xFF, 0xFF, 0xFF, 0xFC, 0x00, 0x00, 0x1F, 0xFF,
  0xFF, 0xFF, 0xC0, 0x00, 0x03, 0xFF, 0xFF, 0xFF, 0xFC, 0x00, 0x00, 0x7F,
  0xFF, 0xFF, 0xFF, 0x80, 0x00, 0x0F, 0xFF, 0xFD, 0xFF, 0xF8, 0x00, 0x01,
  0xFF, 0xFF, 0x1F, 0xFF, 0x80, 0x00, 0x3F, 0xFF, 0xC1, 0xFF, 0xF0, 0x00,
  0x07, 0xFF, 0xF0, 0x3F, 0xFF, 0x00, 0x00, 0xFF, 0xFC, 0x03, 0xFF, 0xF0,
  0x00, 0x1F, 0xFF, 0x00, 0x3F, 0xFE, 0x00, 0x03, 0xFF, 0xC0, 0x03, 0xFF,
  0xE0, 0x00, 0x7F, 0xF8, 0x00, 0x7F, 0xFE, 0x00, 0x0F, 0xFE, 0x00, 0x07,
  0xFF, 0xE0, 0x01, 0xFF, 0xC0, 0x00, 0x7F, 0xFC, 0x00, 0x3F, 0xF8, 0x00,
  0x0F, 0xFF, 0xC0, 0x07, 0xFF, 0x00, 0x00, 0xFF, 0xFC, 0x00, 0xFF, 0xE0,
  0x00, 0x0F, 0xFF, 0x80, 0x1F, 0xFC, 0x00, 0x01, 0xFF, 0xF8, 0x03, 0xFF,
  0x80, 0x00, 0x1F, 0xFF, 0x80, 0x7F, 0xF0, 0x00, 0x01, 0xFF, 0xF0, 0x0F,
  0xFE, 0x00, 0x00, 0x3F, 0xFF, 0x01, 0xFF, 0xC0, 0x00, 0x03, 0xFF, 0xF0,
  0x3F, 0xF8, 0x00, 0x00, 0x3F, 0xFE, 0x07, 0xFF, 0x00, 0x00, 0x07, 0xFF,
  0xE0, 0xFF, 0xE0, 0x00, 0x00, 0x7F, 0xFE, 0x1F, 0xFC, 0x00, 0x00, 0x07,
  0xFF, 0xE3, 0xFF, 0x80, 0x00, 0x00, 0xFF, 0xFC, 0x7F, 0xF0, 0x00, 0x00,
  0x0F, 0xFF, 0xCF, 0xFE, 0x00, 0x00, 0x00, 0xFF, 0xFD, 0xFF, 0xC0, 0x00,
  0x00, 0x1F, 0xFF, 0xC0, 0xFF, 0xE0, 0x00, 0x00, 0x07, 0xFF, 0x00, 0x00,
  0x00, 0x3F, 0xF8, 0x00, 0x00, 0x01, 0xFF, 0xC0, 0x00, 0x00, 0x0F, 0xFE,
  0x00, 0x00, 0x00, 0x7F, 0xF0, 0x00, 0x00, 0x03, 0xFF, 0x80, 0x00, 0x00,
  0x1F, 0xFC, 0x00, 0x00, 0x00, 0xFF, 0xE0, 0x00, 0x00, 0x07, 0xFF, 0x00,
  0x00, 0x00, 0x3F, 0xF8, 0x00, 0x00, 0x01, 0xFF, 0xC0, 0x00, 0x00, 0x0F,
  0xFE, 0x00, 0x00, 0x00, 0x7F, 0xF0, 0x00, 0x00, 0x03, 0xFF, 0x80, 0x00,
  0x00, 0x1F, 0xFC, 0x00, 0x00, 0x00, 0xFF, 0xE0, 0x00, 0x00, 0x07, 0xFF,
  0x00, 0x00, 0x00, 0x3F, 0xF8, 0x00, 0x00, 0x01, 0xFF, 0xC0, 0x00, 0x00,
  0x0F, 0xFE, 0x00, 0x00, 0x00, 0x7F, 0xF0, 0x00, 0x00, 0x03, 0xFF, 0x80,
  0x00, 0x00, 0x1F, 0xFC, 0x00, 0x00, 0x00, 0xFF, 0xE0, 0x00, 0x00, 0x07,
  0xFF, 0x00, 0x00, 0x00, 0x3F, 0xF8, 0x00, 0x00, 0x01, 0xFF, 0xC0, 0x00,
  0x00, 0x0F, 0xFE, 0x00, 0x00, 0x00, 0x7F, 0xF0, 0x00, 0x00, 0x03, 0xFF,
  0x80, 0x00, 0x00, 0x1F, 0xFC, 0x00, 0x00, 0x00, 0xFF, 0xE0, 0x00, 0x00,
  0x07, 0xFF, 0x00, 0x00, 0x00, 0x3F, 0xF8, 0x00, 0x00, 0x01, 0xFF, 0xC0,
  0x00, 0x00, 0x0F, 0xFE, 0x00, 0x00, 0x00, 0x7F, 0xF0, 0x00, 0x00, 0x03,
  0xFF, 0x80, 0x00, 0x00, 0x1F, 0xFC, 0x00, 0x00, 0x00, 0xFF, 0xE0, 0x00,
  0x00, 0x07, 0xFF, 0x00, 0x00, 0x00, 0x3F, 0xF8, 0x00, 0x00, 0x01, 0xFF,
  0xC0, 0x00, 0x00, 0x0F, 0xFE, 0x00, 0x00, 0x00, 0x7F, 0xF0, 0x00, 0x00,
  0x03, 0xFF, 0x80, 0x00, 0x00, 0x1F, 0xFC, 0x00, 0x00, 0x00, 0xFF, 0xE0,
  0x00, 0x00, 0x07, 0xFF, 0x00, 0x00, 0x00, 0x3F, 0xF8, 0x00, 0x00, 0x01,
  0xFF, 0xFF, 0xFF, 0xFF, 0xFF, 0xFF, 0xFF, 0xFF, 0xFF, 0xFF, 0xFF, 0xFF,
  0xFF, 0xFF, 0xFF, 0xFF, 0xFF, 0xFF, 0xFF, 0xFF, 0xFF, 0xFF, 0xFF, 0xFF,
  0xFF, 0xFF, 0xFF, 0xFF, 0xFF, 0xFF, 0xFF, 0xFF, 0xFF, 0xFF, 0xFF, 0xFF,
  0xFF, 0xFF, 0xFF, 0xFF, 0xFF, 0xFF, 0xFF, 0xFF, 0xFF, 0xFF, 0xFF, 0xFF,
  0xFF, 0xFF, 0xFC, 0xFF, 0xFC, 0x00, 0x00, 0x00, 0x00, 0x1F, 0xFF, 0xFF,
  0xFF, 0x80, 0x00, 0x00, 0x00, 0x07, 0xFF, 0xFF, 0xFF, 0xE0, 0x00, 0x00,
  0x00, 0x03, 0xFF, 0xFF, 0xFF, 0xF8, 0x00, 0x00, 0x00, 0x00, 0xFF, 0xFF,
  0xFF, 0xFF, 0x00, 0x00, 0x00, 0x00, 0x3F, 0xFF, 0xFF, 0xFF, 0xC0, 0x00,
  0x00, 0x00, 0x1F, 0xFF, 0xFF, 0xFF, 0xF8, 0x00, 0x00, 0x00, 0x07, 0xFF,
  0xFF, 0xFF, 0xFE, 0x00, 0x00, 0x00, 0x03, 0xFF, 0xFF, 0xFF, 0xFF, 0x80,
  0x00, 0x00, 0x00, 0xFF, 0xFF, 0xFF, 0xFF, 0xF0, 0x00, 0x00, 0x00, 0x3F,
  0xFF, 0xFF, 0xFF, 0xFC, 0x00, 0x00, 0x00, 0x1F, 0xFF, 0xFF, 0xFF, 0xFF,
  0x80, 0x00, 0x00, 0x07, 0xFF, 0xFF, 0xFF, 0xFF, 0xE0, 0x00, 0x00, 0x03,
  0xFF, 0xFF, 0xFF, 0xFF, 0xF8, 0x00, 0x00, 0x00, 0xFF, 0xFF, 0xFF, 0xFF,
  0xFF, 0x00, 0x00, 0x00, 0x3F, 0xFF, 0xFF, 0xFF, 0xFF, 0xC0, 0x00, 0x00,
  0x1F, 0xFF, 0xFF, 0xFF, 0xFF, 0xF8, 0x00, 0x00, 0x07, 0xFF, 0xFF, 0xFF,
  0xFF, 0xFE, 0x00, 0x00, 0x03, 0xFF, 0xFF, 0xFF, 0xFD, 0xFF, 0x80, 0x00,
  0x00, 0xFF, 0xFF, 0xFF, 0xFF, 0x7F, 0xF0, 0x00, 0x00, 0x3F, 0xF7, 0xFF,
  0xFF, 0xEF, 0xFC, 0x00, 0x00, 0x1F, 0xFD, 0xFF, 0xFF, 0xFB, 0xFF, 0x80,
  0x00, 0x07, 0xFE, 0x7F, 0xFF, 0xFE, 0xFF, 0xE0, 0x00, 0x03, 0xFF, 0x9F,
  0xFF, 0xFF, 0x9F, 0xF8, 0x00, 0x00, 0xFF, 0xE7, 0xFF, 0xFF, 0xE7, 0xFF,
  0x00, 0x00, 0x3F, 0xF1, 0xFF, 0xFF, 0xF8, 0xFF, 0xC0, 0x00, 0x1F, 0xFC,
  0x7F, 0xFF, 0xFE, 0x3F, 0xF8, 0x00, 0x07, 0xFE, 0x1F, 0xFF, 0xFF, 0x8F,
  0xFE, 0x00, 0x03, 0xFF, 0x87, 0xFF, 0xFF, 0xE1, 0xFF, 0x80, 0x00, 0xFF,
  0xE1, 0xFF, 0xFF, 0xF8, 0x7F, 0xF0, 0x00, 0x3F, 0xF0, 0x7F, 0xFF, 0xFE,
  0x0F, 0xFC, 0x00, 0x1F, 0xFC, 0x1F, 0xFF, 0xFF, 0x83, 0xFF, 0x80, 0x07,
  0xFE, 0x07, 0xFF, 0xFF, 0xE0, 0xFF, 0xE0, 0x03, 0xFF, 0x81, 0xFF, 0xFF,
  0xF8, 0x1F, 0xF8, 0x00, 0xFF, 0xE0, 0x7F, 0xFF, 0xFE, 0x07, 0xFF, 0x00,
  0x3F, 0xF0, 0x1F, 0xFF, 0xFF, 0x80, 0xFF, 0xC0, 0x1F, 0xFC, 0x07, 0xFF,
  0xFF, 0xE0, 0x3F, 0xF8, 0x07, 0xFE, 0x01, 0xFF, 0xFF, 0xF8, 0x0F, 0xFE,
  0x01, 0xFF, 0x80, 0x7F, 0xFF, 0xFE, 0x01, 0xFF, 0x80, 0xFF, 0xE0, 0x1F,
  0xFF, 0xFF, 0x80, 0x7F, 0xF0, 0x3F, 0xF0, 0x07, 0xFF, 0xFF, 0xE0, 0x0F,
  0xFC, 0x1F, 0xFC, 0x01, 0xFF, 0xFF, 0xF8, 0x03, 0xFF, 0x87, 0xFE, 0x00,
  0x7F, 0xFF, 0xFE, 0x00, 0xFF, 0xE1, 0xFF, 0x80, 0x1F, 0xFF, 0xFF, 0x80,
  0x1F, 0xF8, 0xFF, 0xE0, 0x07, 0xFF, 0xFF, 0xE0, 0x07, 0xFF, 0x3F, 0xF0,
  0x01, 0xFF, 0xFF, 0xF8, 0x00, 0xFF, 0xDF, 0xFC, 0x00, 0x7F, 0xFF, 0xFE,
  0x00, 0x3F, 0xFF, 0xFE, 0x00, 0x1F, 0xFF, 0xFF, 0x80, 0x0F, 0xFF, 0xFF,
  0x80, 0x07, 0xFF, 0xFF, 0xE0, 0x01, 0xFF, 0xFF, 0xE0, 0x01, 0xFF, 0xFF,
  0xF8, 0x00, 0x7F, 0xFF, 0xF0, 0x00, 0x7F, 0xFF, 0xFE, 0x00, 0x0F, 0xFF,
  0xFC, 0x00, 0x1F, 0xFF, 0xFF, 0x80, 0x03, 0xFF, 0xFE, 0x00, 0x07, 0xFF,
  0xFF, 0xE0, 0x00, 0xFF, 0xFF, 0x80, 0x01, 0xFF, 0xFF, 0xF8, 0x00, 0x1F,
  0xFF, 0xE0, 0x00, 0x7F, 0xFF, 0xFE, 0x00, 0x07, 0xFF, 0xF0, 0x00, 0x1F,
  0xFF, 0xFF, 0x80, 0x00, 0xFF, 0xFC, 0x00, 0x07, 0xFF, 0xFF, 0xE0, 0x00,
  0x3F, 0xFE, 0x00, 0x01, 0xFF, 0xFF, 0xF8, 0x00, 0x0F, 0xFF, 0x80, 0x00,
  0x7F, 0xFF, 0xFE, 0x00, 0x01, 0xFF, 0xE0, 0x00, 0x1F, 0xFF, 0xFF, 0x80,
  0x00, 0x7F, 0xF0, 0x00, 0x07, 0xFF, 0xFF, 0xE0, 0x00, 0x0F, 0xFC, 0x00,
  0x01, 0xFF, 0xFF, 0xF8, 0x00, 0x03, 0xFE, 0x00, 0x00, 0x7F, 0xF0, 0xFF,
  0xF0, 0x00, 0x00, 0x03, 0xFF, 0xFF, 0xFE, 0x00, 0x00, 0x00, 0xFF, 0xFF,
  0xFF, 0x80, 0x00, 0x00, 0x3F, 0xFF, 0xFF, 0xF0, 0x00, 0x00, 0x0F, 0xFF,
  0xFF, 0xFE, 0x00, 0x00, 0x03, 0xFF, 0xFF, 0xFF, 0x80, 0x00, 0x00, 0xFF,
  0xFF, 0xFF, 0xF0, 0x00, 0x00, 0x3F, 0xFF, 0xFF, 0xFC, 0x00, 0x00, 0x0F,
  0xFF, 0xFF, 0xFF, 0x80, 0x00, 0x03, 0xFF, 0xFF, 0xFF, 0xF0, 0x00, 0x00,
  0xFF, 0xFF, 0xFF, 0xFC, 0x00, 0x00, 0x3F, 0xFF, 0xFF, 0xFF, 0x80, 0x00,
  0x0F, 0xFF, 0xFF, 0xFF, 0xF0, 0x00, 0x03, 0xFF, 0xFF, 0xFF, 0xFC, 0x00,
  0x00, 0xFF, 0xFF, 0xFF, 0xFF, 0x80, 0x00, 0x3F, 0xFF, 0xFF, 0xFF, 0xE0,
  0x00, 0x0F, 0xFF, 0xFF, 0xFF, 0xFC, 0x00, 0x03, 0xFF, 0xFF, 0xFF, 0xFF,
  0x80, 0x00, 0xFF, 0xFF, 0xFD, 0xFF, 0xE0, 0x00, 0x3F, 0xFF, 0xFF, 0x7F,
  0xFC, 0x00, 0x0F, 0xFF, 0xFF, 0xCF, 0xFF, 0x80, 0x03, 0xFF, 0xFF, 0xF1,
  0xFF, 0xE0, 0x00, 0xFF, 0xFF, 0xFE, 0x7F, 0xFC, 0x00, 0x3F, 0xFF, 0xFF,
  0x8F, 0xFF, 0x80, 0x0F, 0xFF, 0xFF, 0xE1, 0xFF, 0xE0, 0x03, 0xFF, 0xFF,
  0xF8, 0x7F, 0xFC, 0x00, 0xFF, 0xFF, 0xFE, 0x0F, 0xFF, 0x00, 0x3F, 0xFF,
  0xFF, 0x81, 0xFF, 0xE0, 0x0F, 0xFF, 0xFF, 0xE0, 0x7F, 0xFC, 0x03, 0xFF,
  0xFF, 0xF8, 0x0F, 0xFF, 0x00, 0xFF, 0xFF, 0xFE, 0x01, 0xFF, 0xE0, 0x3F,
  0xFF, 0xFF, 0x80, 0x7F, 0xFC, 0x0F, 0xFF, 0xFF, 0xE0, 0x0F, 0xFF, 0x03,
  0xFF, 0xFF, 0xF8, 0x03, 0xFF, 0xE0, 0xFF, 0xFF, 0xFE, 0x00, 0x7F, 0xF8,
  0x3F, 0xFF, 0xFF, 0x80, 0x0F, 0xFF, 0x0F, 0xFF, 0xFF, 0xE0, 0x03, 0xFF,
  0xE3, 0xFF, 0xFF, 0xF8, 0x00, 0x7F, 0xF8, 0x7F, 0xFF, 0xFE, 0x00, 0x0F,
  0xFF, 0x1F, 0xFF, 0xFF, 0x80, 0x03, 0xFF, 0xE7, 0xFF, 0xFF, 0xE0, 0x00,
  0x7F, 0xF9, 0xFF, 0xFF, 0xF8, 0x00, 0x0F, 0xFF, 0x7F, 0xFF, 0xFE, 0x00,
  0x03, 0xFF, 0xFF, 0xFF, 0xFF, 0x80, 0x00, 0x7F, 0xFF, 0xFF, 0xFF, 0xE0,
  0x00, 0x0F, 0xFF, 0xFF, 0xFF, 0xF8, 0x00, 0x03, 0xFF, 0xFF, 0xFF, 0xFE,
  0x00, 0x00, 0x7F, 0xFF, 0xFF, 0xFF, 0x80, 0x00, 0x1F, 0xFF, 0xFF, 0xFF,
  0xE0, 0x00, 0x03, 0xFF, 0xFF, 0xFF, 0xF8, 0x00, 0x00, 0x7F, 0xFF, 0xFF,
  0xFE, 0x00, 0x00, 0x1F, 0xFF, 0xFF, 0xFF, 0x80, 0x00, 0x03, 0xFF, 0xFF,
  0xFF, 0xE0, 0x00, 0x00, 0x7F, 0xFF, 0xFF, 0xF8, 0x00, 0x00, 0x1F, 0xFF,
  0xFF, 0xFE, 0x00, 0x00, 0x03, 0xFF, 0xFF, 0xFF, 0x80, 0x00, 0x00, 0x7F,
  0xFF, 0xFF, 0xE0, 0x00, 0x00, 0x1F, 0xFF, 0xFF, 0xF8, 0x00, 0x00, 0x03,
  0xFF, 0xFF, 0xFE, 0x00, 0x00, 0x00, 0x7F, 0xFF, 0xFF, 0x80, 0x00, 0x00,
  0x1F, 0xFF, 0xFF, 0xE0, 0x00, 0x00, 0x03, 0xFF, 0xFF, 0xF8, 0x00, 0x00,
  0x00, 0xFF, 0xF0, 0x00, 0x00, 0x00, 0x7F, 0xFE, 0x00, 0x00, 0x00, 0x00,
  0x00, 0x03, 0xFF, 0xFF, 0xE0, 0x00, 0x00, 0x00, 0x00, 0x1F, 0xFF, 0xFF,
  0xF8, 0x00, 0x00, 0x00, 0x00, 0x7F, 0xFF, 0xFF, 0xFE, 0x00, 0x00, 0x00,
  0x01, 0xFF, 0xFF, 0xFF, 0xFF, 0x80, 0x00, 0x00, 0x03, 0xFF, 0xFF, 0xFF,
  0xFF, 0xE0, 0x00, 0x00, 0x0F, 0xFF, 0xFF, 0xFF, 0xFF, 0xF0, 0x00, 0x00,
  0x1F, 0xFF, 0xFF, 0xFF, 0xFF, 0xF8, 0x00, 0x00, 0x3F, 0xFF, 0xFF, 0xFF,
  0xFF, 0xFC, 0x00, 0x00, 0x7F, 0xFF, 0xFF, 0xFF, 0xFF, 0xFE, 0x00, 0x00,
  0xFF, 0xFF, 0xFF, 0xFF, 0xFF, 0xFF, 0x00, 0x01, 0xFF, 0xFF, 0xE0, 0x07,
  0xFF, 0xFF, 0x80, 0x03, 0xFF, 0xFF, 0x00, 0x00, 0xFF, 0xFF, 0xC0, 0x03,
  0xFF, 0xFC, 0x00, 0x00, 0x3F, 0xFF, 0xE0, 0x07, 0xFF, 0xF0, 0x00, 0x00,
  0x0F, 0xFF, 0xE0, 0x0F, 0xFF, 0xE0, 0x00, 0x00, 0x07, 0xFF, 0xF0, 0x0F,
  0xFF, 0xC0, 0x00, 0x00, 0x03, 0xFF, 0xF8, 0x1F, 0xFF, 0x80, 0x00, 0x00,
  0x01, 0xFF, 0xF8, 0x1F, 0xFF, 0x00, 0x00, 0x00, 0x00, 0xFF, 0xF8, 0x3F,
  0xFF, 0x00, 0x00, 0x00, 0x00, 0x7F, 0xFC, 0x3F, 0xFE, 0x00, 0x00, 0x00,
  0x00, 0x3F, 0xFC, 0x3F, 0xFC, 0x00, 0x00, 0x00, 0x00, 0x3F, 0xFE, 0x7F,
  0xFC, 0x00, 0x00, 0x00, 0x00, 0x1F, 0xFE, 0x7F, 0xF8, 0x00, 0x00, 0x00,
  0x00, 0x1F, 0xFE, 0x7F, 0xF8, 0x00, 0x00, 0x00, 0x00, 0x1F, 0xFE, 0x7F,
  0xF8, 0x00, 0x00, 0x00, 0x00, 0x0F, 0xFF, 0x7F, 0xF0, 0x00, 0x00, 0x00,
  0x00, 0x0F, 0xFF, 0xFF, 0xF0, 0x00, 0x00, 0x00, 0x00, 0x0F, 0xFF, 0xFF,
  0xF0, 0x00, 0x00, 0x00, 0x00, 0x0F, 0xFF, 0xFF, 0xF0, 0x00, 0x00, 0x00,
  0x00, 0x0F, 0xFF, 0xFF, 0xF0, 0x00, 0x00, 0x00, 0x00, 0x07, 0xFF, 0xFF,
  0xF0, 0x00, 0x00, 0x00, 0x00, 0x07, 0xFF, 0xFF, 0xF0, 0x00, 0x00, 0x00,
  0x00, 0x07, 0xFF, 0xFF, 0xF0, 0x00, 0x00, 0x00, 0x00, 0x07, 0xFF, 0xFF,
  0xF0, 0x00, 0x00, 0x00, 0x00, 0x0F, 0xFF, 0xFF, 0xF0, 0x00, 0x00, 0x00,
  0x00, 0x0F, 0xFF, 0xFF, 0xF0, 0x00, 0x00, 0x00, 0x00, 0x0F, 0xFF, 0x7F,
  0xF0, 0x00, 0x00, 0x00, 0x00, 0x0F, 0xFF, 0x7F, 0xF8, 0x00, 0x00, 0x00,
  0x00, 0x0F, 0xFF, 0x7F, 0xF8, 0x00, 0x00, 0x00, 0x00, 0x1F, 0xFE, 0x7F,
  0xF8, 0x00, 0x00, 0x00, 0x00, 0x1F, 0xFE, 0x7F, 0xFC, 0x00, 0x00, 0x00,
  0x00, 0x1F, 0xFE, 0x3F, 0xFC, 0x00, 0x00, 0x00, 0x00, 0x3F, 0xFE, 0x3F,
  0xFE, 0x00, 0x00, 0x00, 0x00, 0x3F, 0xFC, 0x3F, 0xFE, 0x00, 0x00, 0x00,
  0x00, 0x7F, 0xFC, 0x1F, 0xFF, 0x00, 0x00, 0x00, 0x00, 0xFF, 0xFC, 0x1F,
  0xFF, 0x80, 0x00, 0x00, 0x01, 0xFF, 0xF8, 0x0F, 0xFF, 0xC0, 0x00, 0x00,
  0x01, 0xFF, 0xF8, 0x0F, 0xFF, 0xE0, 0x00, 0x00, 0x03, 0xFF, 0xF0, 0x07,
  0xFF, 0xF0, 0x00, 0x00, 0x0F, 0xFF, 0xE0, 0x03, 0xFF, 0xFC, 0x00, 0x00,
  0x1F, 0xFF, 0xE0, 0x03, 0xFF, 0xFE, 0x00, 0x00, 0x7F, 0xFF, 0xC0, 0x01,
  0xFF, 0xFF, 0xC0, 0x03, 0xFF, 0xFF, 0x80, 0x00, 0xFF, 0xFF, 0xFF, 0xFF,
  0xFF, 0xFF, 0x00, 0x00, 0x7F, 0xFF, 0xFF, 0xFF, 0xFF, 0xFF, 0x00, 0x00,
  0x3F, 0xFF, 0xFF, 0xFF, 0xFF, 0xFE, 0x00, 0x00, 0x1F, 0xFF, 0xFF, 0xFF,
  0xFF, 0xFC, 0x00, 0x00, 0x0F, 0xFF, 0xFF, 0xFF, 0xFF, 0xF0, 0x00, 0x00,
  0x07, 0xFF, 0xFF, 0xFF, 0xFF, 0xE0, 0x00, 0x00, 0x01, 0xFF, 0xFF, 0xFF,
  0xFF, 0xC0, 0x00, 0x00, 0x00, 0xFF, 0xFF, 0xFF, 0xFF, 0x00, 0x00, 0x00,
  0x00, 0x3F, 0xFF, 0xFF, 0xFC, 0x00, 0x00, 0x00, 0x00, 0x07, 0xFF, 0xFF,
  0xF0, 0x00, 0x00, 0x00, 0x00, 0x00, 0xFF, 0xFF, 0x80, 0x00, 0x00, 0xFF,
  0xFF, 0xFF, 0x80, 0x00, 0x0F, 0xFF, 0xFF, 0xFF, 0xC0, 0x00, 0xFF, 0xFF,
  0xFF, 0xFF, 0x80, 0x0F, 0xFF, 0xFF, 0xFF, 0xFE, 0x00, 0xFF, 0xFF, 0xFF,
  0xFF, 0xF0, 0x0F, 0xFF, 0xFF, 0xFF, 0xFF, 0x80, 0xFF, 0xFF, 0xFF, 0xFF,
  0xFC, 0x0F, 0xFF, 0xFF, 0xFF, 0xFF, 0xE0, 0xFF, 0xFF, 0xFF, 0xFF, 0xFF,
  0x0F, 0xFF, 0xFF, 0xFF, 0xFF, 0xF8, 0xFF, 0xFF, 0xFF, 0xFF, 0xFF, 0x8F,
  0xFE, 0x00, 0x03, 0xFF, 0xFC, 0xFF, 0xE0, 0x00, 0x0F, 0xFF, 0xCF, 0xFE,
  0x00, 0x00, 0x7F, 0xFC, 0xFF, 0xE0, 0x00, 0x03, 0xFF, 0xEF, 0xFE, 0x00,
  0x00, 0x1F, 0xFE, 0xFF, 0xE0, 0x00, 0x01, 0xFF, 0xEF, 0xFE, 0x00, 0x00,
  0x1F, 0xFE, 0xFF, 0xE0, 0x00, 0x00, 0xFF, 0xEF, 0xFE, 0x00, 0x00, 0x0F,
  0xFF, 0xFF, 0xE0, 0x00, 0x00, 0xFF, 0xFF, 0xFE, 0x00, 0x00, 0x0F, 0xFF,
  0xFF, 0xE0, 0x00, 0x00, 0xFF, 0xFF, 0xFE, 0x00, 0x00, 0x0F, 0xFE, 0xFF,
  0xE0, 0x00, 0x00, 0xFF, 0xEF, 0xFE, 0x00, 0x00, 0x1F, 0xFE, 0xFF, 0xE0,
  0x00, 0x01, 0xFF, 0xEF, 0xFE, 0x00, 0x00, 0x3F, 0xFE, 0xFF, 0xE0, 0x00,
  0x07, 0xFF, 0xCF, 0xFE, 0x00, 0x00, 0xFF, 0xFC, 0xFF, 0xE0, 0x00, 0x1F,
  0xFF, 0xCF, 0xFE, 0x00, 0x1F, 0xFF, 0xF8, 0xFF, 0xFF, 0xFF, 0xFF, 0xFF,
  0x8F, 0xFF, 0xFF, 0xFF, 0xFF, 0xF0, 0xFF, 0xFF, 0xFF, 0xFF, 0xFE, 0x0F,
  0xFF, 0xFF, 0xFF, 0xFF, 0xC0, 0xFF, 0xFF, 0xFF, 0xFF, 0xF8, 0x0F, 0xFF,
  0xFF, 0xFF, 0xFF, 0x00, 0xFF, 0xFF, 0xFF, 0xFF, 0xC0, 0x0F, 0xFF, 0xFF,
  0xFF, 0xF0, 0x00, 0xFF, 0xFF, 0xFF, 0xFC, 0x00, 0x0F, 0xFF, 0xFF, 0xE0,
  0x00, 0x00, 0xFF, 0xE0, 0x00, 0x00, 0x00, 0x0F, 0xFE, 0x00, 0x00, 0x00,
  0x00, 0xFF, 0xE0, 0x00, 0x00, 0x00, 0x0F, 0xFE, 0x00, 0x00, 0x00, 0x00,
  0xFF, 0xE0, 0x00, 0x00, 0x00, 0x0F, 0xFE, 0x00, 0x00, 0x00, 0x00, 0xFF,
  0xE0, 0x00, 0x00, 0x00, 0x0F, 0xFE, 0x00, 0x00, 0x00, 0x00, 0xFF, 0xE0,
  0x00, 0x00, 0x00, 0x0F, 0xFE, 0x00, 0x00, 0x00, 0x00, 0xFF, 0xE0, 0x00,
  0x00, 0x00, 0x0F, 0xFE, 0x00, 0x00, 0x00, 0x00, 0xFF, 0xE0, 0x00, 0x00,
  0x00, 0x0F, 0xFE, 0x00, 0x00, 0x00, 0x00, 0xFF, 0xE0, 0x00, 0x00, 0x00,
  0x0F, 0xFE, 0x00, 0x00, 0x00, 0x00, 0xFF, 0xE0, 0x00, 0x00, 0x00, 0x0F,
  0xFE, 0x00, 0x00, 0x00, 0x00, 0xFF, 0xE0, 0x00, 0x00, 0x00, 0x0F, 0xFE,
  0x00, 0x00, 0x00, 0x00, 0x00, 0x00, 0x00, 0x7F, 0xFE, 0x00, 0x00, 0x00,
  0x00, 0x00, 0x03, 0xFF, 0xFF, 0xE0, 0x00, 0x00, 0x00, 0x00, 0x1F, 0xFF,
  0xFF, 0xF8, 0x00, 0x00, 0x00, 0x00, 0x7F, 0xFF, 0xFF, 0xFE, 0x00, 0x00,
  0x00, 0x01, 0xFF, 0xFF, 0xFF, 0xFF, 0x80, 0x00, 0x00, 0x03, 0xFF, 0xFF,
  0xFF, 0xFF, 0xE0, 0x00, 0x00, 0x0F, 0xFF, 0xFF, 0xFF, 0xFF, 0xF0, 0x00,
  0x00, 0x1F, 0xFF, 0xFF, 0xFF, 0xFF, 0xF8, 0x00, 0x00, 0x3F, 0xFF, 0xFF,
  0xFF, 0xFF, 0xFC, 0x00, 0x00, 0x7F, 0xFF, 0xFF, 0xFF, 0xFF, 0xFE, 0x00,
  0x00, 0xFF, 0xFF, 0xFF, 0xFF, 0xFF, 0xFF, 0x00, 0x01, 0xFF, 0xFF, 0xE0,
  0x07, 0xFF, 0xFF, 0x80, 0x03, 0xFF, 0xFF, 0x00, 0x00, 0xFF, 0xFF, 0xC0,
  0x03, 0xFF, 0xFC, 0x00, 0x00, 0x3F, 0xFF, 0xE0, 0x07, 0xFF, 0xF0, 0x00,
  0x00, 0x0F, 0xFF, 0xE0, 0x0F, 0xFF, 0xE0, 0x00, 0x00, 0x07, 0xFF, 0xF0,
  0x0F, 0xFF, 0xC0, 0x00, 0x00, 0x03, 0xFF, 0xF8, 0x1F, 0xFF, 0x80, 0x00,
  0x00, 0x01, 0xFF, 0xF8, 0x1F, 0xFF, 0x00, 0x00, 0x00, 0x00, 0xFF, 0xF8,
  0x3F, 0xFF, 0x00, 0x00, 0x00, 0x00, 0x7F, 0xFC, 0x3F, 0xFE, 0x00, 0x00,
  0x00, 0x00, 0x3F, 0xFC, 0x3F, 0xFC, 0x00, 0x00, 0x00, 0x00, 0x3F, 0xFE,
  0x7F, 0xFC, 0x00, 0x00, 0x00, 0x00, 0x1F, 0xFE, 0x7F, 0xF8, 0x00, 0x00,
  0x00, 0x00, 0x1F, 0xFE, 0x7F, 0xF8, 0x00, 0x00, 0x00, 0x00, 0x1F, 0xFE,
  0x7F, 0xF8, 0x00, 0x00, 0x00, 0x00, 0x0F, 0xFF, 0x7F, 0xF0, 0x00, 0x00,
  0x00, 0x00, 0x0F, 0xFF, 0xFF, 0xF0, 0x00, 0x00, 0x00, 0x00, 0x0F, 0xFF,
  0xFF, 0xF0, 0x00, 0x00, 0x00, 0x00, 0x0F, 0xFF, 0xFF, 0xF0, 0x00, 0x00,
  0x00, 0x00, 0x0F, 0xFF, 0xFF, 0xF0, 0x00, 0x00, 0x00, 0x00, 0x07, 0xFF,
  0xFF, 0xF0, 0x00, 0x00, 0x00, 0x00, 0x07, 0xFF, 0xFF, 0xF0, 0x00, 0x00,
  0x00, 0x00, 0x07, 0xFF, 0xFF, 0xF0, 0x00, 0x00, 0x00, 0x00, 0x07, 0xFF,
  0xFF, 0xF0, 0x00, 0x00, 0x00, 0x00, 0x0F, 0xFF, 0xFF, 0xF0, 0x00, 0x00,
  0x00, 0x00, 0x0F, 0xFF, 0xFF, 0xF0, 0x00, 0x00, 0x00, 0x00, 0x0F, 0xFF,
  0x7F, 0xF0, 0x00, 0x00, 0x00, 0x00, 0x0F, 0xFF, 0x7F, 0xF8, 0x00, 0x00,
  0x00, 0x00, 0x0F, 0xFF, 0x7F, 0xF8, 0x00, 0x00, 0x00, 0x00, 0x1F, 0xFE,
  0x7F, 0xF8, 0x00, 0x00, 0x00, 0x00, 0x1F, 0xFE, 0x7F, 0xFC, 0x00, 0x00,
  0x00, 0x00, 0x1F, 0xFE, 0x3F, 0xFC, 0x00, 0x00, 0x00, 0x00, 0x3F, 0xFE,
  0x3F, 0xFE, 0x00, 0x00, 0x00, 0x00, 0x3F, 0xFC, 0x3F, 0xFE, 0x00, 0x00,
  0x00, 0x00, 0x7F, 0xFC, 0x1F, 0xFF, 0x00, 0x00, 0x00, 0x00, 0xFF, 0xFC,
  0x1F, 0xFF, 0x80, 0x00, 0x00, 0x01, 0xFF, 0xF8, 0x0F, 0xFF, 0xC0, 0x00,
  0x00, 0x01, 0xFF, 0xF8, 0x0F, 0xFF, 0xE0, 0x00, 0x00, 0x03, 0xFF, 0xF0,
  0x07, 0xFF, 0xF0, 0x00, 0x00, 0x0F, 0xFF, 0xE0, 0x03, 0xFF, 0xFC, 0x00,
  0x00, 0x1F, 0xFF, 0xE0, 0x03, 0xFF, 0xFE, 0x00, 0x00, 0x7F, 0xFF, 0xC0,
  0x01, 0xFF, 0xFF, 0xC0, 0x03, 0xFF, 0xFF, 0x80, 0x00, 0xFF, 0xFF, 0xFF,
  0xFF, 0xFF, 0xFF, 0x00, 0x00, 0x7F, 0xFF, 0xFF, 0xFF, 0xFF, 0xFF, 0x00,
  0x00, 0x3F, 0xFF, 0xFF, 0xFF, 0xFF, 0xFE, 0x00, 0x00, 0x1F, 0xFF, 0xFF,
  0xFF, 0xFF, 0xFC, 0x00, 0x00, 0x0F, 0xFF, 0xFF, 0xFF, 0xFF, 0xFE, 0x00,
  0x00, 0x07, 0xFF, 0xFF, 0xFF, 0xFF, 0xFF, 0x00, 0x00, 0x01, 0xFF, 0xFF,
  0xFF, 0xFF, 0xFF, 0x00, 0x00, 0x00, 0xFF, 0xFF, 0xFF, 0xFF, 0xFF, 0x80,
  0x00, 0x00, 0x3F, 0xFF, 0xFF, 0xFF, 0xFF, 0xC0, 0x00, 0x00, 0x07, 0xFF,
  0xFF, 0xF7, 0xFF, 0xC0, 0x00, 0x00, 0x00, 0xFF, 0xFF, 0x83, 0xFF, 0xE0,
  0x00, 0x00, 0x00, 0x00, 0x00, 0x03, 0xFF, 0xC0, 0x00, 0x00, 0x00, 0x00,
  0x00, 0x01, 0xFF, 0x80, 0x00, 0x00, 0x00, 0x00, 0x00, 0x01, 0xFE, 0x00,
  0x00, 0x00, 0x00, 0x00, 0x00, 0x00, 0xFC, 0x00, 0x00, 0x00, 0x00, 0x00,
  0x00, 0x00, 0x70, 0x00, 0x00, 0x00, 0x00, 0x00, 0x00, 0x00, 0x60, 0x00,
  0xFF, 0xFF, 0xFF, 0x80, 0x00, 0x01, 0xFF, 0xFF, 0xFF, 0xF8, 0x00, 0x03,
  0xFF, 0xFF, 0xFF, 0xFE, 0x00, 0x07, 0xFF, 0xFF, 0xFF, 0xFE, 0x00, 0x0F,
  0xFF, 0xFF, 0xFF, 0xFF, 0x00, 0x1F, 0xFF, 0xFF, 0xFF, 0xFF, 0x00, 0x3F,
  0xFF, 0xFF, 0xFF, 0xFF, 0x00, 0x7F, 0xFF, 0xFF, 0xFF, 0xFF, 0x00, 0xFF,
  0xFF, 0xFF, 0xFF, 0xFF, 0x01, 0xFF, 0xFF, 0xFF, 0xFF, 0xFF, 0x03, 0xFF,
  0xFF, 0xFF, 0xFF, 0xFE, 0x07, 0xFF, 0x00, 0x01, 0xFF, 0xFE, 0x0F, 0xFE,
  0x00, 0x00, 0xFF, 0xFC, 0x1F, 0xFC, 0x00, 0x00, 0xFF, 0xFC, 0x3F, 0xF8,
  0x00, 0x00, 0xFF, 0xF8, 0x7F, 0xF0, 0x00, 0x00, 0xFF, 0xF0, 0xFF, 0xE0,
  0x00, 0x01, 0xFF, 0xE1, 0xFF, 0xC0, 0x00, 0x01, 0xFF, 0xC3, 0xFF, 0x80,
  0x00, 0x03, 0xFF, 0x87, 0xFF, 0x00, 0x00, 0x07, 0xFF, 0x0F, 0xFE, 0x00,
  0x00, 0x0F, 0xFE, 0x1F, 0xFC, 0x00, 0x00, 0x1F, 0xFC, 0x3F, 0xF8, 0x00,
  0x00, 0x3F, 0xF8, 0x7F, 0xF0, 0x00, 0x00, 0xFF, 0xF0, 0xFF, 0xE0, 0x00,
  0x01, 0xFF, 0xE1, 0xFF, 0xC0, 0x00, 0x07, 0xFF, 0xC3, 0xFF, 0x80, 0x00,
  0x0F, 0xFF, 0x07, 0xFF, 0x00, 0x00, 0x3F, 0xFE, 0x0F, 0xFE, 0x00, 0x01,
  0xFF, 0xF8, 0x1F, 0xFC, 0x00, 0x0F, 0xFF, 0xF0, 0x3F, 0xFF, 0xFF, 0xFF,
  0xFF, 0xC0, 0x7F, 0xFF, 0xFF, 0xFF, 0xFF, 0x80, 0xFF, 0xFF, 0xFF, 0xFF,
  0xFE, 0x01, 0xFF, 0xFF, 0xFF, 0xFF, 0xF8, 0x03, 0xFF, 0xFF, 0xFF, 0xFF,
  0xC0, 0x07, 0xFF, 0xFF, 0xFF, 0xFF, 0x00, 0x0F, 0xFF, 0xFF, 0xFF, 0xF8,
  0x00, 0x1F, 0xFF, 0xFF, 0xFF, 0xC0, 0x00, 0x3F, 0xFF, 0xFF, 0xFF, 0x80,
  0x00, 0x7F, 0xF0, 0x0F, 0xFF, 0x80, 0x00, 0xFF, 0xE0, 0x0F, 0xFF, 0x00,
  0x01, 0xFF, 0xC0, 0x1F, 0xFF, 0x00, 0x03, 0xFF, 0x80, 0x1F, 0xFF, 0x00,
  0x07, 0xFF, 0x00, 0x1F, 0xFE, 0x00, 0x0F, 0xFE, 0x00, 0x3F, 0xFE, 0x00,
  0x1F, 0xFC, 0x00, 0x3F, 0xFE, 0x00, 0x3F, 0xF8, 0x00, 0x7F, 0xFC, 0x00,
  0x7F, 0xF0, 0x00, 0x7F, 0xFC, 0x00, 0xFF, 0xE0, 0x00, 0x7F, 0xFC, 0x01,
  0xFF, 0xC0, 0x00, 0xFF, 0xFC, 0x03, 0xFF, 0x80, 0x00, 0xFF, 0xF8, 0x07,
  0xFF, 0x00, 0x00, 0xFF, 0xF8, 0x0F, 0xFE, 0x00, 0x01, 0xFF, 0xF8, 0x1F,
  0xFC, 0x00, 0x01, 0xFF, 0xF0, 0x3F, 0xF8, 0x00, 0x01, 0xFF, 0xF0, 0x7F,
  0xF0, 0x00, 0x03, 0xFF, 0xF0, 0xFF, 0xE0, 0x00, 0x03, 0xFF, 0xE1, 0xFF,
  0xC0, 0x00, 0x03, 0xFF, 0xE3, 0xFF, 0x80, 0x00, 0x07, 0xFF, 0xE7, 0xFF,
  0x00, 0x00, 0x07, 0xFF, 0xCF, 0xFE, 0x00, 0x00, 0x07, 0xFF, 0xDF, 0xFC,
  0x00, 0x00, 0x0F, 0xFF, 0xC0, 0x00, 0x00, 0x7F, 0xF8, 0x00, 0x00, 0x00,
  0x1F, 0xFF, 0xF8, 0x00, 0x00, 0x03, 0xFF, 0xFF, 0xF8, 0x00, 0x00, 0x7F,
  0xFF, 0xFF, 0xE0, 0x00, 0x07, 0xFF, 0xFF, 0xFF, 0x80, 0x00, 0xFF, 0xFF,
  0xFF, 0xFF, 0x00, 0x0F, 0xFF, 0xFF, 0xFF, 0xFC, 0x00, 0x7F, 0xFF, 0xFF,
  0xFF, 0xE0, 0x07, 0xFF, 0xFF, 0xFF, 0xFF, 0x80, 0x7F, 0xFF, 0xFF, 0xFF,
  0xFE, 0x03, 0xFF, 0xF8, 0x07, 0xFF, 0xF0, 0x3F, 0xFF, 0x00, 0x0F, 0xFF,
  0xC1, 0xFF, 0xE0, 0x00, 0x1F, 0xFF, 0x0F, 0xFF, 0x00, 0x00, 0x7F, 0xE0,
  0x7F, 0xF0, 0x00, 0x03, 0xFC, 0x07, 0xFF, 0x80, 0x00, 0x0F, 0x80, 0x3F,
  0xFC, 0x00, 0x00, 0x20, 0x01, 0xFF, 0xE0, 0x00, 0x00, 0x00, 0x0F, 0xFF,
  0x00, 0x00, 0x00, 0x00, 0x3F, 0xF8, 0x00, 0x00, 0x00, 0x01, 0xFF, 0xE0,
  0x00, 0x00, 0x00, 0x0F, 0xFF, 0x80, 0x00, 0x00, 0x00, 0x7F, 0xFE, 0x00,
  0x00, 0x00, 0x01, 0xFF, 0xFC, 0x00, 0x00, 0x00, 0x0F, 0xFF, 0xFC, 0x00,
  0x00, 0x00, 0x3F, 0xFF, 0xFC, 0x00, 0x00, 0x01, 0xFF, 0xFF, 0xFC, 0x00,
  0x00, 0x07, 0xFF, 0xFF, 0xFC, 0x00, 0x00, 0x1F, 0xFF, 0xFF, 0xF8, 0x00,
  0x00, 0x7F, 0xFF, 0xFF, 0xF0, 0x00, 0x00, 0xFF, 0xFF, 0xFF, 0xE0, 0x00,
  0x03, 0xFF, 0xFF, 0xFF, 0x80, 0x00, 0x07, 0xFF, 0xFF, 0xFE, 0x00, 0x00,
  0x0F, 0xFF, 0xFF, 0xFC, 0x00, 0x00, 0x0F, 0xFF, 0xFF, 0xE0, 0x00, 0x00,
  0x0F, 0xFF, 0xFF, 0x80, 0x00, 0x00, 0x1F, 0xFF, 0xFE, 0x00, 0x00, 0x00,
  0x1F, 0xFF, 0xF0, 0x00, 0x00, 0x00, 0x3F, 0xFF, 0xC0, 0x00, 0x00, 0x00,
  0x7F, 0xFE, 0x00, 0x00, 0x00, 0x01, 0xFF, 0xF8, 0x00, 0x00, 0x00, 0x07,
  0xFF, 0xC0, 0x00, 0x00, 0x00, 0x1F, 0xFE, 0x00, 0x00, 0x00, 0x00, 0x7F,
  0xF0, 0x0E, 0x00, 0x00, 0x03, 0xFF, 0x81, 0xF0, 0x00, 0x00, 0x1F, 0xFC,
  0x7F, 0xC0, 0x00, 0x00, 0xFF, 0xEF, 0xFE, 0x00, 0x00, 0x07, 0xFF, 0xFF,
  0xF8, 0x00, 0x00, 0x3F, 0xFB, 0xFF, 0xC0, 0x00, 0x03, 0xFF, 0xDF, 0xFF,
  0x00, 0x00, 0x1F, 0xFE, 0x7F, 0xFC, 0x00, 0x01, 0xFF, 0xE3, 0xFF, 0xF8,
  0x00, 0x1F, 0xFF, 0x0F, 0xFF, 0xE0, 0x03, 0xFF, 0xF8, 0x7F, 0xFF, 0xFF,
  0xFF, 0xFF, 0x81, 0xFF, 0xFF, 0xFF, 0xFF, 0xFC, 0x07, 0xFF, 0xFF, 0xFF,
  0xFF, 0xC0, 0x1F, 0xFF, 0xFF, 0xFF, 0xFC, 0x00, 0x7F, 0xFF, 0xFF, 0xFF,
  0xC0, 0x01, 0xFF, 0xFF, 0xFF, 0xFC, 0x00, 0x07, 0xFF, 0xFF, 0xFF, 0x80,
  0x00, 0x0F, 0xFF, 0xFF, 0xF8, 0x00, 0x00, 0x1F, 0xFF, 0xFE, 0x00, 0x00,
  0x00, 0x1F, 0xFF, 0x80, 0x00, 0xFF, 0xFF, 0xFF, 0xFF, 0xFF, 0xFF, 0xFF,
  0xFF, 0xFF, 0xFF, 0xFF, 0xFF, 0xFF, 0xFF, 0xFF, 0xFF, 0xFF, 0xFF, 0xFF,
  0xFF, 0xFF, 0xFF, 0xFF, 0xFF, 0xFF, 0xFF, 0xFF, 0xFF, 0xFF, 0xFF, 0xFF,
  0xFF, 0xFF, 0xFF, 0xFF, 0xFF, 0xFF, 0xFF, 0xFF, 0xFF, 0xFF, 0xFF, 0xFF,
  0xFF, 0xFF, 0xFF, 0xFF, 0xFF, 0xFF, 0xFF, 0xFF, 0xFF, 0xFF, 0xFF, 0xFF,
  0xFF, 0xFF, 0xFF, 0xFF, 0xFF, 0xFF, 0xFE, 0x00, 0x00, 0xFF, 0xE0, 0x00,
  0x00, 0x00, 0x07, 0xFF, 0x00, 0x00, 0x00, 0x00, 0x3F, 0xF8, 0x00, 0x00,
  0x00, 0x01, 0xFF, 0xC0, 0x00, 0x00, 0x00, 0x0F, 0xFE, 0x00, 0x00, 0x00,
  0x00, 0x7F, 0xF0, 0x00, 0x00, 0x00, 0x03, 0xFF, 0x80, 0x00, 0x00, 0x00,
  0x1F, 0xFC, 0x00, 0x00, 0x00, 0x00, 0xFF, 0xE0, 0x00, 0x00, 0x00, 0x07,
  0xFF, 0x00, 0x00, 0x00, 0x00, 0x3F, 0xF8, 0x00, 0x00, 0x00, 0x01, 0xFF,
  0xC0, 0x00, 0x00, 0x00, 0x0F, 0xFE, 0x00, 0x00, 0x00, 0x00, 0x7F, 0xF0,
  0x00, 0x00, 0x00, 0x03, 0xFF, 0x80, 0x00, 0x00, 0x00, 0x1F, 0xFC, 0x00,
  0x00, 0x00, 0x00, 0xFF, 0xE0, 0x00, 0x00, 0x00, 0x07, 0xFF, 0x00, 0x00,
  0x00, 0x00, 0x3F, 0xF8, 0x00, 0x00, 0x00, 0x01, 0xFF, 0xC0, 0x00, 0x00,
  0x00, 0x0F, 0xFE, 0x00, 0x00, 0x00, 0x00, 0x7F, 0xF0, 0x00, 0x00, 0x00,
  0x03, 0xFF, 0x80, 0x00, 0x00, 0x00, 0x1F, 0xFC, 0x00, 0x00, 0x00, 0x00,
  0xFF, 0xE0, 0x00, 0x00, 0x00, 0x07, 0xFF, 0x00, 0x00, 0x00, 0x00, 0x3F,
  0xF8, 0x00, 0x00, 0x00, 0x01, 0xFF, 0xC0, 0x00, 0x00, 0x00, 0x0F, 0xFE,
  0x00, 0x00, 0x00, 0x00, 0x7F, 0xF0, 0x00, 0x00, 0x00, 0x03, 0xFF, 0x80,
  0x00, 0x00, 0x00, 0x1F, 0xFC, 0x00, 0x00, 0x00, 0x00, 0xFF, 0xE0, 0x00,
  0x00, 0x00, 0x07, 0xFF, 0x00, 0x00, 0x00, 0x00, 0x3F, 0xF8, 0x00, 0x00,
  0x00, 0x01, 0xFF, 0xC0, 0x00, 0x00, 0x00, 0x0F, 0xFE, 0x00, 0x00, 0x00,
  0x00, 0x7F, 0xF0, 0x00, 0x00, 0x00, 0x03, 0xFF, 0x80, 0x00, 0x00, 0x00,
  0x1F, 0xFC, 0x00, 0x00, 0x00, 0x00, 0xFF, 0xE0, 0x00, 0x00, 0x00, 0x07,
  0xFF, 0x00, 0x00, 0x00, 0x00, 0x3F, 0xF8, 0x00, 0x00, 0x00, 0x01, 0xFF,
  0xC0, 0x00, 0x00, 0x00, 0x0F, 0xFE, 0x00, 0x00, 0x00, 0x00, 0x7F, 0xF0,
  0x00, 0x00, 0x00, 0x03, 0xFF, 0x80, 0x00, 0x00, 0x00, 0x1F, 0xFC, 0x00,
  0x00, 0x00, 0x00, 0xFF, 0xE0, 0x00, 0x00, 0x00, 0x07, 0xFF, 0x00, 0x00,
  0x00, 0x00, 0x3F, 0xF8, 0x00, 0x00, 0xFF, 0xF0, 0x00, 0x00, 0x07, 0xFF,
  0xFF, 0xF0, 0x00, 0x00, 0x07, 0xFF, 0xFF, 0xF0, 0x00, 0x00, 0x07, 0xFF,
  0xFF, 0xF0, 0x00, 0x00, 0x07, 0xFF, 0xFF, 0xF0, 0x00, 0x00, 0x07, 0xFF,
  0xFF, 0xF0, 0x00, 0x00, 0x07, 0xFF, 0xFF, 0xF0, 0x00, 0x00, 0x07, 0xFF,
  0xFF, 0xF0, 0x00, 0x00, 0x07, 0xFF, 0xFF, 0xF0, 0x00, 0x00, 0x07, 0xFF,
  0xFF, 0xF0, 0x00, 0x00, 0x07, 0xFF, 0xFF, 0xF0, 0x00, 0x00, 0x07, 0xFF,
  0xFF, 0xF0, 0x00, 0x00, 0x07, 0xFF, 0xFF, 0xF0, 0x00, 0x00, 0x07, 0xFF,
  0xFF, 0xF0, 0x00, 0x00, 0x07, 0xFF, 0xFF, 0xF0, 0x00, 0x00, 0x07, 0xFF,
  0xFF, 0xF0, 0x00, 0x00, 0x07, 0xFF, 0xFF, 0xF0, 0x00, 0x00, 0x07, 0xFF,
  0xFF, 0xF0, 0x00, 0x00, 0x07, 0xFF, 0xFF, 0xF0, 0x00, 0x00, 0x07, 0xFF,
  0xFF, 0xF0, 0x00, 0x00, 0x07, 0xFF, 0xFF, 0xF0, 0x00, 0x00, 0x07, 0xFF,
  0xFF, 0xF0, 0x00, 0x00, 0x07, 0xFF, 0xFF, 0xF0, 0x00, 0x00, 0x07, 0xFF,
  0xFF, 0xF0, 0x00, 0x00, 0x07, 0xFF, 0xFF, 0xF0, 0x00, 0x00, 0x07, 0xFF,
  0xFF, 0xF0, 0x00, 0x00, 0x07, 0xFF, 0xFF, 0xF0, 0x00, 0x00, 0x07, 0xFF,
  0xFF, 0xF0, 0x00, 0x00, 0x07, 0xFF, 0xFF, 0xF0, 0x00, 0x00, 0x07, 0xFF,
  0xFF, 0xF0, 0x00, 0x00, 0x07, 0xFF, 0xFF, 0xF0, 0x00, 0x00, 0x07, 0xFF,
  0xFF, 0xF0, 0x00, 0x00, 0x07, 0xFF, 0xFF, 0xF0, 0x00, 0x00, 0x07, 0xFF,
  0xFF, 0xF0, 0x00, 0x00, 0x07, 0xFF, 0xFF, 0xF0, 0x00, 0x00, 0x07, 0xFF,
  0xFF, 0xF0, 0x00, 0x00, 0x07, 0xFF, 0xFF, 0xF0, 0x00, 0x00, 0x07, 0xFF,
  0xFF, 0xF0, 0x00, 0x00, 0x07, 0xFF, 0xFF, 0xF0, 0x00, 0x00, 0x07, 0xFF,
  0xFF, 0xF0, 0x00, 0x00, 0x07, 0xFF, 0xFF, 0xF0, 0x00, 0x00, 0x07, 0xFF,
  0xFF, 0xF0, 0x00, 0x00, 0x07, 0xFF, 0xFF, 0xF0, 0x00, 0x00, 0x07, 0xFF,
  0xFF, 0xF0, 0x00, 0x00, 0x0F, 0xFF, 0x7F, 0xF0, 0x00, 0x00, 0x0F, 0xFF,
  0x7F, 0xF8, 0x00, 0x00, 0x0F, 0xFF, 0x7F, 0xF8, 0x00, 0x00, 0x1F, 0xFE,
  0x7F, 0xFC, 0x00, 0x00, 0x1F, 0xFE, 0x3F, 0xFC, 0x00, 0x00, 0x3F, 0xFE,
  0x3F, 0xFE, 0x00, 0x00, 0x7F, 0xFC, 0x1F, 0xFF, 0x00, 0x00, 0xFF, 0xFC,
  0x1F, 0xFF, 0xC0, 0x03, 0xFF, 0xF8, 0x0F, 0xFF, 0xF8, 0x0F, 0xFF, 0xF8,
  0x0F, 0xFF, 0xFF, 0xFF, 0xFF, 0xF0, 0x07, 0xFF, 0xFF, 0xFF, 0xFF, 0xF0,
  0x03, 0xFF, 0xFF, 0xFF, 0xFF, 0xE0, 0x01, 0xFF, 0xFF, 0xFF, 0xFF, 0xC0,
  0x00, 0xFF, 0xFF, 0xFF, 0xFF, 0x80, 0x00, 0x7F, 0xFF, 0xFF, 0xFF, 0x00,
  0x00, 0x3F, 0xFF, 0xFF, 0xFC, 0x00, 0x00, 0x0F, 0xFF, 0xFF, 0xF8, 0x00,
  0x00, 0x03, 0xFF, 0xFF, 0xE0, 0x00, 0x00, 0x00, 0x7F, 0xFF, 0x00, 0x00,
  0xFF, 0xF0, 0x00, 0x00, 0x00, 0x0F, 0xFF, 0xFF, 0xF8, 0x00, 0x00, 0x00,
  0x1F, 0xFE, 0x7F, 0xF8, 0x00, 0x00, 0x00, 0x1F, 0xFE, 0x7F, 0xF8, 0x00,
  0x00, 0x00, 0x1F, 0xFE, 0x7F, 0xFC, 0x00, 0x00, 0x00, 0x3F, 0xFC, 0x3F,
  0xFC, 0x00, 0x00, 0x00, 0x3F, 0xFC, 0x3F, 0xFC, 0x00, 0x00, 0x00, 0x3F,
  0xFC, 0x3F, 0xFE, 0x00, 0x00, 0x00, 0x7F, 0xF8, 0x1F, 0xFE, 0x00, 0x00,
  0x00, 0x7F, 0xF8, 0x1F, 0xFE, 0x00, 0x00, 0x00, 0x7F, 0xF0, 0x1F, 0xFF,
  0x00, 0x00, 0x00, 0xFF, 0xF0, 0x0F, 0xFF, 0x00, 0x00, 0x00, 0xFF, 0xF0,
  0x0F, 0xFF, 0x00, 0x00, 0x01, 0xFF, 0xE0, 0x07, 0xFF, 0x80, 0x00, 0x01,
  0xFF, 0xE0, 0x07, 0xFF, 0x80, 0x00, 0x01, 0xFF, 0xE0, 0x07, 0xFF, 0x80,
  0x00, 0x03, 0xFF, 0xC0, 0x03, 0xFF, 0xC0, 0x00, 0x03, 0xFF, 0xC0, 0x03,
  0xFF, 0xC0, 0x00, 0x03, 0xFF, 0x80, 0x03, 0xFF, 0xC0, 0x00, 0x07, 0xFF,
  0x80, 0x01, 0xFF, 0xE0, 0x00, 0x07, 0xFF, 0x80, 0x01, 0xFF, 0xE0, 0x00,
  0x07, 0xFF, 0x00, 0x01, 0xFF, 0xE0, 0x00, 0x0F, 0xFF, 0x00, 0x00, 0xFF,
  0xF0, 0x00, 0x0F, 0xFF, 0x00, 0x00, 0xFF, 0xF0, 0x00, 0x0F, 0xFE, 0x00,
  0x00, 0xFF, 0xF0, 0x00, 0x1F, 0xFE, 0x00, 0x00, 0x7F, 0xF8, 0x00, 0x1F,
  0xFC, 0x00, 0x00, 0x7F, 0xF8, 0x00, 0x1F, 0xFC, 0x00, 0x00, 0x3F, 0xF8,
  0x00, 0x3F, 0xFC, 0x00, 0x00, 0x3F, 0xFC, 0x00, 0x3F, 0xF8, 0x00, 0x00,
  0x3F, 0xFC, 0x00, 0x3F, 0xF8, 0x00, 0x00, 0x1F, 0xFC, 0x00, 0x7F, 0xF8,
  0x00, 0x00, 0x1F, 0xFE, 0x00, 0x7F, 0xF0, 0x00, 0x00, 0x1F, 0xFE, 0x00,
  0x7F, 0xF0, 0x00, 0x00, 0x0F, 0xFE, 0x00, 0xFF, 0xF0, 0x00, 0x00, 0x0F,
  0xFF, 0x00, 0xFF, 0xE0, 0x00, 0x00, 0x0F, 0xFF, 0x00, 0xFF, 0xE0, 0x00,
  0x00, 0x07, 0xFF, 0x01, 0xFF, 0xC0, 0x00, 0x00, 0x07, 0xFF, 0x81, 0xFF,
  0xC0, 0x00, 0x00, 0x03, 0xFF, 0x81, 0xFF, 0xC0, 0x00, 0x00, 0x03, 0xFF,
  0xC3, 0xFF, 0x80, 0x00, 0x00, 0x03, 0xFF, 0xC3, 0xFF, 0x80, 0x00, 0x00,
  0x01, 0xFF, 0xC3, 0xFF, 0x80, 0x00, 0x00, 0x01, 0xFF, 0xC7, 0xFF, 0x00,
  0x00, 0x00, 0x01, 0xFF, 0xE7, 0xFF, 0x00, 0x00, 0x00, 0x00, 0xFF, 0xE7,
  0xFE, 0x00, 0x00, 0x00, 0x00, 0xFF, 0xEF, 0xFE, 0x00, 0x00, 0x00, 0x00,
  0xFF, 0xFF, 0xFE, 0x00, 0x00, 0x00, 0x00, 0x7F, 0xFF, 0xFC, 0x00, 0x00,
  0x00, 0x00, 0x7F, 0xFF, 0xFC, 0x00, 0x00, 0x00, 0x00, 0x3F, 0xFF, 0xFC,
  0x00, 0x00, 0x00, 0x00, 0x3F, 0xFF, 0xF8, 0x00, 0x00, 0x00, 0x00, 0x3F,
  0xFF, 0xF8, 0x00, 0x00, 0x00, 0x00, 0x1F, 0xFF, 0xF0, 0x00, 0x00, 0x00,
  0x00, 0x1F, 0xFF, 0xF0, 0x00, 0x00, 0x00, 0x00, 0x1F, 0xFF, 0xF0, 0x00,
  0x00, 0x00, 0x00, 0x0F, 0xFF, 0xE0, 0x00, 0x00, 0x00, 0x00, 0x0F, 0xFF,
  0xE0, 0x00, 0x00, 0x00, 0x00, 0x0F, 0xFF, 0xE0, 0x00, 0x00, 0x00, 0x00,
  0x07, 0xFF, 0xC0, 0x00, 0x00, 0x00, 0x00, 0x07, 0xFF, 0xC0, 0x00, 0x00,
  0x00, 0x00, 0x03, 0xFF, 0x80, 0x00, 0x00, 0x00, 0x00, 0x03, 0xFF, 0x80,
  0x00, 0x00, 0xFF, 0xF0, 0x00, 0x00, 0x07, 0xFE, 0x00, 0x00, 0x01, 0xFF,
  0xEF, 0xFF, 0x00, 0x00, 0x01, 0xFF, 0xC0, 0x00, 0x00, 0x3F, 0xFD, 0xFF,
  0xE0, 0x00, 0x00, 0x3F, 0xFC, 0x00, 0x00, 0x0F, 0xFF, 0x3F, 0xFC, 0x00,
  0x00, 0x07, 0xFF, 0x80, 0x00, 0x01, 0xFF, 0xE7, 0xFF, 0x80, 0x00, 0x00,
  0xFF, 0xF0, 0x00, 0x00, 0x3F, 0xFC, 0x7F, 0xF8, 0x00, 0x00, 0x3F, 0xFF,
  0x00, 0x00, 0x07, 0xFF, 0x0F, 0xFF, 0x00, 0x00, 0x07, 0xFF, 0xE0, 0x00,
  0x00, 0xFF, 0xE1, 0xFF, 0xE0, 0x00, 0x00, 0xFF, 0xFC, 0x00, 0x00, 0x3F,
  0xFC, 0x3F, 0xFC, 0x00, 0x00, 0x3F, 0xFF, 0x80, 0x00, 0x07, 0xFF, 0x83,
  0xFF, 0xC0, 0x00, 0x07, 0xFF, 0xF8, 0x00, 0x00, 0xFF, 0xE0, 0x7F, 0xF8,
  0x00, 0x00, 0xFF, 0xFF, 0x00, 0x00, 0x1F, 0xFC, 0x0F, 0xFF, 0x00, 0x00,
  0x3F, 0xFF, 0xE0, 0x00, 0x07, 0xFF, 0x81, 0xFF, 0xE0, 0x00, 0x07, 0xFF,
  0xFE, 0x00, 0x00, 0xFF, 0xF0, 0x1F, 0xFC, 0x00, 0x00, 0xFF, 0xFF, 0xC0,
  0x00, 0x1F, 0xFC, 0x03, 0xFF, 0xC0, 0x00, 0x3F, 0xFF, 0xF8, 0x00, 0x03,
  0xFF, 0x80, 0x7F, 0xF8, 0x00, 0x07, 0xFF, 0xFF, 0x00, 0x00, 0xFF, 0xF0,
  0x07, 0xFF, 0x00, 0x00, 0xFF, 0xFF, 0xF0, 0x00, 0x1F, 0xFE, 0x00, 0xFF,
  0xE0, 0x00, 0x1F, 0xF7, 0xFE, 0x00, 0x03, 0xFF, 0x80, 0x1F, 0xFE, 0x00,
  0x07, 0xFE, 0xFF, 0xC0, 0x00, 0x7F, 0xF0, 0x03, 0xFF, 0xC0, 0x00, 0xFF,
  0xDF, 0xFC, 0x00, 0x1F, 0xFE, 0x00, 0x3F, 0xF8, 0x00, 0x1F, 0xF1, 0xFF,
  0x80, 0x03, 0xFF, 0x80, 0x07, 0xFF, 0x00, 0x07, 0xFE, 0x3F, 0xF0, 0x00,
  0x7F, 0xF0, 0x00, 0xFF, 0xF0, 0x00, 0xFF, 0xC7, 0xFF, 0x00, 0x0F, 0xFE,
  0x00, 0x1F, 0xFE, 0x00, 0x1F, 0xF8, 0x7F, 0xE0, 0x03, 0xFF, 0xC0, 0x01,
  0xFF, 0xC0, 0x07, 0xFE, 0x0F, 0xFC, 0x00, 0x7F, 0xF0, 0x00, 0x3F, 0xF8,
  0x00, 0xFF, 0xC1, 0xFF, 0x80, 0x0F, 0xFE, 0x00, 0x07, 0xFF, 0x80, 0x1F,
  0xF8, 0x3F, 0xF8, 0x01, 0xFF, 0xC0, 0x00, 0xFF, 0xF0, 0x07, 0xFE, 0x03,
  0xFF, 0x00, 0x7F, 0xF8, 0x00, 0x0F, 0xFE, 0x00, 0xFF, 0xC0, 0x7F, 0xE0,
  0x0F, 0xFE, 0x00, 0x01, 0xFF, 0xC0, 0x1F, 0xF8, 0x0F, 0xFE, 0x01, 0xFF,
  0xC0, 0x00, 0x3F, 0xFC, 0x07, 0xFE, 0x00, 0xFF, 0xC0, 0x3F, 0xF8, 0x00,
  0x03, 0xFF, 0x80, 0xFF, 0xC0, 0x1F, 0xF8, 0x0F, 0xFF, 0x00, 0x00, 0x7F,
  0xF0, 0x1F, 0xF8, 0x03, 0xFF, 0x01, 0xFF, 0xC0, 0x00, 0x0F, 0xFE, 0x03,
  0xFE, 0x00, 0x3F, 0xF0, 0x3F, 0xF8, 0x00, 0x01, 0xFF, 0xE0, 0xFF, 0xC0,
  0x07, 0xFE, 0x07, 0xFF, 0x00, 0x00, 0x1F, 0xFC, 0x1F, 0xF8, 0x00, 0xFF,
  0xC1, 0xFF, 0xC0, 0x00, 0x03, 0xFF, 0x83, 0xFF, 0x00, 0x1F, 0xFC, 0x3F,
  0xF8, 0x00, 0x00, 0x7F, 0xF0, 0xFF, 0xC0, 0x01, 0xFF, 0x87, 0xFF, 0x00,
  0x00, 0x0F, 0xFF, 0x1F, 0xF8, 0x00, 0x3F, 0xF0, 0xFF, 0xE0, 0x00, 0x00,
  0xFF, 0xE3, 0xFF, 0x00, 0x07, 0xFF, 0x3F, 0xF8, 0x00, 0x00, 0x1F, 0xFC,
  0xFF, 0xC0, 0x00, 0x7F, 0xE7, 0xFF, 0x00, 0x00, 0x03, 0xFF, 0x9F, 0xF8,
  0x00, 0x0F, 0xFC, 0xFF, 0xE0, 0x00, 0x00, 0x7F, 0xFB, 0xFF, 0x00, 0x01,
  0xFF, 0x9F, 0xFC, 0x00, 0x00, 0x07, 0xFF, 0x7F, 0xC0, 0x00, 0x1F, 0xFF,
  0xFF, 0x00, 0x00, 0x00, 0xFF, 0xFF, 0xF8, 0x00, 0x03, 0xFF, 0xFF, 0xE0,
  0x00, 0x00, 0x1F, 0xFF, 0xFF, 0x00, 0x00, 0x7F, 0xFF, 0xFC, 0x00, 0x00,
  0x01, 0xFF, 0xFF, 0xC0, 0x00, 0x0F, 0xFF, 0xFF, 0x80, 0x00, 0x00, 0x3F,
  0xFF, 0xF8, 0x00, 0x00, 0xFF, 0xFF, 0xE0, 0x00, 0x00, 0x07, 0xFF, 0xFF,
  0x00, 0x00, 0x1F, 0xFF, 0xFC, 0x00, 0x00, 0x00, 0xFF, 0xFF, 0xE0, 0x00,
  0x03, 0xFF, 0xFF, 0x80, 0x00, 0x00, 0x0F, 0xFF, 0xF8, 0x00, 0x00, 0x3F,
  0xFF, 0xE0, 0x00, 0x00, 0x01, 0xFF, 0xFF, 0x00, 0x00, 0x07, 0xFF, 0xFC,
  0x00, 0x00, 0x00, 0x3F, 0xFF, 0xE0, 0x00, 0x00, 0xFF, 0xFF, 0x80, 0x00,
  0x00, 0x07, 0xFF, 0xF8, 0x00, 0x00, 0x0F, 0xFF, 0xF0, 0x00, 0x00, 0x00,
  0x7F, 0xFF, 0x00, 0x00, 0x01, 0xFF, 0xFC, 0x00, 0x00, 0x00, 0x0F, 0xFF,
  0xE0, 0x00, 0x00, 0x3F, 0xFF, 0x80, 0x00, 0x00, 0x01, 0xFF, 0xF8, 0x00,
  0x00, 0x07, 0xFF, 0xF0, 0x00, 0x00, 0x00, 0x3F, 0xFF, 0x00, 0x00, 0x00,
  0x7F, 0xFE, 0x00, 0x00, 0x00, 0x03, 0xFF, 0xE0, 0x00, 0x00, 0x0F, 0xFF,
  0x80, 0x00, 0x00, 0x00, 0x7F, 0xFC, 0x00, 0x00, 0x01, 0xFF, 0xF0, 0x00,
  0x00, 0x00, 0x0F, 0xFF, 0x00, 0x00, 0x00, 0x1F, 0xFE, 0x00, 0x00, 0x00,
  0x00, 0xFF, 0xE0, 0x00, 0x00, 0x03, 0xFF, 0xC0, 0x00, 0x00, 0x7F, 0xFC,
  0x00, 0x00, 0x00, 0x3F, 0xFE, 0x3F, 0xFE, 0x00, 0x00, 0x00, 0x7F, 0xFC,
  0x3F, 0xFE, 0x00, 0x00, 0x00, 0xFF, 0xF8, 0x1F, 0xFF, 0x00, 0x00, 0x00,
  0xFF, 0xF0, 0x0F, 0xFF, 0x80, 0x00, 0x01, 0xFF, 0xF0, 0x0F, 0xFF, 0x80,
  0x00, 0x03, 0xFF, 0xE0, 0x07, 0xFF, 0xC0, 0x00, 0x03, 0xFF, 0xC0, 0x03,
  0xFF, 0xE0, 0x00, 0x07, 0xFF, 0xC0, 0x03, 0xFF, 0xE0, 0x00, 0x0F, 0xFF,
  0x80, 0x01, 0xFF, 0xF0, 0x00, 0x0F, 0xFF, 0x00, 0x00, 0xFF, 0xF8, 0x00,
  0x1F, 0xFF, 0x00, 0x00, 0xFF, 0xF8, 0x00, 0x1F, 0xFE, 0x00, 0x00, 0x7F,
  0xFC, 0x00, 0x3F, 0xFC, 0x00, 0x00, 0x3F, 0xFE, 0x00, 0x7F, 0xFC, 0x00,
  0x00, 0x3F, 0xFE, 0x00, 0x7F, 0xF8, 0x00, 0x00, 0x1F, 0xFF, 0x00, 0xFF,
  0xF0, 0x00, 0x00, 0x0F, 0xFF, 0x01, 0xFF, 0xF0, 0x00, 0x00, 0x0F, 0xFF,
  0x81, 0xFF, 0xE0, 0x00, 0x00, 0x07, 0xFF, 0xC3, 0xFF, 0xC0, 0x00, 0x00,
  0x03, 0xFF, 0xC7, 0xFF, 0xC0, 0x00, 0x00, 0x03, 0xFF, 0xE7, 0xFF, 0x80,
  0x00, 0x00, 0x01, 0xFF, 0xFF, 0xFF, 0x00, 0x00, 0x00, 0x00, 0xFF, 0xFF,
  0xFF, 0x00, 0x00, 0x00, 0x00, 0xFF, 0xFF, 0xFE, 0x00, 0x00, 0x00, 0x00,
  0x7F, 0xFF, 0xFC, 0x00, 0x00, 0x00, 0x00, 0x3F, 0xFF, 0xFC, 0x00, 0x00,
  0x00, 0x00, 0x3F, 0xFF, 0xF8, 0x00, 0x00, 0x00, 0x00, 0x1F, 0xFF, 0xF0,
  0x00, 0x00, 0x00, 0x00, 0x0F, 0xFF, 0xF0, 0x00, 0x00, 0x00, 0x00, 0x0F,
  0xFF, 0xE0, 0x00, 0x00, 0x00, 0x00, 0x07, 0xFF, 0xE0, 0x00, 0x00, 0x00,
  0x00, 0x0F, 0xFF, 0xF0, 0x00, 0x00, 0x00, 0x00, 0x1F, 0xFF, 0xF8, 0x00,
  0x00, 0x00, 0x00, 0x1F, 0xFF, 0xF8, 0x00, 0x00, 0x00, 0x00, 0x3F, 0xFF,
  0xFC, 0x00, 0x00, 0x00, 0x00, 0x7F, 0xFF, 0xFE, 0x00, 0x00, 0x00, 0x00,
  0x7F, 0xFF, 0xFE, 0x00, 0x00, 0x00, 0x00, 0xFF, 0xFF, 0xFF, 0x00, 0x00,
  0x00, 0x01, 0xFF, 0xFF, 0xFF, 0x80, 0x00, 0x00, 0x01, 0xFF, 0xEF, 0xFF,
  0x80, 0x00, 0x00, 0x03, 0xFF, 0xE7, 0xFF, 0xC0, 0x00, 0x00, 0x07, 0xFF,
  0xC3, 0xFF, 0xE0, 0x00, 0x00, 0x07, 0xFF, 0x83, 0xFF, 0xE0, 0x00, 0x00,
  0x0F, 0xFF, 0x81, 0xFF, 0xF0, 0x00, 0x00, 0x1F, 0xFF, 0x00, 0xFF, 0xF8,
  0x00, 0x00, 0x1F, 0xFE, 0x00, 0xFF, 0xF8, 0x00, 0x00, 0x3F, 0xFE, 0x00,
  0x7F, 0xFC, 0x00, 0x00, 0x7F, 0xFC, 0x00, 0x3F, 0xFE, 0x00, 0x00, 0x7F,
  0xF8, 0x00, 0x3F, 0xFE, 0x00, 0x00, 0xFF, 0xF8, 0x00, 0x1F, 0xFF, 0x00,
  0x01, 0xFF, 0xF0, 0x00, 0x1F, 0xFF, 0x80, 0x01, 0xFF, 0xE0, 0x00, 0x0F,
  0xFF, 0x80, 0x03, 0xFF, 0xE0, 0x00, 0x07, 0xFF, 0xC0, 0x07, 0xFF, 0xC0,
  0x00, 0x07, 0xFF, 0xE0, 0x07, 0xFF, 0x80, 0x00, 0x03, 0xFF, 0xE0, 0x0F,
  0xFF, 0x80, 0x00, 0x01, 0xFF, 0xF0, 0x1F, 0xFF, 0x00, 0x00, 0x01, 0xFF,
  0xF8, 0x1F, 0xFE, 0x00, 0x00, 0x00, 0xFF, 0xF8, 0x3F, 0xFE, 0x00, 0x00,
  0x00, 0x7F, 0xFC, 0x7F, 0xFC, 0x00, 0x00, 0x00, 0x7F, 0xFE, 0x7F, 0xF8,
  0x00, 0x00, 0x00, 0x3F, 0xFE, 0xFF, 0xF8, 0x00, 0x00, 0x00, 0x1F, 0xFF,
  0xFF, 0xF8, 0x00, 0x00, 0x00, 0x7F, 0xFF, 0xFF, 0xF0, 0x00, 0x00, 0x03,
  0xFF, 0xE7, 0xFF, 0xC0, 0x00, 0x00, 0x0F, 0xFF, 0x8F, 0xFF, 0x80, 0x00,
  0x00, 0x7F, 0xFC, 0x3F, 0xFE, 0x00, 0x00, 0x01, 0xFF, 0xE0, 0x7F, 0xFC,
  0x00, 0x00, 0x0F, 0xFF, 0x81, 0xFF, 0xF8, 0x00, 0x00, 0x7F, 0xFC, 0x03,
  0xFF, 0xE0, 0x00, 0x01, 0xFF, 0xF0, 0x07, 0xFF, 0xC0, 0x00, 0x0F, 0xFF,
  0x80, 0x1F, 0xFF, 0x00, 0x00, 0x3F, 0xFC, 0x00, 0x3F, 0xFE, 0x00, 0x01,
  0xFF, 0xF0, 0x00, 0x7F, 0xF8, 0x00, 0x07, 0xFF, 0x80, 0x01, 0xFF, 0xF0,
  0x00, 0x3F, 0xFC, 0x00, 0x03, 0xFF, 0xE0, 0x01, 0xFF, 0xF0, 0x00, 0x0F,
  0xFF, 0x80, 0x07, 0xFF, 0x80, 0x00, 0x1F, 0xFF, 0x00, 0x3F, 0xFE, 0x00,
  0x00, 0x3F, 0xFC, 0x00, 0xFF, 0xF0, 0x00, 0x00, 0xFF, 0xF8, 0x07, 0xFF,
  0x80, 0x00, 0x01, 0xFF, 0xF0, 0x3F, 0xFE, 0x00, 0x00, 0x03, 0xFF, 0xC0,
  0xFF, 0xF0, 0x00, 0x00, 0x0F, 0xFF, 0x87, 0xFF, 0x80, 0x00, 0x00, 0x1F,
  0xFE, 0x1F, 0xFE, 0x00, 0x00, 0x00, 0x7F, 0xFC, 0xFF, 0xF0, 0x00, 0x00,
  0x00, 0xFF, 0xF3, 0xFF, 0xC0, 0x00, 0x00, 0x01, 0xFF, 0xFF, 0xFE, 0x00,
  0x00, 0x00, 0x07, 0xFF, 0xFF, 0xF0, 0x00, 0x00, 0x00, 0x0F, 0xFF, 0xFF,
  0xC0, 0x00, 0x00, 0x00, 0x1F, 0xFF, 0xFE, 0x00, 0x00, 0x00, 0x00, 0x7F,
  0xFF, 0xF0, 0x00, 0x00, 0x00, 0x00, 0xFF, 0xFF, 0xC0, 0x00, 0x00, 0x00,
  0x03, 0xFF, 0xFE, 0x00, 0x00, 0x00, 0x00, 0x07, 0xFF, 0xF8, 0x00, 0x00,
  0x00, 0x00, 0x0F, 0xFF, 0xC0, 0x00, 0x00, 0x00, 0x00, 0x3F, 0xFE, 0x00,
  0x00, 0x00, 0x00, 0x00, 0x7F, 0xF8, 0x00, 0x00, 0x00, 0x00, 0x01, 0xFF,
  0xE0, 0x00, 0x00, 0x00, 0x00, 0x07, 0xFF, 0x80, 0x00, 0x00, 0x00, 0x00,
  0x1F, 0xFE, 0x00, 0x00, 0x00, 0x00, 0x00, 0x7F, 0xF8, 0x00, 0x00, 0x00,
  0x00, 0x01, 0xFF, 0xE0, 0x00, 0x00, 0x00, 0x00, 0x07, 0xFF, 0x80, 0x00,
  0x00, 0x00, 0x00, 0x1F, 0xFE, 0x00, 0x00, 0x00, 0x00, 0x00, 0x7F, 0xF8,
  0x00, 0x00, 0x00, 0x00, 0x01, 0xFF, 0xE0, 0x00, 0x00, 0x00, 0x00, 0x07,
  0xFF, 0x80, 0x00, 0x00, 0x00, 0x00, 0x1F, 0xFE, 0x00, 0x00, 0x00, 0x00,
  0x00, 0x7F, 0xF8, 0x00, 0x00, 0x00, 0x00, 0x01, 0xFF, 0xE0, 0x00, 0x00,
  0x00, 0x00, 0x07, 0xFF, 0x80, 0x00, 0x00, 0x00, 0x00, 0x1F, 0xFE, 0x00,
  0x00, 0x00, 0x00, 0x00, 0x7F, 0xF8, 0x00, 0x00, 0x00, 0x00, 0x01, 0xFF,
  0xE0, 0x00, 0x00, 0x00, 0x00, 0x07, 0xFF, 0x80, 0x00, 0x00, 0x00, 0x00,
  0x1F, 0xFE, 0x00, 0x00, 0x00, 0x00, 0x00, 0x7F, 0xF8, 0x00, 0x00, 0x00,
  0x00, 0x01, 0xFF, 0xE0, 0x00, 0x00, 0x00, 0x00, 0x07, 0xFF, 0x80, 0x00,
  0x00, 0x00, 0x00, 0x1F, 0xFE, 0x00, 0x00, 0x00, 0x00, 0x00, 0x7F, 0xF8,
  0x00, 0x00, 0x00, 0x00, 0x01, 0xFF, 0xE0, 0x00, 0x00, 0x00, 0x00, 0x07,
  0xFF, 0x80, 0x00, 0x00, 0x00, 0x00, 0x1F, 0xFE, 0x00, 0x00, 0x00, 0x3F,
  0xFF, 0xFF, 0xFF, 0xFF, 0xF3, 0xFF, 0xFF, 0xFF, 0xFF, 0xFF, 0x3F, 0xFF,
  0xFF, 0xFF, 0xFF, 0xF3, 0xFF, 0xFF, 0xFF, 0xFF, 0xFF, 0x3F, 0xFF, 0xFF,
  0xFF, 0xFF, 0xF3, 0xFF, 0xFF, 0xFF, 0xFF, 0xFF, 0x3F, 0xFF, 0xFF, 0xFF,
  0xFF, 0xF3, 0xFF, 0xFF, 0xFF, 0xFF, 0xFF, 0x3F, 0xFF, 0xFF, 0xFF, 0xFF,
  0xF3, 0xFF, 0xFF, 0xFF, 0xFF, 0xFF, 0x3F, 0xFF, 0xFF, 0xFF, 0xFF, 0xF0,
  0x00, 0x00, 0x00, 0x3F, 0xFE, 0x00, 0x00, 0x00, 0x07, 0xFF, 0xE0, 0x00,
  0x00, 0x00, 0xFF, 0xFC, 0x00, 0x00, 0x00, 0x1F, 0xFF, 0x80, 0x00, 0x00,
  0x01, 0xFF, 0xF0, 0x00, 0x00, 0x00, 0x3F, 0xFF, 0x00, 0x00, 0x00, 0x07,
  0xFF, 0xE0, 0x00, 0x00, 0x00, 0xFF, 0xFC, 0x00, 0x00, 0x00, 0x0F, 0xFF,
  0xC0, 0x00, 0x00, 0x01, 0xFF, 0xF8, 0x00, 0x00, 0x00, 0x3F, 0xFF, 0x00,
  0x00, 0x00, 0x07, 0xFF, 0xE0, 0x00, 0x00, 0x00, 0x7F, 0xFE, 0x00, 0x00,
  0x00, 0x0F, 0xFF, 0xC0, 0x00, 0x00, 0x01, 0xFF, 0xF8, 0x00, 0x00, 0x00,
  0x1F, 0xFF, 0x00, 0x00, 0x00, 0x03, 0xFF, 0xF0, 0x00, 0x00, 0x00, 0x7F,
  0xFE, 0x00, 0x00, 0x00, 0x0F, 0xFF, 0xC0, 0x00, 0x00, 0x00, 0xFF, 0xFC,
  0x00, 0x00, 0x00, 0x1F, 0xFF, 0x80, 0x00, 0x00, 0x03, 0xFF, 0xF0, 0x00,
  0x00, 0x00, 0x7F, 0xFE, 0x00, 0x00, 0x00, 0x07, 0xFF, 0xE0, 0x00, 0x00,
  0x00, 0xFF, 0xFC, 0x00, 0x00, 0x00, 0x1F, 0xFF, 0x80, 0x00, 0x00, 0x03,
  0xFF, 0xF0, 0x00, 0x00, 0x00, 0x3F, 0xFF, 0x00, 0x00, 0x00, 0x07, 0xFF,
  0xE0, 0x00, 0x00, 0x00, 0xFF, 0xFC, 0x00, 0x00, 0x00, 0x0F, 0xFF, 0x80,
  0x00, 0x00, 0x01, 0xFF, 0xF8, 0x00, 0x00, 0x00, 0x3F, 0xFF, 0x00, 0x00,
  0x00, 0x07, 0xFF, 0xE0, 0x00, 0x00, 0x00, 0x7F, 0xFE, 0x00, 0x00, 0x00,
  0x0F, 0xFF, 0xC0, 0x00, 0x00, 0x01, 0xFF, 0xF8, 0x00, 0x00, 0x00, 0x3F,
  0xFF, 0x00, 0x00, 0x00, 0x03, 0xFF, 0xF0, 0x00, 0x00, 0x00, 0x7F, 0xFE,
  0x00, 0x00, 0x00, 0x0F, 0xFF, 0xFF, 0xFF, 0xFF, 0xFF, 0xFF, 0xFF, 0xFF,
  0xFF, 0xFF, 0xFF, 0xFF, 0xFF, 0xFF, 0xFF, 0xFF, 0xFF, 0xFF, 0xFF, 0xFF,
  0xFF, 0xFF, 0xFF, 0xFF, 0xFF, 0xFF, 0xFF, 0xFF, 0xFF, 0xFF, 0xFF, 0xFF,
  0xFF, 0xFF, 0xFF, 0xFF, 0xFF, 0xFF, 0xFF, 0xFF, 0xFF, 0xFF, 0xFF, 0xFF,
  0xFF, 0xFF, 0xFF, 0xFF, 0xFF, 0xFF, 0xFF, 0xFF, 0xFF, 0xFF, 0xFF, 0xFF,
  0xFF, 0xFF, 0xFF, 0xFF, 0xFF, 0xFF, 0xFF, 0xFF, 0xFF, 0xFF, 0xFF, 0xFF,
  0xFF, 0xFF, 0xFF, 0xFF, 0xFF, 0xFF, 0xFF, 0xFF, 0xFF, 0xFF, 0xFF, 0xFF,
  0xFF, 0xFF, 0xFF, 0xFF, 0xFE, 0x00, 0x3F, 0xF0, 0x01, 0xFF, 0x80, 0x0F,
  0xFC, 0x00, 0x7F, 0xE0, 0x03, 0xFF, 0x00, 0x1F, 0xF8, 0x00, 0xFF, 0xC0,
  0x07, 0xFE, 0x00, 0x3F, 0xF0, 0x01, 0xFF, 0x80, 0x0F, 0xFC, 0x00, 0x7F,
  0xE0, 0x03, 0xFF, 0x00, 0x1F, 0xF8, 0x00, 0xFF, 0xC0, 0x07, 0xFE, 0x00,
  0x3F, 0xF0, 0x01, 0xFF, 0x80, 0x0F, 0xFC, 0x00, 0x7F, 0xE0, 0x03, 0xFF,
  0x00, 0x1F, 0xF8, 0x00, 0xFF, 0xC0, 0x07, 0xFE, 0x00, 0x3F, 0xF0, 0x01,
  0xFF, 0x80, 0x0F, 0xFC, 0x00, 0x7F, 0xE0, 0x03, 0xFF, 0x00, 0x1F, 0xF8,
  0x00, 0xFF, 0xC0, 0x07, 0xFE, 0x00, 0x3F, 0xF0, 0x01, 0xFF, 0x80, 0x0F,
  0xFC, 0x00, 0x7F, 0xE0, 0x03, 0xFF, 0x00, 0x1F, 0xF8, 0x00, 0xFF, 0xC0,
  0x07, 0xFE, 0x00, 0x3F, 0xF0, 0x01, 0xFF, 0x80, 0x0F, 0xFC, 0x00, 0x7F,
  0xE0, 0x03, 0xFF, 0x00, 0x1F, 0xF8, 0x00, 0xFF, 0xC0, 0x07, 0xFE, 0x00,
  0x3F, 0xF0, 0x01, 0xFF, 0x80, 0x0F, 0xFC, 0x00, 0x7F, 0xE0, 0x03, 0xFF,
  0x00, 0x1F, 0xF8, 0x00, 0xFF, 0xC0, 0x07, 0xFE, 0x00, 0x3F, 0xF0, 0x01,
  0xFF, 0x80, 0x0F, 0xFC, 0x00, 0x7F, 0xFF, 0xFF, 0xFF, 0xFF, 0xFF, 0xFF,
  0xFF, 0xFF, 0xFF, 0xFF, 0xFF, 0xFF, 0xFF, 0xFF, 0xFF, 0xFF, 0xFF, 0xFF,
  0xFF, 0xFF, 0xFF, 0xFF, 0xFF, 0xFF, 0xFF, 0xE0, 0xFF, 0xE0, 0x00, 0x00,
  0x7F, 0xE0, 0x00, 0x00, 0x7F, 0xF0, 0x00, 0x00, 0x3F, 0xF0, 0x00, 0x00,
  0x3F, 0xF0, 0x00, 0x00, 0x3F, 0xF8, 0x00, 0x00, 0x1F, 0xF8, 0x00, 0x00,
  0x1F, 0xF8, 0x00, 0x00, 0x1F, 0xFC, 0x00, 0x00, 0x0F, 0xFC, 0x00, 0x00,
  0x0F, 0xFC, 0x00, 0x00, 0x0F, 0xFE, 0x00, 0x00, 0x07, 0xFE, 0x00, 0x00,
  0x07, 0xFE, 0x00, 0x00, 0x07, 0xFF, 0x00, 0x00, 0x03, 0xFF, 0x00, 0x00,
  0x03, 0xFF, 0x00, 0x00, 0x03, 0xFF, 0x80, 0x00, 0x01, 0xFF, 0x80, 0x00,
  0x01, 0xFF, 0x80, 0x00, 0x01, 0xFF, 0xC0, 0x00, 0x00, 0xFF, 0xC0, 0x00,
  0x00, 0xFF, 0xC0, 0x00, 0x00, 0xFF, 0xE0, 0x00, 0x00, 0x7F, 0xE0, 0x00,
  0x00, 0x7F, 0xE0, 0x00, 0x00, 0x7F, 0xF0, 0x00, 0x00, 0x3F, 0xF0, 0x00,
  0x00, 0x3F, 0xF0, 0x00, 0x00, 0x3F, 0xF8, 0x00, 0x00, 0x1F, 0xF8, 0x00,
  0x00, 0x1F, 0xF8, 0x00, 0x00, 0x1F, 0xFC, 0x00, 0x00, 0x0F, 0xFC, 0x00,
  0x00, 0x0F, 0xFE, 0x00, 0x00, 0x0F, 0xFE, 0x00, 0x00, 0x07, 0xFE, 0x00,
  0x00, 0x07, 0xFF, 0x00, 0x00, 0x07, 0xFF, 0x00, 0x00, 0x03, 0xFF, 0x00,
  0x00, 0x03, 0xFF, 0x80, 0x00, 0x03, 0xFF, 0x80, 0x00, 0x01, 0xFF, 0x80,
  0x00, 0x01, 0xFF, 0xC0, 0x00, 0x01, 0xFF, 0xC0, 0x00, 0x00, 0xFF, 0xC0,
  0x00, 0x00, 0xFF, 0xE0, 0x00, 0x00, 0xFF, 0xE0, 0x00, 0x00, 0x7F, 0xE0,
  0x00, 0x00, 0x7F, 0xF0, 0x00, 0x00, 0x7F, 0xF0, 0x00, 0x00, 0x3F, 0xF0,
  0x00, 0x00, 0x3F, 0xF8, 0x00, 0x00, 0x3F, 0xF8, 0x00, 0x00, 0x1F, 0xF8,
  0x00, 0x00, 0x1F, 0xFC, 0x00, 0x00, 0x1F, 0xFC, 0x00, 0x00, 0x0F, 0xFC,
  0x00, 0x00, 0x0F, 0xFE, 0x00, 0x00, 0x0F, 0xFE, 0x00, 0x00, 0x07, 0xFE,
  0x00, 0x00, 0x07, 0xFF, 0xFF, 0xFF, 0xFF, 0xFF, 0xFF, 0xFF, 0xFF, 0xFF,
  0xFF, 0xFF, 0xFF, 0xFF, 0xFF, 0xFF, 0xFF, 0xFF, 0xFF, 0xFF, 0xFF, 0xFF,
  0xFF, 0xFF, 0xFF, 0xF8, 0x00, 0xFF, 0xC0, 0x07, 0xFE, 0x00, 0x3F, 0xF0,
  0x01, 0xFF, 0x80, 0x0F, 0xFC, 0x00, 0x7F, 0xE0, 0x03, 0xFF, 0x00, 0x1F,
  0xF8, 0x00, 0xFF, 0xC0, 0x07, 0xFE, 0x00, 0x3F, 0xF0, 0x01, 0xFF, 0x80,
  0x0F, 0xFC, 0x00, 0x7F, 0xE0, 0x03, 0xFF, 0x00, 0x1F, 0xF8, 0x00, 0xFF,
  0xC0, 0x07, 0xFE, 0x00, 0x3F, 0xF0, 0x01, 0xFF, 0x80, 0x0F, 0xFC, 0x00,
  0x7F, 0xE0, 0x03, 0xFF, 0x00, 0x1F, 0xF8, 0x00, 0xFF, 0xC0, 0x07, 0xFE,
  0x00, 0x3F, 0xF0, 0x01, 0xFF, 0x80, 0x0F, 0xFC, 0x00, 0x7F, 0xE0, 0x03,
  0xFF, 0x00, 0x1F, 0xF8, 0x00, 0xFF, 0xC0, 0x07, 0xFE, 0x00, 0x3F, 0xF0,
  0x01, 0xFF, 0x80, 0x0F, 0xFC, 0x00, 0x7F, 0xE0, 0x03, 0xFF, 0x00, 0x1F,
  0xF8, 0x00, 0xFF, 0xC0, 0x07, 0xFE, 0x00, 0x3F, 0xF0, 0x01, 0xFF, 0x80,
  0x0F, 0xFC, 0x00, 0x7F, 0xE0, 0x03, 0xFF, 0x00, 0x1F, 0xF8, 0x00, 0xFF,
  0xC0, 0x07, 0xFE, 0x00, 0x3F, 0xF0, 0x01, 0xFF, 0x80, 0x0F, 0xFC, 0x00,
  0x7F, 0xE0, 0x03, 0xFF, 0x00, 0x1F, 0xF8, 0x00, 0xFF, 0xC0, 0x07, 0xFE,
  0x00, 0x3F, 0xF0, 0x01, 0xFF, 0xFF, 0xFF, 0xFF, 0xFF, 0xFF, 0xFF, 0xFF,
  0xFF, 0xFF, 0xFF, 0xFF, 0xFF, 0xFF, 0xFF, 0xFF, 0xFF, 0xFF, 0xFF, 0xFF,
  0xFF, 0xFF, 0xFF, 0xFF, 0xFF, 0xFF, 0xFF, 0xE0, 0x00, 0x00, 0xFF, 0x80,
  0x00, 0x00, 0x00, 0x7F, 0xC0, 0x00, 0x00, 0x00, 0x7F, 0xF0, 0x00, 0x00,
  0x00, 0x7F, 0xF8, 0x00, 0x00, 0x00, 0x3F, 0xFE, 0x00, 0x00, 0x00, 0x3F,
  0xFF, 0x80, 0x00, 0x00, 0x1F, 0xFF, 0xC0, 0x00, 0x00, 0x1F, 0xFF, 0xF0,
  0x00, 0x00, 0x1F, 0xFF, 0xF8, 0x00, 0x00, 0x0F, 0xFF, 0xFE, 0x00, 0x00,
  0x0F, 0xFF, 0xFF, 0x80, 0x00, 0x07, 0xFE, 0xFF, 0xC0, 0x00, 0x07, 0xFE,
  0x3F, 0xF0, 0x00, 0x07, 0xFF, 0x1F, 0xFC, 0x00, 0x03, 0xFF, 0x07, 0xFE,
  0x00, 0x03, 0xFF, 0x03, 0xFF, 0x80, 0x03, 0xFF, 0x80, 0xFF, 0xC0, 0x01,
  0xFF, 0x80, 0x7F, 0xF0, 0x01, 0xFF, 0xC0, 0x1F, 0xFC, 0x00, 0xFF, 0xC0,
  0x07, 0xFE, 0x00, 0xFF, 0xE0, 0x03, 0xFF, 0x80, 0xFF, 0xE0, 0x00, 0xFF,
  0xC0, 0x7F, 0xF0, 0x00, 0x7F, 0xF0, 0x7F, 0xF0, 0x00, 0x1F, 0xFC, 0x3F,
  0xF0, 0x00, 0x0F, 0xFE, 0x3F, 0xF8, 0x00, 0x03, 0xFF, 0xBF, 0xF8, 0x00,
  0x01, 0xFF, 0xE0, 0xFF, 0xFF, 0xFF, 0xFF, 0xFF, 0xFF, 0xFF, 0xFF, 0xFF,
  0xFF, 0xFF, 0xFF, 0xFF, 0xFF, 0xFF, 0xFF, 0xFF, 0xFF, 0xFF, 0xFF, 0xFF,
  0xFF, 0xFF, 0xFF, 0xFF, 0xFF, 0xFF, 0xFF, 0xFF, 0xFF, 0xFF, 0xFF, 0xFF,
  0xFF, 0xFF, 0xFF, 0xFF, 0xFF, 0xFF, 0xFF, 0xFF, 0xFF, 0xFF, 0xFF, 0xE0,
  0x7F, 0xE0, 0x7F, 0xF0, 0x3F, 0xF0, 0x3F, 0xF8, 0x1F, 0xF8, 0x1F, 0xF8,
  0x0F, 0xFC, 0x07, 0xFC, 0x07, 0xFE, 0x03, 0xFE, 0x03, 0xFF, 0x01, 0xFF,
  0x01, 0xFF, 0x00, 0x00, 0x04, 0x00, 0x00, 0x00, 0x01, 0xFF, 0xFF, 0x00,
  0x00, 0x03, 0xFF, 0xFF, 0xF0, 0x00, 0x03, 0xFF, 0xFF, 0xFF, 0x00, 0x03,
  0xFF, 0xFF, 0xFF, 0xF0, 0x01, 0xFF, 0xFF, 0xFF, 0xFE, 0x01, 0xFF, 0xFF,
  0xFF, 0xFF, 0xC0, 0xFF, 0xFF, 0xFF, 0xFF, 0xF8, 0x7F, 0xFF, 0xFF, 0xFF,
  0xFE, 0x0F, 0xFF, 0x80, 0x3F, 0xFF, 0xC1, 0xFF, 0x80, 0x03, 0xFF, 0xF0,
  0x3F, 0x80, 0x00, 0x3F, 0xFE, 0x07, 0x80, 0x00, 0x07, 0xFF, 0x80, 0xC0,
  0x00, 0x01, 0xFF, 0xE0, 0x20, 0x00, 0x00, 0x3F, 0xF8, 0x00, 0x00, 0x00,
  0x0F, 0xFF, 0x00, 0x00, 0x00, 0x03, 0xFF, 0xC0, 0x00, 0x00, 0x00, 0xFF,
  0xF0, 0x00, 0x3F, 0xC0, 0x3F, 0xFC, 0x00, 0xFF, 0xFF, 0xCF, 0xFF, 0x01,
  0xFF, 0xFF, 0xFF, 0xFF, 0xC0, 0xFF, 0xFF, 0xFF, 0xFF, 0xF0, 0xFF, 0xFF,
  0xFF, 0xFF, 0xFC, 0x7F, 0xFF, 0xFF, 0xFF, 0xFF, 0x3F, 0xFF, 0xFF, 0xFF,
  0xFF, 0xCF, 0xFF, 0xE0, 0x1F, 0xFF, 0xF7, 0xFF, 0xC0, 0x00, 0xFF, 0xFD,
  0xFF, 0xE0, 0x00, 0x0F, 0xFF, 0xFF, 0xF0, 0x00, 0x03, 0xFF, 0xFF, 0xF8,
  0x00, 0x00, 0xFF, 0xFF, 0xFE, 0x00, 0x00, 0x3F, 0xFF, 0xFF, 0x80, 0x00,
  0x0F, 0xFF, 0xFF, 0xE0, 0x00, 0x07, 0xFF, 0xFF, 0xF8, 0x00, 0x01, 0xFF,
  0xFF, 0xFE, 0x00, 0x00, 0xFF, 0xFF, 0xFF, 0xC0, 0x00, 0x7F, 0xFF, 0xFF,
  0xF0, 0x00, 0x3F, 0xFF, 0xFF, 0xFF, 0x00, 0x1F, 0xFF, 0xFF, 0xFF, 0xF8,
  0x3F, 0xFF, 0xFD, 0xFF, 0xFF, 0xFF, 0xFF, 0xFF, 0x7F, 0xFF, 0xFF, 0xFF,
  0xFF, 0xCF, 0xFF, 0xFF, 0xFE, 0xFF, 0xF1, 0xFF, 0xFF, 0xFF, 0x3F, 0xFC,
  0x3F, 0xFF, 0xFF, 0x8F, 0xFF, 0x07, 0xFF, 0xFF, 0x83, 0xFF, 0xC0, 0x7F,
  0xFF, 0xC0, 0xFF, 0xF0, 0x07, 0xFF, 0x80, 0x00, 0x00, 0xFF, 0xF0, 0x00,
  0x00, 0x00, 0x01, 0xFF, 0xE0, 0x00, 0x00, 0x00, 0x03, 0xFF, 0xC0, 0x00,
  0x00, 0x00, 0x07, 0xFF, 0x80, 0x00, 0x00, 0x00, 0x0F, 0xFF, 0x00, 0x00,
  0x00, 0x00, 0x1F, 0xFE, 0x00, 0x00, 0x00, 0x00, 0x3F, 0xFC, 0x00, 0x00,
  0x00, 0x00, 0x7F, 0xF8, 0x00, 0x00, 0x00, 0x00, 0xFF, 0xF0, 0x00, 0x00,
  0x00, 0x01, 0xFF, 0xE0, 0x00, 0x00, 0x00, 0x03, 0xFF, 0xC0, 0x00, 0x00,
  0x00, 0x07, 0xFF, 0x80, 0x00, 0x00, 0x00, 0x0F, 0xFF, 0x00, 0x00, 0x00,
  0x00, 0x1F, 0xFE, 0x00, 0x00, 0x00, 0x00, 0x3F, 0xFC, 0x00, 0x00, 0x00,
  0x00, 0x7F, 0xF8, 0x00, 0x00, 0x00, 0x00, 0xFF, 0xF0, 0x00, 0x70, 0x00,
  0x01, 0xFF, 0xE0, 0x1F, 0xFF, 0x00, 0x03, 0xFF, 0xC1, 0xFF, 0xFF, 0x80,
  0x07, 0xFF, 0x87, 0xFF, 0xFF, 0xC0, 0x0F, 0xFF, 0x3F, 0xFF, 0xFF, 0xE0,
  0x1F, 0xFE, 0xFF, 0xFF, 0xFF, 0xE0, 0x3F, 0xFD, 0xFF, 0xFF, 0xFF, 0xE0,
  0x7F, 0xFF, 0xFF, 0xFF, 0xFF, 0xE0, 0xFF, 0xFF, 0xFF, 0xFF, 0xFF, 0xC1,
  0xFF, 0xFF, 0xFF, 0xFF, 0xFF, 0xC3, 0xFF, 0xFF, 0xC0, 0x7F, 0xFF, 0xC7,
  0xFF, 0xFE, 0x00, 0x3F, 0xFF, 0x8F, 0xFF, 0xF0, 0x00, 0x1F, 0xFF, 0x9F,
  0xFF, 0xC0, 0x00, 0x1F, 0xFF, 0x3F, 0xFF, 0x00, 0x00, 0x1F, 0xFE, 0x7F,
  0xFE, 0x00, 0x00, 0x3F, 0xFE, 0xFF, 0xF8, 0x00, 0x00, 0x3F, 0xFD, 0xFF,
  0xF0, 0x00, 0x00, 0x7F, 0xFB, 0xFF, 0xC0, 0x00, 0x00, 0x7F, 0xF7, 0xFF,
  0x80, 0x00, 0x00, 0xFF, 0xFF, 0xFF, 0x00, 0x00, 0x01, 0xFF, 0xFF, 0xFE,
  0x00, 0x00, 0x01, 0xFF, 0xFF, 0xF8, 0x00, 0x00, 0x03, 0xFF, 0xFF, 0xF0,
  0x00, 0x00, 0x07, 0xFF, 0xFF, 0xE0, 0x00, 0x00, 0x0F, 0xFF, 0xFF, 0xC0,
  0x00, 0x00, 0x1F, 0xFF, 0xFF, 0xC0, 0x00, 0x00, 0x7F, 0xFF, 0xFF, 0x80,
  0x00, 0x00, 0xFF, 0xFF, 0xFF, 0x00, 0x00, 0x01, 0xFF, 0xFF, 0xFE, 0x00,
  0x00, 0x03, 0xFF, 0xBF, 0xFE, 0x00, 0x00, 0x0F, 0xFF, 0x7F, 0xFC, 0x00,
  0x00, 0x1F, 0xFE, 0xFF, 0xFC, 0x00, 0x00, 0x7F, 0xFD, 0xFF, 0xFC, 0x00,
  0x01, 0xFF, 0xF3, 0xFF, 0xFC, 0x00, 0x03, 0xFF, 0xE7, 0xFF, 0xFC, 0x00,
  0x1F, 0xFF, 0x8F, 0xFF, 0xFC, 0x00, 0x7F, 0xFF, 0x1F, 0xFF, 0xFF, 0x07,
  0xFF, 0xFC, 0x3F, 0xFF, 0xFF, 0xFF, 0xFF, 0xF8, 0x7F, 0xFF, 0xFF, 0xFF,
  0xFF, 0xE0, 0xFF, 0xEF, 0xFF, 0xFF, 0xFF, 0x81, 0xFF, 0xDF, 0xFF, 0xFF,
  0xFE, 0x03, 0xFF, 0x9F, 0xFF, 0xFF, 0xF8, 0x07, 0xFF, 0x0F, 0xFF, 0xFF,
  0xE0, 0x0F, 0xFE, 0x0F, 0xFF, 0xFF, 0x80, 0x1F, 0xFC, 0x07, 0xFF, 0xFC,
  0x00, 0x00, 0x00, 0x03, 0xFF, 0xE0, 0x00, 0x00, 0x00, 0x00, 0x07, 0x80,
  0x00, 0x00, 0x00, 0x1F, 0xFF, 0xE0, 0x00, 0x00, 0x0F, 0xFF, 0xFF, 0x80,
  0x00, 0x01, 0xFF, 0xFF, 0xFE, 0x00, 0x00, 0x7F, 0xFF, 0xFF, 0xF8, 0x00,
  0x0F, 0xFF, 0xFF, 0xFF, 0xC0, 0x01, 0xFF, 0xFF, 0xFF, 0xFE, 0x00, 0x3F,
  0xFF, 0xFF, 0xFF, 0xF0, 0x07, 0xFF, 0xFF, 0xFF, 0xFF, 0x00, 0xFF, 0xFF,
  0xFF, 0xFF, 0xF8, 0x1F, 0xFF, 0xF0, 0x3F, 0xFF, 0xC1, 0xFF, 0xF8, 0x00,
  0x7F, 0xFC, 0x3F, 0xFF, 0x00, 0x03, 0xFF, 0xE3, 0xFF, 0xE0, 0x00, 0x1F,
  0xFE, 0x7F, 0xFC, 0x00, 0x00, 0xFF, 0x87, 0xFF, 0x80, 0x00, 0x07, 0xC0,
  0x7F, 0xF0, 0x00, 0x00, 0x70, 0x0F, 0xFF, 0x00, 0x00, 0x00, 0x00, 0xFF,
  0xF0, 0x00, 0x00, 0x00, 0x0F, 0xFE, 0x00, 0x00, 0x00, 0x00, 0xFF, 0xE0,
  0x00, 0x00, 0x00, 0x0F, 0xFE, 0x00, 0x00, 0x00, 0x00, 0xFF, 0xE0, 0x00,
  0x00, 0x00, 0x0F, 0xFE, 0x00, 0x00, 0x00, 0x00, 0xFF, 0xE0, 0x00, 0x00,
  0x00, 0x0F, 0xFE, 0x00, 0x00, 0x00, 0x00, 0xFF, 0xE0, 0x00, 0x00, 0x00,
  0x0F, 0xFE, 0x00, 0x00, 0x00, 0x00, 0xFF, 0xE0, 0x00, 0x00, 0x00, 0x0F,
  0xFF, 0x00, 0x00, 0x00, 0x00, 0xFF, 0xF0, 0x00, 0x00, 0x40, 0x07, 0xFF,
  0x80, 0x00, 0x07, 0x80, 0x7F, 0xF8, 0x00, 0x00, 0x7F, 0x07, 0xFF, 0xC0,
  0x00, 0x0F, 0xFF, 0x3F, 0xFE, 0x00, 0x01, 0xFF, 0xE3, 0xFF, 0xF0, 0x00,
  0x3F, 0xFE, 0x1F, 0xFF, 0xC0, 0x07, 0xFF, 0xC1, 0xFF, 0xFF, 0x87, 0xFF,
  0xFC, 0x0F, 0xFF, 0xFF, 0xFF, 0xFF, 0x80, 0x7F, 0xFF, 0xFF, 0xFF, 0xF0,
  0x03, 0xFF, 0xFF, 0xFF, 0xFF, 0x00, 0x1F, 0xFF, 0xFF, 0xFF, 0xE0, 0x00,
  0xFF, 0xFF, 0xFF, 0xFC, 0x00, 0x07, 0xFF, 0xFF, 0xFF, 0x00, 0x00, 0x1F,
  0xFF, 0xFF, 0xE0, 0x00, 0x00, 0x7F, 0xFF, 0xF8, 0x00, 0x00, 0x00, 0xFF,
  0xFC, 0x00, 0x00, 0x00, 0x00, 0x00, 0x00, 0x1F, 0xFC, 0x00, 0x00, 0x00,
  0x00, 0x7F, 0xF0, 0x00, 0x00, 0x00, 0x01, 0xFF, 0xC0, 0x00, 0x00, 0x00,
  0x07, 0xFF, 0x00, 0x00, 0x00, 0x00, 0x1F, 0xFC, 0x00, 0x00, 0x00, 0x00,
  0x7F, 0xF0, 0x00, 0x00, 0x00, 0x01, 0xFF, 0xC0, 0x00, 0x00, 0x00, 0x07,
  0xFF, 0x00, 0x00, 0x00, 0x00, 0x1F, 0xFC, 0x00, 0x00, 0x00, 0x00, 0x7F,
  0xF0, 0x00, 0x00, 0x00, 0x01, 0xFF, 0xC0, 0x00, 0x00, 0x00, 0x07, 0xFF,
  0x00, 0x00, 0x00, 0x00, 0x1F, 0xFC, 0x00, 0x00, 0x00, 0x00, 0x7F, 0xF0,
  0x00, 0x00, 0x00, 0x01, 0xFF, 0xC0, 0x00, 0x00, 0x00, 0x07, 0xFF, 0x00,
  0x00, 0x0A, 0x00, 0x1F, 0xFC, 0x00, 0x0F, 0xFF, 0x80, 0x7F, 0xF0, 0x00,
  0xFF, 0xFF, 0x81, 0xFF, 0xC0, 0x0F, 0xFF, 0xFF, 0x87, 0xFF, 0x00, 0xFF,
  0xFF, 0xFF, 0x1F, 0xFC, 0x07, 0xFF, 0xFF, 0xFE, 0x7F, 0xF0, 0x3F, 0xFF,
  0xFF, 0xFD, 0xFF, 0xC1, 0xFF, 0xFF, 0xFF, 0xFF, 0xFF, 0x0F, 0xFF, 0xFF,
  0xFF, 0xFF, 0xFC, 0x3F, 0xFF, 0xFF, 0xFF, 0xFF, 0xF1, 0xFF, 0xFF, 0x03,
  0xFF, 0xFF, 0xCF, 0xFF, 0xE0, 0x03, 0xFF, 0xFF, 0x3F, 0xFF, 0x00, 0x03,
  0xFF, 0xFC, 0xFF, 0xF8, 0x00, 0x07, 0xFF, 0xF7, 0xFF, 0xC0, 0x00, 0x0F,
  0xFF, 0xDF, 0xFE, 0x00, 0x00, 0x1F, 0xFF, 0x7F, 0xF0, 0x00, 0x00, 0x7F,
  0xFF, 0xFF, 0xC0, 0x00, 0x00, 0xFF, 0xFF, 0xFF, 0x00, 0x00, 0x03, 0xFF,
  0xFF, 0xF8, 0x00, 0x00, 0x07, 0xFF, 0xFF, 0xE0, 0x00, 0x00, 0x1F, 0xFF,
  0xFF, 0x80, 0x00, 0x00, 0x7F, 0xFF, 0xFE, 0x00, 0x00, 0x01, 0xFF, 0xFF,
  0xF8, 0x00, 0x00, 0x07, 0xFF, 0xFF, 0xE0, 0x00, 0x00, 0x1F, 0xFF, 0xFF,
  0x80, 0x00, 0x00, 0x7F, 0xFF, 0xFE, 0x00, 0x00, 0x01, 0xFF, 0xFF, 0xF8,
  0x00, 0x00, 0x07, 0xFF, 0xFF, 0xE0, 0x00, 0x00, 0x1F, 0xFF, 0xFF, 0xC0,
  0x00, 0x00, 0xFF, 0xFF, 0xFF, 0x00, 0x00, 0x03, 0xFF, 0xDF, 0xFE, 0x00,
  0x00, 0x1F, 0xFF, 0x7F, 0xF8, 0x00, 0x00, 0x7F, 0xFD, 0xFF, 0xF0, 0x00,
  0x03, 0xFF, 0xF7, 0xFF, 0xE0, 0x00, 0x1F, 0xFF, 0xCF, 0xFF, 0xC0, 0x00,
  0xFF, 0xFF, 0x3F, 0xFF, 0xC0, 0x0F, 0xFF, 0xFC, 0x7F, 0xFF, 0xC0, 0xFF,
  0xFF, 0xF0, 0xFF, 0xFF, 0xFF, 0xFF, 0xFF, 0xC3, 0xFF, 0xFF, 0xFF, 0xFF,
  0xFF, 0x07, 0xFF, 0xFF, 0xFF, 0xFF, 0xFC, 0x0F, 0xFF, 0xFF, 0xFF, 0x7F,
  0xF0, 0x1F, 0xFF, 0xFF, 0xF9, 0xFF, 0xC0, 0x3F, 0xFF, 0xFF, 0xC7, 0xFF,
  0x00, 0x3F, 0xFF, 0xFE, 0x1F, 0xFC, 0x00, 0x7F, 0xFF, 0xE0, 0x7F, 0xF0,
  0x00, 0x3F, 0xFE, 0x00, 0x00, 0x00, 0x00, 0x00, 0x02, 0x00, 0x00, 0x00,
  0x00, 0x1F, 0xFF, 0xC0, 0x00, 0x00, 0x0F, 0xFF, 0xFF, 0x00, 0x00, 0x01,
  0xFF, 0xFF, 0xFC, 0x00, 0x00, 0x7F, 0xFF, 0xFF, 0xF0, 0x00, 0x0F, 0xFF,
  0xFF, 0xFF, 0x80, 0x01, 0xFF, 0xFF, 0xFF, 0xFC, 0x00, 0x3F, 0xFF, 0xFF,
  0xFF, 0xE0, 0x07, 0xFF, 0xFF, 0xFF, 0xFF, 0x00, 0xFF, 0xFF, 0xFF, 0xFF,
  0xF0, 0x1F, 0xFF, 0xC0, 0x1F, 0xFF, 0x81, 0xFF, 0xF0, 0x00, 0x7F, 0xFC,
  0x3F, 0xFE, 0x00, 0x03, 0xFF, 0xC3, 0xFF, 0xC0, 0x00, 0x1F, 0xFC, 0x7F,
  0xF8, 0x00, 0x00, 0xFF, 0xE7, 0xFF, 0x80, 0x00, 0x0F, 0xFE, 0x7F, 0xF0,
  0x00, 0x00, 0x7F, 0xEF, 0xFF, 0x00, 0x00, 0x07, 0xFF, 0xFF, 0xE0, 0x00,
  0x00, 0x7F, 0xFF, 0xFF, 0xFF, 0xFF, 0xFF, 0xFF, 0xFF, 0xFF, 0xFF, 0xFF,
  0xFF, 0xFF, 0xFF, 0xFF, 0xFF, 0xFF, 0xFF, 0xFF, 0xFF, 0xFF, 0xFF, 0xFF,
  0xFF, 0xFF, 0xFF, 0xFF, 0xFF, 0xFF, 0xFF, 0xFF, 0xFF, 0xFF, 0xFF, 0xFF,
  0xFF, 0xFF, 0xFF, 0xFF, 0xFF, 0xFF, 0xFF, 0xFF, 0xFF, 0xFF, 0xFF, 0xFE,
  0x00, 0x00, 0x00, 0x00, 0xFF, 0xE0, 0x00, 0x00, 0x00, 0x0F, 0xFF, 0x00,
  0x00, 0x00, 0x00, 0xFF, 0xF0, 0x00, 0x00, 0x00, 0x07, 0xFF, 0x00, 0x00,
  0x00, 0x00, 0x7F, 0xF8, 0x00, 0x00, 0x08, 0x07, 0xFF, 0xC0, 0x00, 0x01,
  0xC0, 0x3F, 0xFC, 0x00, 0x00, 0x3E, 0x03, 0xFF, 0xE0, 0x00, 0x07, 0xF8,
  0x1F, 0xFF, 0x80, 0x00, 0xFF, 0xC1, 0xFF, 0xFC, 0x00, 0x3F, 0xFE, 0x0F,
  0xFF, 0xFC, 0x3F, 0xFF, 0xC0, 0x7F, 0xFF, 0xFF, 0xFF, 0xF8, 0x03, 0xFF,
  0xFF, 0xFF, 0xFF, 0x00, 0x1F, 0xFF, 0xFF, 0xFF, 0xE0, 0x00, 0xFF, 0xFF,
  0xFF, 0xFC, 0x00, 0x07, 0xFF, 0xFF, 0xFF, 0x80, 0x00, 0x3F, 0xFF, 0xFF,
  0xE0, 0x00, 0x00, 0xFF, 0xFF, 0xF8, 0x00, 0x00, 0x01, 0xFF, 0xFC, 0x00,
  0x00, 0x00, 0x00, 0x3F, 0xF8, 0x00, 0x07, 0xFF, 0xF0, 0x00, 0x7F, 0xFF,
  0xC0, 0x03, 0xFF, 0xFF, 0x00, 0x1F, 0xFF, 0xFC, 0x00, 0xFF, 0xFF, 0xF0,
  0x07, 0xFF, 0xFF, 0xC0, 0x1F, 0xFF, 0xFF, 0x00, 0xFF, 0xFF, 0xFC, 0x03,
  0xFF, 0xF8, 0x30, 0x0F, 0xFF, 0x80, 0x00, 0x3F, 0xFC, 0x00, 0x01, 0xFF,
  0xE0, 0x00, 0x07, 0xFF, 0x80, 0x00, 0x1F, 0xFE, 0x00, 0x00, 0x7F, 0xF8,
  0x00, 0x01, 0xFF, 0xE0, 0x00, 0x07, 0xFF, 0x80, 0x00, 0x1F, 0xFE, 0x00,
  0x3F, 0xFF, 0xFF, 0xFE, 0xFF, 0xFF, 0xFF, 0xFB, 0xFF, 0xFF, 0xFF, 0xEF,
  0xFF, 0xFF, 0xFF, 0xBF, 0xFF, 0xFF, 0xFE, 0xFF, 0xFF, 0xFF, 0xFB, 0xFF,
  0xFF, 0xFF, 0xEF, 0xFF, 0xFF, 0xFF, 0xBF, 0xFF, 0xFF, 0xFE, 0x01, 0xFF,
  0xE0, 0x00, 0x07, 0xFF, 0x80, 0x00, 0x1F, 0xFE, 0x00, 0x00, 0x7F, 0xF8,
  0x00, 0x01, 0xFF, 0xE0, 0x00, 0x07, 0xFF, 0x80, 0x00, 0x1F, 0xFE, 0x00,
  0x00, 0x7F, 0xF8, 0x00, 0x01, 0xFF, 0xE0, 0x00, 0x07, 0xFF, 0x80, 0x00,
  0x1F, 0xFE, 0x00, 0x00, 0x7F, 0xF8, 0x00, 0x01, 0xFF, 0xE0, 0x00, 0x07,
  0xFF, 0x80, 0x00, 0x1F, 0xFE, 0x00, 0x00, 0x7F, 0xF8, 0x00, 0x01, 0xFF,
  0xE0, 0x00, 0x07, 0xFF, 0x80, 0x00, 0x1F, 0xFE, 0x00, 0x00, 0x7F, 0xF8,
  0x00, 0x01, 0xFF, 0xE0, 0x00, 0x07, 0xFF, 0x80, 0x00, 0x1F, 0xFE, 0x00,
  0x00, 0x7F, 0xF8, 0x00, 0x01, 0xFF, 0xE0, 0x00, 0x07, 0xFF, 0x80, 0x00,
  0x1F, 0xFE, 0x00, 0x00, 0x7F, 0xF8, 0x00, 0x01, 0xFF, 0xE0, 0x00, 0x07,
  0xFF, 0x80, 0x00, 0x1F, 0xFE, 0x00, 0x00, 0x7F, 0xF8, 0x00, 0x01, 0xFF,
  0xE0, 0x00, 0x07, 0xFF, 0x80, 0x00, 0x1F, 0xFE, 0x00, 0x00, 0x00, 0x03,
  0xFF, 0xE0, 0x00, 0x00, 0x00, 0x3F, 0xFF, 0xE0, 0x7F, 0xF0, 0x03, 0xFF,
  0xFF, 0xE1, 0xFF, 0xC0, 0x3F, 0xFF, 0xFF, 0xC7, 0xFF, 0x01, 0xFF, 0xFF,
  0xFF, 0x9F, 0xFC, 0x0F, 0xFF, 0xFF, 0xFF, 0x7F, 0xF0, 0x7F, 0xFF, 0xFF,
  0xFF, 0xFF, 0xC3, 0xFF, 0xFF, 0xFF, 0xFF, 0xFF, 0x0F, 0xFF, 0xFF, 0xFF,
  0xFF, 0xFC, 0x7F, 0xFF, 0xC1, 0xFF, 0xFF, 0xF3, 0xFF, 0xF8, 0x00, 0xFF,
  0xFF, 0xCF, 0xFF, 0xC0, 0x00, 0xFF, 0xFF, 0x7F, 0xFE, 0x00, 0x01, 0xFF,
  0xFD, 0xFF, 0xF0, 0x00, 0x03, 0xFF, 0xF7, 0xFF, 0x80, 0x00, 0x07, 0xFF,
  0xDF, 0xFC, 0x00, 0x00, 0x1F, 0xFF, 0xFF, 0xF0, 0x00, 0x00, 0x3F, 0xFF,
  0xFF, 0xC0, 0x00, 0x00, 0xFF, 0xFF, 0xFE, 0x00, 0x00, 0x03, 0xFF, 0xFF,
  0xF8, 0x00, 0x00, 0x0F, 0xFF, 0xFF, 0xE0, 0x00, 0x00, 0x3F, 0xFF, 0xFF,
  0x80, 0x00, 0x00, 0x7F, 0xFF, 0xFE, 0x00, 0x00, 0x01, 0xFF, 0xFF, 0xF8,
  0x00, 0x00, 0x07, 0xFF, 0xFF, 0xE0, 0x00, 0x00, 0x3F, 0xFF, 0xFF, 0x80,
  0x00, 0x00, 0xFF, 0xFF, 0xFE, 0x00, 0x00, 0x03, 0xFF, 0xFF, 0xFC, 0x00,
  0x00, 0x0F, 0xFF, 0xFF, 0xF0, 0x00, 0x00, 0x7F, 0xFF, 0xFF, 0xE0, 0x00,
  0x01, 0xFF, 0xF7, 0xFF, 0x80, 0x00, 0x0F, 0xFF, 0xDF, 0xFF, 0x00, 0x00,
  0x7F, 0xFF, 0x7F, 0xFE, 0x00, 0x01, 0xFF, 0xFC, 0xFF, 0xFC, 0x00, 0x1F,
  0xFF, 0xF3, 0xFF, 0xFC, 0x01, 0xFF, 0xFF, 0xC7, 0xFF, 0xFF, 0xFF, 0xFF,
  0xFF, 0x1F, 0xFF, 0xFF, 0xFF, 0xFF, 0xFC, 0x3F, 0xFF, 0xFF, 0xFF, 0xFF,
  0xF0, 0x7F, 0xFF, 0xFF, 0xFF, 0xFF, 0xC0, 0xFF, 0xFF, 0xFF, 0xF7, 0xFF,
  0x01, 0xFF, 0xFF, 0xFF, 0x9F, 0xFC, 0x03, 0xFF, 0xFF, 0xFC, 0x7F, 0xE0,
  0x03, 0xFF, 0xFF, 0xC1, 0xFF, 0x80, 0x07, 0xFF, 0xFE, 0x07, 0xFE, 0x00,
  0x03, 0xFF, 0xC0, 0x3F, 0xF8, 0x00, 0x00, 0x00, 0x00, 0xFF, 0xE0, 0x00,
  0x00, 0x00, 0x03, 0xFF, 0x80, 0x00, 0x00, 0x00, 0x0F, 0xFE, 0x00, 0x20,
  0x00, 0x00, 0x3F, 0xF8, 0x03, 0xC0, 0x00, 0x01, 0xFF, 0xC0, 0x3F, 0x00,
  0x00, 0x07, 0xFF, 0x07, 0xFE, 0x00, 0x00, 0x3F, 0xFC, 0x3F, 0xFC, 0x00,
  0x01, 0xFF, 0xE0, 0xFF, 0xF8, 0x00, 0x0F, 0xFF, 0x81, 0xFF, 0xF8, 0x00,
  0xFF, 0xFE, 0x03, 0xFF, 0xFC, 0x1F, 0xFF, 0xF0, 0x0F, 0xFF, 0xFF, 0xFF,
  0xFF, 0x80, 0x1F, 0xFF, 0xFF, 0xFF, 0xFE, 0x00, 0x3F, 0xFF, 0xFF, 0xFF,
  0xF0, 0x00, 0x7F, 0xFF, 0xFF, 0xFF, 0x80, 0x00, 0xFF, 0xFF, 0xFF, 0xFC,
  0x00, 0x01, 0xFF, 0xFF, 0xFF, 0xE0, 0x00, 0x01, 0xFF, 0xFF, 0xFE, 0x00,
  0x00, 0x01, 0xFF, 0xFF, 0xE0, 0x00, 0x00, 0x00, 0xFF, 0xF8, 0x00, 0x00,
  0xFF, 0xF0, 0x00, 0x00, 0x00, 0x3F, 0xFC, 0x00, 0x00, 0x00, 0x0F, 0xFF,
  0x00, 0x00, 0x00, 0x03, 0xFF, 0xC0, 0x00, 0x00, 0x00, 0xFF, 0xF0, 0x00,
  0x00, 0x00, 0x3F, 0xFC, 0x00, 0x00, 0x00, 0x0F, 0xFF, 0x00, 0x00, 0x00,
  0x03, 0xFF, 0xC0, 0x00, 0x00, 0x00, 0xFF, 0xF0, 0x00, 0x00, 0x00, 0x3F,
  0xFC, 0x00, 0x00, 0x00, 0x0F, 0xFF, 0x00, 0x00, 0x00, 0x03, 0xFF, 0xC0,
  0x00, 0x00, 0x00, 0xFF, 0xF0, 0x00, 0x00, 0x00, 0x3F, 0xFC, 0x00, 0x00,
  0x00, 0x0F, 0xFF, 0x00, 0x00, 0x00, 0x03, 0xFF, 0xC0, 0x00, 0x00, 0x00,
  0xFF, 0xF0, 0x00, 0xF0, 0x00, 0x3F, 0xFC, 0x03, 0xFF, 0xE0, 0x0F, 0xFF,
  0x03, 0xFF, 0xFE, 0x03, 0xFF, 0xC3, 0xFF, 0xFF, 0xC0, 0xFF, 0xF1, 0xFF,
  0xFF, 0xF8, 0x3F, 0xFC, 0xFF, 0xFF, 0xFF, 0x0F, 0xFF, 0x7F, 0xFF, 0xFF,
  0xE3, 0xFF, 0xFF, 0xFF, 0xFF, 0xFC, 0xFF, 0xFF, 0xFF, 0xFF, 0xFF, 0x3F,
  0xFF, 0xFF, 0xFF, 0xFF, 0xEF, 0xFF, 0xFC, 0x03, 0xFF, 0xFB, 0xFF, 0xFE,
  0x00, 0x7F, 0xFE, 0xFF, 0xFE, 0x00, 0x0F, 0xFF, 0xFF, 0xFF, 0x00, 0x01,
  0xFF, 0xFF, 0xFF, 0xC0, 0x00, 0x3F, 0xFF, 0xFF, 0xE0, 0x00, 0x0F, 0xFF,
  0xFF, 0xF8, 0x00, 0x03, 0xFF, 0xFF, 0xFC, 0x00, 0x00, 0xFF, 0xFF, 0xFF,
  0x00, 0x00, 0x1F, 0xFF, 0xFF, 0xC0, 0x00, 0x07, 0xFF, 0xFF, 0xF0, 0x00,
  0x01, 0xFF, 0xFF, 0xFC, 0x00, 0x00, 0x7F, 0xFF, 0xFF, 0x00, 0x00, 0x1F,
  0xFF, 0xFF, 0xC0, 0x00, 0x07, 0xFF, 0xFF, 0xF0, 0x00, 0x01, 0xFF, 0xFF,
  0xFC, 0x00, 0x00, 0x7F, 0xFF, 0xFF, 0x00, 0x00, 0x1F, 0xFF, 0xFF, 0xC0,
  0x00, 0x07, 0xFF, 0xFF, 0xF0, 0x00, 0x01, 0xFF, 0xFF, 0xFC, 0x00, 0x00,
  0x7F, 0xFF, 0xFF, 0x00, 0x00, 0x1F, 0xFF, 0xFF, 0xC0, 0x00, 0x07, 0xFF,
  0xFF, 0xF0, 0x00, 0x01, 0xFF, 0xFF, 0xFC, 0x00, 0x00, 0x7F, 0xFF, 0xFF,
  0x00, 0x00, 0x1F, 0xFF, 0xFF, 0xC0, 0x00, 0x07, 0xFF, 0xFF, 0xF0, 0x00,
  0x01, 0xFF, 0xFF, 0xFC, 0x00, 0x00, 0x7F, 0xFF, 0xFF, 0x00, 0x00, 0x1F,
  0xFF, 0xFF, 0xC0, 0x00, 0x07, 0xFF, 0xFF, 0xF0, 0x00, 0x01, 0xFF, 0xFF,
  0xFC, 0x00, 0x00, 0x7F, 0xFF, 0xFF, 0x00, 0x00, 0x1F, 0xFF, 0xFF, 0xC0,
  0x00, 0x07, 0xFF, 0xFF, 0xF0, 0x00, 0x01, 0xFF, 0xFF, 0xFC, 0x00, 0x00,
  0x7F, 0xF0, 0x1F, 0x81, 0xFF, 0x1F, 0xFD, 0xFF, 0xEF, 0xFF, 0xFF, 0xFF,
  0xFF, 0xFF, 0xFF, 0xFF, 0xFF, 0xFF, 0x9F, 0xFC, 0x7F, 0xC1, 0xF8, 0x00,
  0x00, 0x00, 0x00, 0x00, 0x00, 0x00, 0x00, 0x00, 0x00, 0x00, 0x00, 0x00,
  0x3F, 0xF9, 0xFF, 0xCF, 0xFE, 0x7F, 0xF3, 0xFF, 0x9F, 0xFC, 0xFF, 0xE7,
  0xFF, 0x3F, 0xF9, 0xFF, 0xCF, 0xFE, 0x7F, 0xF3, 0xFF, 0x9F, 0xFC, 0xFF,
  0xE7, 0xFF, 0x3F, 0xF9, 0xFF, 0xCF, 0xFE, 0x7F, 0xF3, 0xFF, 0x9F, 0xFC,
  0xFF, 0xE7, 0xFF, 0x3F, 0xF9, 0xFF, 0xCF, 0xFE, 0x7F, 0xF3, 0xFF, 0x9F,
  0xFC, 0xFF, 0xE7, 0xFF, 0x3F, 0xF9, 0xFF, 0xCF, 0xFE, 0x7F, 0xF3, 0xFF,
  0x9F, 0xFC, 0xFF, 0xE7, 0xFF, 0x3F, 0xF9, 0xFF, 0xCF, 0xFE, 0x7F, 0xF0,
  0x00, 0x03, 0xF0, 0x00, 0x07, 0xFC, 0x00, 0x0F, 0xFE, 0x00, 0x1F, 0xFE,
  0x00, 0x1F, 0xFF, 0x00, 0x1F, 0xFF, 0x00, 0x1F, 0xFF, 0x00, 0x1F, 0xFF,
  0x00, 0x1F, 0xFF, 0x00, 0x1F, 0xFE, 0x00, 0x0F, 0xFE, 0x00, 0x07, 0xFC,
  0x00, 0x03, 0xF0, 0x00, 0x00, 0x00, 0x00, 0x00, 0x00, 0x00, 0x00, 0x00,
  0x00, 0x00, 0x00, 0x00, 0x00, 0x00, 0x00, 0x00, 0x00, 0x00, 0x00, 0x00,
  0x00, 0x00, 0x00, 0x00, 0x0F, 0xFE, 0x00, 0x0F, 0xFE, 0x00, 0x0F, 0xFE,
  0x00, 0x0F, 0xFE, 0x00, 0x0F, 0xFE, 0x00, 0x0F, 0xFE, 0x00, 0x0F, 0xFE,
  0x00, 0x0F, 0xFE, 0x00, 0x0F, 0xFE, 0x00, 0x0F, 0xFE, 0x00, 0x0F, 0xFE,
  0x00, 0x0F, 0xFE, 0x00, 0x0F, 0xFE, 0x00, 0x0F, 0xFE, 0x00, 0x0F, 0xFE,
  0x00, 0x0F, 0xFE, 0x00, 0x0F, 0xFE, 0x00, 0x0F, 0xFE, 0x00, 0x0F, 0xFE,
  0x00, 0x0F, 0xFE, 0x00, 0x0F, 0xFE, 0x00, 0x0F, 0xFE, 0x00, 0x0F, 0xFE,
  0x00, 0x0F, 0xFE, 0x00, 0x0F, 0xFE, 0x00, 0x0F, 0xFE, 0x00, 0x0F, 0xFE,
  0x00, 0x0F, 0xFE, 0x00, 0x0F, 0xFE, 0x00, 0x0F, 0xFE, 0x00, 0x0F, 0xFE,
  0x00, 0x0F, 0xFE, 0x00, 0x0F, 0xFE, 0x00, 0x0F, 0xFE, 0x00, 0x0F, 0xFE,
  0x00, 0x0F, 0xFE, 0x00, 0x0F, 0xFE, 0x00, 0x0F, 0xFE, 0x00, 0x0F, 0xFE,
  0x00, 0x0F, 0xFE, 0x00, 0x0F, 0xFE, 0x00, 0x0F, 0xFE, 0x00, 0x0F, 0xFE,
  0x00, 0x0F, 0xFE, 0x00, 0x0F, 0xFE, 0x00, 0x0F, 0xFE, 0x00, 0x0F, 0xFE,
  0x00, 0x0F, 0xFE, 0x00, 0x0F, 0xFE, 0x00, 0x0F, 0xFE, 0x00, 0x1F, 0xFE,
  0x00, 0x1F, 0xFE, 0x00, 0x3F, 0xFE, 0x80, 0x7F, 0xFE, 0xFF, 0xFF, 0xFC,
  0xFF, 0xFF, 0xFC, 0xFF, 0xFF, 0xFC, 0xFF, 0xFF, 0xF8, 0xFF, 0xFF, 0xF0,
  0xFF, 0xFF, 0xE0, 0xFF, 0xFF, 0xC0, 0xFF, 0xFF, 0x80, 0xFF, 0xFE, 0x00,
  0x3F, 0xF8, 0x00, 0xFF, 0xF0, 0x00, 0x00, 0x00, 0x0F, 0xFF, 0x00, 0x00,
  0x00, 0x00, 0xFF, 0xF0, 0x00, 0x00, 0x00, 0x0F, 0xFF, 0x00, 0x00, 0x00,
  0x00, 0xFF, 0xF0, 0x00, 0x00, 0x00, 0x0F, 0xFF, 0x00, 0x00, 0x00, 0x00,
  0xFF, 0xF0, 0x00, 0x00, 0x00, 0x0F, 0xFF, 0x00, 0x00, 0x00, 0x00, 0xFF,
  0xF0, 0x00, 0x00, 0x00, 0x0F, 0xFF, 0x00, 0x00, 0x00, 0x00, 0xFF, 0xF0,
  0x00, 0x00, 0x00, 0x0F, 0xFF, 0x00, 0x00, 0x00, 0x00, 0xFF, 0xF0, 0x00,
  0x00, 0x00, 0x0F, 0xFF, 0x00, 0x00, 0x00, 0x00, 0xFF, 0xF0, 0x00, 0x00,
  0x00, 0x0F, 0xFF, 0x00, 0x00, 0x00, 0x00, 0xFF, 0xF0, 0x00, 0x00, 0x00,
  0x0F, 0xFF, 0x00, 0x00, 0x00, 0x00, 0xFF, 0xF0, 0x00, 0x0F, 0xFF, 0xEF,
  0xFF, 0x00, 0x01, 0xFF, 0xFC, 0xFF, 0xF0, 0x00, 0x3F, 0xFF, 0x8F, 0xFF,
  0x00, 0x07, 0xFF, 0xF0, 0xFF, 0xF0, 0x00, 0xFF, 0xFE, 0x0F, 0xFF, 0x00,
  0x0F, 0xFF, 0xC0, 0xFF, 0xF0, 0x01, 0xFF, 0xF8, 0x0F, 0xFF, 0x00, 0x3F,
  0xFF, 0x00, 0xFF, 0xF0, 0x07, 0xFF, 0xE0, 0x0F, 0xFF, 0x00, 0xFF, 0xFC,
  0x00, 0xFF, 0xF0, 0x1F, 0xFF, 0x80, 0x0F, 0xFF, 0x03, 0xFF, 0xF0, 0x00,
  0xFF, 0xF0, 0x7F, 0xFE, 0x00, 0x0F, 0xFF, 0x0F, 0xFF, 0xC0, 0x00, 0xFF,
  0xF1, 0xFF, 0xF8, 0x00, 0x0F, 0xFF, 0x3F, 0xFF, 0x00, 0x00, 0xFF, 0xF7,
  0xFF, 0xE0, 0x00, 0x0F, 0xFF, 0xFF, 0xFE, 0x00, 0x00, 0xFF, 0xFF, 0xFF,
  0xE0, 0x00, 0x0F, 0xFF, 0xFF, 0xFF, 0x00, 0x00, 0xFF, 0xFF, 0xFF, 0xF8,
  0x00, 0x0F, 0xFF, 0xFF, 0xFF, 0x80, 0x00, 0xFF, 0xFF, 0xFF, 0xFC, 0x00,
  0x0F, 0xFF, 0xFF, 0xFF, 0xC0, 0x00, 0xFF, 0xFF, 0xFF, 0xFE, 0x00, 0x0F,
  0xFF, 0xFD, 0xFF, 0xF0, 0x00, 0xFF, 0xFF, 0x9F, 0xFF, 0x00, 0x0F, 0xFF,
  0xF0, 0xFF, 0xF8, 0x00, 0xFF, 0xFE, 0x0F, 0xFF, 0xC0, 0x0F, 0xFF, 0xC0,
  0x7F, 0xFC, 0x00, 0xFF, 0xF8, 0x03, 0xFF, 0xE0, 0x0F, 0xFF, 0x00, 0x3F,
  0xFF, 0x00, 0xFF, 0xF0, 0x01, 0xFF, 0xF0, 0x0F, 0xFF, 0x00, 0x1F, 0xFF,
  0x80, 0xFF, 0xF0, 0x00, 0xFF, 0xFC, 0x0F, 0xFF, 0x00, 0x07, 0xFF, 0xC0,
  0xFF, 0xF0, 0x00, 0x7F, 0xFE, 0x0F, 0xFF, 0x00, 0x03, 0xFF, 0xF0, 0xFF,
  0xF0, 0x00, 0x1F, 0xFF, 0x0F, 0xFF, 0x00, 0x01, 0xFF, 0xF8, 0xFF, 0xF0,
  0x00, 0x0F, 0xFF, 0xCF, 0xFF, 0x00, 0x00, 0xFF, 0xFC, 0xFF, 0xF0, 0x00,
  0x07, 0xFF, 0xEF, 0xFF, 0x00, 0x00, 0x3F, 0xFF, 0xFF, 0xFF, 0xFF, 0xFF,
  0xFF, 0xFF, 0xFF, 0xFF, 0xFF, 0xFF, 0xFF, 0xFF, 0xFF, 0xFF, 0xFF, 0xFF,
  0xFF, 0xFF, 0xFF, 0xFF, 0xFF, 0xFF, 0xFF, 0xFF, 0xFF, 0xFF, 0xFF, 0xFF,
  0xFF, 0xFF, 0xFF, 0xFF, 0xFF, 0xFF, 0xFF, 0xFF, 0xFF, 0xFF, 0xFF, 0xFF,
  0xFF, 0xFF, 0xFF, 0xFF, 0xFF, 0xFF, 0xFF, 0xFF, 0xFF, 0xFF, 0xFF, 0xFF,
  0xFF, 0xFF, 0xFF, 0xFF, 0xFF, 0xFF, 0xFF, 0xFF, 0xFF, 0xFF, 0xFF, 0xFF,
  0xFF, 0xFF, 0xFF, 0xFF, 0xFF, 0xFF, 0xFF, 0xFF, 0xFF, 0xFF, 0xFF, 0xFF,
  0xFF, 0xFF, 0xFF, 0xFF, 0xFF, 0xFF, 0xFF, 0xFF, 0xFF, 0xFF, 0xFF, 0xFF,
  0xFF, 0xFF, 0xFF, 0xFF, 0xFF, 0x00, 0x00, 0x01, 0xF0, 0x00, 0x00, 0x0F,
  0x00, 0x00, 0x00, 0x00, 0x7F, 0xFC, 0x00, 0x03, 0xFF, 0xE0, 0x0F, 0xFE,
  0x07, 0xFF, 0xFC, 0x00, 0x7F, 0xFF, 0xE0, 0x3F, 0xF8, 0x3F, 0xFF, 0xF8,
  0x03, 0xFF, 0xFF, 0xE0, 0xFF, 0xE3, 0xFF, 0xFF, 0xF0, 0x3F, 0xFF, 0xFF,
  0xC3, 0xFF, 0x9F, 0xFF, 0xFF, 0xE1, 0xFF, 0xFF, 0xFF, 0x0F, 0xFE, 0x7F,
  0xFF, 0xFF, 0xC7, 0xFF, 0xFF, 0xFE, 0x3F, 0xFB, 0xFF, 0xFF, 0xFF, 0xBF,
  0xFF, 0xFF, 0xFC, 0xFF, 0xFF, 0xFF, 0xFF, 0xFF, 0xFF, 0xFF, 0xFF, 0xF3,
  0xFF, 0xFF, 0xFF, 0xFF, 0xFF, 0xFF, 0xFF, 0xFF, 0xEF, 0xFF, 0xFC, 0x07,
  0xFF, 0xFF, 0xE0, 0x3F, 0xFF, 0xBF, 0xFF, 0xC0, 0x0F, 0xFF, 0xFE, 0x00,
  0x3F, 0xFE, 0xFF, 0xFE, 0x00, 0x1F, 0xFF, 0xF0, 0x00, 0x7F, 0xFF, 0xFF,
  0xF0, 0x00, 0x3F, 0xFF, 0x80, 0x01, 0xFF, 0xFF, 0xFF, 0x80, 0x00, 0x7F,
  0xFE, 0x00, 0x03, 0xFF, 0xFF, 0xFE, 0x00, 0x01, 0xFF, 0xF0, 0x00, 0x0F,
  0xFF, 0xFF, 0xF8, 0x00, 0x07, 0xFF, 0xC0, 0x00, 0x3F, 0xFF, 0xFF, 0xC0,
  0x00, 0x1F, 0xFE, 0x00, 0x00, 0x7F, 0xFF, 0xFF, 0x00, 0x00, 0x7F, 0xF8,
  0x00, 0x01, 0xFF, 0xFF, 0xFC, 0x00, 0x01, 0xFF, 0xE0, 0x00, 0x07, 0xFF,
  0xFF, 0xF0, 0x00, 0x07, 0xFF, 0x80, 0x00, 0x1F, 0xFF, 0xFF, 0xC0, 0x00,
  0x1F, 0xFE, 0x00, 0x00, 0x7F, 0xFF, 0xFF, 0x00, 0x00, 0x7F, 0xF8, 0x00,
  0x01, 0xFF, 0xFF, 0xFC, 0x00, 0x01, 0xFF, 0xE0, 0x00, 0x07, 0xFF, 0xFF,
  0xF0, 0x00, 0x07, 0xFF, 0x80, 0x00, 0x1F, 0xFF, 0xFF, 0xC0, 0x00, 0x1F,
  0xFE, 0x00, 0x00, 0x7F, 0xFF, 0xFF, 0x00, 0x00, 0x7F, 0xF8, 0x00, 0x01,
  0xFF, 0xFF, 0xFC, 0x00, 0x01, 0xFF, 0xE0, 0x00, 0x07, 0xFF, 0xFF, 0xF0,
  0x00, 0x07, 0xFF, 0x80, 0x00, 0x1F, 0xFF, 0xFF, 0xC0, 0x00, 0x1F, 0xFE,
  0x00, 0x00, 0x7F, 0xFF, 0xFF, 0x00, 0x00, 0x7F, 0xF8, 0x00, 0x01, 0xFF,
  0xFF, 0xFC, 0x00, 0x01, 0xFF, 0xE0, 0x00, 0x07, 0xFF, 0xFF, 0xF0, 0x00,
  0x07, 0xFF, 0x80, 0x00, 0x1F, 0xFF, 0xFF, 0xC0, 0x00, 0x1F, 0xFE, 0x00,
  0x00, 0x7F, 0xFF, 0xFF, 0x00, 0x00, 0x7F, 0xF8, 0x00, 0x01, 0xFF, 0xFF,
  0xFC, 0x00, 0x01, 0xFF, 0xE0, 0x00, 0x07, 0xFF, 0xFF, 0xF0, 0x00, 0x07,
  0xFF, 0x80, 0x00, 0x1F, 0xFF, 0xFF, 0xC0, 0x00, 0x1F, 0xFE, 0x00, 0x00,
  0x7F, 0xFF, 0xFF, 0x00, 0x00, 0x7F, 0xF8, 0x00, 0x01, 0xFF, 0xFF, 0xFC,
  0x00, 0x01, 0xFF, 0xE0, 0x00, 0x07, 0xFF, 0xFF, 0xF0, 0x00, 0x07, 0xFF,
  0x80, 0x00, 0x1F, 0xFF, 0xFF, 0xC0, 0x00, 0x1F, 0xFE, 0x00, 0x00, 0x7F,
  0xFF, 0xFF, 0x00, 0x00, 0x7F, 0xF8, 0x00, 0x01, 0xFF, 0xFF, 0xFC, 0x00,
  0x01, 0xFF, 0xE0, 0x00, 0x07, 0xFF, 0xFF, 0xF0, 0x00, 0x07, 0xFF, 0x80,
  0x00, 0x1F, 0xFF, 0xFF, 0xC0, 0x00, 0x1F, 0xFE, 0x00, 0x00, 0x7F, 0xF0,
  0x00, 0x00, 0x00, 0xF8, 0x00, 0x00, 0x00, 0x03, 0xFF, 0xE0, 0x0F, 0xFE,
  0x03, 0xFF, 0xFE, 0x03, 0xFF, 0x83, 0xFF, 0xFF, 0xC0, 0xFF, 0xE1, 0xFF,
  0xFF, 0xF8, 0x3F, 0xF8, 0xFF, 0xFF, 0xFF, 0x0F, 0xFE, 0x7F, 0xFF, 0xFF,
  0xE3, 0xFF, 0xBF, 0xFF, 0xFF, 0xFC, 0xFF, 0xFF, 0xFF, 0xFF, 0xFF, 0x3F,
  0xFF, 0xFF, 0xFF, 0xFF, 0xEF, 0xFF, 0xFC, 0x07, 0xFF, 0xFB, 0xFF, 0xFC,
  0x00, 0x7F, 0xFE, 0xFF, 0xFE, 0x00, 0x0F, 0xFF, 0xFF, 0xFF, 0x00, 0x01,
  0xFF, 0xFF, 0xFF, 0xC0, 0x00, 0x3F, 0xFF, 0xFF, 0xE0, 0x00, 0x0F, 0xFF,
  0xFF, 0xF8, 0x00, 0x03, 0xFF, 0xFF, 0xFC, 0x00, 0x00, 0xFF, 0xFF, 0xFF,
  0x00, 0x00, 0x1F, 0xFF, 0xFF, 0xC0, 0x00, 0x07, 0xFF, 0xFF, 0xF0, 0x00,
  0x01, 0xFF, 0xFF, 0xFC, 0x00, 0x00, 0x7F, 0xFF, 0xFF, 0x00, 0x00, 0x1F,
  0xFF, 0xFF, 0xC0, 0x00, 0x07, 0xFF, 0xFF, 0xF0, 0x00, 0x01, 0xFF, 0xFF,
  0xFC, 0x00, 0x00, 0x7F, 0xFF, 0xFF, 0x00, 0x00, 0x1F, 0xFF, 0xFF, 0xC0,
  0x00, 0x07, 0xFF, 0xFF, 0xF0, 0x00, 0x01, 0xFF, 0xFF, 0xFC, 0x00, 0x00,
  0x7F, 0xFF, 0xFF, 0x00, 0x00, 0x1F, 0xFF, 0xFF, 0xC0, 0x00, 0x07, 0xFF,
  0xFF, 0xF0, 0x00, 0x01, 0xFF, 0xFF, 0xFC, 0x00, 0x00, 0x7F, 0xFF, 0xFF,
  0x00, 0x00, 0x1F, 0xFF, 0xFF, 0xC0, 0x00, 0x07, 0xFF, 0xFF, 0xF0, 0x00,
  0x01, 0xFF, 0xFF, 0xFC, 0x00, 0x00, 0x7F, 0xFF, 0xFF, 0x00, 0x00, 0x1F,
  0xFF, 0xFF, 0xC0, 0x00, 0x07, 0xFF, 0xFF, 0xF0, 0x00, 0x01, 0xFF, 0xFF,
  0xFC, 0x00, 0x00, 0x7F, 0xFF, 0xFF, 0x00, 0x00, 0x1F, 0xFF, 0xFF, 0xC0,
  0x00, 0x07, 0xFF, 0xFF, 0xF0, 0x00, 0x01, 0xFF, 0xFF, 0xFC, 0x00, 0x00,
  0x7F, 0xF0, 0x00, 0x00, 0x03, 0x80, 0x00, 0x00, 0x00, 0x03, 0xFF, 0xFC,
  0x00, 0x00, 0x00, 0x1F, 0xFF, 0xFF, 0x00, 0x00, 0x00, 0xFF, 0xFF, 0xFF,
  0x80, 0x00, 0x07, 0xFF, 0xFF, 0xFF, 0x80, 0x00, 0x1F, 0xFF, 0xFF, 0xFF,
  0xC0, 0x00, 0x7F, 0xFF, 0xFF, 0xFF, 0xC0, 0x01, 0xFF, 0xFF, 0xFF, 0xFF,
  0xC0, 0x07, 0xFF, 0xFF, 0xFF, 0xFF, 0xC0, 0x1F, 0xFF, 0xFF, 0xFF, 0xFF,
  0xC0, 0x7F, 0xFF, 0xC0, 0x7F, 0xFF, 0x80, 0xFF, 0xFC, 0x00, 0x3F, 0xFF,
  0x83, 0xFF, 0xF0, 0x00, 0x1F, 0xFF, 0x87, 0xFF, 0xC0, 0x00, 0x1F, 0xFF,
  0x1F, 0xFF, 0x00, 0x00, 0x1F, 0xFE, 0x3F, 0xFC, 0x00, 0x00, 0x1F, 0xFE,
  0x7F, 0xF8, 0x00, 0x00, 0x3F, 0xFD, 0xFF, 0xE0, 0x00, 0x00, 0x3F, 0xFB,
  0xFF, 0xC0, 0x00, 0x00, 0x7F, 0xFF, 0xFF, 0x00, 0x00, 0x00, 0xFF, 0xFF,
  0xFE, 0x00, 0x00, 0x00, 0xFF, 0xFF, 0xFC, 0x00, 0x00, 0x01, 0xFF, 0xFF,
  0xF8, 0x00, 0x00, 0x03, 0xFF, 0xFF, 0xF0, 0x00, 0x00, 0x07, 0xFF, 0xFF,
  0xE0, 0x00, 0x00, 0x0F, 0xFF, 0xFF, 0xC0, 0x00, 0x00, 0x1F, 0xFF, 0xFF,
  0x80, 0x00, 0x00, 0x3F, 0xFF, 0xFF, 0x00, 0x00, 0x00, 0x7F, 0xFF, 0xFE,
  0x00, 0x00, 0x01, 0xFF, 0xFF, 0xFE, 0x00, 0x00, 0x03, 0xFF, 0xFF, 0xFC,
  0x00, 0x00, 0x07, 0xFF, 0x3F, 0xFC, 0x00, 0x00, 0x1F, 0xFE, 0x7F, 0xF8,
  0x00, 0x00, 0x7F, 0xFC, 0xFF, 0xF8, 0x00, 0x00, 0xFF, 0xF0, 0xFF, 0xF8,
  0x00, 0x03, 0xFF, 0xE1, 0xFF, 0xF8, 0x00, 0x0F, 0xFF, 0x81, 0xFF, 0xFC,
  0x00, 0x7F, 0xFF, 0x01, 0xFF, 0xFF, 0x07, 0xFF, 0xFC, 0x03, 0xFF, 0xFF,
  0xFF, 0xFF, 0xF0, 0x03, 0xFF, 0xFF, 0xFF, 0xFF, 0xE0, 0x03, 0xFF, 0xFF,
  0xFF, 0xFF, 0x80, 0x03, 0xFF, 0xFF, 0xFF, 0xFE, 0x00, 0x03, 0xFF, 0xFF,
  0xFF, 0xF8, 0x00, 0x01, 0xFF, 0xFF, 0xFF, 0xC0, 0x00, 0x01, 0xFF, 0xFF,
  0xFF, 0x00, 0x00, 0x00, 0xFF, 0xFF, 0xF8, 0x00, 0x00, 0x00, 0x3F, 0xFF,
  0x80, 0x00, 0x00, 0x00, 0x00, 0x00, 0xF0, 0x00, 0x00, 0x00, 0x00, 0x3F,
  0xFF, 0x00, 0x03, 0xFF, 0x81, 0xFF, 0xFF, 0x80, 0x07, 0xFF, 0x0F, 0xFF,
  0xFF, 0xC0, 0x0F, 0xFE, 0x3F, 0xFF, 0xFF, 0xE0, 0x1F, 0xFC, 0xFF, 0xFF,
  0xFF, 0xE0, 0x3F, 0xFB, 0xFF, 0xFF, 0xFF, 0xE0, 0x7F, 0xFF, 0xFF, 0xFF,
  0xFF, 0xE0, 0xFF, 0xFF, 0xFF, 0xFF, 0xFF, 0xC1, 0xFF, 0xFF, 0xFF, 0xFF,
  0xFF, 0xC3, 0xFF, 0xFF, 0xC0, 0x7F, 0xFF, 0xC7, 0xFF, 0xFE, 0x00, 0x3F,
  0xFF, 0x8F, 0xFF, 0xF0, 0x00, 0x1F, 0xFF, 0x9F, 0xFF, 0xC0, 0x00, 0x1F,
  0xFF, 0x3F, 0xFF, 0x00, 0x00, 0x1F, 0xFE, 0x7F, 0xFE, 0x00, 0x00, 0x3F,
  0xFE, 0xFF, 0xF8, 0x00, 0x00, 0x3F, 0xFD, 0xFF, 0xF0, 0x00, 0x00, 0x7F,
  0xFB, 0xFF, 0xC0, 0x00, 0x00, 0x7F, 0xF7, 0xFF, 0x80, 0x00, 0x00, 0xFF,
  0xFF, 0xFF, 0x00, 0x00, 0x01, 0xFF, 0xFF, 0xFE, 0x00, 0x00, 0x01, 0xFF,
  0xFF, 0xF8, 0x00, 0x00, 0x03, 0xFF, 0xFF, 0xF0, 0x00, 0x00, 0x07, 0xFF,
  0xFF, 0xE0, 0x00, 0x00, 0x0F, 0xFF, 0xFF, 0xC0, 0x00, 0x00, 0x1F, 0xFF,
  0xFF, 0xC0, 0x00, 0x00, 0x7F, 0xFF, 0xFF, 0x80, 0x00, 0x00, 0xFF, 0xFF,
  0xFF, 0x00, 0x00, 0x01, 0xFF, 0xFF, 0xFE, 0x00, 0x00, 0x03, 0xFF, 0xBF,
  0xFE, 0x00, 0x00, 0x0F, 0xFF, 0x7F, 0xFC, 0x00, 0x00, 0x1F, 0xFE, 0xFF,
  0xFC, 0x00, 0x00, 0x7F, 0xFD, 0xFF, 0xFC, 0x00, 0x01, 0xFF, 0xF3, 0xFF,
  0xFC, 0x00, 0x03, 0xFF, 0xE7, 0xFF, 0xFC, 0x00, 0x1F, 0xFF, 0x8F, 0xFF,
  0xFC, 0x00, 0x7F, 0xFF, 0x1F, 0xFF, 0xFF, 0x07, 0xFF, 0xFC, 0x3F, 0xFF,
  0xFF, 0xFF, 0xFF, 0xF8, 0x7F, 0xFF, 0xFF, 0xFF, 0xFF, 0xE0, 0xFF, 0xFF,
  0xFF, 0xFF, 0xFF, 0x81, 0xFF, 0xFF, 0xFF, 0xFF, 0xFE, 0x03, 0xFF, 0xDF,
  0xFF, 0xFF, 0xF8, 0x07, 0xFF, 0x9F, 0xFF, 0xFF, 0xE0, 0x0F, 0xFF, 0x0F,
  0xFF, 0xFF, 0x80, 0x1F, 0xFE, 0x0F, 0xFF, 0xFC, 0x00, 0x3F, 0xFC, 0x03,
  0xFF, 0xE0, 0x00, 0x7F, 0xF8, 0x00, 0x00, 0x00, 0x00, 0xFF, 0xF0, 0x00,
  0x00, 0x00, 0x01, 0xFF, 0xE0, 0x00, 0x00, 0x00, 0x03, 0xFF, 0xC0, 0x00,
  0x00, 0x00, 0x07, 0xFF, 0x80, 0x00, 0x00, 0x00, 0x0F, 0xFF, 0x00, 0x00,
  0x00, 0x00, 0x1F, 0xFE, 0x00, 0x00, 0x00, 0x00, 0x3F, 0xFC, 0x00, 0x00,
  0x00, 0x00, 0x7F, 0xF8, 0x00, 0x00, 0x00, 0x00, 0xFF, 0xF0, 0x00, 0x00,
  0x00, 0x01, 0xFF, 0xE0, 0x00, 0x00, 0x00, 0x03, 0xFF, 0xC0, 0x00, 0x00,
  0x00, 0x07, 0xFF, 0x80, 0x00, 0x00, 0x00, 0x0F, 0xFF, 0x00, 0x00, 0x00,
  0x00, 0x1F, 0xFE, 0x00, 0x00, 0x00, 0x00, 0x3F, 0xFC, 0x00, 0x00, 0x00,
  0x00, 0x7F, 0xF8, 0x00, 0x00, 0x00, 0x00, 0xFF, 0xF0, 0x00, 0x00, 0x00,
  0x00, 0x00, 0x00, 0x1C, 0x00, 0x00, 0x00, 0x00, 0x0F, 0xFF, 0x80, 0x00,
  0x00, 0x01, 0xFF, 0xFF, 0x81, 0xFF, 0xC0, 0x0F, 0xFF, 0xFF, 0x87, 0xFF,
  0x00, 0xFF, 0xFF, 0xFF, 0x1F, 0xFC, 0x07, 0xFF, 0xFF, 0xFE, 0x7F, 0xF0,
  0x3F, 0xFF, 0xFF, 0xFD, 0xFF, 0xC1, 0xFF, 0xFF, 0xFF, 0xFF, 0xFF, 0x0F,
  0xFF, 0xFF, 0xFF, 0xFF, 0xFC, 0x3F, 0xFF, 0xFF, 0xFF, 0xFF, 0xF1, 0xFF,
  0xFF, 0x03, 0xFF, 0xFF, 0xCF, 0xFF, 0xE0, 0x01, 0xFF, 0xFF, 0x3F, 0xFF,
  0x00, 0x03, 0xFF, 0xFD, 0xFF, 0xF8, 0x00, 0x07, 0xFF, 0xF7, 0xFF, 0xC0,
  0x00, 0x0F, 0xFF, 0xDF, 0xFE, 0x00, 0x00, 0x1F, 0xFF, 0x7F, 0xF0, 0x00,
  0x00, 0x7F, 0xFF, 0xFF, 0xC0, 0x00, 0x00, 0xFF, 0xFF, 0xFF, 0x00, 0x00,
  0x03, 0xFF, 0xFF, 0xF8, 0x00, 0x00, 0x07, 0xFF, 0xFF, 0xE0, 0x00, 0x00,
  0x1F, 0xFF, 0xFF, 0x80, 0x00, 0x00, 0x7F, 0xFF, 0xFE, 0x00, 0x00, 0x01,
  0xFF, 0xFF, 0xF8, 0x00, 0x00, 0x07, 0xFF, 0xFF, 0xE0, 0x00, 0x00, 0x1F,
  0xFF, 0xFF, 0x80, 0x00, 0x00, 0x7F, 0xFF, 0xFE, 0x00, 0x00, 0x01, 0xFF,
  0xFF, 0xF8, 0x00, 0x00, 0x07, 0xFF, 0xFF, 0xE0, 0x00, 0x00, 0x1F, 0xFF,
  0xFF, 0xC0, 0x00, 0x00, 0xFF, 0xFF, 0xFF, 0x00, 0x00, 0x03, 0xFF, 0xDF,
  0xFE, 0x00, 0x00, 0x1F, 0xFF, 0x7F, 0xF8, 0x00, 0x00, 0x7F, 0xFD, 0xFF,
  0xF0, 0x00, 0x03, 0xFF, 0xF7, 0xFF, 0xE0, 0x00, 0x1F, 0xFF, 0xCF, 0xFF,
  0xC0, 0x00, 0xFF, 0xFF, 0x3F, 0xFF, 0xC0, 0x07, 0xFF, 0xFC, 0x7F, 0xFF,
  0xE0, 0xFF, 0xFF, 0xF0, 0xFF, 0xFF, 0xFF, 0xFF, 0xFF, 0xC3, 0xFF, 0xFF,
  0xFF, 0xFF, 0xFF, 0x07, 0xFF, 0xFF, 0xFF, 0xFF, 0xFC, 0x0F, 0xFF, 0xFF,
  0xFF, 0x7F, 0xF0, 0x1F, 0xFF, 0xFF, 0xF9, 0xFF, 0xC0, 0x3F, 0xFF, 0xFF,
  0xC7, 0xFF, 0x00, 0x3F, 0xFF, 0xFE, 0x1F, 0xFC, 0x00, 0x7F, 0xFF, 0xE0,
  0x7F, 0xF0, 0x00, 0x3F, 0xFE, 0x01, 0xFF, 0xC0, 0x00, 0x00, 0x00, 0x07,
  0xFF, 0x00, 0x00, 0x00, 0x00, 0x1F, 0xFC, 0x00, 0x00, 0x00, 0x00, 0x7F,
  0xF0, 0x00, 0x00, 0x00, 0x01, 0xFF, 0xC0, 0x00, 0x00, 0x00, 0x07, 0xFF,
  0x00, 0x00, 0x00, 0x00, 0x1F, 0xFC, 0x00, 0x00, 0x00, 0x00, 0x7F, 0xF0,
  0x00, 0x00, 0x00, 0x01, 0xFF, 0xC0, 0x00, 0x00, 0x00, 0x07, 0xFF, 0x00,
  0x00, 0x00, 0x00, 0x1F, 0xFC, 0x00, 0x00, 0x00, 0x00, 0x7F, 0xF0, 0x00,
  0x00, 0x00, 0x01, 0xFF, 0xC0, 0x00, 0x00, 0x00, 0x07, 0xFF, 0x00, 0x00,
  0x00, 0x00, 0x1F, 0xFC, 0x00, 0x00, 0x00, 0x00, 0x7F, 0xF0, 0x00, 0x00,
  0x00, 0x01, 0xFF, 0xC0, 0x00, 0x00, 0x00, 0x07, 0xFF, 0x00, 0x00, 0x00,
  0x00, 0x1F, 0xFC, 0x00, 0x00, 0x03, 0x80, 0x00, 0x01, 0xFF, 0xFF, 0xF8,
  0x1F, 0xFF, 0xFF, 0xC3, 0xFF, 0xFF, 0xFE, 0x3F, 0xFF, 0xFF, 0xF3, 0xFF,
  0xFF, 0xFF, 0xBF, 0xFF, 0xFF, 0xFD, 0xFF, 0xFF, 0xFF, 0xEF, 0xFF, 0xFF,
  0xFF, 0xFF, 0xFF, 0xFF, 0xFF, 0xFF, 0xFF, 0xFF, 0xFF, 0xC0, 0x3F, 0xFF,
  0xF8, 0x00, 0x7F, 0xFF, 0x00, 0x03, 0xFF, 0xF0, 0x00, 0x1F, 0xFF, 0x80,
  0x00, 0xFF, 0xF8, 0x00, 0x07, 0xFF, 0xC0, 0x00, 0x3F, 0xFC, 0x00, 0x01,
  0xFF, 0xE0, 0x00, 0x0F, 0xFF, 0x00, 0x00, 0x7F, 0xF8, 0x00, 0x03, 0xFF,
  0xC0, 0x00, 0x1F, 0xFE, 0x00, 0x00, 0xFF, 0xF0, 0x00, 0x07, 0xFF, 0x80,
  0x00, 0x3F, 0xFC, 0x00, 0x01, 0xFF, 0xE0, 0x00, 0x0F, 0xFF, 0x00, 0x00,
  0x7F, 0xF8, 0x00, 0x03, 0xFF, 0xC0, 0x00, 0x1F, 0xFE, 0x00, 0x00, 0xFF,
  0xF0, 0x00, 0x07, 0xFF, 0x80, 0x00, 0x3F, 0xFC, 0x00, 0x01, 0xFF, 0xE0,
  0x00, 0x0F, 0xFF, 0x00, 0x00, 0x7F, 0xF8, 0x00, 0x03, 0xFF, 0xC0, 0x00,
  0x1F, 0xFE, 0x00, 0x00, 0xFF, 0xF0, 0x00, 0x07, 0xFF, 0x80, 0x00, 0x3F,
  0xFC, 0x00, 0x01, 0xFF, 0xE0, 0x00, 0x0F, 0xFF, 0x00, 0x00, 0x7F, 0xF8,
  0x00, 0x00, 0x00, 0x00, 0x7E, 0x00, 0x00, 0x00, 0x1F, 0xFF, 0xE0, 0x00,
  0x01, 0xFF, 0xFF, 0xF0, 0x00, 0x0F, 0xFF, 0xFF, 0xF8, 0x00, 0x3F, 0xFF,
  0xFF, 0xFC, 0x00, 0xFF, 0xFF, 0xFF, 0xFC, 0x03, 0xFF, 0xFF, 0xFF, 0xFC,
  0x0F, 0xFF, 0xFF, 0xFF, 0xFC, 0x1F, 0xFF, 0xFF, 0xFF, 0xFC, 0x7F, 0xFE,
  0x03, 0xFF, 0xF0, 0xFF, 0xF0, 0x00, 0xFF, 0xC1, 0xFF, 0xC0, 0x00, 0x7E,
  0x07, 0xFF, 0x00, 0x00, 0x78, 0x0F, 0xFE, 0x00, 0x00, 0x60, 0x1F, 0xFC,
  0x00, 0x00, 0x00, 0x1F, 0xFC, 0x00, 0x00, 0x00, 0x3F, 0xFC, 0x00, 0x00,
  0x00, 0x7F, 0xFE, 0x00, 0x00, 0x00, 0xFF, 0xFF, 0x80, 0x00, 0x00, 0xFF,
  0xFF, 0xF0, 0x00, 0x00, 0xFF, 0xFF, 0xFE, 0x00, 0x01, 0xFF, 0xFF, 0xFF,
  0x80, 0x00, 0xFF, 0xFF, 0xFF, 0xC0, 0x00, 0xFF, 0xFF, 0xFF, 0xC0, 0x00,
  0x7F, 0xFF, 0xFF, 0xE0, 0x00, 0x3F, 0xFF, 0xFF, 0xE0, 0x00, 0x0F, 0xFF,
  0xFF, 0xE0, 0x00, 0x03, 0xFF, 0xFF, 0xC0, 0x00, 0x00, 0x7F, 0xFF, 0xC0,
  0x00, 0x00, 0x1F, 0xFF, 0x80, 0x00, 0x00, 0x0F, 0xFF, 0x00, 0x00, 0x00,
  0x0F, 0xFF, 0x03, 0x00, 0x00, 0x0F, 0xFE, 0x1F, 0x00, 0x00, 0x1F, 0xFC,
  0x7E, 0x00, 0x00, 0x3F, 0xF9, 0xFF, 0x00, 0x00, 0x7F, 0xFF, 0xFF, 0x00,
  0x01, 0xFF, 0xDF, 0xFF, 0x80, 0x07, 0xFF, 0x9F, 0xFF, 0xF8, 0xFF, 0xFF,
  0x3F, 0xFF, 0xFF, 0xFF, 0xFC, 0x3F, 0xFF, 0xFF, 0xFF, 0xF8, 0x3F, 0xFF,
  0xFF, 0xFF, 0xE0, 0x3F, 0xFF, 0xFF, 0xFF, 0x80, 0x1F, 0xFF, 0xFF, 0xFE,
  0x00, 0x1F, 0xFF, 0xFF, 0xF0, 0x00, 0x0F, 0xFF, 0xFF, 0x80, 0x00, 0x03,
  0xFF, 0xFC, 0x00, 0x00, 0x01, 0xFF, 0xC0, 0x00, 0x0F, 0xFE, 0x00, 0x00,
  0x7F, 0xF0, 0x00, 0x03, 0xFF, 0x80, 0x00, 0x1F, 0xFC, 0x00, 0x00, 0xFF,
  0xE0, 0x00, 0x07, 0xFF, 0x00, 0x00, 0x3F, 0xF8, 0x00, 0x01, 0xFF, 0xC0,
  0x00, 0x0F, 0xFE, 0x00, 0x00, 0x7F, 0xF0, 0x00, 0x03, 0xFF, 0x80, 0x0F,
  0xFF, 0xFF, 0xFF, 0xFF, 0xFF, 0xFF, 0xFF, 0xFF, 0xFF, 0xFF, 0xFF, 0xFF,
  0xFF, 0xFF, 0xFF, 0xFF, 0xFF, 0xFF, 0xFF, 0xFF, 0xFF, 0xFF, 0xFF, 0xFF,
  0xFF, 0xFF, 0xFF, 0xFF, 0xFF, 0xFF, 0xFF, 0xFF, 0x80, 0xFF, 0xE0, 0x00,
  0x07, 0xFF, 0x00, 0x00, 0x3F, 0xF8, 0x00, 0x01, 0xFF, 0xC0, 0x00, 0x0F,
  0xFE, 0x00, 0x00, 0x7F, 0xF0, 0x00, 0x03, 0xFF, 0x80, 0x00, 0x1F, 0xFC,
  0x00, 0x00, 0xFF, 0xE0, 0x00, 0x07, 0xFF, 0x00, 0x00, 0x3F, 0xF8, 0x00,
  0x01, 0xFF, 0xC0, 0x00, 0x0F, 0xFE, 0x00, 0x00, 0x7F, 0xF0, 0x00, 0x03,
  0xFF, 0x80, 0x00, 0x1F, 0xFC, 0x00, 0x00, 0xFF, 0xE0, 0x00, 0x07, 0xFF,
  0x00, 0x00, 0x3F, 0xF8, 0x00, 0x01, 0xFF, 0xC0, 0x00, 0x0F, 0xFE, 0x00,
  0x00, 0x7F, 0xF0, 0x00, 0x03, 0xFF, 0x80, 0x00, 0x1F, 0xFE, 0x00, 0x00,
  0xFF, 0xF0, 0x00, 0x07, 0xFF, 0xC0, 0x00, 0x3F, 0xFF, 0x03, 0x00, 0xFF,
  0xFF, 0xF8, 0x07, 0xFF, 0xFF, 0xC0, 0x3F, 0xFF, 0xFE, 0x00, 0xFF, 0xFF,
  0xF0, 0x03, 0xFF, 0xFF, 0x80, 0x1F, 0xFF, 0xFC, 0x00, 0x7F, 0xFF, 0xE0,
  0x00, 0xFF, 0xFF, 0x00, 0x01, 0xFF, 0xF0, 0xFF, 0xE0, 0x00, 0x03, 0xFF,
  0xFF, 0xF8, 0x00, 0x00, 0xFF, 0xFF, 0xFE, 0x00, 0x00, 0x3F, 0xFF, 0xFF,
  0x80, 0x00, 0x0F, 0xFF, 0xFF, 0xE0, 0x00, 0x03, 0xFF, 0xFF, 0xF8, 0x00,
  0x00, 0xFF, 0xFF, 0xFE, 0x00, 0x00, 0x3F, 0xFF, 0xFF, 0x80, 0x00, 0x0F,
  0xFF, 0xFF, 0xE0, 0x00, 0x03, 0xFF, 0xFF, 0xF8, 0x00, 0x00, 0xFF, 0xFF,
  0xFE, 0x00, 0x00, 0x3F, 0xFF, 0xFF, 0x80, 0x00, 0x0F, 0xFF, 0xFF, 0xE0,
  0x00, 0x03, 0xFF, 0xFF, 0xF8, 0x00, 0x00, 0xFF, 0xFF, 0xFE, 0x00, 0x00,
  0x3F, 0xFF, 0xFF, 0x80, 0x00, 0x0F, 0xFF, 0xFF, 0xE0, 0x00, 0x03, 0xFF,
  0xFF, 0xF8, 0x00, 0x00, 0xFF, 0xFF, 0xFE, 0x00, 0x00, 0x3F, 0xFF, 0xFF,
  0x80, 0x00, 0x0F, 0xFF, 0xFF, 0xE0, 0x00, 0x03, 0xFF, 0xFF, 0xF8, 0x00,
  0x00, 0xFF, 0xFF, 0xFE, 0x00, 0x00, 0x3F, 0xFF, 0xFF, 0x80, 0x00, 0x0F,
  0xFF, 0xFF, 0xE0, 0x00, 0x03, 0xFF, 0xFF, 0xF8, 0x00, 0x00, 0xFF, 0xFF,
  0xFE, 0x00, 0x00, 0x3F, 0xFF, 0xFF, 0x80, 0x00, 0x0F, 0xFF, 0xFF, 0xE0,
  0x00, 0x03, 0xFF, 0xFF, 0xF8, 0x00, 0x01, 0xFF, 0xFF, 0xFF, 0x00, 0x00,
  0x7F, 0xFF, 0xFF, 0xC0, 0x00, 0x3F, 0xFF, 0xFF, 0xF0, 0x00, 0x0F, 0xFF,
  0xFF, 0xFE, 0x00, 0x07, 0xFF, 0xF7, 0xFF, 0xC0, 0x03, 0xFF, 0xFD, 0xFF,
  0xF8, 0x03, 0xFF, 0xFF, 0x7F, 0xFF, 0xE7, 0xFF, 0xFF, 0xCF, 0xFF, 0xFF,
  0xFF, 0xFF, 0xF3, 0xFF, 0xFF, 0xFF, 0xDF, 0xFC, 0x7F, 0xFF, 0xFF, 0xF7,
  0xFF, 0x0F, 0xFF, 0xFF, 0xF9, 0xFF, 0xC1, 0xFF, 0xFF, 0xFC, 0x7F, 0xF0,
  0x3F, 0xFF, 0xFC, 0x1F, 0xFC, 0x07, 0xFF, 0xFE, 0x07, 0xFF, 0x00, 0x3F,
  0xFC, 0x00, 0x00, 0x00, 0xFF, 0xF0, 0x00, 0x00, 0x0F, 0xFE, 0xFF, 0xF0,
  0x00, 0x00, 0x3F, 0xFD, 0xFF, 0xE0, 0x00, 0x00, 0x7F, 0xF1, 0xFF, 0xC0,
  0x00, 0x01, 0xFF, 0xE3, 0xFF, 0xC0, 0x00, 0x03, 0xFF, 0x87, 0xFF, 0x80,
  0x00, 0x07, 0xFF, 0x07, 0xFF, 0x00, 0x00, 0x1F, 0xFE, 0x0F, 0xFF, 0x00,
  0x00, 0x3F, 0xF8, 0x0F, 0xFE, 0x00, 0x00, 0x7F, 0xF0, 0x1F, 0xFE, 0x00,
  0x01, 0xFF, 0xC0, 0x3F, 0xFC, 0x00, 0x03, 0xFF, 0x80, 0x3F, 0xF8, 0x00,
  0x0F, 0xFF, 0x00, 0x7F, 0xF8, 0x00, 0x1F, 0xFC, 0x00, 0x7F, 0xF0, 0x00,
  0x3F, 0xF8, 0x00, 0xFF, 0xE0, 0x00, 0xFF, 0xE0, 0x01, 0xFF, 0xE0, 0x01,
  0xFF, 0xC0, 0x01, 0xFF, 0xC0, 0x03, 0xFF, 0x80, 0x03, 0xFF, 0x80, 0x0F,
  0xFE, 0x00, 0x03, 0xFF, 0x80, 0x1F, 0xFC, 0x00, 0x07, 0xFF, 0x00, 0x7F,
  0xF0, 0x00, 0x0F, 0xFF, 0x00, 0xFF, 0xE0, 0x00, 0x0F, 0xFE, 0x01, 0xFF,
  0x80, 0x00, 0x1F, 0xFC, 0x07, 0xFF, 0x00, 0x00, 0x1F, 0xFC, 0x0F, 0xFE,
  0x00, 0x00, 0x3F, 0xF8, 0x1F, 0xF8, 0x00, 0x00, 0x7F, 0xF0, 0x7F, 0xF0,
  0x00, 0x00, 0x7F, 0xF0, 0xFF, 0xC0, 0x00, 0x00, 0xFF, 0xE1, 0xFF, 0x80,
  0x00, 0x00, 0xFF, 0xE7, 0xFF, 0x00, 0x00, 0x01, 0xFF, 0xCF, 0xFC, 0x00,
  0x00, 0x03, 0xFF, 0xBF, 0xF8, 0x00, 0x00, 0x03, 0xFF, 0x7F, 0xE0, 0x00,
  0x00, 0x07, 0xFF, 0xFF, 0xC0, 0x00, 0x00, 0x07, 0xFF, 0xFF, 0x80, 0x00,
  0x00, 0x0F, 0xFF, 0xFE, 0x00, 0x00, 0x00, 0x1F, 0xFF, 0xFC, 0x00, 0x00,
  0x00, 0x1F, 0xFF, 0xF0, 0x00, 0x00, 0x00, 0x3F, 0xFF, 0xE0, 0x00, 0x00,
  0x00, 0x3F, 0xFF, 0xC0, 0x00, 0x00, 0x00, 0x7F, 0xFF, 0x00, 0x00, 0x00,
  0x00, 0xFF, 0xFE, 0x00, 0x00, 0x00, 0x00, 0xFF, 0xF8, 0x00, 0x00, 0x00,
  0x01, 0xFF, 0xF0, 0x00, 0x00, 0x00, 0x01, 0xFF, 0xC0, 0x00, 0x00, 0xFF,
  0xF0, 0x00, 0x03, 0xFF, 0x00, 0x00, 0x3F, 0xFB, 0xFF, 0x80, 0x00, 0x3F,
  0xF8, 0x00, 0x01, 0xFF, 0x9F, 0xFE, 0x00, 0x01, 0xFF, 0xE0, 0x00, 0x1F,
  0xFC, 0xFF, 0xF0, 0x00, 0x0F, 0xFF, 0x00, 0x00, 0xFF, 0xE3, 0xFF, 0x80,
  0x00, 0xFF, 0xF8, 0x00, 0x07, 0xFE, 0x1F, 0xFC, 0x00, 0x07, 0xFF, 0xE0,
  0x00, 0x7F, 0xF0, 0xFF, 0xF0, 0x00, 0x3F, 0xFF, 0x00, 0x03, 0xFF, 0x83,
  0xFF, 0x80, 0x01, 0xFF, 0xF8, 0x00, 0x1F, 0xF8, 0x1F, 0xFC, 0x00, 0x1F,
  0xFF, 0xE0, 0x00, 0xFF, 0xC0, 0xFF, 0xF0, 0x00, 0xFF, 0xFF, 0x00, 0x0F,
  0xFE, 0x03, 0xFF, 0x80, 0x07, 0xFF, 0xF8, 0x00, 0x7F, 0xF0, 0x1F, 0xFC,
  0x00, 0x7F, 0xFF, 0xC0, 0x03, 0xFF, 0x00, 0xFF, 0xE0, 0x03, 0xFF, 0xFF,
  0x00, 0x3F, 0xF8, 0x03, 0xFF, 0x80, 0x1F, 0xEF, 0xF8, 0x01, 0xFF, 0xC0,
  0x1F, 0xFC, 0x01, 0xFF, 0x7F, 0xC0, 0x0F, 0xFC, 0x00, 0xFF, 0xE0, 0x0F,
  0xFB, 0xFF, 0x00, 0x7F, 0xE0, 0x03, 0xFF, 0x00, 0x7F, 0x8F, 0xF8, 0x07,
  0xFF, 0x00, 0x1F, 0xFC, 0x07, 0xFC, 0x7F, 0xC0, 0x3F, 0xF0, 0x00, 0xFF,
  0xE0, 0x3F, 0xE3, 0xFF, 0x01, 0xFF, 0x80, 0x03, 0xFF, 0x01, 0xFE, 0x0F,
  0xF8, 0x1F, 0xFC, 0x00, 0x1F, 0xFC, 0x1F, 0xF0, 0x7F, 0xC0, 0xFF, 0xC0,
  0x00, 0xFF, 0xE0, 0xFF, 0x83, 0xFF, 0x07, 0xFE, 0x00, 0x03, 0xFF, 0x07,
  0xFC, 0x0F, 0xF8, 0x3F, 0xF0, 0x00, 0x1F, 0xF8, 0x3F, 0xC0, 0x7F, 0xC3,
  0xFF, 0x00, 0x00, 0xFF, 0xE3, 0xFE, 0x03, 0xFE, 0x1F, 0xF8, 0x00, 0x07,
  0xFF, 0x1F, 0xF0, 0x1F, 0xF8, 0xFF, 0xC0, 0x00, 0x1F, 0xF8, 0xFF, 0x00,
  0x7F, 0xCF, 0xFC, 0x00, 0x00, 0xFF, 0xEF, 0xF8, 0x03, 0xFE, 0x7F, 0xE0,
  0x00, 0x07, 0xFF, 0x7F, 0xC0, 0x1F, 0xFB, 0xFF, 0x00, 0x00, 0x1F, 0xFB,
  0xFC, 0x00, 0x7F, 0xDF, 0xF0, 0x00, 0x00, 0xFF, 0xFF, 0xE0, 0x03, 0xFF,
  0xFF, 0x80, 0x00, 0x07, 0xFF, 0xFF, 0x00, 0x1F, 0xFF, 0xFC, 0x00, 0x00,
  0x1F, 0xFF, 0xF0, 0x00, 0x7F, 0xFF, 0xC0, 0x00, 0x00, 0xFF, 0xFF, 0x80,
  0x03, 0xFF, 0xFE, 0x00, 0x00, 0x07, 0xFF, 0xFC, 0x00, 0x1F, 0xFF, 0xF0,
  0x00, 0x00, 0x1F, 0xFF, 0xE0, 0x00, 0x7F, 0xFF, 0x80, 0x00, 0x00, 0xFF,
  0xFE, 0x00, 0x03, 0xFF, 0xF8, 0x00, 0x00, 0x07, 0xFF, 0xF0, 0x00, 0x1F,
  0xFF, 0xC0, 0x00, 0x00, 0x1F, 0xFF, 0x80, 0x00, 0x7F, 0xFE, 0x00, 0x00,
  0x00, 0xFF, 0xF8, 0x00, 0x03, 0xFF, 0xE0, 0x00, 0x00, 0x07, 0xFF, 0xC0,
  0x00, 0x1F, 0xFF, 0x00, 0x00, 0x00, 0x1F, 0xFE, 0x00, 0x00, 0xFF, 0xF8,
  0x00, 0x00, 0x00, 0xFF, 0xE0, 0x00, 0x03, 0xFF, 0x80, 0x00, 0x00, 0x07,
  0xFF, 0x00, 0x00, 0x1F, 0xFC, 0x00, 0x00, 0x7F, 0xFC, 0x00, 0x00, 0xFF,
  0xF9, 0xFF, 0xF0, 0x00, 0x07, 0xFF, 0x87, 0xFF, 0x80, 0x00, 0x7F, 0xF8,
  0x3F, 0xFE, 0x00, 0x07, 0xFF, 0x80, 0xFF, 0xF8, 0x00, 0x3F, 0xFC, 0x03,
  0xFF, 0xC0, 0x03, 0xFF, 0xC0, 0x1F, 0xFF, 0x00, 0x3F, 0xFC, 0x00, 0x7F,
  0xF8, 0x01, 0xFF, 0xC0, 0x01, 0xFF, 0xE0, 0x1F, 0xFE, 0x00, 0x07, 0xFF,
  0x81, 0xFF, 0xE0, 0x00, 0x3F, 0xFC, 0x0F, 0xFE, 0x00, 0x00, 0xFF, 0xF0,
  0xFF, 0xE0, 0x00, 0x03, 0xFF, 0xCF, 0xFF, 0x00, 0x00, 0x1F, 0xFE, 0x7F,
  0xF0, 0x00, 0x00, 0x7F, 0xFF, 0xFF, 0x00, 0x00, 0x01, 0xFF, 0xFF, 0xF8,
  0x00, 0x00, 0x07, 0xFF, 0xFF, 0x80, 0x00, 0x00, 0x3F, 0xFF, 0xF8, 0x00,
  0x00, 0x00, 0xFF, 0xFF, 0x80, 0x00, 0x00, 0x03, 0xFF, 0xFC, 0x00, 0x00,
  0x00, 0x1F, 0xFF, 0xC0, 0x00, 0x00, 0x00, 0x7F, 0xFC, 0x00, 0x00, 0x00,
  0x07, 0xFF, 0xF0, 0x00, 0x00, 0x00, 0x3F, 0xFF, 0x80, 0x00, 0x00, 0x03,
  0xFF, 0xFE, 0x00, 0x00, 0x00, 0x3F, 0xFF, 0xF8, 0x00, 0x00, 0x01, 0xFF,
  0xFF, 0xE0, 0x00, 0x00, 0x1F, 0xFF, 0xFF, 0x00, 0x00, 0x01, 0xFF, 0xFF,
  0xFC, 0x00, 0x00, 0x1F, 0xFE, 0xFF, 0xF0, 0x00, 0x00, 0xFF, 0xE7, 0xFF,
  0x80, 0x00, 0x0F, 0xFF, 0x1F, 0xFE, 0x00, 0x00, 0xFF, 0xF0, 0x7F, 0xF8,
  0x00, 0x07, 0xFF, 0x03, 0xFF, 0xE0, 0x00, 0x7F, 0xF8, 0x0F, 0xFF, 0x00,
  0x07, 0xFF, 0x80, 0x3F, 0xFC, 0x00, 0x3F, 0xF8, 0x01, 0xFF, 0xF0, 0x03,
  0xFF, 0xC0, 0x07, 0xFF, 0x80, 0x3F, 0xFC, 0x00, 0x1F, 0xFE, 0x03, 0xFF,
  0xC0, 0x00, 0xFF, 0xF8, 0x1F, 0xFE, 0x00, 0x03, 0xFF, 0xC1, 0xFF, 0xE0,
  0x00, 0x1F, 0xFF, 0x1F, 0xFE, 0x00, 0x00, 0x7F, 0xFD, 0xFF, 0xF0, 0x00,
  0x01, 0xFF, 0xF0, 0xFF, 0xF0, 0x00, 0x00, 0x1F, 0xFE, 0xFF, 0xF0, 0x00,
  0x00, 0x3F, 0xF9, 0xFF, 0xE0, 0x00, 0x00, 0xFF, 0xF1, 0xFF, 0xE0, 0x00,
  0x01, 0xFF, 0xC3, 0xFF, 0xC0, 0x00, 0x03, 0xFF, 0x83, 0xFF, 0x80, 0x00,
  0x0F, 0xFF, 0x07, 0xFF, 0x80, 0x00, 0x1F, 0xFC, 0x07, 0xFF, 0x00, 0x00,
  0x7F, 0xF8, 0x0F, 0xFF, 0x00, 0x00, 0xFF, 0xE0, 0x1F, 0xFE, 0x00, 0x01,
  0xFF, 0xC0, 0x1F, 0xFC, 0x00, 0x07, 0xFF, 0x00, 0x3F, 0xFC, 0x00, 0x0F,
  0xFE, 0x00, 0x3F, 0xF8, 0x00, 0x3F, 0xFC, 0x00, 0x7F, 0xF8, 0x00, 0x7F,
  0xF0, 0x00, 0x7F, 0xF0, 0x00, 0xFF, 0xE0, 0x00, 0xFF, 0xE0, 0x03, 0xFF,
  0x80, 0x01, 0xFF, 0xE0, 0x07, 0xFF, 0x00, 0x01, 0xFF, 0xC0, 0x1F, 0xFC,
  0x00, 0x03, 0xFF, 0xC0, 0x3F, 0xF8, 0x00, 0x03, 0xFF, 0x80, 0x7F, 0xF0,
  0x00, 0x07, 0xFF, 0x81, 0xFF, 0xC0, 0x00, 0x07, 0xFF, 0x03, 0xFF, 0x80,
  0x00, 0x0F, 0xFE, 0x0F, 0xFE, 0x00, 0x00, 0x0F, 0xFE, 0x1F, 0xFC, 0x00,
  0x00, 0x1F, 0xFC, 0x3F, 0xF0, 0x00, 0x00, 0x3F, 0xFC, 0xFF, 0xE0, 0x00,
  0x00, 0x3F, 0xF9, 0xFF, 0xC0, 0x00, 0x00, 0x7F, 0xF3, 0xFF, 0x00, 0x00,
  0x00, 0x7F, 0xFF, 0xFE, 0x00, 0x00, 0x00, 0xFF, 0xFF, 0xF8, 0x00, 0x00,
  0x00, 0xFF, 0xFF, 0xF0, 0x00, 0x00, 0x01, 0xFF, 0xFF, 0xC0, 0x00, 0x00,
  0x01, 0xFF, 0xFF, 0x80, 0x00, 0x00, 0x03, 0xFF, 0xFF, 0x00, 0x00, 0x00,
  0x07, 0xFF, 0xFC, 0x00, 0x00, 0x00, 0x07, 0xFF, 0xF8, 0x00, 0x00, 0x00,
  0x0F, 0xFF, 0xE0, 0x00, 0x00, 0x00, 0x0F, 0xFF, 0xC0, 0x00, 0x00, 0x00,
  0x1F, 0xFF, 0x00, 0x00, 0x00, 0x00, 0x1F, 0xFE, 0x00, 0x00, 0x00, 0x00,
  0x3F, 0xFC, 0x00, 0x00, 0x00, 0x00, 0x7F, 0xF0, 0x00, 0x00, 0x00, 0x01,
  0xFF, 0xE0, 0x00, 0x00, 0x00, 0x03, 0xFF, 0x80, 0x00, 0x00, 0x00, 0x07,
  0xFF, 0x00, 0x00, 0x00, 0x00, 0x1F, 0xFC, 0x00, 0x00, 0x00, 0x00, 0x3F,
  0xF8, 0x00, 0x00, 0x00, 0x00, 0xFF, 0xF0, 0x00, 0x00, 0x00, 0x01, 0xFF,
  0xC0, 0x00, 0x00, 0x00, 0x07, 0xFF, 0x80, 0x00, 0x00, 0x00, 0x0F, 0xFE,
  0x00, 0x00, 0x00, 0x00, 0x3F, 0xFC, 0x00, 0x00, 0x00, 0x00, 0x7F, 0xF0,
  0x00, 0x00, 0x00, 0x01, 0xFF, 0xE0, 0x00, 0x00, 0x00, 0x03, 0xFF, 0xC0,
  0x00, 0x00, 0x00, 0x0F, 0xFF, 0x00, 0x00, 0x00, 0x00, 0x1F, 0xFE, 0x00,
  0x00, 0x00, 0x00, 0x3F, 0xF8, 0x00, 0x00, 0x00, 0x00, 0xFF, 0xF0, 0x00,
  0x00, 0x00, 0x01, 0xFF, 0xC0, 0x00, 0x00, 0x00, 0x07, 0xFF, 0x80, 0x00,
  0x00, 0x00, 0x0F, 0xFF, 0x00, 0x00, 0x00, 0x00, 0x3F, 0xFC, 0x00, 0x00,
  0x00, 0x00, 0xFF, 0xFF, 0xFF, 0xFF, 0xF7, 0xFF, 0xFF, 0xFF, 0xFF, 0xBF,
  0xFF, 0xFF, 0xFF, 0xFD, 0xFF, 0xFF, 0xFF, 0xFF, 0xEF, 0xFF, 0xFF, 0xFF,
  0xFF, 0x7F, 0xFF, 0xFF, 0xFF, 0xFB, 0xFF, 0xFF, 0xFF, 0xFF, 0xDF, 0xFF,
  0xFF, 0xFF, 0xFE, 0xFF, 0xFF, 0xFF, 0xFF, 0xF0, 0x00, 0x00, 0x0F, 0xFF,
  0x80, 0x00, 0x00, 0xFF, 0xF8, 0x00, 0x00, 0x0F, 0xFF, 0x80, 0x00, 0x00,
  0xFF, 0xF8, 0x00, 0x00, 0x0F, 0xFF, 0x80, 0x00, 0x00, 0xFF, 0xF8, 0x00,
  0x00, 0x07, 0xFF, 0x80, 0x00, 0x00, 0x7F, 0xF8, 0x00, 0x00, 0x07, 0xFF,
  0xC0, 0x00, 0x00, 0x7F, 0xFC, 0x00, 0x00, 0x07, 0xFF, 0xC0, 0x00, 0x00,
  0x7F, 0xFC, 0x00, 0x00, 0x07, 0xFF, 0xC0, 0x00, 0x00, 0x7F, 0xFC, 0x00,
  0x00, 0x07, 0xFF, 0xC0, 0x00, 0x00, 0x7F, 0xFC, 0x00, 0x00, 0x03, 0xFF,
  0xC0, 0x00, 0x00, 0x3F, 0xFC, 0x00, 0x00, 0x03, 0xFF, 0xE0, 0x00, 0x00,
  0x3F, 0xFE, 0x00, 0x00, 0x03, 0xFF, 0xE0, 0x00, 0x00, 0x3F, 0xFE, 0x00,
  0x00, 0x03, 0xFF, 0xE0, 0x00, 0x00, 0x3F, 0xFE, 0x00, 0x00, 0x03, 0xFF,
  0xE0, 0x00, 0x00, 0x1F, 0xFE, 0x00, 0x00, 0x01, 0xFF, 0xFF, 0xFF, 0xFF,
  0xFF, 0xFF, 0xFF, 0xFF, 0xFF, 0xFF, 0xFF, 0xFF, 0xFF, 0xFF, 0xFF, 0xFF,
  0xFF, 0xFF, 0xFF, 0xFF, 0xFF, 0xFF, 0xFF, 0xFF, 0xFF, 0xFF, 0xFF, 0xFF,
  0xFF, 0xFF, 0xFF, 0xFF, 0xFF, 0xFF, 0xFF, 0xFF, 0xFF, 0xFF, 0xFF, 0xFF,
  0xFF, 0xF0, 0x00, 0x00, 0x7F, 0x80, 0x01, 0xFF, 0xC0, 0x03, 0xFF, 0xE0,
  0x03, 0xFF, 0xF0, 0x03, 0xFF, 0xF8, 0x03, 0xFF, 0xFC, 0x01, 0xFF, 0xFE,
  0x01, 0xFF, 0xFF, 0x00, 0xFF, 0xFF, 0x00, 0x7F, 0xF8, 0x00, 0x7F, 0xF8,
  0x00, 0x3F, 0xF8, 0x00, 0x1F, 0xFC, 0x00, 0x0F, 0xFE, 0x00, 0x07, 0xFE,
  0x00, 0x03, 0xFF, 0x00, 0x01, 0xFF, 0x80, 0x00, 0xFF, 0xC0, 0x00, 0x7F,
  0xE0, 0x00, 0x3F, 0xF0, 0x00, 0x1F, 0xF8, 0x00, 0x0F, 0xFC, 0x00, 0x07,
  0xFE, 0x00, 0x03, 0xFF, 0x00, 0x01, 0xFF, 0x80, 0x00, 0xFF, 0xC0, 0x00,
  0x7F, 0xE0, 0x00, 0x3F, 0xF0, 0x00, 0x1F, 0xF8, 0x00, 0x0F, 0xFC, 0x00,
  0x07, 0xFE, 0x00, 0x07, 0xFF, 0x00, 0x03, 0xFF, 0x80, 0x03, 0xFF, 0xC0,
  0x0F, 0xFF, 0xC0, 0x1F, 0xFF, 0xE0, 0x0F, 0xFF, 0xE0, 0x07, 0xFF, 0xE0,
  0x03, 0xFF, 0xC0, 0x01, 0xFF, 0xC0, 0x00, 0xFF, 0xF8, 0x00, 0x7F, 0xFE,
  0x00, 0x3F, 0xFF, 0x80, 0x1F, 0xFF, 0xE0, 0x00, 0x7F, 0xF0, 0x00, 0x1F,
  0xFC, 0x00, 0x0F, 0xFE, 0x00, 0x03, 0xFF, 0x00, 0x01, 0xFF, 0x80, 0x00,
  0xFF, 0xC0, 0x00, 0x7F, 0xE0, 0x00, 0x3F, 0xF0, 0x00, 0x1F, 0xF8, 0x00,
  0x0F, 0xFC, 0x00, 0x07, 0xFE, 0x00, 0x03, 0xFF, 0x00, 0x01, 0xFF, 0x80,
  0x00, 0xFF, 0xC0, 0x00, 0x7F, 0xE0, 0x00, 0x3F, 0xF0, 0x00, 0x1F, 0xF8,
  0x00, 0x0F, 0xFC, 0x00, 0x07, 0xFE, 0x00, 0x03, 0xFF, 0x00, 0x01, 0xFF,
  0x80, 0x00, 0xFF, 0xE0, 0x00, 0x7F, 0xF0, 0x00, 0x3F, 0xF8, 0x00, 0x1F,
  0xFE, 0x00, 0x07, 0xFF, 0xC0, 0x03, 0xFF, 0xFE, 0x01, 0xFF, 0xFF, 0x00,
  0x7F, 0xFF, 0x80, 0x3F, 0xFF, 0xC0, 0x0F, 0xFF, 0xE0, 0x03, 0xFF, 0xF0,
  0x00, 0x7F, 0xF8, 0x00, 0x0F, 0xFC, 0x00, 0x00, 0x0E, 0xFF, 0xFF, 0xFF,
  0xFF, 0xFF, 0xFF, 0xFF, 0xFF, 0xFF, 0xFF, 0xFF, 0xFF, 0xFF, 0xFF, 0xFF,
  0xFF, 0xFF, 0xFF, 0xFF, 0xFF, 0xFF, 0xFF, 0xFF, 0xFF, 0xFF, 0xFF, 0xFF,
  0xFF, 0xFF, 0xFF, 0xFF, 0xFF, 0xFF, 0xFF, 0xFF, 0xFF, 0xFF, 0xFF, 0xFF,
  0xFF, 0xFF, 0xFF, 0xFF, 0xFF, 0xFF, 0xFF, 0xFF, 0xFF, 0xFF, 0xFF, 0xFF,
  0xFF, 0xFF, 0xFF, 0xFF, 0xFF, 0xFF, 0xFF, 0xFF, 0xFF, 0xFF, 0xFF, 0xFF,
  0xFF, 0xFF, 0xFF, 0xFF, 0xFF, 0xFF, 0xFF, 0xFF, 0xFF, 0xFF, 0xFF, 0xFF,
  0xFF, 0xFF, 0xFF, 0xFF, 0xFF, 0xFF, 0xFF, 0xFF, 0xFF, 0xFF, 0xFF, 0xFF,
  0xFF, 0xFF, 0xFF, 0xFF, 0xFF, 0xFF, 0xFF, 0xFF, 0xFF, 0xFF, 0xFF, 0xFF,
  0xFF, 0xFF, 0xFF, 0xFF, 0xFF, 0xFF, 0xFF, 0xFF, 0xFF, 0xFF, 0xFF, 0xFF,
  0xFF, 0xFF, 0xFF, 0xFF, 0xFF, 0xFF, 0xFF, 0xFF, 0xF8, 0xFF, 0x80, 0x00,
  0x7F, 0xF8, 0x00, 0x3F, 0xFF, 0x00, 0x1F, 0xFF, 0xC0, 0x0F, 0xFF, 0xF0,
  0x07, 0xFF, 0xF8, 0x03, 0xFF, 0xFE, 0x01, 0xFF, 0xFF, 0x00, 0x3F, 0xFF,
  0xC0, 0x01, 0xFF, 0xE0, 0x00, 0x7F, 0xF0, 0x00, 0x3F, 0xF8, 0x00, 0x0F,
  0xFC, 0x00, 0x07, 0xFF, 0x00, 0x03, 0xFF, 0x80, 0x01, 0xFF, 0xC0, 0x00,
  0xFF, 0xE0, 0x00, 0x7F, 0xF0, 0x00, 0x3F, 0xF8, 0x00, 0x1F, 0xFC, 0x00,
  0x0F, 0xFE, 0x00, 0x07, 0xFF, 0x00, 0x03, 0xFF, 0x80, 0x01, 0xFF, 0xC0,
  0x00, 0xFF, 0xE0, 0x00, 0x7F, 0xF0, 0x00, 0x3F, 0xF8, 0x00, 0x1F, 0xFC,
  0x00, 0x0F, 0xFE, 0x00, 0x07, 0xFF, 0x00, 0x03, 0xFF, 0x80, 0x01, 0xFF,
  0xC0, 0x00, 0x7F, 0xE0, 0x00, 0x3F, 0xF8, 0x00, 0x1F, 0xFF, 0xC0, 0x07,
  0xFF, 0xF0, 0x01, 0xFF, 0xF8, 0x00, 0x7F, 0xFC, 0x00, 0x0F, 0xFE, 0x00,
  0x03, 0xFF, 0x00, 0x0F, 0xFF, 0x80, 0x0F, 0xFF, 0xC0, 0x0F, 0xFF, 0xE0,
  0x0F, 0xFF, 0xF0, 0x07, 0xFF, 0x80, 0x03, 0xFF, 0x80, 0x01, 0xFF, 0x80,
  0x01, 0xFF, 0xC0, 0x00, 0xFF, 0xE0, 0x00, 0x7F, 0xF0, 0x00, 0x3F, 0xF8,
  0x00, 0x1F, 0xFC, 0x00, 0x0F, 0xFE, 0x00, 0x07, 0xFF, 0x00, 0x03, 0xFF,
  0x80, 0x01, 0xFF, 0xC0, 0x00, 0xFF, 0xE0, 0x00, 0x7F, 0xF0, 0x00, 0x3F,
  0xF8, 0x00, 0x1F, 0xFC, 0x00, 0x0F, 0xFE, 0x00, 0x07, 0xFF, 0x00, 0x03,
  0xFF, 0x80, 0x01, 0xFF, 0xC0, 0x00, 0xFF, 0xE0, 0x00, 0x7F, 0xF0, 0x00,
  0x7F, 0xF0, 0x00, 0x3F, 0xF8, 0x00, 0x3F, 0xFC, 0x00, 0x7F, 0xFE, 0x03,
  0xFF, 0xFE, 0x01, 0xFF, 0xFF, 0x00, 0xFF, 0xFF, 0x00, 0x7F, 0xFF, 0x80,
  0x3F, 0xFF, 0x80, 0x1F, 0xFF, 0x80, 0x0F, 0xFF, 0x80, 0x07, 0xFF, 0x00,
  0x03, 0x80, 0x00, 0x00, 0x00, 0x3E, 0x00, 0x00, 0x00, 0x00, 0x7F, 0xF0,
  0x00, 0x00, 0x00, 0x7F, 0xFF, 0x80, 0x07, 0xFC, 0x3F, 0xFF, 0xF8, 0x01,
  0xFF, 0x1F, 0xFF, 0xFF, 0x80, 0xFF, 0xCF, 0xFF, 0xFF, 0xFC, 0xFF, 0xF3,
  0xFF, 0xFF, 0xFF, 0xFF, 0xFD, 0xFF, 0xFF, 0xFF, 0xFF, 0xFE, 0x7F, 0xFF,
  0xFF, 0xFF, 0xFF, 0xBF, 0xFF, 0xFF, 0xFF, 0xFF, 0xCF, 0xFC, 0x0F, 0xFF,
  0xFF, 0xF3, 0xFF, 0x00, 0xFF, 0xFF, 0xF8, 0xFF, 0x80, 0x0F, 0xFF, 0xFC,
  0x3F, 0xE0, 0x00, 0x7F, 0xFC, 0x00, 0x00, 0x00, 0x03, 0xFC, 0x00, 0xFF,
  0xFF, 0xFF, 0xFF, 0xFF, 0xFF, 0xFF, 0xFF, 0xFF, 0xFF, 0xFF, 0xFF, 0xFF,
  0xFF, 0xFF, 0xFF, 0xFF, 0xFF, 0xFF, 0xFF, 0xFF, 0xFF, 0xFF, 0xFE, 0x00,
  0x00, 0x00, 0xFF, 0xF0, 0x00, 0x00, 0x07, 0xFF, 0x80, 0x00, 0x00, 0x3F,
  0xFC, 0x00, 0x00, 0x01, 0xFF, 0xE0, 0x00, 0x00, 0x0F, 0xFF, 0x00, 0x00,
  0x00, 0x7F, 0xF8, 0x00, 0x00, 0x03, 0xFF, 0xC0, 0x00, 0x00, 0x1F, 0xFE,
  0x00, 0x00, 0x00, 0xFF, 0xF0, 0x00, 0x00, 0x07, 0xFF, 0x80, 0x00, 0x00,
  0x3F, 0xFC, 0x00, 0x00, 0x01, 0xFF, 0xE0, 0x00, 0x00, 0x0F, 0xFF, 0x00,
  0x00, 0x00, 0x7F, 0xF8, 0x00, 0x00, 0x03, 0xFF, 0xC0, 0x00, 0x00, 0x1F,
  0xFE, 0x00, 0x00, 0x00, 0xFF, 0xF0, 0x00, 0x00, 0x07, 0xFF, 0x80, 0x00,
  0x00, 0x3F, 0xFC, 0x00, 0x00, 0x01, 0xFF, 0xE0, 0x00, 0x00, 0x0F, 0xFF,
  0x00, 0x00, 0x00, 0x7F, 0xF8, 0x00, 0x00, 0x03, 0xFF, 0xC0, 0x00, 0x00,
  0x1F, 0xFE, 0x00, 0x00, 0x00, 0xFF, 0xF0, 0x00, 0x00, 0x07, 0xFF, 0x80,
  0x00, 0x00, 0x3F, 0xFC, 0x00, 0x00, 0x01, 0xFF, 0xE0, 0x00, 0x00, 0x0F,
  0xFF, 0x00, 0x00, 0x00, 0x7F, 0xF8, 0x00, 0x00, 0x03, 0xFF, 0xC0, 0x00,
  0x00, 0x1F, 0xFE, 0x00, 0x00, 0x00, 0xFF, 0xF0, 0x00, 0x00, 0x07, 0xFF,
  0x80, 0x00, 0x00, 0x3F, 0xFC, 0x00, 0x00, 0x01, 0xFF, 0xE0, 0x00, 0x00,
  0x0F, 0xFF, 0x00, 0x00, 0x00, 0x7F, 0xF8, 0x00, 0x00, 0x03, 0xFF, 0xC0,
  0x00, 0x00, 0x1F, 0xFE, 0x00, 0x00, 0x00, 0xFF, 0xF0, 0x00, 0x00, 0x07,
  0xFF, 0x80, 0x00, 0x00, 0x3F, 0xFC, 0x00, 0x00, 0x01, 0xFF, 0xE0, 0x00,
  0x00, 0x0F, 0xFF, 0x00, 0x00, 0x00, 0x7F, 0xF8, 0x00, 0x00, 0x03, 0xFF,
  0xC0, 0x00, 0x00, 0x1F, 0xFE, 0x00, 0x00, 0x00, 0xFF, 0xF0, 0x00, 0x00,
  0x07, 0xFF, 0x80, 0x00, 0x00, 0x3F, 0xFC, 0x00, 0x00, 0x01, 0xFF, 0xFF,
  0xFF, 0xFF, 0xFF, 0xFF, 0xFF, 0xFF, 0xFF, 0xFF, 0xFF, 0xFF, 0xFF, 0xFF,
  0xFF, 0xFF, 0xFF, 0xFF, 0xFF, 0xFF, 0xFF, 0xFF, 0xFF, 0xFC, 0xFF, 0xFF,
  0xFF, 0xFF, 0xFF, 0xFF, 0xFF, 0xFF, 0xFF, 0xFF, 0xFF, 0xFF, 0xFF, 0xFF,
  0xFF, 0xFF, 0xFF, 0xFF, 0xFF, 0xFF, 0xFF, 0xFF, 0xFF, 0xFE, 0x00, 0x00,
  0x00, 0xFF, 0xF0, 0x00, 0x00, 0x07, 0xFF, 0x80, 0x00, 0x00, 0x3F, 0xFC,
  0x00, 0x00, 0x01, 0xFF, 0xE0, 0x00, 0x00, 0x0F, 0xFF, 0x00, 0x00, 0x00,
  0x7F, 0xF8, 0x00, 0x00, 0x03, 0xFF, 0xC0, 0x00, 0x00, 0x1F, 0xFE, 0x00,
  0x00, 0x00, 0xFF, 0xF0, 0x00, 0x00, 0x07, 0xFF, 0x80, 0x00, 0x00, 0x3F,
  0xFC, 0x00, 0x00, 0x01, 0xFF, 0xE0, 0x00, 0x00, 0x0F, 0xFF, 0x00, 0x00,
  0x00, 0x7F, 0xF8, 0x00, 0x00, 0x03, 0xFF, 0xC0, 0x00, 0x00, 0x1F, 0xFE,
  0x00, 0x00, 0x00, 0xFF, 0xF0, 0x00, 0x00, 0x07, 0xFF, 0x80, 0x00, 0x00,
  0x3F, 0xFC, 0x00, 0x00, 0x01, 0xFF, 0xE0, 0x00, 0x00, 0x0F, 0xFF, 0x00,
  0x00, 0x00, 0x7F, 0xF8, 0x00, 0x00, 0x03, 0xFF, 0xC0, 0x00, 0x00, 0x1F,
  0xFE, 0x00, 0x00, 0x00, 0xFF, 0xF0, 0x00, 0x00, 0x07, 0xFF, 0x80, 0x00,
  0x00, 0x3F, 0xFC, 0x00, 0x00, 0x01, 0xFF, 0xE0, 0x00, 0x00, 0x0F, 0xFF,
  0x00, 0x00, 0x00, 0x7F, 0xF8, 0x00, 0x00, 0x03, 0xFF, 0xC0, 0x00, 0x00,
  0x1F, 0xFE, 0x00, 0x00, 0x00, 0xFF, 0xF0, 0x00, 0x00, 0x07, 0xFF, 0x80,
  0x00, 0x00, 0x3F, 0xFC, 0x00, 0x00, 0x01, 0xFF, 0xE0, 0x00, 0x00, 0x0F,
  0xFF, 0x00, 0x00, 0x00, 0x7F, 0xF8, 0x00, 0x00, 0x03, 0xFF, 0xC0, 0x00,
  0x00, 0x1F, 0xFE, 0x00, 0x00, 0x00, 0xFF, 0xF0, 0x00, 0x00, 0x07, 0xFF,
  0x80, 0x00, 0x00, 0x3F, 0xFC, 0x00, 0x00, 0x01, 0xFF, 0xE0, 0x00, 0x00,
  0x0F, 0xFF, 0x00, 0x00, 0x00, 0x7F, 0xF8, 0x00, 0x00, 0x03, 0xFF, 0xC0,
  0x00, 0x00, 0x1F, 0xFE, 0x00, 0x00, 0x00, 0xFF, 0xF0, 0x00, 0x00, 0x07,
  0xFF, 0x80, 0x00, 0x00, 0x3F, 0xFC, 0x00, 0x00, 0x01, 0xFF, 0xFF, 0xFF,
  0xFF, 0xFF, 0xFF, 0xFF, 0xFF, 0xFF, 0xFF, 0xFF, 0xFF, 0xFF, 0xFF, 0xFF,
  0xFF, 0xFF, 0xFF, 0xFF, 0xFF, 0xFF, 0xFF, 0xFF, 0xFC, 0xFF, 0xFF, 0xFF,
  0xFF, 0xFF, 0xFF, 0xFF, 0xFF, 0xFF, 0xFF, 0xFF, 0xFF, 0xFF, 0xFF, 0xFF,
  0xFF, 0xFF, 0xFF, 0xFF, 0xFF, 0xFF, 0xFF, 0xFF, 0xFE, 0x00, 0x00, 0x00,
  0xFF, 0xF0, 0x00, 0x00, 0x07, 0xFF, 0x80, 0x00, 0x00, 0x3F, 0xFC, 0x00,
  0x00, 0x01, 0xFF, 0xE0, 0x00, 0x00, 0x0F, 0xFF, 0x00, 0x00, 0x00, 0x7F,
  0xF8, 0x00, 0x00, 0x03, 0xFF, 0xC0, 0x00, 0x00, 0x1F, 0xFE, 0x00, 0x00,
  0x00, 0xFF, 0xF0, 0x00, 0x00, 0x07, 0xFF, 0x80, 0x00, 0x00, 0x3F, 0xFC,
  0x00, 0x00, 0x01, 0xFF, 0xE0, 0x00, 0x00, 0x0F, 0xFF, 0x00, 0x00, 0x00,
  0x7F, 0xF8, 0x00, 0x00, 0x03, 0xFF, 0xC0, 0x00, 0x00, 0x1F, 0xFE, 0x00,
  0x00, 0x00, 0xFF, 0xF0, 0x00, 0x00, 0x07, 0xFF, 0x80, 0x00, 0x00, 0x3F,
  0xFC, 0x00, 0x00, 0x01, 0xFF, 0xE0, 0x00, 0x00, 0x0F, 0xFF, 0x00, 0x00,
  0x00, 0x7F, 0xF8, 0x00, 0x00, 0x03, 0xFF, 0xC0, 0x00, 0x00, 0x1F, 0xFE,
  0x00, 0x00, 0x00, 0xFF, 0xF0, 0x00, 0x00, 0x07, 0xFF, 0x80, 0x00, 0x00,
  0x3F, 0xFC, 0x00, 0x00, 0x01, 0xFF, 0xE0, 0x00, 0x00, 0x0F, 0xFF, 0x00,
  0x00, 0x00, 0x7F, 0xF8, 0x00, 0x00, 0x03, 0xFF, 0xC0, 0x00, 0x00, 0x1F,
  0xFE, 0x00, 0x00, 0x00, 0xFF, 0xF0, 0x00, 0x00, 0x07, 0xFF, 0x80, 0x00,
  0x00, 0x3F, 0xFC, 0x00, 0x00, 0x01, 0xFF, 0xE0, 0x00, 0x00, 0x0F, 0xFF,
  0x00, 0x00, 0x00, 0x7F, 0xF8, 0x00, 0x00, 0x03, 0xFF, 0xC0, 0x00, 0x00,
  0x1F, 0xFE, 0x00, 0x00, 0x00, 0xFF, 0xF0, 0x00, 0x00, 0x07, 0xFF, 0x80,
  0x00, 0x00, 0x3F, 0xFC, 0x00, 0x00, 0x01, 0xFF, 0xE0, 0x00, 0x00, 0x0F,
  0xFF, 0x00, 0x00, 0x00, 0x7F, 0xF8, 0x00, 0x00, 0x03, 0xFF, 0xC0, 0x00,
  0x00, 0x1F, 0xFE, 0x00, 0x00, 0x00, 0xFF, 0xF0, 0x00, 0x00, 0x07, 0xFF,
  0x80, 0x00, 0x00, 0x3F, 0xFC, 0x00, 0x00, 0x01, 0xFF, 0xFF, 0xFF, 0xFF,
  0xFF, 0xFF, 0xFF, 0xFF, 0xFF, 0xFF, 0xFF, 0xFF, 0xFF, 0xFF, 0xFF, 0xFF,
  0xFF, 0xFF, 0xFF, 0xFF, 0xFF, 0xFF, 0xFF, 0xFC, 0xFF, 0xFF, 0xFF, 0xFF,
  0xFF, 0xFF, 0xFF, 0xFF, 0xFF, 0xFF, 0xFF, 0xFF, 0xFF, 0xFF, 0xFF, 0xFF,
  0xFF, 0xFF, 0xFF, 0xFF, 0xFF, 0xFF, 0xFF, 0xFE, 0x00, 0x00, 0x00, 0xFF,
  0xF0, 0x00, 0x00, 0x07, 0xFF, 0x80, 0x00, 0x00, 0x3F, 0xFC, 0x00, 0x00,
  0x01, 0xFF, 0xE0, 0x00, 0x00, 0x0F, 0xFF, 0x00, 0x00, 0x00, 0x7F, 0xF8,
  0x00, 0x00, 0x03, 0xFF, 0xC0, 0x00, 0x00, 0x1F, 0xFE, 0x00, 0x00, 0x00,
  0xFF, 0xF0, 0x00, 0x00, 0x07, 0xFF, 0x80, 0x00, 0x00, 0x3F, 0xFC, 0x00,
  0x00, 0x01, 0xFF, 0xE0, 0x00, 0x00, 0x0F, 0xFF, 0x00, 0x00, 0x00, 0x7F,
  0xF8, 0x00, 0x00, 0x03, 0xFF, 0xC0, 0x00, 0x00, 0x1F, 0xFE, 0x00, 0x00,
  0x00, 0xFF, 0xF0, 0x00, 0x00, 0x07, 0xFF, 0x80, 0x00, 0x00, 0x3F, 0xFC,
  0x00, 0x00, 0x01, 0xFF, 0xE0, 0x00, 0x00, 0x0F, 0xFF, 0x00, 0x00, 0x00,
  0x7F, 0xF8, 0x00, 0x00, 0x03, 0xFF, 0xC0, 0x00, 0x00, 0x1F, 0xFE, 0x00,
  0x00, 0x00, 0xFF, 0xF0, 0x00, 0x00, 0x07, 0xFF, 0x80, 0x00, 0x00, 0x3F,
  0xFC, 0x00, 0x00, 0x01, 0xFF, 0xE0, 0x00, 0x00, 0x0F, 0xFF, 0x00, 0x00,
  0x00, 0x7F, 0xF8, 0x00, 0x00, 0x03, 0xFF, 0xC0, 0x00, 0x00, 0x1F, 0xFE,
  0x00, 0x00, 0x00, 0xFF, 0xF0, 0x00, 0x00, 0x07, 0xFF, 0x80, 0x00, 0x00,
  0x3F, 0xFC, 0x00, 0x00, 0x01, 0xFF, 0xE0, 0x00, 0x00, 0x0F, 0xFF, 0x00,
  0x00, 0x00, 0x7F, 0xF8, 0x00, 0x00, 0x03, 0xFF, 0xC0, 0x00, 0x00, 0x1F,
  0xFE, 0x00, 0x00, 0x00, 0xFF, 0xF0, 0x00, 0x00, 0x07, 0xFF, 0x80, 0x00,
  0x00, 0x3F, 0xFC, 0x00, 0x00, 0x01, 0xFF, 0xE0, 0x00, 0x00, 0x0F, 0xFF,
  0x00, 0x00, 0x00, 0x7F, 0xF8, 0x00, 0x00, 0x03, 0xFF, 0xC0, 0x00, 0x00,
  0x1F, 0xFE, 0x00, 0x00, 0x00, 0xFF, 0xF0, 0x00, 0x00, 0x07, 0xFF, 0x80,
  0x00, 0x00, 0x3F, 0xFC, 0x00, 0x00, 0x01, 0xFF, 0xFF, 0xFF, 0xFF, 0xFF,
  0xFF, 0xFF, 0xFF, 0xFF, 0xFF, 0xFF, 0xFF, 0xFF, 0xFF, 0xFF, 0xFF, 0xFF,
  0xFF, 0xFF, 0xFF, 0xFF, 0xFF, 0xFF, 0xFC, 0xFF, 0xFF, 0xFF, 0xFF, 0xFF,
  0xFF, 0xFF, 0xFF, 0xFF, 0xFF, 0xFF, 0xFF, 0xFF, 0xFF, 0xFF, 0xFF, 0xFF,
  0xFF, 0xFF, 0xFF, 0xFF, 0xFF, 0xFF, 0xFE, 0x00, 0x00, 0x00, 0xFF, 0xF0,
  0x00, 0x00, 0x07, 0xFF, 0x80, 0x00, 0x00, 0x3F, 0xFC, 0x00, 0x00, 0x01,
  0xFF, 0xE0, 0x00, 0x00, 0x0F, 0xFF, 0x00, 0x00, 0x00, 0x7F, 0xF8, 0x00,
  0x00, 0x03, 0xFF, 0xC0, 0x00, 0x00, 0x1F, 0xFE, 0x00, 0x00, 0x00, 0xFF,
  0xF0, 0x00, 0x00, 0x07, 0xFF, 0x80, 0x00, 0x00, 0x3F, 0xFC, 0x00, 0x00,
  0x01, 0xFF, 0xE0, 0x00, 0x00, 0x0F, 0xFF, 0x00, 0x00, 0x00, 0x7F, 0xF8,
  0x00, 0x00, 0x03, 0xFF, 0xC0, 0x00, 0x00, 0x1F, 0xFE, 0x00, 0x00, 0x00,
  0xFF, 0xF0, 0x00, 0x00, 0x07, 0xFF, 0x80, 0x00, 0x00, 0x3F, 0xFC, 0x00,
  0x00, 0x01, 0xFF, 0xE0, 0x00, 0x00, 0x0F, 0xFF, 0x00, 0x00, 0x00, 0x7F,
  0xF8, 0x00, 0x00, 0x03, 0xFF, 0xC0, 0x00, 0x00, 0x1F, 0xFE, 0x00, 0x00,
  0x00, 0xFF, 0xF0, 0x00, 0x00, 0x07, 0xFF, 0x80, 0x00, 0x00, 0x3F, 0xFC,
  0x00, 0x00, 0x01, 0xFF, 0xE0, 0x00, 0x00, 0x0F, 0xFF, 0x00, 0x00, 0x00,
  0x7F, 0xF8, 0x00, 0x00, 0x03, 0xFF, 0xC0, 0x00, 0x00, 0x1F, 0xFE, 0x00,
  0x00, 0x00, 0xFF, 0xF0, 0x00, 0x00, 0x07, 0xFF, 0x80, 0x00, 0x00, 0x3F,
  0xFC, 0x00, 0x00, 0x01, 0xFF, 0xE0, 0x00, 0x00, 0x0F, 0xFF, 0x00, 0x00,
  0x00, 0x7F, 0xF8, 0x00, 0x00, 0x03, 0xFF, 0xC0, 0x00, 0x00, 0x1F, 0xFE,
  0x00, 0x00, 0x00, 0xFF, 0xF0, 0x00, 0x00, 0x07, 0xFF, 0x80, 0x00, 0x00,
  0x3F, 0xFC, 0x00, 0x00, 0x01, 0xFF, 0xE0, 0x00, 0x00, 0x0F, 0xFF, 0x00,
  0x00, 0x00, 0x7F, 0xF8, 0x00, 0x00, 0x03, 0xFF, 0xC0, 0x00, 0x00, 0x1F,
  0xFE, 0x00, 0x00, 0x00, 0xFF, 0xF0, 0x00, 0x00, 0x07, 0xFF, 0x80, 0x00,
  0x00, 0x3F, 0xFC, 0x00, 0x00, 0x01, 0xFF, 0xFF, 0xFF, 0xFF, 0xFF, 0xFF,
  0xFF, 0xFF, 0xFF, 0xFF, 0xFF, 0xFF, 0xFF, 0xFF, 0xFF, 0xFF, 0xFF, 0xFF,
  0xFF, 0xFF, 0xFF, 0xFF, 0xFF, 0xFC, 0xFF, 0xFF, 0xFF, 0xFF, 0xFF, 0xFF,
  0xFF, 0xFF, 0xFF, 0xFF, 0xFF, 0xFF, 0xFF, 0xFF, 0xFF, 0xFF, 0xFF, 0xFF,
  0xFF, 0xFF, 0xFF, 0xFF, 0xFF, 0xFE, 0x00, 0x00, 0x00, 0xFF, 0xF0, 0x00,
  0x00, 0x07, 0xFF, 0x80, 0x00, 0x00, 0x3F, 0xFC, 0x00, 0x00, 0x01, 0xFF,
  0xE0, 0x00, 0x00, 0x0F, 0xFF, 0x00, 0x00, 0x00, 0x7F, 0xF8, 0x00, 0x00,
  0x03, 0xFF, 0xC0, 0x00, 0x00, 0x1F, 0xFE, 0x00, 0x00, 0x00, 0xFF, 0xF0,
  0x00, 0x00, 0x07, 0xFF, 0x80, 0x00, 0x00, 0x3F, 0xFC, 0x00, 0x00, 0x01,
  0xFF, 0xE0, 0x00, 0x00, 0x0F, 0xFF, 0x00, 0x00, 0x00, 0x7F, 0xF8, 0x00,
  0x00, 0x03, 0xFF, 0xC0, 0x00, 0x00, 0x1F, 0xFE, 0x00, 0x00, 0x00, 0xFF,
  0xF0, 0x00, 0x00, 0x07, 0xFF, 0x80, 0x00, 0x00, 0x3F, 0xFC, 0x00, 0x00,
  0x01, 0xFF, 0xE0, 0x00, 0x00, 0x0F, 0xFF, 0x00, 0x00, 0x00, 0x7F, 0xF8,
  0x00, 0x00, 0x03, 0xFF, 0xC0, 0x00, 0x00, 0x1F, 0xFE, 0x00, 0x00, 0x00,
  0xFF, 0xF0, 0x00, 0x00, 0x07, 0xFF, 0x80, 0x00, 0x00, 0x3F, 0xFC, 0x00,
  0x00, 0x01, 0xFF, 0xE0, 0x00, 0x00, 0x0F, 0xFF, 0x00, 0x00, 0x00, 0x7F,
  0xF8, 0x00, 0x00, 0x03, 0xFF, 0xC0, 0x00, 0x00, 0x1F, 0xFE, 0x00, 0x00,
  0x00, 0xFF, 0xF0, 0x00, 0x00, 0x07, 0xFF, 0x80, 0x00, 0x00, 0x3F, 0xFC,
  0x00, 0x00, 0x01, 0xFF, 0xE0, 0x00, 0x00, 0x0F, 0xFF, 0x00, 0x00, 0x00,
  0x7F, 0xF8, 0x00, 0x00, 0x03, 0xFF, 0xC0, 0x00, 0x00, 0x1F, 0xFE, 0x00,
  0x00, 0x00, 0xFF, 0xF0, 0x00, 0x00, 0x07, 0xFF, 0x80, 0x00, 0x00, 0x3F,
  0xFC, 0x00, 0x00, 0x01, 0xFF, 0xE0, 0x00, 0x00, 0x0F, 0xFF, 0x00, 0x00,
  0x00, 0x7F, 0xF8, 0x00, 0x00, 0x03, 0xFF, 0xC0, 0x00, 0x00, 0x1F, 0xFE,
  0x00, 0x00, 0x00, 0xFF, 0xF0, 0x00, 0x00, 0x07, 0xFF, 0x80, 0x00, 0x00,
  0x3F, 0xFC, 0x00, 0x00, 0x01, 0xFF, 0xFF, 0xFF, 0xFF, 0xFF, 0xFF, 0xFF,
  0xFF, 0xFF, 0xFF, 0xFF, 0xFF, 0xFF, 0xFF, 0xFF, 0xFF, 0xFF, 0xFF, 0xFF,
  0xFF, 0xFF, 0xFF, 0xFF, 0xFC, 0xFF, 0xFF, 0xFF, 0xFF, 0xFF, 0xFF, 0xFF,
  0xFF, 0xFF, 0xFF, 0xFF, 0xFF, 0xFF, 0xFF, 0xFF, 0xFF, 0xFF, 0xFF, 0xFF,
  0xFF, 0xFF, 0xFF, 0xFF, 0xFE, 0x00, 0x00, 0x00, 0xFF, 0xF0, 0x00, 0x00,
  0x07, 0xFF, 0x80, 0x00, 0x00, 0x3F, 0xFC, 0x00, 0x00, 0x01, 0xFF, 0xE0,
  0x00, 0x00, 0x0F, 0xFF, 0x00, 0x00, 0x00, 0x7F, 0xF8, 0x00, 0x00, 0x03,
  0xFF, 0xC0, 0x00, 0x00, 0x1F, 0xFE, 0x00, 0x00, 0x00, 0xFF, 0xF0, 0x00,
  0x00, 0x07, 0xFF, 0x80, 0x00, 0x00, 0x3F, 0xFC, 0x00, 0x00, 0x01, 0xFF,
  0xE0, 0x00, 0x00, 0x0F, 0xFF, 0x00, 0x00, 0x00, 0x7F, 0xF8, 0x00, 0x00,
  0x03, 0xFF, 0xC0, 0x00, 0x00, 0x1F, 0xFE, 0x00, 0x00, 0x00, 0xFF, 0xF0,
  0x00, 0x00, 0x07, 0xFF, 0x80, 0x00, 0x00, 0x3F, 0xFC, 0x00, 0x00, 0x01,
  0xFF, 0xE0, 0x00, 0x00, 0x0F, 0xFF, 0x00, 0x00, 0x00, 0x7F, 0xF8, 0x00,
  0x00, 0x03, 0xFF, 0xC0, 0x00, 0x00, 0x1F, 0xFE, 0x00, 0x00, 0x00, 0xFF,
  0xF0, 0x00, 0x00, 0x07, 0xFF, 0x80, 0x00, 0x00, 0x3F, 0xFC, 0x00, 0x00,
  0x01, 0xFF, 0xE0, 0x00, 0x00, 0x0F, 0xFF, 0x00, 0x00, 0x00, 0x7F, 0xF8,
  0x00, 0x00, 0x03, 0xFF, 0xC0, 0x00, 0x00, 0x1F, 0xFE, 0x00, 0x00, 0x00,
  0xFF, 0xF0, 0x00, 0x00, 0x07, 0xFF, 0x80, 0x00, 0x00, 0x3F, 0xFC, 0x00,
  0x00, 0x01, 0xFF, 0xE0, 0x00, 0x00, 0x0F, 0xFF, 0x00, 0x00, 0x00, 0x7F,
  0xF8, 0x00, 0x00, 0x03, 0xFF, 0xC0, 0x00, 0x00, 0x1F, 0xFE, 0x00, 0x00,
  0x00, 0xFF, 0xF0, 0x00, 0x00, 0x07, 0xFF, 0x80, 0x00, 0x00, 0x3F, 0xFC,
  0x00, 0x00, 0x01, 0xFF, 0xE0, 0x00, 0x00, 0x0F, 0xFF, 0x00, 0x00, 0x00,
  0x7F, 0xF8, 0x00, 0x00, 0x03, 0xFF, 0xC0, 0x00, 0x00, 0x1F, 0xFE, 0x00,
  0x00, 0x00, 0xFF, 0xF0, 0x00, 0x00, 0x07, 0xFF, 0x80, 0x00, 0x00, 0x3F,
  0xFC, 0x00, 0x00, 0x01, 0xFF, 0xFF, 0xFF, 0xFF, 0xFF, 0xFF, 0xFF, 0xFF,
  0xFF, 0xFF, 0xFF, 0xFF, 0xFF, 0xFF, 0xFF, 0xFF, 0xFF, 0xFF, 0xFF, 0xFF,
  0xFF, 0xFF, 0xFF, 0xFC, 0xFF, 0xFF, 0xFF, 0xFF, 0xFF, 0xFF, 0xFF, 0xFF,
  0xFF, 0xFF, 0xFF, 0xFF, 0xFF, 0xFF, 0xFF, 0xFF, 0xFF, 0xFF, 0xFF, 0xFF,
  0xFF, 0xFF, 0xFF, 0xFE, 0x00, 0x00, 0x00, 0xFF, 0xF0, 0x00, 0x00, 0x07,
  0xFF, 0x80, 0x00, 0x00, 0x3F, 0xFC, 0x00, 0x00, 0x01, 0xFF, 0xE0, 0x00,
  0x00, 0x0F, 0xFF, 0x00, 0x00, 0x00, 0x7F, 0xF8, 0x00, 0x00, 0x03, 0xFF,
  0xC0, 0x00, 0x00, 0x1F, 0xFE, 0x00, 0x00, 0x00, 0xFF, 0xF0, 0x00, 0x00,
  0x07, 0xFF, 0x80, 0x00, 0x00, 0x3F, 0xFC, 0x00, 0x00, 0x01, 0xFF, 0xE0,
  0x00, 0x00, 0x0F, 0xFF, 0x00, 0x00, 0x00, 0x7F, 0xF8, 0x00, 0x00, 0x03,
  0xFF, 0xC0, 0x00, 0x00, 0x1F, 0xFE, 0x00, 0x00, 0x00, 0xFF, 0xF0, 0x00,
  0x00, 0x07, 0xFF, 0x80, 0x00, 0x00, 0x3F, 0xFC, 0x00, 0x00, 0x01, 0xFF,
  0xE0, 0x00, 0x00, 0x0F, 0xFF, 0x00, 0x00, 0x00, 0x7F, 0xF8, 0x00, 0x00,
  0x03, 0xFF, 0xC0, 0x00, 0x00, 0x1F, 0xFE, 0x00, 0x00, 0x00, 0xFF, 0xF0,
  0x00, 0x00, 0x07, 0xFF, 0x80, 0x00, 0x00, 0x3F, 0xFC, 0x00, 0x00, 0x01,
  0xFF, 0xE0, 0x00, 0x00, 0x0F, 0xFF, 0x00, 0x00, 0x00, 0x7F, 0xF8, 0x00,
  0x00, 0x03, 0xFF, 0xC0, 0x00, 0x00, 0x1F, 0xFE, 0x00, 0x00, 0x00, 0xFF,
  0xF0, 0x00, 0x00, 0x07, 0xFF, 0x80, 0x00, 0x00, 0x3F, 0xFC, 0x00, 0x00,
  0x01, 0xFF, 0xE0, 0x00, 0x00, 0x0F, 0xFF, 0x00, 0x00, 0x00, 0x7F, 0xF8,
  0x00, 0x00, 0x03, 0xFF, 0xC0, 0x00, 0x00, 0x1F, 0xFE, 0x00, 0x00, 0x00,
  0xFF, 0xF0, 0x00, 0x00, 0x07, 0xFF, 0x80, 0x00, 0x00, 0x3F, 0xFC, 0x00,
  0x00, 0x01, 0xFF, 0xE0, 0x00, 0x00, 0x0F, 0xFF, 0x00, 0x00, 0x00, 0x7F,
  0xF8, 0x00, 0x00, 0x03, 0xFF, 0xC0, 0x00, 0x00, 0x1F, 0xFE, 0x00, 0x00,
  0x00, 0xFF, 0xF0, 0x00, 0x00, 0x07, 0xFF, 0x80, 0x00, 0x00, 0x3F, 0xFC,
  0x00, 0x00, 0x01, 0xFF, 0xFF, 0xFF, 0xFF, 0xFF, 0xFF, 0xFF, 0xFF, 0xFF,
  0xFF, 0xFF, 0xFF, 0xFF, 0xFF, 0xFF, 0xFF, 0xFF, 0xFF, 0xFF, 0xFF, 0xFF,
  0xFF, 0xFF, 0xFC, 0xFF, 0xFF, 0xFF, 0xFF, 0xFF, 0xFF, 0xFF, 0xFF, 0xFF,
  0xFF, 0xFF, 0xFF, 0xFF, 0xFF, 0xFF, 0xFF, 0xFF, 0xFF, 0xFF, 0xFF, 0xFF,
  0xFF, 0xFF, 0xFE, 0x00, 0x00, 0x00, 0xFF, 0xF0, 0x00, 0x00, 0x07, 0xFF,
  0x80, 0x00, 0x00, 0x3F, 0xFC, 0x00, 0x00, 0x01, 0xFF, 0xE0, 0x00, 0x00,
  0x0F, 0xFF, 0x00, 0x00, 0x00, 0x7F, 0xF8, 0x00, 0x00, 0x03, 0xFF, 0xC0,
  0x00, 0x00, 0x1F, 0xFE, 0x00, 0x00, 0x00, 0xFF, 0xF0, 0x00, 0x00, 0x07,
  0xFF, 0x80, 0x00, 0x00, 0x3F, 0xFC, 0x00, 0x00, 0x01, 0xFF, 0xE0, 0x00,
  0x00, 0x0F, 0xFF, 0x00, 0x00, 0x00, 0x7F, 0xF8, 0x00, 0x00, 0x03, 0xFF,
  0xC0, 0x00, 0x00, 0x1F, 0xFE, 0x00, 0x00, 0x00, 0xFF, 0xF0, 0x00, 0x00,
  0x07, 0xFF, 0x80, 0x00, 0x00, 0x3F, 0xFC, 0x00, 0x00, 0x01, 0xFF, 0xE0,
  0x00, 0x00, 0x0F, 0xFF, 0x00, 0x00, 0x00, 0x7F, 0xF8, 0x00, 0x00, 0x03,
  0xFF, 0xC0, 0x00, 0x00, 0x1F, 0xFE, 0x00, 0x00, 0x00, 0xFF, 0xF0, 0x00,
  0x00, 0x07, 0xFF, 0x80, 0x00, 0x00, 0x3F, 0xFC, 0x00, 0x00, 0x01, 0xFF,
  0xE0, 0x00, 0x00, 0x0F, 0xFF, 0x00, 0x00, 0x00, 0x7F, 0xF8, 0x00, 0x00,
  0x03, 0xFF, 0xC0, 0x00, 0x00, 0x1F, 0xFE, 0x00, 0x00, 0x00, 0xFF, 0xF0,
  0x00, 0x00, 0x07, 0xFF, 0x80, 0x00, 0x00, 0x3F, 0xFC, 0x00, 0x00, 0x01,
  0xFF, 0xE0, 0x00, 0x00, 0x0F, 0xFF, 0x00, 0x00, 0x00, 0x7F, 0xF8, 0x00,
  0x00, 0x03, 0xFF, 0xC0, 0x00, 0x00, 0x1F, 0xFE, 0x00, 0x00, 0x00, 0xFF,
  0xF0, 0x00, 0x00, 0x07, 0xFF, 0x80, 0x00, 0x00, 0x3F, 0xFC, 0x00, 0x00,
  0x01, 0xFF, 0xE0, 0x00, 0x00, 0x0F, 0xFF, 0x00, 0x00, 0x00, 0x7F, 0xF8,
  0x00, 0x00, 0x03, 0xFF, 0xC0, 0x00, 0x00, 0x1F, 0xFE, 0x00, 0x00, 0x00,
  0xFF, 0xF0, 0x00, 0x00, 0x07, 0xFF, 0x80, 0x00, 0x00, 0x3F, 0xFC, 0x00,
  0x00, 0x01, 0xFF, 0xFF, 0xFF, 0xFF, 0xFF, 0xFF, 0xFF, 0xFF, 0xFF, 0xFF,
  0xFF, 0xFF, 0xFF, 0xFF, 0xFF, 0xFF, 0xFF, 0xFF, 0xFF, 0xFF, 0xFF, 0xFF,
  0xFF, 0xFC, 0xFF, 0xFF, 0xFF, 0xFF, 0xFF, 0xFF, 0xFF, 0xFF, 0xFF, 0xFF,
  0xFF, 0xFF, 0xFF, 0xFF, 0xFF, 0xFF, 0xFF, 0xFF, 0xFF, 0xFF, 0xFF, 0xFF,
  0xFF, 0xFE, 0x00, 0x00, 0x00, 0xFF, 0xF0, 0x00, 0x00, 0x07, 0xFF, 0x80,
  0x00, 0x00, 0x3F, 0xFC, 0x00, 0x00, 0x01, 0xFF, 0xE0, 0x00, 0x00, 0x0F,
  0xFF, 0x00, 0x00, 0x00, 0x7F, 0xF8, 0x00, 0x00, 0x03, 0xFF, 0xC0, 0x00,
  0x00, 0x1F, 0xFE, 0x00, 0x00, 0x00, 0xFF, 0xF0, 0x00, 0x00, 0x07, 0xFF,
  0x80, 0x00, 0x00, 0x3F, 0xFC, 0x00, 0x00, 0x01, 0xFF, 0xE0, 0x00, 0x00,
  0x0F, 0xFF, 0x00, 0x00, 0x00, 0x7F, 0xF8, 0x00, 0x00, 0x03, 0xFF, 0xC0,
  0x00, 0x00, 0x1F, 0xFE, 0x00, 0x00, 0x00, 0xFF, 0xF0, 0x00, 0x00, 0x07,
  0xFF, 0x80, 0x00, 0x00, 0x3F, 0xFC, 0x00, 0x00, 0x01, 0xFF, 0xE0, 0x00,
  0x00, 0x0F, 0xFF, 0x00, 0x00, 0x00, 0x7F, 0xF8, 0x00, 0x00, 0x03, 0xFF,
  0xC0, 0x00, 0x00, 0x1F, 0xFE, 0x00, 0x00, 0x00, 0xFF, 0xF0, 0x00, 0x00,
  0x07, 0xFF, 0x80, 0x00, 0x00, 0x3F, 0xFC, 0x00, 0x00, 0x01, 0xFF, 0xE0,
  0x00, 0x00, 0x0F, 0xFF, 0x00, 0x00, 0x00, 0x7F, 0xF8, 0x00, 0x00, 0x03,
  0xFF, 0xC0, 0x00, 0x00, 0x1F, 0xFE, 0x00, 0x00, 0x00, 0xFF, 0xF0, 0x00,
  0x00, 0x07, 0xFF, 0x80, 0x00, 0x00, 0x3F, 0xFC, 0x00, 0x00, 0x01, 0xFF,
  0xE0, 0x00, 0x00, 0x0F, 0xFF, 0x00, 0x00, 0x00, 0x7F, 0xF8, 0x00, 0x00,
  0x03, 0xFF, 0xC0, 0x00, 0x00, 0x1F, 0xFE, 0x00, 0x00, 0x00, 0xFF, 0xF0,
  0x00, 0x00, 0x07, 0xFF, 0x80, 0x00, 0x00, 0x3F, 0xFC, 0x00, 0x00, 0x01,
  0xFF, 0xE0, 0x00, 0x00, 0x0F, 0xFF, 0x00, 0x00, 0x00, 0x7F, 0xF8, 0x00,
  0x00, 0x03, 0xFF, 0xC0, 0x00, 0x00, 0x1F, 0xFE, 0x00, 0x00, 0x00, 0xFF,
  0xF0, 0x00, 0x00, 0x07, 0xFF, 0x80, 0x00, 0x00, 0x3F, 0xFC, 0x00, 0x00,
  0x01, 0xFF, 0xFF, 0xFF, 0xFF, 0xFF, 0xFF, 0xFF, 0xFF, 0xFF, 0xFF, 0xFF,
  0xFF, 0xFF, 0xFF, 0xFF, 0xFF, 0xFF, 0xFF, 0xFF, 0xFF, 0xFF, 0xFF, 0xFF,
  0xFC, 0xFF, 0xFF, 0xFF, 0xFF, 0xFF, 0xFF, 0xFF, 0xFF, 0xFF, 0xFF, 0xFF,
  0xFF, 0xFF, 0xFF, 0xFF, 0xFF, 0xFF, 0xFF, 0xFF, 0xFF, 0xFF, 0xFF, 0xFF,
  0xFE, 0x00, 0x00, 0x00, 0xFF, 0xF0, 0x00, 0x00, 0x07, 0xFF, 0x80, 0x00,
  0x00, 0x3F, 0xFC, 0x00, 0x00, 0x01, 0xFF, 0xE0, 0x00, 0x00, 0x0F, 0xFF,
  0x00, 0x00, 0x00, 0x7F, 0xF8, 0x00, 0x00, 0x03, 0xFF, 0xC0, 0x00, 0x00,
  0x1F, 0xFE, 0x00, 0x00, 0x00, 0xFF, 0xF0, 0x00, 0x00, 0x07, 0xFF, 0x80,
  0x00, 0x00, 0x3F, 0xFC, 0x00, 0x00, 0x01, 0xFF, 0xE0, 0x00, 0x00, 0x0F,
  0xFF, 0x00, 0x00, 0x00, 0x7F, 0xF8, 0x00, 0x00, 0x03, 0xFF, 0xC0, 0x00,
  0x00, 0x1F, 0xFE, 0x00, 0x00, 0x00, 0xFF, 0xF0, 0x00, 0x00, 0x07, 0xFF,
  0x80, 0x00, 0x00, 0x3F, 0xFC, 0x00, 0x00, 0x01, 0xFF, 0xE0, 0x00, 0x00,
  0x0F, 0xFF, 0x00, 0x00, 0x00, 0x7F, 0xF8, 0x00, 0x00, 0x03, 0xFF, 0xC0,
  0x00, 0x00, 0x1F, 0xFE, 0x00, 0x00, 0x00, 0xFF, 0xF0, 0x00, 0x00, 0x07,
  0xFF, 0x80, 0x00, 0x00, 0x3F, 0xFC, 0x00, 0x00, 0x01, 0xFF, 0xE0, 0x00,
  0x00, 0x0F, 0xFF, 0x00, 0x00, 0x00, 0x7F, 0xF8, 0x00, 0x00, 0x03, 0xFF,
  0xC0, 0x00, 0x00, 0x1F, 0xFE, 0x00, 0x00, 0x00, 0xFF, 0xF0, 0x00, 0x00,
  0x07, 0xFF, 0x80, 0x00, 0x00, 0x3F, 0xFC, 0x00, 0x00, 0x01, 0xFF, 0xE0,
  0x00, 0x00, 0x0F, 0xFF, 0x00, 0x00, 0x00, 0x7F, 0xF8, 0x00, 0x00, 0x03,
  0xFF, 0xC0, 0x00, 0x00, 0x1F, 0xFE, 0x00, 0x00, 0x00, 0xFF, 0xF0, 0x00,
  0x00, 0x07, 0xFF, 0x80, 0x00, 0x00, 0x3F, 0xFC, 0x00, 0x00, 0x01, 0xFF,
  0xE0, 0x00, 0x00, 0x0F, 0xFF, 0x00, 0x00, 0x00, 0x7F, 0xF8, 0x00, 0x00,
  0x03, 0xFF, 0xC0, 0x00, 0x00, 0x1F, 0xFE, 0x00, 0x00, 0x00, 0xFF, 0xF0,
  0x00, 0x00, 0x07, 0xFF, 0x80, 0x00, 0x00, 0x3F, 0xFC, 0x00, 0x00, 0x01,
  0xFF, 0xFF, 0xFF, 0xFF, 0xFF, 0xFF, 0xFF, 0xFF, 0xFF, 0xFF, 0xFF, 0xFF,
  0xFF, 0xFF, 0xFF, 0xFF, 0xFF, 0xFF, 0xFF, 0xFF, 0xFF, 0xFF, 0xFF, 0xFC,
  0xFF, 0xFF, 0xFF, 0xFF, 0xFF, 0xFF, 0xFF, 0xFF, 0xFF, 0xFF, 0xFF, 0xFF,
  0xFF, 0xFF, 0xFF, 0xFF, 0xFF, 0xFF, 0xFF, 0xFF, 0xFF, 0xFF, 0xFF, 0xFE,
  0x00, 0x00, 0x00, 0xFF, 0xF0, 0x00, 0x00, 0x07, 0xFF, 0x80, 0x00, 0x00,
  0x3F, 0xFC, 0x00, 0x00, 0x01, 0xFF, 0xE0, 0x00, 0x00, 0x0F, 0xFF, 0x00,
  0x00, 0x00, 0x7F, 0xF8, 0x00, 0x00, 0x03, 0xFF, 0xC0, 0x00, 0x00, 0x1F,
  0xFE, 0x00, 0x00, 0x00, 0xFF, 0xF0, 0x00, 0x00, 0x07, 0xFF, 0x80, 0x00,
  0x00, 0x3F, 0xFC, 0x00, 0x00, 0x01, 0xFF, 0xE0, 0x00, 0x00, 0x0F, 0xFF,
  0x00, 0x00, 0x00, 0x7F, 0xF8, 0x00, 0x00, 0x03, 0xFF, 0xC0, 0x00, 0x00,
  0x1F, 0xFE, 0x00, 0x00, 0x00, 0xFF, 0xF0, 0x00, 0x00, 0x07, 0xFF, 0x80,
  0x00, 0x00, 0x3F, 0xFC, 0x00, 0x00, 0x01, 0xFF, 0xE0, 0x00, 0x00, 0x0F,
  0xFF, 0x00, 0x00, 0x00, 0x7F, 0xF8, 0x00, 0x00, 0x03, 0xFF, 0xC0, 0x00,
  0x00, 0x1F, 0xFE, 0x00, 0x00, 0x00, 0xFF, 0xF0, 0x00, 0x00, 0x07, 0xFF,
  0x80, 0x00, 0x00, 0x3F, 0xFC, 0x00, 0x00, 0x01, 0xFF, 0xE0, 0x00, 0x00,
  0x0F, 0xFF, 0x00, 0x00, 0x00, 0x7F, 0xF8, 0x00, 0x00, 0x03, 0xFF, 0xC0,
  0x00, 0x00, 0x1F, 0xFE, 0x00, 0x00, 0x00, 0xFF, 0xF0, 0x00, 0x00, 0x07,
  0xFF, 0x80, 0x00, 0x00, 0x3F, 0xFC, 0x00, 0x00, 0x01, 0xFF, 0xE0, 0x00,
  0x00, 0x0F, 0xFF, 0x00, 0x00, 0x00, 0x7F, 0xF8, 0x00, 0x00, 0x03, 0xFF,
  0xC0, 0x00, 0x00, 0x1F, 0xFE, 0x00, 0x00, 0x00, 0xFF, 0xF0, 0x00, 0x00,
  0x07, 0xFF, 0x80, 0x00, 0x00, 0x3F, 0xFC, 0x00, 0x00, 0x01, 0xFF, 0xE0,
  0x00, 0x00, 0x0F, 0xFF, 0x00, 0x00, 0x00, 0x7F, 0xF8, 0x00, 0x00, 0x03,
  0xFF, 0xC0, 0x00, 0x00, 0x1F, 0xFE, 0x00, 0x00, 0x00, 0xFF, 0xF0, 0x00,
  0x00, 0x07, 0xFF, 0x80, 0x00, 0x00, 0x3F, 0xFC, 0x00, 0x00, 0x01, 0xFF,
  0xFF, 0xFF, 0xFF, 0xFF, 0xFF, 0xFF, 0xFF, 0xFF, 0xFF, 0xFF, 0xFF, 0xFF,
  0xFF, 0xFF, 0xFF, 0xFF, 0xFF, 0xFF, 0xFF, 0xFF, 0xFF, 0xFF, 0xFC, 0xFF,
  0xFF, 0xFF, 0xFF, 0xFF, 0xFF, 0xFF, 0xFF, 0xFF, 0xFF, 0xFF, 0xFF, 0xFF,
  0xFF, 0xFF, 0xFF, 0xFF, 0xFF, 0xFF, 0xFF, 0xFF, 0xFF, 0xFF, 0xFE, 0x00,
  0x00, 0x00, 0xFF, 0xF0, 0x00, 0x00, 0x07, 0xFF, 0x80, 0x00, 0x00, 0x3F,
  0xFC, 0x00, 0x00, 0x01, 0xFF, 0xE0, 0x00, 0x00, 0x0F, 0xFF, 0x00, 0x00,
  0x00, 0x7F, 0xF8, 0x00, 0x00, 0x03, 0xFF, 0xC0, 0x00, 0x00, 0x1F, 0xFE,
  0x00, 0x00, 0x00, 0xFF, 0xF0, 0x00, 0x00, 0x07, 0xFF, 0x80, 0x00, 0x00,
  0x3F, 0xFC, 0x00, 0x00, 0x01, 0xFF, 0xE0, 0x00, 0x00, 0x0F, 0xFF, 0x00,
  0x00, 0x00, 0x7F, 0xF8, 0x00, 0x00, 0x03, 0xFF, 0xC0, 0x00, 0x00, 0x1F,
  0xFE, 0x00, 0x00, 0x00, 0xFF, 0xF0, 0x00, 0x00, 0x07, 0xFF, 0x80, 0x00,
  0x00, 0x3F, 0xFC, 0x00, 0x00, 0x01, 0xFF, 0xE0, 0x00, 0x00, 0x0F, 0xFF,
  0x00, 0x00, 0x00, 0x7F, 0xF8, 0x00, 0x00, 0x03, 0xFF, 0xC0, 0x00, 0x00,
  0x1F, 0xFE, 0x00, 0x00, 0x00, 0xFF, 0xF0, 0x00, 0x00, 0x07, 0xFF, 0x80,
  0x00, 0x00, 0x3F, 0xFC, 0x00, 0x00, 0x01, 0xFF, 0xE0, 0x00, 0x00, 0x0F,
  0xFF, 0x00, 0x00, 0x00, 0x7F, 0xF8, 0x00, 0x00, 0x03, 0xFF, 0xC0, 0x00,
  0x00, 0x1F, 0xFE, 0x00, 0x00, 0x00, 0xFF, 0xF0, 0x00, 0x00, 0x07, 0xFF,
  0x80, 0x00, 0x00, 0x3F, 0xFC, 0x00, 0x00, 0x01, 0xFF, 0xE0, 0x00, 0x00,
  0x0F, 0xFF, 0x00, 0x00, 0x00, 0x7F, 0xF8, 0x00, 0x00, 0x03, 0xFF, 0xC0,
  0x00, 0x00, 0x1F, 0xFE, 0x00, 0x00, 0x00, 0xFF, 0xF0, 0x00, 0x00, 0x07,
  0xFF, 0x80, 0x00, 0x00, 0x3F, 0xFC, 0x00, 0x00, 0x01, 0xFF, 0xE0, 0x00,
  0x00, 0x0F, 0xFF, 0x00, 0x00, 0x00, 0x7F, 0xF8, 0x00, 0x00, 0x03, 0xFF,
  0xC0, 0x00, 0x00, 0x1F, 0xFE, 0x00, 0x00, 0x00, 0xFF, 0xF0, 0x00, 0x00,
  0x07, 0xFF, 0x80, 0x00, 0x00, 0x3F, 0xFC, 0x00, 0x00, 0x01, 0xFF, 0xFF,
  0xFF, 0xFF, 0xFF, 0xFF, 0xFF, 0xFF, 0xFF, 0xFF, 0xFF, 0xFF, 0xFF, 0xFF,
  0xFF, 0xFF, 0xFF, 0xFF, 0xFF, 0xFF, 0xFF, 0xFF, 0xFF, 0xFC, 0xFF, 0xFF,
  0xFF, 0xFF, 0xFF, 0xFF, 0xFF, 0xFF, 0xFF, 0xFF, 0xFF, 0xFF, 0xFF, 0xFF,
  0xFF, 0xFF, 0xFF, 0xFF, 0xFF, 0xFF, 0xFF, 0xFF, 0xFF, 0xFE, 0x00, 0x00,
  0x00, 0xFF, 0xF0, 0x00, 0x00, 0x07, 0xFF, 0x80, 0x00, 0x00, 0x3F, 0xFC,
  0x00, 0x00, 0x01, 0xFF, 0xE0, 0x00, 0x00, 0x0F, 0xFF, 0x00, 0x00, 0x00,
  0x7F, 0xF8, 0x00, 0x00, 0x03, 0xFF, 0xC0, 0x00, 0x00, 0x1F, 0xFE, 0x00,
  0x00, 0x00, 0xFF, 0xF0, 0x00, 0x00, 0x07, 0xFF, 0x80, 0x00, 0x00, 0x3F,
  0xFC, 0x00, 0x00, 0x01, 0xFF, 0xE0, 0x00, 0x00, 0x0F, 0xFF, 0x00, 0x00,
  0x00, 0x7F, 0xF8, 0x00, 0x00, 0x03, 0xFF, 0xC0, 0x00, 0x00, 0x1F, 0xFE,
  0x00, 0x00, 0x00, 0xFF, 0xF0, 0x00, 0x00, 0x07, 0xFF, 0x80, 0x00, 0x00,
  0x3F, 0xFC, 0x00, 0x00, 0x01, 0xFF, 0xE0, 0x00, 0x00, 0x0F, 0xFF, 0x00,
  0x00, 0x00, 0x7F, 0xF8, 0x00, 0x00, 0x03, 0xFF, 0xC0, 0x00, 0x00, 0x1F,
  0xFE, 0x00, 0x00, 0x00, 0xFF, 0xF0, 0x00, 0x00, 0x07, 0xFF, 0x80, 0x00,
  0x00, 0x3F, 0xFC, 0x00, 0x00, 0x01, 0xFF, 0xE0, 0x00, 0x00, 0x0F, 0xFF,
  0x00, 0x00, 0x00, 0x7F, 0xF8, 0x00, 0x00, 0x03, 0xFF, 0xC0, 0x00, 0x00,
  0x1F, 0xFE, 0x00, 0x00, 0x00, 0xFF, 0xF0, 0x00, 0x00, 0x07, 0xFF, 0x80,
  0x00, 0x00, 0x3F, 0xFC, 0x00, 0x00, 0x01, 0xFF, 0xE0, 0x00, 0x00, 0x0F,
  0xFF, 0x00, 0x00, 0x00, 0x7F, 0xF8, 0x00, 0x00, 0x03, 0xFF, 0xC0, 0x00,
  0x00, 0x1F, 0xFE, 0x00, 0x00, 0x00, 0xFF, 0xF0, 0x00, 0x00, 0x07, 0xFF,
  0x80, 0x00, 0x00, 0x3F, 0xFC, 0x00, 0x00, 0x01, 0xFF, 0xE0, 0x00, 0x00,
  0x0F, 0xFF, 0x00, 0x00, 0x00, 0x7F, 0xF8, 0x00, 0x00, 0x03, 0xFF, 0xC0,
  0x00, 0x00, 0x1F, 0xFE, 0x00, 0x00, 0x00, 0xFF, 0xF0, 0x00, 0x00, 0x07,
  0xFF, 0x80, 0x00, 0x00, 0x3F, 0xFC, 0x00, 0x00, 0x01, 0xFF, 0xFF, 0xFF,
  0xFF, 0xFF, 0xFF, 0xFF, 0xFF, 0xFF, 0xFF, 0xFF, 0xFF, 0xFF, 0xFF, 0xFF,
  0xFF, 0xFF, 0xFF, 0xFF, 0xFF, 0xFF, 0xFF, 0xFF, 0xFC, 0xFF, 0xFF, 0xFF,
  0xFF, 0xFF, 0xFF, 0xFF, 0xFF, 0xFF, 0xFF, 0xFF, 0xFF, 0xFF, 0xFF, 0xFF,
  0xFF, 0xFF, 0xFF, 0xFF, 0xFF, 0xFF, 0xFF, 0xFF, 0xFE, 0x00, 0x00, 0x00,
  0xFF, 0xF0, 0x00, 0x00, 0x07, 0xFF, 0x80, 0x00, 0x00, 0x3F, 0xFC, 0x00,
  0x00, 0x01, 0xFF, 0xE0, 0x00, 0x00, 0x0F, 0xFF, 0x00, 0x00, 0x00, 0x7F,
  0xF8, 0x00, 0x00, 0x03, 0xFF, 0xC0, 0x00, 0x00, 0x1F, 0xFE, 0x00, 0x00,
  0x00, 0xFF, 0xF0, 0x00, 0x00, 0x07, 0xFF, 0x80, 0x00, 0x00, 0x3F, 0xFC,
  0x00, 0x00, 0x01, 0xFF, 0xE0, 0x00, 0x00, 0x0F, 0xFF, 0x00, 0x00, 0x00,
  0x7F, 0xF8, 0x00, 0x00, 0x03, 0xFF, 0xC0, 0x00, 0x00, 0x1F, 0xFE, 0x00,
  0x00, 0x00, 0xFF, 0xF0, 0x00, 0x00, 0x07, 0xFF, 0x80, 0x00, 0x00, 0x3F,
  0xFC, 0x00, 0x00, 0x01, 0xFF, 0xE0, 0x00, 0x00, 0x0F, 0xFF, 0x00, 0x00,
  0x00, 0x7F, 0xF8, 0x00, 0x00, 0x03, 0xFF, 0xC0, 0x00, 0x00, 0x1F, 0xFE,
  0x00, 0x00, 0x00, 0xFF, 0xF0, 0x00, 0x00, 0x07, 0xFF, 0x80, 0x00, 0x00,
  0x3F, 0xFC, 0x00, 0x00, 0x01, 0xFF, 0xE0, 0x00, 0x00, 0x0F, 0xFF, 0x00,
  0x00, 0x00, 0x7F, 0xF8, 0x00, 0x00, 0x03, 0xFF, 0xC0, 0x00, 0x00, 0x1F,
  0xFE, 0x00, 0x00, 0x00, 0xFF, 0xF0, 0x00, 0x00, 0x07, 0xFF, 0x80, 0x00,
  0x00, 0x3F, 0xFC, 0x00, 0x00, 0x01, 0xFF, 0xE0, 0x00, 0x00, 0x0F, 0xFF,
  0x00, 0x00, 0x00, 0x7F, 0xF8, 0x00, 0x00, 0x03, 0xFF, 0xC0, 0x00, 0x00,
  0x1F, 0xFE, 0x00, 0x00, 0x00, 0xFF, 0xF0, 0x00, 0x00, 0x07, 0xFF, 0x80,
  0x00, 0x00, 0x3F, 0xFC, 0x00, 0x00, 0x01, 0xFF, 0xE0, 0x00, 0x00, 0x0F,
  0xFF, 0x00, 0x00, 0x00, 0x7F, 0xF8, 0x00, 0x00, 0x03, 0xFF, 0xC0, 0x00,
  0x00, 0x1F, 0xFE, 0x00, 0x00, 0x00, 0xFF, 0xF0, 0x00, 0x00, 0x07, 0xFF,
  0x80, 0x00, 0x00, 0x3F, 0xFC, 0x00, 0x00, 0x01, 0xFF, 0xFF, 0xFF, 0xFF,
  0xFF, 0xFF, 0xFF, 0xFF, 0xFF, 0xFF, 0xFF, 0xFF, 0xFF, 0xFF, 0xFF, 0xFF,
  0xFF, 0xFF, 0xFF, 0xFF, 0xFF, 0xFF, 0xFF, 0xFC, 0xFF, 0xFF, 0xFF, 0xFF,
  0xFF, 0xFF, 0xFF, 0xFF, 0xFF, 0xFF, 0xFF, 0xFF, 0xFF, 0xFF, 0xFF, 0xFF,
  0xFF, 0xFF, 0xFF, 0xFF, 0xFF, 0xFF, 0xFF, 0xFE, 0x00, 0x00, 0x00, 0xFF,
  0xF0, 0x00, 0x00, 0x07, 0xFF, 0x80, 0x00, 0x00, 0x3F, 0xFC, 0x00, 0x00,
  0x01, 0xFF, 0xE0, 0x00, 0x00, 0x0F, 0xFF, 0x00, 0x00, 0x00, 0x7F, 0xF8,
  0x00, 0x00, 0x03, 0xFF, 0xC0, 0x00, 0x00, 0x1F, 0xFE, 0x00, 0x00, 0x00,
  0xFF, 0xF0, 0x00, 0x00, 0x07, 0xFF, 0x80, 0x00, 0x00, 0x3F, 0xFC, 0x00,
  0x00, 0x01, 0xFF, 0xE0, 0x00, 0x00, 0x0F, 0xFF, 0x00, 0x00, 0x00, 0x7F,
  0xF8, 0x00, 0x00, 0x03, 0xFF, 0xC0, 0x00, 0x00, 0x1F, 0xFE, 0x00, 0x00,
  0x00, 0xFF, 0xF0, 0x00, 0x00, 0x07, 0xFF, 0x80, 0x00, 0x00, 0x3F, 0xFC,
  0x00, 0x00, 0x01, 0xFF, 0xE0, 0x00, 0x00, 0x0F, 0xFF, 0x00, 0x00, 0x00,
  0x7F, 0xF8, 0x00, 0x00, 0x03, 0xFF, 0xC0, 0x00, 0x00, 0x1F, 0xFE, 0x00,
  0x00, 0x00, 0xFF, 0xF0, 0x00, 0x00, 0x07, 0xFF, 0x80, 0x00, 0x00, 0x3F,
  0xFC, 0x00, 0x00, 0x01, 0xFF, 0xE0, 0x00, 0x00, 0x0F, 0xFF, 0x00, 0x00,
  0x00, 0x7F, 0xF8, 0x00, 0x00, 0x03, 0xFF, 0xC0, 0x00, 0x00, 0x1F, 0xFE,
  0x00, 0x00, 0x00, 0xFF, 0xF0, 0x00, 0x00, 0x07, 0xFF, 0x80, 0x00, 0x00,
  0x3F, 0xFC, 0x00, 0x00, 0x01, 0xFF, 0xE0, 0x00, 0x00, 0x0F, 0xFF, 0x00,
  0x00, 0x00, 0x7F, 0xF8, 0x00, 0x00, 0x03, 0xFF, 0xC0, 0x00, 0x00, 0x1F,
  0xFE, 0x00, 0x00, 0x00, 0xFF, 0xF0, 0x00, 0x00, 0x07, 0xFF, 0x80, 0x00,
  0x00, 0x3F, 0xFC, 0x00, 0x00, 0x01, 0xFF, 0xE0, 0x00, 0x00, 0x0F, 0xFF,
  0x00, 0x00, 0x00, 0x7F, 0xF8, 0x00, 0x00, 0x03, 0xFF, 0xC0, 0x00, 0x00,
  0x1F, 0xFE, 0x00, 0x00, 0x00, 0xFF, 0xF0, 0x00, 0x00, 0x07, 0xFF, 0x80,
  0x00, 0x00, 0x3F, 0xFC, 0x00, 0x00, 0x01, 0xFF, 0xFF, 0xFF, 0xFF, 0xFF,
  0xFF, 0xFF, 0xFF, 0xFF, 0xFF, 0xFF, 0xFF, 0xFF, 0xFF, 0xFF, 0xFF, 0xFF,
  0xFF, 0xFF, 0xFF, 0xFF, 0xFF, 0xFF, 0xFC, 0xFF, 0xFF, 0xFF, 0xFF, 0xFF,
  0xFF, 0xFF, 0xFF, 0xFF, 0xFF, 0xFF, 0xFF, 0xFF, 0xFF, 0xFF, 0xFF, 0xFF,
  0xFF, 0xFF, 0xFF, 0xFF, 0xFF, 0xFF, 0xFE, 0x00, 0x00, 0x00, 0xFF, 0xF0,
  0x00, 0x00, 0x07, 0xFF, 0x80, 0x00, 0x00, 0x3F, 0xFC, 0x00, 0x00, 0x01,
  0xFF, 0xE0, 0x00, 0x00, 0x0F, 0xFF, 0x00, 0x00, 0x00, 0x7F, 0xF8, 0x00,
  0x00, 0x03, 0xFF, 0xC0, 0x00, 0x00, 0x1F, 0xFE, 0x00, 0x00, 0x00, 0xFF,
  0xF0, 0x00, 0x00, 0x07, 0xFF, 0x80, 0x00, 0x00, 0x3F, 0xFC, 0x00, 0x00,
  0x01, 0xFF, 0xE0, 0x00, 0x00, 0x0F, 0xFF, 0x00, 0x00, 0x00, 0x7F, 0xF8,
  0x00, 0x00, 0x03, 0xFF, 0xC0, 0x00, 0x00, 0x1F, 0xFE, 0x00, 0x00, 0x00,
  0xFF, 0xF0, 0x00, 0x00, 0x07, 0xFF, 0x80, 0x00, 0x00, 0x3F, 0xFC, 0x00,
  0x00, 0x01, 0xFF, 0xE0, 0x00, 0x00, 0x0F, 0xFF, 0x00, 0x00, 0x00, 0x7F,
  0xF8, 0x00, 0x00, 0x03, 0xFF, 0xC0, 0x00, 0x00, 0x1F, 0xFE, 0x00, 0x00,
  0x00, 0xFF, 0xF0, 0x00, 0x00, 0x07, 0xFF, 0x80, 0x00, 0x00, 0x3F, 0xFC,
  0x00, 0x00, 0x01, 0xFF, 0xE0, 0x00, 0x00, 0x0F, 0xFF, 0x00, 0x00, 0x00,
  0x7F, 0xF8, 0x00, 0x00, 0x03, 0xFF, 0xC0, 0x00, 0x00, 0x1F, 0xFE, 0x00,
  0x00, 0x00, 0xFF, 0xF0, 0x00, 0x00, 0x07, 0xFF, 0x80, 0x00, 0x00, 0x3F,
  0xFC, 0x00, 0x00, 0x01, 0xFF, 0xE0, 0x00, 0x00, 0x0F, 0xFF, 0x00, 0x00,
  0x00, 0x7F, 0xF8, 0x00, 0x00, 0x03, 0xFF, 0xC0, 0x00, 0x00, 0x1F, 0xFE,
  0x00, 0x00, 0x00, 0xFF, 0xF0, 0x00, 0x00, 0x07, 0xFF, 0x80, 0x00, 0x00,
  0x3F, 0xFC, 0x00, 0x00, 0x01, 0xFF, 0xE0, 0x00, 0x00, 0x0F, 0xFF, 0x00,
  0x00, 0x00, 0x7F, 0xF8, 0x00, 0x00, 0x03, 0xFF, 0xC0, 0x00, 0x00, 0x1F,
  0xFE, 0x00, 0x00, 0x00, 0xFF, 0xF0, 0x00, 0x00, 0x07, 0xFF, 0x80, 0x00,
  0x00, 0x3F, 0xFC, 0x00, 0x00, 0x01, 0xFF, 0xFF, 0xFF, 0xFF, 0xFF, 0xFF,
  0xFF, 0xFF, 0xFF, 0xFF, 0xFF, 0xFF, 0xFF, 0xFF, 0xFF, 0xFF, 0xFF, 0xFF,
  0xFF, 0xFF, 0xFF, 0xFF, 0xFF, 0xFC, 0xFF, 0xFF, 0xFF, 0xFF, 0xFF, 0xFF,
  0xFF, 0xFF, 0xFF, 0xFF, 0xFF, 0xFF, 0xFF, 0xFF, 0xFF, 0xFF, 0xFF, 0xFF,
  0xFF, 0xFF, 0xFF, 0xFF, 0xFF, 0xFE, 0x00, 0x00, 0x00, 0xFF, 0xF0, 0x00,
  0x00, 0x07, 0xFF, 0x80, 0x00, 0x00, 0x3F, 0xFC, 0x00, 0x00, 0x01, 0xFF,
  0xE0, 0x00, 0x00, 0x0F, 0xFF, 0x00, 0x00, 0x00, 0x7F, 0xF8, 0x00, 0x00,
  0x03, 0xFF, 0xC0, 0x00, 0x00, 0x1F, 0xFE, 0x00, 0x00, 0x00, 0xFF, 0xF0,
  0x00, 0x00, 0x07, 0xFF, 0x80, 0x00, 0x00, 0x3F, 0xFC, 0x00, 0x00, 0x01,
  0xFF, 0xE0, 0x00, 0x00, 0x0F, 0xFF, 0x00, 0x00, 0x00, 0x7F, 0xF8, 0x00,
  0x00, 0x03, 0xFF, 0xC0, 0x00, 0x00, 0x1F, 0xFE, 0x00, 0x00, 0x00, 0xFF,
  0xF0, 0x00, 0x00, 0x07, 0xFF, 0x80, 0x00, 0x00, 0x3F, 0xFC, 0x00, 0x00,
  0x01, 0xFF, 0xE0, 0x00, 0x00, 0x0F, 0xFF, 0x00, 0x00, 0x00, 0x7F, 0xF8,
  0x00, 0x00, 0x03, 0xFF, 0xC0, 0x00, 0x00, 0x1F, 0xFE, 0x00, 0x00, 0x00,
  0xFF, 0xF0, 0x00, 0x00, 0x07, 0xFF, 0x80, 0x00, 0x00, 0x3F, 0xFC, 0x00,
  0x00, 0x01, 0xFF, 0xE0, 0x00, 0x00, 0x0F, 0xFF, 0x00, 0x00, 0x00, 0x7F,
  0xF8, 0x00, 0x00, 0x03, 0xFF, 0xC0, 0x00, 0x00, 0x1F, 0xFE, 0x00, 0x00,
  0x00, 0xFF, 0xF0, 0x00, 0x00, 0x07, 0xFF, 0x80, 0x00, 0x00, 0x3F, 0xFC,
  0x00, 0x00, 0x01, 0xFF, 0xE0, 0x00, 0x00, 0x0F, 0xFF, 0x00, 0x00, 0x00,
  0x7F, 0xF8, 0x00, 0x00, 0x03, 0xFF, 0xC0, 0x00, 0x00, 0x1F, 0xFE, 0x00,
  0x00, 0x00, 0xFF, 0xF0, 0x00, 0x00, 0x07, 0xFF, 0x80, 0x00, 0x00, 0x3F,
  0xFC, 0x00, 0x00, 0x01, 0xFF, 0xE0, 0x00, 0x00, 0x0F, 0xFF, 0x00, 0x00,
  0x00, 0x7F, 0xF8, 0x00, 0x00, 0x03, 0xFF, 0xC0, 0x00, 0x00, 0x1F, 0xFE,
  0x00, 0x00, 0x00, 0xFF, 0xF0, 0x00, 0x00, 0x07, 0xFF, 0x80, 0x00, 0x00,
  0x3F, 0xFC, 0x00, 0x00, 0x01, 0xFF, 0xFF, 0xFF, 0xFF, 0xFF, 0xFF, 0xFF,
  0xFF, 0xFF, 0xFF, 0xFF, 0xFF, 0xFF, 0xFF, 0xFF, 0xFF, 0xFF, 0xFF, 0xFF,
  0xFF, 0xFF, 0xFF, 0xFF, 0xFC, 0xFF, 0xFF, 0xFF, 0xFF, 0xFF, 0xFF, 0xFF,
  0xFF, 0xFF, 0xFF, 0xFF, 0xFF, 0xFF, 0xFF, 0xFF, 0xFF, 0xFF, 0xFF, 0xFF,
  0xFF, 0xFF, 0xFF, 0xFF, 0xFE, 0x00, 0x00, 0x00, 0xFF, 0xF0, 0x00, 0x00,
  0x07, 0xFF, 0x80, 0x00, 0x00, 0x3F, 0xFC, 0x00, 0x00, 0x01, 0xFF, 0xE0,
  0x00, 0x00, 0x0F, 0xFF, 0x00, 0x00, 0x00, 0x7F, 0xF8, 0x00, 0x00, 0x03,
  0xFF, 0xC0, 0x00, 0x00, 0x1F, 0xFE, 0x00, 0x00, 0x00, 0xFF, 0xF0, 0x00,
  0x00, 0x07, 0xFF, 0x80, 0x00, 0x00, 0x3F, 0xFC, 0x00, 0x00, 0x01, 0xFF,
  0xE0, 0x00, 0x00, 0x0F, 0xFF, 0x00, 0x00, 0x00, 0x7F, 0xF8, 0x00, 0x00,
  0x03, 0xFF, 0xC0, 0x00, 0x00, 0x1F, 0xFE, 0x00, 0x00, 0x00, 0xFF, 0xF0,
  0x00, 0x00, 0x07, 0xFF, 0x80, 0x00, 0x00, 0x3F, 0xFC, 0x00, 0x00, 0x01,
  0xFF, 0xE0, 0x00, 0x00, 0x0F, 0xFF, 0x00, 0x00, 0x00, 0x7F, 0xF8, 0x00,
  0x00, 0x03, 0xFF, 0xC0, 0x00, 0x00, 0x1F, 0xFE, 0x00, 0x00, 0x00, 0xFF,
  0xF0, 0x00, 0x00, 0x07, 0xFF, 0x80, 0x00, 0x00, 0x3F, 0xFC, 0x00, 0x00,
  0x01, 0xFF, 0xE0, 0x00, 0x00, 0x0F, 0xFF, 0x00, 0x00, 0x00, 0x7F, 0xF8,
  0x00, 0x00, 0x03, 0xFF, 0xC0, 0x00, 0x00, 0x1F, 0xFE, 0x00, 0x00, 0x00,
  0xFF, 0xF0, 0x00, 0x00, 0x07, 0xFF, 0x80, 0x00, 0x00, 0x3F, 0xFC, 0x00,
  0x00, 0x01, 0xFF, 0xE0, 0x00, 0x00, 0x0F, 0xFF, 0x00, 0x00, 0x00, 0x7F,
  0xF8, 0x00, 0x00, 0x03, 0xFF, 0xC0, 0x00, 0x00, 0x1F, 0xFE, 0x00, 0x00,
  0x00, 0xFF, 0xF0, 0x00, 0x00, 0x07, 0xFF, 0x80, 0x00, 0x00, 0x3F, 0xFC,
  0x00, 0x00, 0x01, 0xFF, 0xE0, 0x00, 0x00, 0x0F, 0xFF, 0x00, 0x00, 0x00,
  0x7F, 0xF8, 0x00, 0x00, 0x03, 0xFF, 0xC0, 0x00, 0x00, 0x1F, 0xFE, 0x00,
  0x00, 0x00, 0xFF, 0xF0, 0x00, 0x00, 0x07, 0xFF, 0x80, 0x00, 0x00, 0x3F,
  0xFC, 0x00, 0x00, 0x01, 0xFF, 0xFF, 0xFF, 0xFF, 0xFF, 0xFF, 0xFF, 0xFF,
  0xFF, 0xFF, 0xFF, 0xFF, 0xFF, 0xFF, 0xFF, 0xFF, 0xFF, 0xFF, 0xFF, 0xFF,
  0xFF, 0xFF, 0xFF, 0xFC, 0xFF, 0xFF, 0xFF, 0xFF, 0xFF, 0xFF, 0xFF, 0xFF,
  0xFF, 0xFF, 0xFF, 0xFF, 0xFF, 0xFF, 0xFF, 0xFF, 0xFF, 0xFF, 0xFF, 0xFF,
  0xFF, 0xFF, 0xFF, 0xFE, 0x00, 0x00, 0x00, 0xFF, 0xF0, 0x00, 0x00, 0x07,
  0xFF, 0x80, 0x00, 0x00, 0x3F, 0xFC, 0x00, 0x00, 0x01, 0xFF, 0xE0, 0x00,
  0x00, 0x0F, 0xFF, 0x00, 0x00, 0x00, 0x7F, 0xF8, 0x00, 0x00, 0x03, 0xFF,
  0xC0, 0x00, 0x00, 0x1F, 0xFE, 0x00, 0x00, 0x00, 0xFF, 0xF0, 0x00, 0x00,
  0x07, 0xFF, 0x80, 0x00, 0x00, 0x3F, 0xFC, 0x00, 0x00, 0x01, 0xFF, 0xE0,
  0x00, 0x00, 0x0F, 0xFF, 0x00, 0x00, 0x00, 0x7F, 0xF8, 0x00, 0x00, 0x03,
  0xFF, 0xC0, 0x00, 0x00, 0x1F, 0xFE, 0x00, 0x00, 0x00, 0xFF, 0xF0, 0x00,
  0x00, 0x07, 0xFF, 0x80, 0x00, 0x00, 0x3F, 0xFC, 0x00, 0x00, 0x01, 0xFF,
  0xE0, 0x00, 0x00, 0x0F, 0xFF, 0x00, 0x00, 0x00, 0x7F, 0xF8, 0x00, 0x00,
  0x03, 0xFF, 0xC0, 0x00, 0x00, 0x1F, 0xFE, 0x00, 0x00, 0x00, 0xFF, 0xF0,
  0x00, 0x00, 0x07, 0xFF, 0x80, 0x00, 0x00, 0x3F, 0xFC, 0x00, 0x00, 0x01,
  0xFF, 0xE0, 0x00, 0x00, 0x0F, 0xFF, 0x00, 0x00, 0x00, 0x7F, 0xF8, 0x00,
  0x00, 0x03, 0xFF, 0xC0, 0x00, 0x00, 0x1F, 0xFE, 0x00, 0x00, 0x00, 0xFF,
  0xF0, 0x00, 0x00, 0x07, 0xFF, 0x80, 0x00, 0x00, 0x3F, 0xFC, 0x00, 0x00,
  0x01, 0xFF, 0xE0, 0x00, 0x00, 0x0F, 0xFF, 0x00, 0x00, 0x00, 0x7F, 0xF8,
  0x00, 0x00, 0x03, 0xFF, 0xC0, 0x00, 0x00, 0x1F, 0xFE, 0x00, 0x00, 0x00,
  0xFF, 0xF0, 0x00, 0x00, 0x07, 0xFF, 0x80, 0x00, 0x00, 0x3F, 0xFC, 0x00,
  0x00, 0x01, 0xFF, 0xE0, 0x00, 0x00, 0x0F, 0xFF, 0x00, 0x00, 0x00, 0x7F,
  0xF8, 0x00, 0x00, 0x03, 0xFF, 0xC0, 0x00, 0x00, 0x1F, 0xFE, 0x00, 0x00,
  0x00, 0xFF, 0xF0, 0x00, 0x00, 0x07, 0xFF, 0x80, 0x00, 0x00, 0x3F, 0xFC,
  0x00, 0x00, 0x01, 0xFF, 0xFF, 0xFF, 0xFF, 0xFF, 0xFF, 0xFF, 0xFF, 0xFF,
  0xFF, 0xFF, 0xFF, 0xFF, 0xFF, 0xFF, 0xFF, 0xFF, 0xFF, 0xFF, 0xFF, 0xFF,
  0xFF, 0xFF, 0xFC, 0xFF, 0xFF, 0xFF, 0xFF, 0xFF, 0xFF, 0xFF, 0xFF, 0xFF,
  0xFF, 0xFF, 0xFF, 0xFF, 0xFF, 0xFF, 0xFF, 0xFF, 0xFF, 0xFF, 0xFF, 0xFF,
  0xFF, 0xFF, 0xFE, 0x00, 0x00, 0x00, 0xFF, 0xF0, 0x00, 0x00, 0x07, 0xFF,
  0x80, 0x00, 0x00, 0x3F, 0xFC, 0x00, 0x00, 0x01, 0xFF, 0xE0, 0x00, 0x00,
  0x0F, 0xFF, 0x00, 0x00, 0x00, 0x7F, 0xF8, 0x00, 0x00, 0x03, 0xFF, 0xC0,
  0x00, 0x00, 0x1F, 0xFE, 0x00, 0x00, 0x00, 0xFF, 0xF0, 0x00, 0x00, 0x07,
  0xFF, 0x80, 0x00, 0x00, 0x3F, 0xFC, 0x00, 0x00, 0x01, 0xFF, 0xE0, 0x00,
  0x00, 0x0F, 0xFF, 0x00, 0x00, 0x00, 0x7F, 0xF8, 0x00, 0x00, 0x03, 0xFF,
  0xC0, 0x00, 0x00, 0x1F, 0xFE, 0x00, 0x00, 0x00, 0xFF, 0xF0, 0x00, 0x00,
  0x07, 0xFF, 0x80, 0x00, 0x00, 0x3F, 0xFC, 0x00, 0x00, 0x01, 0xFF, 0xE0,
  0x00, 0x00, 0x0F, 0xFF, 0x00, 0x00, 0x00, 0x7F, 0xF8, 0x00, 0x00, 0x03,
  0xFF, 0xC0, 0x00, 0x00, 0x1F, 0xFE, 0x00, 0x00, 0x00, 0xFF, 0xF0, 0x00,
  0x00, 0x07, 0xFF, 0x80, 0x00, 0x00, 0x3F, 0xFC, 0x00, 0x00, 0x01, 0xFF,
  0xE0, 0x00, 0x00, 0x0F, 0xFF, 0x00, 0x00, 0x00, 0x7F, 0xF8, 0x00, 0x00,
  0x03, 0xFF, 0xC0, 0x00, 0x00, 0x1F, 0xFE, 0x00, 0x00, 0x00, 0xFF, 0xF0,
  0x00, 0x00, 0x07, 0xFF, 0x80, 0x00, 0x00, 0x3F, 0xFC, 0x00, 0x00, 0x01,
  0xFF, 0xE0, 0x00, 0x00, 0x0F, 0xFF, 0x00, 0x00, 0x00, 0x7F, 0xF8, 0x00,
  0x00, 0x03, 0xFF, 0xC0, 0x00, 0x00, 0x1F, 0xFE, 0x00, 0x00, 0x00, 0xFF,
  0xF0, 0x00, 0x00, 0x07, 0xFF, 0x80, 0x00, 0x00, 0x3F, 0xFC, 0x00, 0x00,
  0x01, 0xFF, 0xE0, 0x00, 0x00, 0x0F, 0xFF, 0x00, 0x00, 0x00, 0x7F, 0xF8,
  0x00, 0x00, 0x03, 0xFF, 0xC0, 0x00, 0x00, 0x1F, 0xFE, 0x00, 0x00, 0x00,
  0xFF, 0xF0, 0x00, 0x00, 0x07, 0xFF, 0x80, 0x00, 0x00, 0x3F, 0xFC, 0x00,
  0x00, 0x01, 0xFF, 0xFF, 0xFF, 0xFF, 0xFF, 0xFF, 0xFF, 0xFF, 0xFF, 0xFF,
  0xFF, 0xFF, 0xFF, 0xFF, 0xFF, 0xFF, 0xFF, 0xFF, 0xFF, 0xFF, 0xFF, 0xFF,
  0xFF, 0xFC, 0xFF, 0xFF, 0xFF, 0xFF, 0xFF, 0xFF, 0xFF, 0xFF, 0xFF, 0xFF,
  0xFF, 0xFF, 0xFF, 0xFF, 0xFF, 0xFF, 0xFF, 0xFF, 0xFF, 0xFF, 0xFF, 0xFF,
  0xFF, 0xFE, 0x00, 0x00, 0x00, 0xFF, 0xF0, 0x00, 0x00, 0x07, 0xFF, 0x80,
  0x00, 0x00, 0x3F, 0xFC, 0x00, 0x00, 0x01, 0xFF, 0xE0, 0x00, 0x00, 0x0F,
  0xFF, 0x00, 0x00, 0x00, 0x7F, 0xF8, 0x00, 0x00, 0x03, 0xFF, 0xC0, 0x00,
  0x00, 0x1F, 0xFE, 0x00, 0x00, 0x00, 0xFF, 0xF0, 0x00, 0x00, 0x07, 0xFF,
  0x80, 0x00, 0x00, 0x3F, 0xFC, 0x00, 0x00, 0x01, 0xFF, 0xE0, 0x00, 0x00,
  0x0F, 0xFF, 0x00, 0x00, 0x00, 0x7F, 0xF8, 0x00, 0x00, 0x03, 0xFF, 0xC0,
  0x00, 0x00, 0x1F, 0xFE, 0x00, 0x00, 0x00, 0xFF, 0xF0, 0x00, 0x00, 0x07,
  0xFF, 0x80, 0x00, 0x00, 0x3F, 0xFC, 0x00, 0x00, 0x01, 0xFF, 0xE0, 0x00,
  0x00, 0x0F, 0xFF, 0x00, 0x00, 0x00, 0x7F, 0xF8, 0x00, 0x00, 0x03, 0xFF,
  0xC0, 0x00, 0x00, 0x1F, 0xFE, 0x00, 0x00, 0x00, 0xFF, 0xF0, 0x00, 0x00,
  0x07, 0xFF, 0x80, 0x00, 0x00, 0x3F, 0xFC, 0x00, 0x00, 0x01, 0xFF, 0xE0,
  0x00, 0x00, 0x0F, 0xFF, 0x00, 0x00, 0x00, 0x7F, 0xF8, 0x00, 0x00, 0x03,
  0xFF, 0xC0, 0x00, 0x00, 0x1F, 0xFE, 0x00, 0x00, 0x00, 0xFF, 0xF0, 0x00,
  0x00, 0x07, 0xFF, 0x80, 0x00, 0x00, 0x3F, 0xFC, 0x00, 0x00, 0x01, 0xFF,
  0xE0, 0x00, 0x00, 0x0F, 0xFF, 0x00, 0x00, 0x00, 0x7F, 0xF8, 0x00, 0x00,
  0x03, 0xFF, 0xC0, 0x00, 0x00, 0x1F, 0xFE, 0x00, 0x00, 0x00, 0xFF, 0xF0,
  0x00, 0x00, 0x07, 0xFF, 0x80, 0x00, 0x00, 0x3F, 0xFC, 0x00, 0x00, 0x01,
  0xFF, 0xE0, 0x00, 0x00, 0x0F, 0xFF, 0x00, 0x00, 0x00, 0x7F, 0xF8, 0x00,
  0x00, 0x03, 0xFF, 0xC0, 0x00, 0x00, 0x1F, 0xFE, 0x00, 0x00, 0x00, 0xFF,
  0xF0, 0x00, 0x00, 0x07, 0xFF, 0x80, 0x00, 0x00, 0x3F, 0xFC, 0x00, 0x00,
  0x01, 0xFF, 0xFF, 0xFF, 0xFF, 0xFF, 0xFF, 0xFF, 0xFF, 0xFF, 0xFF, 0xFF,
  0xFF, 0xFF, 0xFF, 0xFF, 0xFF, 0xFF, 0xFF, 0xFF, 0xFF, 0xFF, 0xFF, 0xFF,
  0xFC, 0xFF, 0xFF, 0xFF, 0xFF, 0xFF, 0xFF, 0xFF, 0xFF, 0xFF, 0xFF, 0xFF,
  0xFF, 0xFF, 0xFF, 0xFF, 0xFF, 0xFF, 0xFF, 0xFF, 0xFF, 0xFF, 0xFF, 0xFF,
  0xFE, 0x00, 0x00, 0x00, 0xFF, 0xF0, 0x00, 0x00, 0x07, 0xFF, 0x80, 0x00,
  0x00, 0x3F, 0xFC, 0x00, 0x00, 0x01, 0xFF, 0xE0, 0x00, 0x00, 0x0F, 0xFF,
  0x00, 0x00, 0x00, 0x7F, 0xF8, 0x00, 0x00, 0x03, 0xFF, 0xC0, 0x00, 0x00,
  0x1F, 0xFE, 0x00, 0x00, 0x00, 0xFF, 0xF0, 0x00, 0x00, 0x07, 0xFF, 0x80,
  0x00, 0x00, 0x3F, 0xFC, 0x00, 0x00, 0x01, 0xFF, 0xE0, 0x00, 0x00, 0x0F,
  0xFF, 0x00, 0x00, 0x00, 0x7F, 0xF8, 0x00, 0x00, 0x03, 0xFF, 0xC0, 0x00,
  0x00, 0x1F, 0xFE, 0x00, 0x00, 0x00, 0xFF, 0xF0, 0x00, 0x00, 0x07, 0xFF,
  0x80, 0x00, 0x00, 0x3F, 0xFC, 0x00, 0x00, 0x01, 0xFF, 0xE0, 0x00, 0x00,
  0x0F, 0xFF, 0x00, 0x00, 0x00, 0x7F, 0xF8, 0x00, 0x00, 0x03, 0xFF, 0xC0,
  0x00, 0x00, 0x1F, 0xFE, 0x00, 0x00, 0x00, 0xFF, 0xF0, 0x00, 0x00, 0x07,
  0xFF, 0x80, 0x00, 0x00, 0x3F, 0xFC, 0x00, 0x00, 0x01, 0xFF, 0xE0, 0x00,
  0x00, 0x0F, 0xFF, 0x00, 0x00, 0x00, 0x7F, 0xF8, 0x00, 0x00, 0x03, 0xFF,
  0xC0, 0x00, 0x00, 0x1F, 0xFE, 0x00, 0x00, 0x00, 0xFF, 0xF0, 0x00, 0x00,
  0x07, 0xFF, 0x80, 0x00, 0x00, 0x3F, 0xFC, 0x00, 0x00, 0x01, 0xFF, 0xE0,
  0x00, 0x00, 0x0F, 0xFF, 0x00, 0x00, 0x00, 0x7F, 0xF8, 0x00, 0x00, 0x03,
  0xFF, 0xC0, 0x00, 0x00, 0x1F, 0xFE, 0x00, 0x00, 0x00, 0xFF, 0xF0, 0x00,
  0x00, 0x07, 0xFF, 0x80, 0x00, 0x00, 0x3F, 0xFC, 0x00, 0x00, 0x01, 0xFF,
  0xE0, 0x00, 0x00, 0x0F, 0xFF, 0x00, 0x00, 0x00, 0x7F, 0xF8, 0x00, 0x00,
  0x03, 0xFF, 0xC0, 0x00, 0x00, 0x1F, 0xFE, 0x00, 0x00, 0x00, 0xFF, 0xF0,
  0x00, 0x00, 0x07, 0xFF, 0x80, 0x00, 0x00, 0x3F, 0xFC, 0x00, 0x00, 0x01,
  0xFF, 0xFF, 0xFF, 0xFF, 0xFF, 0xFF, 0xFF, 0xFF, 0xFF, 0xFF, 0xFF, 0xFF,
  0xFF, 0xFF, 0xFF, 0xFF, 0xFF, 0xFF, 0xFF, 0xFF, 0xFF, 0xFF, 0xFF, 0xFC,
  0xFF, 0xFF, 0xFF, 0xFF, 0xFF, 0xFF, 0xFF, 0xFF, 0xFF, 0xFF, 0xFF, 0xFF,
  0xFF, 0xFF, 0xFF, 0xFF, 0xFF, 0xFF, 0xFF, 0xFF, 0xFF, 0xFF, 0xFF, 0xFE,
  0x00, 0x00, 0x00, 0xFF, 0xF0, 0x00, 0x00, 0x07, 0xFF, 0x80, 0x00, 0x00,
  0x3F, 0xFC, 0x00, 0x00, 0x01, 0xFF, 0xE0, 0x00, 0x00, 0x0F, 0xFF, 0x00,
  0x00, 0x00, 0x7F, 0xF8, 0x00, 0x00, 0x03, 0xFF, 0xC0, 0x00, 0x00, 0x1F,
  0xFE, 0x00, 0x00, 0x00, 0xFF, 0xF0, 0x00, 0x00, 0x07, 0xFF, 0x80, 0x00,
  0x00, 0x3F, 0xFC, 0x00, 0x00, 0x01, 0xFF, 0xE0, 0x00, 0x00, 0x0F, 0xFF,
  0x00, 0x00, 0x00, 0x7F, 0xF8, 0x00, 0x00, 0x03, 0xFF, 0xC0, 0x00, 0x00,
  0x1F, 0xFE, 0x00, 0x00, 0x00, 0xFF, 0xF0, 0x00, 0x00, 0x07, 0xFF, 0x80,
  0x00, 0x00, 0x3F, 0xFC, 0x00, 0x00, 0x01, 0xFF, 0xE0, 0x00, 0x00, 0x0F,
  0xFF, 0x00, 0x00, 0x00, 0x7F, 0xF8, 0x00, 0x00, 0x03, 0xFF, 0xC0, 0x00,
  0x00, 0x1F, 0xFE, 0x00, 0x00, 0x00, 0xFF, 0xF0, 0x00, 0x00, 0x07, 0xFF,
  0x80, 0x00, 0x00, 0x3F, 0xFC, 0x00, 0x00, 0x01, 0xFF, 0xE0, 0x00, 0x00,
  0x0F, 0xFF, 0x00, 0x00, 0x00, 0x7F, 0xF8, 0x00, 0x00, 0x03, 0xFF, 0xC0,
  0x00, 0x00, 0x1F, 0xFE, 0x00, 0x00, 0x00, 0xFF, 0xF0, 0x00, 0x00, 0x07,
  0xFF, 0x80, 0x00, 0x00, 0x3F, 0xFC, 0x00, 0x00, 0x01, 0xFF, 0xE0, 0x00,
  0x00, 0x0F, 0xFF, 0x00, 0x00, 0x00, 0x7F, 0xF8, 0x00, 0x00, 0x03, 0xFF,
  0xC0, 0x00, 0x00, 0x1F, 0xFE, 0x00, 0x00, 0x00, 0xFF, 0xF0, 0x00, 0x00,
  0x07, 0xFF, 0x80, 0x00, 0x00, 0x3F, 0xFC, 0x00, 0x00, 0x01, 0xFF, 0xE0,
  0x00, 0x00, 0x0F, 0xFF, 0x00, 0x00, 0x00, 0x7F, 0xF8, 0x00, 0x00, 0x03,
  0xFF, 0xC0, 0x00, 0x00, 0x1F, 0xFE, 0x00, 0x00, 0x00, 0xFF, 0xF0, 0x00,
  0x00, 0x07, 0xFF, 0x80, 0x00, 0x00, 0x3F, 0xFC, 0x00, 0x00, 0x01, 0xFF,
  0xFF, 0xFF, 0xFF, 0xFF, 0xFF, 0xFF, 0xFF, 0xFF, 0xFF, 0xFF, 0xFF, 0xFF,
  0xFF, 0xFF, 0xFF, 0xFF, 0xFF, 0xFF, 0xFF, 0xFF, 0xFF, 0xFF, 0xFC, 0xFF,
  0xFF, 0xFF, 0xFF, 0xFF, 0xFF, 0xFF, 0xFF, 0xFF, 0xFF, 0xFF, 0xFF, 0xFF,
  0xFF, 0xFF, 0xFF, 0xFF, 0xFF, 0xFF, 0xFF, 0xFF, 0xFF, 0xFF, 0xFE, 0x00,
  0x00, 0x00, 0xFF, 0xF0, 0x00, 0x00, 0x07, 0xFF, 0x80, 0x00, 0x00, 0x3F,
  0xFC, 0x00, 0x00, 0x01, 0xFF, 0xE0, 0x00, 0x00, 0x0F, 0xFF, 0x00, 0x00,
  0x00, 0x7F, 0xF8, 0x00, 0x00, 0x03, 0xFF, 0xC0, 0x00, 0x00, 0x1F, 0xFE,
  0x00, 0x00, 0x00, 0xFF, 0xF0, 0x00, 0x00, 0x07, 0xFF, 0x80, 0x00, 0x00,
  0x3F, 0xFC, 0x00, 0x00, 0x01, 0xFF, 0xE0, 0x00, 0x00, 0x0F, 0xFF, 0x00,
  0x00, 0x00, 0x7F, 0xF8, 0x00, 0x00, 0x03, 0xFF, 0xC0, 0x00, 0x00, 0x1F,
  0xFE, 0x00, 0x00, 0x00, 0xFF, 0xF0, 0x00, 0x00, 0x07, 0xFF, 0x80, 0x00,
  0x00, 0x3F, 0xFC, 0x00, 0x00, 0x01, 0xFF, 0xE0, 0x00, 0x00, 0x0F, 0xFF,
  0x00, 0x00, 0x00, 0x7F, 0xF8, 0x00, 0x00, 0x03, 0xFF, 0xC0, 0x00, 0x00,
  0x1F, 0xFE, 0x00, 0x00, 0x00, 0xFF, 0xF0, 0x00, 0x00, 0x07, 0xFF, 0x80,
  0x00, 0x00, 0x3F, 0xFC, 0x00, 0x00, 0x01, 0xFF, 0xE0, 0x00, 0x00, 0x0F,
  0xFF, 0x00, 0x00, 0x00, 0x7F, 0xF8, 0x00, 0x00, 0x03, 0xFF, 0xC0, 0x00,
  0x00, 0x1F, 0xFE, 0x00, 0x00, 0x00, 0xFF, 0xF0, 0x00, 0x00, 0x07, 0xFF,
  0x80, 0x00, 0x00, 0x3F, 0xFC, 0x00, 0x00, 0x01, 0xFF, 0xE0, 0x00, 0x00,
  0x0F, 0xFF, 0x00, 0x00, 0x00, 0x7F, 0xF8, 0x00, 0x00, 0x03, 0xFF, 0xC0,
  0x00, 0x00, 0x1F, 0xFE, 0x00, 0x00, 0x00, 0xFF, 0xF0, 0x00, 0x00, 0x07,
  0xFF, 0x80, 0x00, 0x00, 0x3F, 0xFC, 0x00, 0x00, 0x01, 0xFF, 0xE0, 0x00,
  0x00, 0x0F, 0xFF, 0x00, 0x00, 0x00, 0x7F, 0xF8, 0x00, 0x00, 0x03, 0xFF,
  0xC0, 0x00, 0x00, 0x1F, 0xFE, 0x00, 0x00, 0x00, 0xFF, 0xF0, 0x00, 0x00,
  0x07, 0xFF, 0x80, 0x00, 0x00, 0x3F, 0xFC, 0x00, 0x00, 0x01, 0xFF, 0xFF,
  0xFF, 0xFF, 0xFF, 0xFF, 0xFF, 0xFF, 0xFF, 0xFF, 0xFF, 0xFF, 0xFF, 0xFF,
  0xFF, 0xFF, 0xFF, 0xFF, 0xFF, 0xFF, 0xFF, 0xFF, 0xFF, 0xFC, 0xFF, 0xFF,
  0xFF, 0xFF, 0xFF, 0xFF, 0xFF, 0xFF, 0xFF, 0xFF, 0xFF, 0xFF, 0xFF, 0xFF,
  0xFF, 0xFF, 0xFF, 0xFF, 0xFF, 0xFF, 0xFF, 0xFF, 0xFF, 0xFE, 0x00, 0x00,
  0x00, 0xFF, 0xF0, 0x00, 0x00, 0x07, 0xFF, 0x80, 0x00, 0x00, 0x3F, 0xFC,
  0x00, 0x00, 0x01, 0xFF, 0xE0, 0x00, 0x00, 0x0F, 0xFF, 0x00, 0x00, 0x00,
  0x7F, 0xF8, 0x00, 0x00, 0x03, 0xFF, 0xC0, 0x00, 0x00, 0x1F, 0xFE, 0x00,
  0x00, 0x00, 0xFF, 0xF0, 0x00, 0x00, 0x07, 0xFF, 0x80, 0x00, 0x00, 0x3F,
  0xFC, 0x00, 0x00, 0x01, 0xFF, 0xE0, 0x00, 0x00, 0x0F, 0xFF, 0x00, 0x00,
  0x00, 0x7F, 0xF8, 0x00, 0x00, 0x03, 0xFF, 0xC0, 0x00, 0x00, 0x1F, 0xFE,
  0x00, 0x00, 0x00, 0xFF, 0xF0, 0x00, 0x00, 0x07, 0xFF, 0x80, 0x00, 0x00,
  0x3F, 0xFC, 0x00, 0x00, 0x01, 0xFF, 0xE0, 0x00, 0x00, 0x0F, 0xFF, 0x00,
  0x00, 0x00, 0x7F, 0xF8, 0x00, 0x00, 0x03, 0xFF, 0xC0, 0x00, 0x00, 0x1F,
  0xFE, 0x00, 0x00, 0x00, 0xFF, 0xF0, 0x00, 0x00, 0x07, 0xFF, 0x80, 0x00,
  0x00, 0x3F, 0xFC, 0x00, 0x00, 0x01, 0xFF, 0xE0, 0x00, 0x00, 0x0F, 0xFF,
  0x00, 0x00, 0x00, 0x7F, 0xF8, 0x00, 0x00, 0x03, 0xFF, 0xC0, 0x00, 0x00,
  0x1F, 0xFE, 0x00, 0x00, 0x00, 0xFF, 0xF0, 0x00, 0x00, 0x07, 0xFF, 0x80,
  0x00, 0x00, 0x3F, 0xFC, 0x00, 0x00, 0x01, 0xFF, 0xE0, 0x00, 0x00, 0x0F,
  0xFF, 0x00, 0x00, 0x00, 0x7F, 0xF8, 0x00, 0x00, 0x03, 0xFF, 0xC0, 0x00,
  0x00, 0x1F, 0xFE, 0x00, 0x00, 0x00, 0xFF, 0xF0, 0x00, 0x00, 0x07, 0xFF,
  0x80, 0x00, 0x00, 0x3F, 0xFC, 0x00, 0x00, 0x01, 0xFF, 0xE0, 0x00, 0x00,
  0x0F, 0xFF, 0x00, 0x00, 0x00, 0x7F, 0xF8, 0x00, 0x00, 0x03, 0xFF, 0xC0,
  0x00, 0x00, 0x1F, 0xFE, 0x00, 0x00, 0x00, 0xFF, 0xF0, 0x00, 0x00, 0x07,
  0xFF, 0x80, 0x00, 0x00, 0x3F, 0xFC, 0x00, 0x00, 0x01, 0xFF, 0xFF, 0xFF,
  0xFF, 0xFF, 0xFF, 0xFF, 0xFF, 0xFF, 0xFF, 0xFF, 0xFF, 0xFF, 0xFF, 0xFF,
  0xFF, 0xFF, 0xFF, 0xFF, 0xFF, 0xFF, 0xFF, 0xFF, 0xFC, 0xFF, 0xFF, 0xFF,
  0xFF, 0xFF, 0xFF, 0xFF, 0xFF, 0xFF, 0xFF, 0xFF, 0xFF, 0xFF, 0xFF, 0xFF,
  0xFF, 0xFF, 0xFF, 0xFF, 0xFF, 0xFF, 0xFF, 0xFF, 0xFE, 0x00, 0x00, 0x00,
  0xFF, 0xF0, 0x00, 0x00, 0x07, 0xFF, 0x80, 0x00, 0x00, 0x3F, 0xFC, 0x00,
  0x00, 0x01, 0xFF, 0xE0, 0x00, 0x00, 0x0F, 0xFF, 0x00, 0x00, 0x00, 0x7F,
  0xF8, 0x00, 0x00, 0x03, 0xFF, 0xC0, 0x00, 0x00, 0x1F, 0xFE, 0x00, 0x00,
  0x00, 0xFF, 0xF0, 0x00, 0x00, 0x07, 0xFF, 0x80, 0x00, 0x00, 0x3F, 0xFC,
  0x00, 0x00, 0x01, 0xFF, 0xE0, 0x00, 0x00, 0x0F, 0xFF, 0x00, 0x00, 0x00,
  0x7F, 0xF8, 0x00, 0x00, 0x03, 0xFF, 0xC0, 0x00, 0x00, 0x1F, 0xFE, 0x00,
  0x00, 0x00, 0xFF, 0xF0, 0x00, 0x00, 0x07, 0xFF, 0x80, 0x00, 0x00, 0x3F,
  0xFC, 0x00, 0x00, 0x01, 0xFF, 0xE0, 0x00, 0x00, 0x0F, 0xFF, 0x00, 0x00,
  0x00, 0x7F, 0xF8, 0x00, 0x00, 0x03, 0xFF, 0xC0, 0x00, 0x00, 0x1F, 0xFE,
  0x00, 0x00, 0x00, 0xFF, 0xF0, 0x00, 0x00, 0x07, 0xFF, 0x80, 0x00, 0x00,
  0x3F, 0xFC, 0x00, 0x00, 0x01, 0xFF, 0xE0, 0x00, 0x00, 0x0F, 0xFF, 0x00,
  0x00, 0x00, 0x7F, 0xF8, 0x00, 0x00, 0x03, 0xFF, 0xC0, 0x00, 0x00, 0x1F,
  0xFE, 0x00, 0x00, 0x00, 0xFF, 0xF0, 0x00, 0x00, 0x07, 0xFF, 0x80, 0x00,
  0x00, 0x3F, 0xFC, 0x00, 0x00, 0x01, 0xFF, 0xE0, 0x00, 0x00, 0x0F, 0xFF,
  0x00, 0x00, 0x00, 0x7F, 0xF8, 0x00, 0x00, 0x03, 0xFF, 0xC0, 0x00, 0x00,
  0x1F, 0xFE, 0x00, 0x00, 0x00, 0xFF, 0xF0, 0x00, 0x00, 0x07, 0xFF, 0x80,
  0x00, 0x00, 0x3F, 0xFC, 0x00, 0x00, 0x01, 0xFF, 0xE0, 0x00, 0x00, 0x0F,
  0xFF, 0x00, 0x00, 0x00, 0x7F, 0xF8, 0x00, 0x00, 0x03, 0xFF, 0xC0, 0x00,
  0x00, 0x1F, 0xFE, 0x00, 0x00, 0x00, 0xFF, 0xF0, 0x00, 0x00, 0x07, 0xFF,
  0x80, 0x00, 0x00, 0x3F, 0xFC, 0x00, 0x00, 0x01, 0xFF, 0xFF, 0xFF, 0xFF,
  0xFF, 0xFF, 0xFF, 0xFF, 0xFF, 0xFF, 0xFF, 0xFF, 0xFF, 0xFF, 0xFF, 0xFF,
  0xFF, 0xFF, 0xFF, 0xFF, 0xFF, 0xFF, 0xFF, 0xFC, 0xFF, 0xFF, 0xFF, 0xFF,
  0xFF, 0xFF, 0xFF, 0xFF, 0xFF, 0xFF, 0xFF, 0xFF, 0xFF, 0xFF, 0xFF, 0xFF,
  0xFF, 0xFF, 0xFF, 0xFF, 0xFF, 0xFF, 0xFF, 0xFE, 0x00, 0x00, 0x00, 0xFF,
  0xF0, 0x00, 0x00, 0x07, 0xFF, 0x80, 0x00, 0x00, 0x3F, 0xFC, 0x00, 0x00,
  0x01, 0xFF, 0xE0, 0x00, 0x00, 0x0F, 0xFF, 0x00, 0x00, 0x00, 0x7F, 0xF8,
  0x00, 0x00, 0x03, 0xFF, 0xC0, 0x00, 0x00, 0x1F, 0xFE, 0x00, 0x00, 0x00,
  0xFF, 0xF0, 0x00, 0x00, 0x07, 0xFF, 0x80, 0x00, 0x00, 0x3F, 0xFC, 0x00,
  0x00, 0x01, 0xFF, 0xE0, 0x00, 0x00, 0x0F, 0xFF, 0x00, 0x00, 0x00, 0x7F,
  0xF8, 0x00, 0x00, 0x03, 0xFF, 0xC0, 0x00, 0x00, 0x1F, 0xFE, 0x00, 0x00,
  0x00, 0xFF, 0xF0, 0x00, 0x00, 0x07, 0xFF, 0x80, 0x00, 0x00, 0x3F, 0xFC,
  0x00, 0x00, 0x01, 0xFF, 0xE0, 0x00, 0x00, 0x0F, 0xFF, 0x00, 0x00, 0x00,
  0x7F, 0xF8, 0x00, 0x00, 0x03, 0xFF, 0xC0, 0x00, 0x00, 0x1F, 0xFE, 0x00,
  0x00, 0x00, 0xFF, 0xF0, 0x00, 0x00, 0x07, 0xFF, 0x80, 0x00, 0x00, 0x3F,
  0xFC, 0x00, 0x00, 0x01, 0xFF, 0xE0, 0x00, 0x00, 0x0F, 0xFF, 0x00, 0x00,
  0x00, 0x7F, 0xF8, 0x00, 0x00, 0x03, 0xFF, 0xC0, 0x00, 0x00, 0x1F, 0xFE,
  0x00, 0x00, 0x00, 0xFF, 0xF0, 0x00, 0x00, 0x07, 0xFF, 0x80, 0x00, 0x00,
  0x3F, 0xFC, 0x00, 0x00, 0x01, 0xFF, 0xE0, 0x00, 0x00, 0x0F, 0xFF, 0x00,
  0x00, 0x00, 0x7F, 0xF8, 0x00, 0x00, 0x03, 0xFF, 0xC0, 0x00, 0x00, 0x1F,
  0xFE, 0x00, 0x00, 0x00, 0xFF, 0xF0, 0x00, 0x00, 0x07, 0xFF, 0x80, 0x00,
  0x00, 0x3F, 0xFC, 0x00, 0x00, 0x01, 0xFF, 0xE0, 0x00, 0x00, 0x0F, 0xFF,
  0x00, 0x00, 0x00, 0x7F, 0xF8, 0x00, 0x00, 0x03, 0xFF, 0xC0, 0x00, 0x00,
  0x1F, 0xFE, 0x00, 0x00, 0x00, 0xFF, 0xF0, 0x00, 0x00, 0x07, 0xFF, 0x80,
  0x00, 0x00, 0x3F, 0xFC, 0x00, 0x00, 0x01, 0xFF, 0xFF, 0xFF, 0xFF, 0xFF,
  0xFF, 0xFF, 0xFF, 0xFF, 0xFF, 0xFF, 0xFF, 0xFF, 0xFF, 0xFF, 0xFF, 0xFF,
  0xFF, 0xFF, 0xFF, 0xFF, 0xFF, 0xFF, 0xFC, 0xFF, 0xFF, 0xFF, 0xFF, 0xFF,
  0xFF, 0xFF, 0xFF, 0xFF, 0xFF, 0xFF, 0xFF, 0xFF, 0xFF, 0xFF, 0xFF, 0xFF,
  0xFF, 0xFF, 0xFF, 0xFF, 0xFF, 0xFF, 0xFE, 0x00, 0x00, 0x00, 0xFF, 0xF0,
  0x00, 0x00, 0x07, 0xFF, 0x80, 0x00, 0x00, 0x3F, 0xFC, 0x00, 0x00, 0x01,
  0xFF, 0xE0, 0x00, 0x00, 0x0F, 0xFF, 0x00, 0x00, 0x00, 0x7F, 0xF8, 0x00,
  0x00, 0x03, 0xFF, 0xC0, 0x00, 0x00, 0x1F, 0xFE, 0x00, 0x00, 0x00, 0xFF,
  0xF0, 0x00, 0x00, 0x07, 0xFF, 0x80, 0x00, 0x00, 0x3F, 0xFC, 0x00, 0x00,
  0x01, 0xFF, 0xE0, 0x00, 0x00, 0x0F, 0xFF, 0x00, 0x00, 0x00, 0x7F, 0xF8,
  0x00, 0x00, 0x03, 0xFF, 0xC0, 0x00, 0x00, 0x1F, 0xFE, 0x00, 0x00, 0x00,
  0xFF, 0xF0, 0x00, 0x00, 0x07, 0xFF, 0x80, 0x00, 0x00, 0x3F, 0xFC, 0x00,
  0x00, 0x01, 0xFF, 0xE0, 0x00, 0x00, 0x0F, 0xFF, 0x00, 0x00, 0x00, 0x7F,
  0xF8, 0x00, 0x00, 0x03, 0xFF, 0xC0, 0x00, 0x00, 0x1F, 0xFE, 0x00, 0x00,
  0x00, 0xFF, 0xF0, 0x00, 0x00, 0x07, 0xFF, 0x80, 0x00, 0x00, 0x3F, 0xFC,
  0x00, 0x00, 0x01, 0xFF, 0xE0, 0x00, 0x00, 0x0F, 0xFF, 0x00, 0x00, 0x00,
  0x7F, 0xF8, 0x00, 0x00, 0x03, 0xFF, 0xC0, 0x00, 0x00, 0x1F, 0xFE, 0x00,
  0x00, 0x00, 0xFF, 0xF0, 0x00, 0x00, 0x07, 0xFF, 0x80, 0x00, 0x00, 0x3F,
  0xFC, 0x00, 0x00, 0x01, 0xFF, 0xE0, 0x00, 0x00, 0x0F, 0xFF, 0x00, 0x00,
  0x00, 0x7F, 0xF8, 0x00, 0x00, 0x03, 0xFF, 0xC0, 0x00, 0x00, 0x1F, 0xFE,
  0x00, 0x00, 0x00, 0xFF, 0xF0, 0x00, 0x00, 0x07, 0xFF, 0x80, 0x00, 0x00,
  0x3F, 0xFC, 0x00, 0x00, 0x01, 0xFF, 0xE0, 0x00, 0x00, 0x0F, 0xFF, 0x00,
  0x00, 0x00, 0x7F, 0xF8, 0x00, 0x00, 0x03, 0xFF, 0xC0, 0x00, 0x00, 0x1F,
  0xFE, 0x00, 0x00, 0x00, 0xFF, 0xF0, 0x00, 0x00, 0x07, 0xFF, 0x80, 0x00,
  0x00, 0x3F, 0xFC, 0x00, 0x00, 0x01, 0xFF, 0xFF, 0xFF, 0xFF, 0xFF, 0xFF,
  0xFF, 0xFF, 0xFF, 0xFF, 0xFF, 0xFF, 0xFF, 0xFF, 0xFF, 0xFF, 0xFF, 0xFF,
  0xFF, 0xFF, 0xFF, 0xFF, 0xFF, 0xFC, 0xFF, 0xFF, 0xFF, 0xFF, 0xFF, 0xFF,
  0xFF, 0xFF, 0xFF, 0xFF, 0xFF, 0xFF, 0xFF, 0xFF, 0xFF, 0xFF, 0xFF, 0xFF,
  0xFF, 0xFF, 0xFF, 0xFF, 0xFF, 0xFE, 0x00, 0x00, 0x00, 0xFF, 0xF0, 0x00,
  0x00, 0x07, 0xFF, 0x80, 0x00, 0x00, 0x3F, 0xFC, 0x00, 0x00, 0x01, 0xFF,
  0xE0, 0x00, 0x00, 0x0F, 0xFF, 0x00, 0x00, 0x00, 0x7F, 0xF8, 0x00, 0x00,
  0x03, 0xFF, 0xC0, 0x00, 0x00, 0x1F, 0xFE, 0x00, 0x00, 0x00, 0xFF, 0xF0,
  0x00, 0x00, 0x07, 0xFF, 0x80, 0x00, 0x00, 0x3F, 0xFC, 0x00, 0x00, 0x01,
  0xFF, 0xE0, 0x00, 0x00, 0x0F, 0xFF, 0x00, 0x00, 0x00, 0x7F, 0xF8, 0x00,
  0x00, 0x03, 0xFF, 0xC0, 0x00, 0x00, 0x1F, 0xFE, 0x00, 0x00, 0x00, 0xFF,
  0xF0, 0x00, 0x00, 0x07, 0xFF, 0x80, 0x00, 0x00, 0x3F, 0xFC, 0x00, 0x00,
  0x01, 0xFF, 0xE0, 0x00, 0x00, 0x0F, 0xFF, 0x00, 0x00, 0x00, 0x7F, 0xF8,
  0x00, 0x00, 0x03, 0xFF, 0xC0, 0x00, 0x00, 0x1F, 0xFE, 0x00, 0x00, 0x00,
  0xFF, 0xF0, 0x00, 0x00, 0x07, 0xFF, 0x80, 0x00, 0x00, 0x3F, 0xFC, 0x00,
  0x00, 0x01, 0xFF, 0xE0, 0x00, 0x00, 0x0F, 0xFF, 0x00, 0x00, 0x00, 0x7F,
  0xF8, 0x00, 0x00, 0x03, 0xFF, 0xC0, 0x00, 0x00, 0x1F, 0xFE, 0x00, 0x00,
  0x00, 0xFF, 0xF0, 0x00, 0x00, 0x07, 0xFF, 0x80, 0x00, 0x00, 0x3F, 0xFC,
  0x00, 0x00, 0x01, 0xFF, 0xE0, 0x00, 0x00, 0x0F, 0xFF, 0x00, 0x00, 0x00,
  0x7F, 0xF8, 0x00, 0x00, 0x03, 0xFF, 0xC0, 0x00, 0x00, 0x1F, 0xFE, 0x00,
  0x00, 0x00, 0xFF, 0xF0, 0x00, 0x00, 0x07, 0xFF, 0x80, 0x00, 0x00, 0x3F,
  0xFC, 0x00, 0x00, 0x01, 0xFF, 0xE0, 0x00, 0x00, 0x0F, 0xFF, 0x00, 0x00,
  0x00, 0x7F, 0xF8, 0x00, 0x00, 0x03, 0xFF, 0xC0, 0x00, 0x00, 0x1F, 0xFE,
  0x00, 0x00, 0x00, 0xFF, 0xF0, 0x00, 0x00, 0x07, 0xFF, 0x80, 0x00, 0x00,
  0x3F, 0xFC, 0x00, 0x00, 0x01, 0xFF, 0xFF, 0xFF, 0xFF, 0xFF, 0xFF, 0xFF,
  0xFF, 0xFF, 0xFF, 0xFF, 0xFF, 0xFF, 0xFF, 0xFF, 0xFF, 0xFF, 0xFF, 0xFF,
  0xFF, 0xFF, 0xFF, 0xFF, 0xFC, 0xFF, 0xFF, 0xFF, 0xFF, 0xFF, 0xFF, 0xFF,
  0xFF, 0xFF, 0xFF, 0xFF, 0xFF, 0xFF, 0xFF, 0xFF, 0xFF, 0xFF, 0xFF, 0xFF,
  0xFF, 0xFF, 0xFF, 0xFF, 0xFE, 0x00, 0x00, 0x00, 0xFF, 0xF0, 0x00, 0x00,
  0x07, 0xFF, 0x80, 0x00, 0x00, 0x3F, 0xFC, 0x00, 0x00, 0x01, 0xFF, 0xE0,
  0x00, 0x00, 0x0F, 0xFF, 0x00, 0x00, 0x00, 0x7F, 0xF8, 0x00, 0x00, 0x03,
  0xFF, 0xC0, 0x00, 0x00, 0x1F, 0xFE, 0x00, 0x00, 0x00, 0xFF, 0xF0, 0x00,
  0x00, 0x07, 0xFF, 0x80, 0x00, 0x00, 0x3F, 0xFC, 0x00, 0x00, 0x01, 0xFF,
  0xE0, 0x00, 0x00, 0x0F, 0xFF, 0x00, 0x00, 0x00, 0x7F, 0xF8, 0x00, 0x00,
  0x03, 0xFF, 0xC0, 0x00, 0x00, 0x1F, 0xFE, 0x00, 0x00, 0x00, 0xFF, 0xF0,
  0x00, 0x00, 0x07, 0xFF, 0x80, 0x00, 0x00, 0x3F, 0xFC, 0x00, 0x00, 0x01,
  0xFF, 0xE0, 0x00, 0x00, 0x0F, 0xFF, 0x00, 0x00, 0x00, 0x7F, 0xF8, 0x00,
  0x00, 0x03, 0xFF, 0xC0, 0x00, 0x00, 0x1F, 0xFE, 0x00, 0x00, 0x00, 0xFF,
  0xF0, 0x00, 0x00, 0x07, 0xFF, 0x80, 0x00, 0x00, 0x3F, 0xFC, 0x00, 0x00,
  0x01, 0xFF, 0xE0, 0x00, 0x00, 0x0F, 0xFF, 0x00, 0x00, 0x00, 0x7F, 0xF8,
  0x00, 0x00, 0x03, 0xFF, 0xC0, 0x00, 0x00, 0x1F, 0xFE, 0x00, 0x00, 0x00,
  0xFF, 0xF0, 0x00, 0x00, 0x07, 0xFF, 0x80, 0x00, 0x00, 0x3F, 0xFC, 0x00,
  0x00, 0x01, 0xFF, 0xE0, 0x00, 0x00, 0x0F, 0xFF, 0x00, 0x00, 0x00, 0x7F,
  0xF8, 0x00, 0x00, 0x03, 0xFF, 0xC0, 0x00, 0x00, 0x1F, 0xFE, 0x00, 0x00,
  0x00, 0xFF, 0xF0, 0x00, 0x00, 0x07, 0xFF, 0x80, 0x00, 0x00, 0x3F, 0xFC,
  0x00, 0x00, 0x01, 0xFF, 0xE0, 0x00, 0x00, 0x0F, 0xFF, 0x00, 0x00, 0x00,
  0x7F, 0xF8, 0x00, 0x00, 0x03, 0xFF, 0xC0, 0x00, 0x00, 0x1F, 0xFE, 0x00,
  0x00, 0x00, 0xFF, 0xF0, 0x00, 0x00, 0x07, 0xFF, 0x80, 0x00, 0x00, 0x3F,
  0xFC, 0x00, 0x00, 0x01, 0xFF, 0xFF, 0xFF, 0xFF, 0xFF, 0xFF, 0xFF, 0xFF,
  0xFF, 0xFF, 0xFF, 0xFF, 0xFF, 0xFF, 0xFF, 0xFF, 0xFF, 0xFF, 0xFF, 0xFF,
  0xFF, 0xFF, 0xFF, 0xFC, 0xFF, 0xFF, 0xFF, 0xFF, 0xFF, 0xFF, 0xFF, 0xFF,
  0xFF, 0xFF, 0xFF, 0xFF, 0xFF, 0xFF, 0xFF, 0xFF, 0xFF, 0xFF, 0xFF, 0xFF,
  0xFF, 0xFF, 0xFF, 0xFE, 0x00, 0x00, 0x00, 0xFF, 0xF0, 0x00, 0x00, 0x07,
  0xFF, 0x80, 0x00, 0x00, 0x3F, 0xFC, 0x00, 0x00, 0x01, 0xFF, 0xE0, 0x00,
  0x00, 0x0F, 0xFF, 0x00, 0x00, 0x00, 0x7F, 0xF8, 0x00, 0x00, 0x03, 0xFF,
  0xC0, 0x00, 0x00, 0x1F, 0xFE, 0x00, 0x00, 0x00, 0xFF, 0xF0, 0x00, 0x00,
  0x07, 0xFF, 0x80, 0x00, 0x00, 0x3F, 0xFC, 0x00, 0x00, 0x01, 0xFF, 0xE0,
  0x00, 0x00, 0x0F, 0xFF, 0x00, 0x00, 0x00, 0x7F, 0xF8, 0x00, 0x00, 0x03,
  0xFF, 0xC0, 0x00, 0x00, 0x1F, 0xFE, 0x00, 0x00, 0x00, 0xFF, 0xF0, 0x00,
  0x00, 0x07, 0xFF, 0x80, 0x00, 0x00, 0x3F, 0xFC, 0x00, 0x00, 0x01, 0xFF,
  0xE0, 0x00, 0x00, 0x0F, 0xFF, 0x00, 0x00, 0x00, 0x7F, 0xF8, 0x00, 0x00,
  0x03, 0xFF, 0xC0, 0x00, 0x00, 0x1F, 0xFE, 0x00, 0x00, 0x00, 0xFF, 0xF0,
  0x00, 0x00, 0x07, 0xFF, 0x80, 0x00, 0x00, 0x3F, 0xFC, 0x00, 0x00, 0x01,
  0xFF, 0xE0, 0x00, 0x00, 0x0F, 0xFF, 0x00, 0x00, 0x00, 0x7F, 0xF8, 0x00,
  0x00, 0x03, 0xFF, 0xC0, 0x00, 0x00, 0x1F, 0xFE, 0x00, 0x00, 0x00, 0xFF,
  0xF0, 0x00, 0x00, 0x07, 0xFF, 0x80, 0x00, 0x00, 0x3F, 0xFC, 0x00, 0x00,
  0x01, 0xFF, 0xE0, 0x00, 0x00, 0x0F, 0xFF, 0x00, 0x00, 0x00, 0x7F, 0xF8,
  0x00, 0x00, 0x03, 0xFF, 0xC0, 0x00, 0x00, 0x1F, 0xFE, 0x00, 0x00, 0x00,
  0xFF, 0xF0, 0x00, 0x00, 0x07, 0xFF, 0x80, 0x00, 0x00, 0x3F, 0xFC, 0x00,
  0x00, 0x01, 0xFF, 0xE0, 0x00, 0x00, 0x0F, 0xFF, 0x00, 0x00, 0x00, 0x7F,
  0xF8, 0x00, 0x00, 0x03, 0xFF, 0xC0, 0x00, 0x00, 0x1F, 0xFE, 0x00, 0x00,
  0x00, 0xFF, 0xF0, 0x00, 0x00, 0x07, 0xFF, 0x80, 0x00, 0x00, 0x3F, 0xFC,
  0x00, 0x00, 0x01, 0xFF, 0xFF, 0xFF, 0xFF, 0xFF, 0xFF, 0xFF, 0xFF, 0xFF,
  0xFF, 0xFF, 0xFF, 0xFF, 0xFF, 0xFF, 0xFF, 0xFF, 0xFF, 0xFF, 0xFF, 0xFF,
  0xFF, 0xFF, 0xFC, 0xFF, 0xFF, 0xFF, 0xFF, 0xFF, 0xFF, 0xFF, 0xFF, 0xFF,
  0xFF, 0xFF, 0xFF, 0xFF, 0xFF, 0xFF, 0xFF, 0xFF, 0xFF, 0xFF, 0xFF, 0xFF,
  0xFF, 0xFF, 0xFE, 0x00, 0x00, 0x00, 0xFF, 0xF0, 0x00, 0x00, 0x07, 0xFF,
  0x80, 0x00, 0x00, 0x3F, 0xFC, 0x00, 0x00, 0x01, 0xFF, 0xE0, 0x00, 0x00,
  0x0F, 0xFF, 0x00, 0x00, 0x00, 0x7F, 0xF8, 0x00, 0x00, 0x03, 0xFF, 0xC0,
  0x00, 0x00, 0x1F, 0xFE, 0x00, 0x00, 0x00, 0xFF, 0xF0, 0x00, 0x00, 0x07,
  0xFF, 0x80, 0x00, 0x00, 0x3F, 0xFC, 0x00, 0x00, 0x01, 0xFF, 0xE0, 0x00,
  0x00, 0x0F, 0xFF, 0x00, 0x00, 0x00, 0x7F, 0xF8, 0x00, 0x00, 0x03, 0xFF,
  0xC0, 0x00, 0x00, 0x1F, 0xFE, 0x00, 0x00, 0x00, 0xFF, 0xF0, 0x00, 0x00,
  0x07, 0xFF, 0x80, 0x00, 0x00, 0x3F, 0xFC, 0x00, 0x00, 0x01, 0xFF, 0xE0,
  0x00, 0x00, 0x0F, 0xFF, 0x00, 0x00, 0x00, 0x7F, 0xF8, 0x00, 0x00, 0x03,
  0xFF, 0xC0, 0x00, 0x00, 0x1F, 0xFE, 0x00, 0x00, 0x00, 0xFF, 0xF0, 0x00,
  0x00, 0x07, 0xFF, 0x80, 0x00, 0x00, 0x3F, 0xFC, 0x00, 0x00, 0x01, 0xFF,
  0xE0, 0x00, 0x00, 0x0F, 0xFF, 0x00, 0x00, 0x00, 0x7F, 0xF8, 0x00, 0x00,
  0x03, 0xFF, 0xC0, 0x00, 0x00, 0x1F, 0xFE, 0x00, 0x00, 0x00, 0xFF, 0xF0,
  0x00, 0x00, 0x07, 0xFF, 0x80, 0x00, 0x00, 0x3F, 0xFC, 0x00, 0x00, 0x01,
  0xFF, 0xE0, 0x00, 0x00, 0x0F, 0xFF, 0x00, 0x00, 0x00, 0x7F, 0xF8, 0x00,
  0x00, 0x03, 0xFF, 0xC0, 0x00, 0x00, 0x1F, 0xFE, 0x00, 0x00, 0x00, 0xFF,
  0xF0, 0x00, 0x00, 0x07, 0xFF, 0x80, 0x00, 0x00, 0x3F, 0xFC, 0x00, 0x00,
  0x01, 0xFF, 0xE0, 0x00, 0x00, 0x0F, 0xFF, 0x00, 0x00, 0x00, 0x7F, 0xF8,
  0x00, 0x00, 0x03, 0xFF, 0xC0, 0x00, 0x00, 0x1F, 0xFE, 0x00, 0x00, 0x00,
  0xFF, 0xF0, 0x00, 0x00, 0x07, 0xFF, 0x80, 0x00, 0x00, 0x3F, 0xFC, 0x00,
  0x00, 0x01, 0xFF, 0xFF, 0xFF, 0xFF, 0xFF, 0xFF, 0xFF, 0xFF, 0xFF, 0xFF,
  0xFF, 0xFF, 0xFF, 0xFF, 0xFF, 0xFF, 0xFF, 0xFF, 0xFF, 0xFF, 0xFF, 0xFF,
  0xFF, 0xFC, 0x00, 0x0F, 0xE0, 0xFF, 0xC7, 0xFF, 0x9F, 0xFF, 0xFF, 0xFF,
  0xFF, 0xFF, 0xFF, 0xFF, 0xFF, 0xFF, 0xFF, 0xFF, 0xF7, 0xFF, 0x8F, 0xFC,
  0x1F, 0xE0, 0x0C, 0x00, 0x00, 0x00, 0x00, 0x00, 0x00, 0x00, 0x00, 0x00,
  0x00, 0x00, 0x1F, 0xF0, 0x7F, 0xC1, 0xFF, 0x07, 0xFC, 0x3F, 0xF0, 0xFF,
  0xC3, 0xFF, 0x0F, 0xFC, 0x3F, 0xF0, 0xFF, 0xC3, 0xFF, 0x0F, 0xFC, 0x3F,
  0xF0, 0xFF, 0xC3, 0xFF, 0x0F, 0xFC, 0x3F, 0xF0, 0xFF, 0xC3, 0xFF, 0x0F,
  0xFC, 0x3F, 0xF0, 0xFF, 0xC3, 0xFF, 0x0F, 0xFC, 0x3F, 0xF0, 0xFF, 0xE3,
  0xFF, 0x8F, 0xFE, 0x3F, 0xF8, 0xFF, 0xE3, 0xFF, 0x9F, 0xFE, 0x7F, 0xF9,
  0xFF, 0xE7, 0xFF, 0x9F, 0xFE, 0x7F, 0xF9, 0xFF, 0xE7, 0xFF, 0x9F, 0xFE,
  0x7F, 0xF9, 0xFF, 0xE7, 0xFF, 0x80, 0x00, 0x00, 0x3F, 0xC0, 0x00, 0x00,
  0x00, 0x0F, 0xF0, 0x00, 0x00, 0x00, 0x03, 0xFC, 0x00, 0x00, 0x00, 0x00,
  0xFF, 0x00, 0x00, 0x00, 0x00, 0x3F, 0xC0, 0x00, 0x00, 0x00, 0x0F, 0xF0,
  0x00, 0x00, 0x00, 0x03, 0xFC, 0x00, 0x00, 0x00, 0x03, 0xFF, 0xC0, 0x00,
  0x00, 0x07, 0xFF, 0xFE, 0x00, 0x00, 0x07, 0xFF, 0xFF, 0xE0, 0x00, 0x07,
  0xFF, 0xFF, 0xFE, 0x00, 0x03, 0xFF, 0xFF, 0xFF, 0xC0, 0x01, 0xFF, 0xFF,
  0xFF, 0xFC, 0x00, 0xFF, 0xFF, 0xFF, 0xFF, 0x00, 0x7F, 0xFF, 0xFF, 0xFF,
  0xE0, 0x3F, 0xFF, 0xFF, 0xFF, 0xFC, 0x1F, 0xFF, 0xFF, 0xFF, 0xFF, 0x87,
  0xFF, 0xEF, 0xF3, 0xFF, 0xE3, 0xFF, 0xE3, 0xFC, 0x7F, 0xFD, 0xFF, 0xF0,
  0xFF, 0x0F, 0xFF, 0x7F, 0xF8, 0x3F, 0xC1, 0xFE, 0x1F, 0xFE, 0x0F, 0xF0,
  0x3E, 0x0F, 0xFF, 0x03, 0xFC, 0x0C, 0x03, 0xFF, 0xC0, 0xFF, 0x00, 0x00,
  0xFF, 0xE0, 0x3F, 0xC0, 0x00, 0x3F, 0xF8, 0x0F, 0xF0, 0x00, 0x0F, 0xFE,
  0x03, 0xFC, 0x00, 0x03, 0xFF, 0x80, 0xFF, 0x00, 0x00, 0xFF, 0xE0, 0x3F,
  0xC0, 0x00, 0x3F, 0xF8, 0x0F, 0xF0, 0x00, 0x0F, 0xFE, 0x03, 0xFC, 0x00,
  0x03, 0xFF, 0x80, 0xFF, 0x00, 0x00, 0xFF, 0xE0, 0x3F, 0xC0, 0x00, 0x3F,
  0xF8, 0x0F, 0xF0, 0x00, 0x0F, 0xFE, 0x03, 0xFC, 0x00, 0x03, 0xFF, 0xC0,
  0xFF, 0x00, 0x00, 0x7F, 0xF0, 0x3F, 0xC0, 0x60, 0x1F, 0xFE, 0x0F, 0xF0,
  0x3F, 0x07, 0xFF, 0xC3, 0xFC, 0x1F, 0xF8, 0xFF, 0xF8, 0xFF, 0x0F, 0xFF,
  0x3F, 0xFF, 0x3F, 0xC7, 0xFF, 0xC7, 0xFF, 0xFF, 0xF7, 0xFF, 0xE1, 0xFF,
  0xFF, 0xFF, 0xFF, 0xF8, 0x3F, 0xFF, 0xFF, 0xFF, 0xFC, 0x07, 0xFF, 0xFF,
  0xFF, 0xFE, 0x00, 0xFF, 0xFF, 0xFF, 0xFF, 0x00, 0x1F, 0xFF, 0xFF, 0xFF,
  0x80, 0x03, 0xFF, 0xFF, 0xFF, 0xC0, 0x00, 0x7F, 0xFF, 0xFF, 0xE0, 0x00,
  0x07, 0xFF, 0xFF, 0xE0, 0x00, 0x00, 0x7F, 0xFF, 0xE0, 0x00, 0x00, 0x01,
  0xFF, 0x80, 0x00, 0x00, 0x00, 0x3F, 0xC0, 0x00, 0x00, 0x00, 0x0F, 0xF0,
  0x00, 0x00, 0x00, 0x03, 0xFC, 0x00, 0x00, 0x00, 0x00, 0xFF, 0x00, 0x00,
  0x00, 0x00, 0x3F, 0xC0, 0x00, 0x00, 0x00, 0x0F, 0xF0, 0x00, 0x00, 0x00,
  0x03, 0xFC, 0x00, 0x00, 0x00, 0x01, 0xFF, 0xC0, 0x00, 0x00, 0x00, 0xFF,
  0xFF, 0x80, 0x00, 0x00, 0x3F, 0xFF, 0xFE, 0x00, 0x00, 0x0F, 0xFF, 0xFF,
  0xF0, 0x00, 0x01, 0xFF, 0xFF, 0xFF, 0xC0, 0x00, 0x3F, 0xFF, 0xFF, 0xFE,
  0x00, 0x07, 0xFF, 0xFF, 0xFF, 0xF0, 0x00, 0xFF, 0xFF, 0xFF, 0xFF, 0x00,
  0x1F, 0xFF, 0xFF, 0xFF, 0xF8, 0x01, 0xFF, 0xFF, 0xFF, 0xFF, 0xC0, 0x3F,
  0xFF, 0xFF, 0xFF, 0xFC, 0x03, 0xFF, 0xF8, 0x0F, 0xFF, 0xE0, 0x3F, 0xFF,
  0x00, 0x3F, 0xFE, 0x07, 0xFF, 0xE0, 0x01, 0xFF, 0xE0, 0x7F, 0xFC, 0x00,
  0x0F, 0xF0, 0x07, 0xFF, 0xC0, 0x00, 0xFC, 0x00, 0x7F, 0xF8, 0x00, 0x07,
  0x00, 0x07, 0xFF, 0x80, 0x00, 0x40, 0x00, 0x7F, 0xF8, 0x00, 0x00, 0x00,
  0x07, 0xFF, 0x80, 0x00, 0x00, 0x00, 0x7F, 0xF8, 0x00, 0x00, 0x00, 0x07,
  0xFF, 0x80, 0x00, 0x00, 0x00, 0x3F, 0xFC, 0x00, 0x00, 0x00, 0x03, 0xFF,
  0xC0, 0x00, 0x00, 0x00, 0x3F, 0xFC, 0x00, 0x00, 0x00, 0x01, 0xFF, 0xE0,
  0x00, 0x00, 0x00, 0x1F, 0xFE, 0x00, 0x00, 0x00, 0x00, 0xFF, 0xF0, 0x00,
  0x00, 0x00, 0x0F, 0xFF, 0x80, 0x00, 0x00, 0x00, 0x7F, 0xF8, 0x00, 0x00,
  0x00, 0x03, 0xFF, 0xC0, 0x00, 0x00, 0x07, 0xFF, 0xFF, 0xFF, 0xE0, 0x00,
  0x7F, 0xFF, 0xFF, 0xFE, 0x00, 0x07, 0xFF, 0xFF, 0xFF, 0xE0, 0x00, 0x7F,
  0xFF, 0xFF, 0xFE, 0x00, 0x07, 0xFF, 0xFF, 0xFF, 0xE0, 0x00, 0x7F, 0xFF,
  0xFF, 0xFE, 0x00, 0x07, 0xFF, 0xFF, 0xFF, 0xE0, 0x00, 0x00, 0xFF, 0xF0,
  0x00, 0x00, 0x00, 0x0F, 0xFF, 0x00, 0x00, 0x00, 0x00, 0xFF, 0xF0, 0x00,
  0x00, 0x00, 0x0F, 0xFF, 0x00, 0x00, 0x00, 0x00, 0xFF, 0xF0, 0x00, 0x00,
  0x00, 0x0F, 0xFE, 0x00, 0x00, 0x00, 0x01, 0xFF, 0xE0, 0x00, 0x00, 0x00,
  0x1F, 0xFE, 0x00, 0x00, 0x00, 0x01, 0xFF, 0xC0, 0x00, 0x00, 0x00, 0x3F,
  0xFC, 0x00, 0x00, 0x80, 0x07, 0xFF, 0xC0, 0x00, 0x1C, 0x00, 0x7F, 0xF8,
  0x00, 0x01, 0xF8, 0x0F, 0xFF, 0x00, 0x00, 0x3F, 0xE1, 0xFF, 0xF0, 0x00,
  0x0F, 0xFF, 0x3F, 0xFF, 0xFF, 0xFF, 0xFF, 0xF7, 0xFF, 0xFF, 0xFF, 0xFF,
  0xFE, 0xFF, 0xFF, 0xFF, 0xFF, 0xFF, 0xEF, 0xFF, 0xFF, 0xFF, 0xFF, 0xFC,
  0xFF, 0xFF, 0xFF, 0xFF, 0xFF, 0xCF, 0xFF, 0xFF, 0xFF, 0xFF, 0xF8, 0xFF,
  0xFF, 0xFF, 0xFF, 0xFF, 0x0F, 0xFF, 0xFF, 0xFF, 0xFF, 0xE0, 0xFF, 0xFF,
  0xFF, 0xFF, 0xF8, 0x0F, 0xFF, 0xFF, 0xFF, 0xFF, 0x00, 0xFF, 0xFF, 0xFF,
  0xFF, 0x80, 0x00, 0x02, 0x00, 0x00, 0x00, 0x08, 0x00, 0xE0, 0x00, 0x00,
  0x03, 0x80, 0x3E, 0x00, 0xFE, 0x00, 0xF8, 0x0F, 0xE1, 0xFF, 0xFC, 0x3F,
  0x83, 0xFE, 0xFF, 0xFF, 0xEF, 0xF8, 0xFF, 0xFF, 0xFF, 0xFF, 0xFF, 0xBF,
  0xFF, 0xFF, 0xFF, 0xFF, 0xF9, 0xFF, 0xFF, 0xFF, 0xFF, 0xFC, 0x1F, 0xFF,
  0xFF, 0xFF, 0xFF, 0x01, 0xFF, 0xFF, 0xFF, 0xFF, 0xC0, 0x1F, 0xFF, 0xFF,
  0xFF, 0xF0, 0x03, 0xFF, 0xF0, 0x7F, 0xFE, 0x00, 0x7F, 0xF8, 0x03, 0xFF,
  0xC0, 0x1F, 0xFC, 0x00, 0x1F, 0xFC, 0x03, 0xFF, 0x00, 0x01, 0xFF, 0x80,
  0xFF, 0xE0, 0x00, 0x3F, 0xF0, 0x1F, 0xF8, 0x00, 0x03, 0xFF, 0x03, 0xFF,
  0x00, 0x00, 0x7F, 0xE0, 0x7F, 0xC0, 0x00, 0x07, 0xFC, 0x0F, 0xF8, 0x00,
  0x00, 0xFF, 0x81, 0xFF, 0x00, 0x00, 0x1F, 0xF0, 0x3F, 0xE0, 0x00, 0x03,
  0xFE, 0x07, 0xFC, 0x00, 0x00, 0x7F, 0xC0, 0xFF, 0x80, 0x00, 0x0F, 0xF8,
  0x1F, 0xF8, 0x00, 0x03, 0xFF, 0x03, 0xFF, 0x00, 0x00, 0x7F, 0xE0, 0x7F,
  0xF0, 0x00, 0x1F, 0xFC, 0x07, 0xFE, 0x00, 0x03, 0xFF, 0x00, 0xFF, 0xE0,
  0x00, 0xFF, 0xE0, 0x0F, 0xFF, 0x00, 0x7F, 0xF8, 0x01, 0xFF, 0xF8, 0x3F,
  0xFF, 0x00, 0x7F, 0xFF, 0xFF, 0xFF, 0xE0, 0x1F, 0xFF, 0xFF, 0xFF, 0xFE,
  0x07, 0xFF, 0xFF, 0xFF, 0xFF, 0xE1, 0xFF, 0xFF, 0xFF, 0xFF, 0xFE, 0x7F,
  0xFF, 0xFF, 0xFF, 0xFF, 0xF7, 0xFF, 0xFF, 0xFF, 0xFF, 0xFC, 0x7F, 0xDF,
  0xFF, 0xFD, 0xFF, 0x07, 0xF0, 0xFF, 0xFE, 0x1F, 0xC0, 0x7C, 0x03, 0xFE,
  0x01, 0xF0, 0x07, 0x00, 0x00, 0x00, 0x1C, 0x00, 0x40, 0x00, 0x00, 0x01,
  0x00, 0xFF, 0xF8, 0x00, 0x00, 0x00, 0x7F, 0xFF, 0xFF, 0xF0, 0x00, 0x00,
  0x03, 0xFF, 0xE7, 0xFF, 0xC0, 0x00, 0x00, 0x0F, 0xFF, 0x8F, 0xFF, 0x80,
  0x00, 0x00, 0x7F, 0xFC, 0x3F, 0xFF, 0x00, 0x00, 0x01, 0xFF, 0xE0, 0x7F,
  0xFC, 0x00, 0x00, 0x0F, 0xFF, 0x80, 0xFF, 0xF8, 0x00, 0x00, 0x3F, 0xFC,
  0x03, 0xFF, 0xE0, 0x00, 0x01, 0xFF, 0xF0, 0x07, 0xFF, 0xC0, 0x00, 0x0F,
  0xFF, 0x80, 0x1F, 0xFF, 0x00, 0x00, 0x3F, 0xFC, 0x00, 0x3F, 0xFE, 0x00,
  0x01, 0xFF, 0xF0, 0x00, 0x7F, 0xF8, 0x00, 0x07, 0xFF, 0x80, 0x01, 0xFF,
  0xF0, 0x00, 0x3F, 0xFE, 0x00, 0x03, 0xFF, 0xE0, 0x00, 0xFF, 0xF0, 0x00,
  0x0F, 0xFF, 0x80, 0x07, 0xFF, 0x80, 0x00, 0x1F, 0xFF, 0x00, 0x1F, 0xFE,
  0x00, 0x00, 0x3F, 0xFC, 0x00, 0xFF, 0xF0, 0x00, 0x00, 0xFF, 0xF8, 0x07,
  0xFF, 0xC0, 0x00, 0x01, 0xFF, 0xE0, 0x1F, 0xFE, 0x00, 0x00, 0x03, 0xFF,
  0xC0, 0xFF, 0xF0, 0x00, 0x00, 0x0F, 0xFF, 0x83, 0xFF, 0xC0, 0x00, 0x00,
  0x1F, 0xFE, 0x1F, 0xFE, 0x00, 0x00, 0x00, 0x7F, 0xFC, 0x7F, 0xF8, 0x00,
  0x00, 0x00, 0xFF, 0xF3, 0xFF, 0xC0, 0x00, 0x00, 0x01, 0xFF, 0xFF, 0xFE,
  0x00, 0x00, 0x00, 0x07, 0xFF, 0xFF, 0xF8, 0x00, 0x00, 0x00, 0x0F, 0xFF,
  0xFF, 0xC0, 0x00, 0x00, 0x00, 0x3F, 0xFF, 0xFF, 0x00, 0x00, 0x00, 0x00,
  0x7F, 0xFF, 0xF8, 0x00, 0x00, 0x0F, 0xFF, 0xFF, 0xFF, 0xFF, 0xFC, 0x00,
  0x3F, 0xFF, 0xFF, 0xFF, 0xFF, 0xF0, 0x00, 0xFF, 0xFF, 0xFF, 0xFF, 0xFF,
  0xC0, 0x03, 0xFF, 0xFF, 0xFF, 0xFF, 0xFF, 0x00, 0x0F, 0xFF, 0xFF, 0xFF,
  0xFF, 0xFC, 0x00, 0x3F, 0xFF, 0xFF, 0xFF, 0xFF, 0xF0, 0x00, 0xFF, 0xFF,
  0xFF, 0xFF, 0xFF, 0xC0, 0x00, 0x00, 0x07, 0xFF, 0x80, 0x00, 0x00, 0x00,
  0x00, 0x1F, 0xFE, 0x00, 0x00, 0x00, 0x00, 0x00, 0x7F, 0xF8, 0x00, 0x00,
  0x00, 0x00, 0x01, 0xFF, 0xE0, 0x00, 0x00, 0x00, 0x00, 0x07, 0xFF, 0x80,
  0x00, 0x00, 0x00, 0x00, 0x1F, 0xFE, 0x00, 0x00, 0x00, 0x3F, 0xFF, 0xFF,
  0xFF, 0xFF, 0xF0, 0x00, 0xFF, 0xFF, 0xFF, 0xFF, 0xFF, 0xC0, 0x03, 0xFF,
  0xFF, 0xFF, 0xFF, 0xFF, 0x00, 0x0F, 0xFF, 0xFF, 0xFF, 0xFF, 0xFC, 0x00,
  0x3F, 0xFF, 0xFF, 0xFF, 0xFF, 0xF0, 0x00, 0xFF, 0xFF, 0xFF, 0xFF, 0xFF,
  0xC0, 0x03, 0xFF, 0xFF, 0xFF, 0xFF, 0xFF, 0x00, 0x00, 0x00, 0x1F, 0xFE,
  0x00, 0x00, 0x00, 0x00, 0x00, 0x7F, 0xF8, 0x00, 0x00, 0x00, 0x00, 0x01,
  0xFF, 0xE0, 0x00, 0x00, 0x00, 0x00, 0x07, 0xFF, 0x80, 0x00, 0x00, 0x00,
  0x00, 0x1F, 0xFE, 0x00, 0x00, 0x00, 0x00, 0x00, 0x7F, 0xF8, 0x00, 0x00,
  0x00, 0x00, 0x01, 0xFF, 0xE0, 0x00, 0x00, 0x00, 0x00, 0x07, 0xFF, 0x80,
  0x00, 0x00, 0x00, 0x00, 0x1F, 0xFE, 0x00, 0x00, 0x00, 0x00, 0x00, 0x7F,
  0xF8, 0x00, 0x00, 0x00, 0x00, 0x01, 0xFF, 0xE0, 0x00, 0x00, 0x00, 0x00,
  0x07, 0xFF, 0x80, 0x00, 0x00, 0x00, 0x00, 0x1F, 0xFE, 0x00, 0x00, 0x00,
  0xFF, 0xFF, 0xFF, 0xFF, 0xFF, 0xFF, 0xFF, 0xFF, 0xFF, 0xFF, 0xFF, 0xFF,
  0xFF, 0xFF, 0xFF, 0xFF, 0xFF, 0xFF, 0xFF, 0xFF, 0xFF, 0xFF, 0xFF, 0xFF,
  0xFF, 0xFF, 0xFF, 0xFF, 0xFF, 0xFF, 0xFF, 0xFF, 0xFF, 0xFF, 0xFF, 0xFF,
  0xFF, 0xFF, 0xFF, 0xFF, 0xFF, 0xFF, 0xFF, 0xFF, 0xFF, 0xFF, 0xFC, 0x00,
  0x00, 0x00, 0x00, 0x00, 0x00, 0x00, 0x00, 0x00, 0x1F, 0xFF, 0xFF, 0xFF,
  0xFF, 0xFF, 0xFF, 0xFF, 0xFF, 0xFF, 0xFF, 0xFF, 0xFF, 0xFF, 0xFF, 0xFF,
  0xFF, 0xFF, 0xFF, 0xFF, 0xFF, 0xFF, 0xFF, 0xFF, 0xFF, 0xFF, 0xFF, 0xFF,
  0xFF, 0xFF, 0xFF, 0xFF, 0xFF, 0xFF, 0xFF, 0xFF, 0xFF, 0xFF, 0xFF, 0xFF,
  0xFF, 0xFF, 0xFF, 0xFF, 0xFF, 0xFF, 0xFF, 0x80, 0x00, 0x01, 0xFF, 0xE0,
  0x00, 0x00, 0x01, 0xFF, 0xFF, 0x80, 0x00, 0x00, 0xFF, 0xFF, 0xFC, 0x00,
  0x00, 0x3F, 0xFF, 0xFF, 0xE0, 0x00, 0x1F, 0xFF, 0xFF, 0xFE, 0x00, 0x07,
  0xFF, 0xFF, 0xFF, 0xE0, 0x01, 0xFF, 0xFF, 0xFF, 0xFE, 0x00, 0x3F, 0xFF,
  0xFF, 0xFF, 0xE0, 0x0F, 0xFF, 0xFF, 0xFF, 0xFE, 0x01, 0xFF, 0xFF, 0xFF,
  0xFF, 0xE0, 0x7F, 0xFE, 0x00, 0xFF, 0xFC, 0x0F, 0xFF, 0x80, 0x07, 0xFF,
  0xC1, 0xFF, 0xE0, 0x00, 0x7F, 0xF8, 0x3F, 0xF8, 0x00, 0x07, 0xFE, 0x0F,
  0xFF, 0x00, 0x00, 0x7F, 0x01, 0xFF, 0xE0, 0x00, 0x0F, 0x00, 0x3F, 0xFC,
  0x00, 0x00, 0x80, 0x07, 0xFF, 0x80, 0x00, 0x00, 0x00, 0x7F, 0xF0, 0x00,
  0x00, 0x00, 0x0F, 0xFF, 0x00, 0x00, 0x00, 0x01, 0xFF, 0xF0, 0x00, 0x00,
  0x00, 0x1F, 0xFF, 0x80, 0x00, 0x00, 0x03, 0xFF, 0xFE, 0x00, 0x00, 0x00,
  0x3F, 0xFF, 0xF0, 0x00, 0x00, 0x07, 0xFF, 0xFF, 0xC0, 0x00, 0x00, 0x7F,
  0xFF, 0xFE, 0x00, 0x00, 0x03, 0xFF, 0xFF, 0xF8, 0x00, 0x00, 0x7F, 0xFF,
  0xFF, 0xC0, 0x00, 0x1F, 0xFF, 0xFF, 0xFC, 0x00, 0x07, 0xFF, 0xFF, 0xFF,
  0xE0, 0x01, 0xFF, 0xFF, 0xFF, 0xFE, 0x00, 0x7F, 0xFF, 0xFF, 0xFF, 0xF0,
  0x1F, 0xFF, 0x0F, 0xFF, 0xFF, 0x03, 0xFF, 0xC0, 0x7F, 0xFF, 0xE0, 0xFF,
  0xF0, 0x01, 0xFF, 0xFE, 0x1F, 0xFC, 0x00, 0x0F, 0xFF, 0xE3, 0xFF, 0x80,
  0x00, 0x7F, 0xFC, 0xFF, 0xE0, 0x00, 0x07, 0xFF, 0x9F, 0xFC, 0x00, 0x00,
  0x7F, 0xFB, 0xFF, 0x80, 0x00, 0x0F, 0xFF, 0x7F, 0xF8, 0x00, 0x00, 0xFF,
  0xEF, 0xFF, 0x00, 0x00, 0x1F, 0xFC, 0xFF, 0xF0, 0x00, 0x03, 0xFF, 0x9F,
  0xFF, 0x00, 0x00, 0x7F, 0xF3, 0xFF, 0xF0, 0x00, 0x0F, 0xFE, 0x3F, 0xFF,
  0x80, 0x03, 0xFF, 0xC7, 0xFF, 0xFE, 0x00, 0x7F, 0xF0, 0x7F, 0xFF, 0xF8,
  0x1F, 0xFE, 0x07, 0xFF, 0xFF, 0xC3, 0xFF, 0x80, 0x7F, 0xFF, 0xFF, 0xFF,
  0xF0, 0x07, 0xFF, 0xFF, 0xFF, 0xFC, 0x00, 0x3F, 0xFF, 0xFF, 0xFF, 0x80,
  0x03, 0xFF, 0xFF, 0xFF, 0xC0, 0x00, 0x1F, 0xFF, 0xFF, 0xF0, 0x00, 0x00,
  0x7F, 0xFF, 0xFE, 0x00, 0x00, 0x03, 0xFF, 0xFF, 0xE0, 0x00, 0x00, 0x0F,
  0xFF, 0xFE, 0x00, 0x00, 0x00, 0x7F, 0xFF, 0xC0, 0x00, 0x00, 0x03, 0xFF,
  0xFC, 0x00, 0x00, 0x00, 0x1F, 0xFF, 0xC0, 0x00, 0x00, 0x00, 0xFF, 0xF8,
  0x00, 0x00, 0x00, 0x0F, 0xFF, 0x00, 0x00, 0x00, 0x00, 0xFF, 0xF0, 0x0E,
  0x00, 0x00, 0x1F, 0xFE, 0x07, 0xC0, 0x00, 0x03, 0xFF, 0xC3, 0xFC, 0x00,
  0x00, 0x3F, 0xFB, 0xFF, 0x80, 0x00, 0x07, 0xFF, 0x7F, 0xF8, 0x00, 0x01,
  0xFF, 0xEF, 0xFF, 0x80, 0x00, 0x3F, 0xFC, 0xFF, 0xF8, 0x00, 0x07, 0xFF,
  0x9F, 0xFF, 0x80, 0x01, 0xFF, 0xE1, 0xFF, 0xF8, 0x00, 0x7F, 0xFC, 0x3F,
  0xFF, 0xC0, 0x3F, 0xFF, 0x83, 0xFF, 0xFF, 0xFF, 0xFF, 0xE0, 0x3F, 0xFF,
  0xFF, 0xFF, 0xFC, 0x03, 0xFF, 0xFF, 0xFF, 0xFF, 0x00, 0x7F, 0xFF, 0xFF,
  0xFF, 0xC0, 0x07, 0xFF, 0xFF, 0xFF, 0xF0, 0x00, 0x3F, 0xFF, 0xFF, 0xFC,
  0x00, 0x03, 0xFF, 0xFF, 0xFF, 0x00, 0x00, 0x1F, 0xFF, 0xFF, 0x80, 0x00,
  0x00, 0xFF, 0xFF, 0xC0, 0x00, 0x00, 0x03, 0xFF, 0xC0, 0x00, 0x00, 0x1F,
  0x80, 0x07, 0xE0, 0xFF, 0x00, 0x3F, 0xE7, 0xFE, 0x01, 0xFF, 0xBF, 0xF8,
  0x07, 0xFF, 0xFF, 0xF0, 0x1F, 0xFF, 0xFF, 0xC0, 0xFF, 0xFF, 0xFF, 0x03,
  0xFF, 0xFF, 0xFC, 0x07, 0xFF, 0xFF, 0xE0, 0x1F, 0xFD, 0xFF, 0x80, 0x3F,
  0xE3, 0xFC, 0x00, 0x7F, 0x03, 0xC0, 0x00, 0x70, 0x00, 0x00, 0x00, 0x3F,
  0xFF, 0x00, 0x00, 0x00, 0x00, 0x00, 0x01, 0xFF, 0xFF, 0xF8, 0x00, 0x00,
  0x00, 0x00, 0x03, 0xFF, 0xFF, 0xFF, 0x00, 0x00, 0x00, 0x00, 0x0F, 0xFF,
  0xFF, 0xFF, 0xE0, 0x00, 0x00, 0x00, 0x0F, 0xFF, 0xFF, 0xFF, 0xFC, 0x00,
  0x00, 0x00, 0x1F, 0xFF, 0xFF, 0xFF, 0xFF, 0x80, 0x00, 0x00, 0x1F, 0xFF,
  0x80, 0x0F, 0xFF, 0xE0, 0x00, 0x00, 0x1F, 0xFE, 0x00, 0x00, 0x7F, 0xF8,
  0x00, 0x00, 0x3F, 0xF8, 0x00, 0x00, 0x0F, 0xFE, 0x00, 0x00, 0x3F, 0xF0,
  0x00, 0x00, 0x01, 0xFF, 0x80, 0x00, 0x3F, 0xF0, 0x00, 0x00, 0x00, 0x3F,
  0xE0, 0x00, 0x1F, 0xF0, 0x00, 0x00, 0x00, 0x0F, 0xF8, 0x00, 0x1F, 0xE0,
  0x00, 0x00, 0x00, 0x03, 0xFE, 0x00, 0x1F, 0xE0, 0x00, 0x00, 0x00, 0x00,
  0xFF, 0x80, 0x1F, 0xF0, 0x00, 0x3F, 0xF8, 0x00, 0x3F, 0xC0, 0x0F, 0xF0,
  0x00, 0xFF, 0xFF, 0x80, 0x0F, 0xF0, 0x0F, 0xF0, 0x01, 0xFF, 0xFF, 0xF0,
  0x03, 0xF8, 0x07, 0xF0, 0x01, 0xFF, 0xFF, 0xFC, 0x00, 0xFE, 0x07, 0xF8,
  0x01, 0xFF, 0xFF, 0xFF, 0x00, 0x7F, 0x83, 0xF8, 0x01, 0xFF, 0xFF, 0xFF,
  0xC0, 0x1F, 0xC3, 0xF8, 0x01, 0xFF, 0xFF, 0xFF, 0xE0, 0x0F, 0xE1, 0xFC,
  0x01, 0xFF, 0xE0, 0x3F, 0xF8, 0x03, 0xF8, 0xFE, 0x00, 0xFF, 0xC0, 0x07,
  0xFE, 0x01, 0xFC, 0xFE, 0x00, 0xFF, 0xC0, 0x01, 0xFF, 0x00, 0xFE, 0x7F,
  0x00, 0x7F, 0xC0, 0x00, 0x7F, 0x00, 0x3F, 0xBF, 0x80, 0x7F, 0xC0, 0x00,
  0x1C, 0x00, 0x1F, 0xDF, 0x80, 0x3F, 0xE0, 0x00, 0x08, 0x00, 0x0F, 0xEF,
  0xC0, 0x1F, 0xE0, 0x00, 0x00, 0x00, 0x07, 0xFF, 0xE0, 0x0F, 0xF0, 0x00,
  0x00, 0x00, 0x01, 0xFF, 0xF0, 0x07, 0xF8, 0x00, 0x00, 0x00, 0x00, 0xFF,
  0xF8, 0x07, 0xFC, 0x00, 0x00, 0x00, 0x00, 0x7F, 0xFC, 0x03, 0xFE, 0x00,
  0x00, 0x00, 0x00, 0x3F, 0xFE, 0x01, 0xFF, 0x00, 0x00, 0x00, 0x00, 0x1F,
  0xFF, 0x00, 0xFF, 0x80, 0x00, 0x00, 0x00, 0x0F, 0xFF, 0x80, 0x3F, 0xC0,
  0x00, 0x00, 0x00, 0x07, 0xFF, 0xC0, 0x1F, 0xE0, 0x00, 0x00, 0x00, 0x03,
  0xF7, 0xE0, 0x0F, 0xF0, 0x00, 0x00, 0x00, 0x03, 0xFB, 0xF0, 0x07, 0xFC,
  0x00, 0x00, 0x00, 0x01, 0xFD, 0xFC, 0x03, 0xFE, 0x00, 0x00, 0xE0, 0x00,
  0xFE, 0xFE, 0x00, 0xFF, 0x80, 0x00, 0xFE, 0x00, 0x7F, 0x7F, 0x00, 0x7F,
  0xE0, 0x00, 0x7F, 0xC0, 0x3F, 0x1F, 0x80, 0x1F, 0xF8, 0x00, 0x7F, 0xC0,
  0x3F, 0x8F, 0xE0, 0x0F, 0xFE, 0x00, 0xFF, 0xC0, 0x1F, 0xC7, 0xF0, 0x03,
  0xFF, 0xF7, 0xFF, 0xE0, 0x1F, 0xC1, 0xFC, 0x00, 0xFF, 0xFF, 0xFF, 0xE0,
  0x0F, 0xE0, 0xFE, 0x00, 0x3F, 0xFF, 0xFF, 0xE0, 0x0F, 0xF0, 0x7F, 0x80,
  0x0F, 0xFF, 0xFF, 0xE0, 0x07, 0xF0, 0x1F, 0xE0, 0x03, 0xFF, 0xFF, 0xE0,
  0x07, 0xF8, 0x07, 0xF0, 0x00, 0x7F, 0xFF, 0xC0, 0x07, 0xF8, 0x03, 0xFC,
  0x00, 0x0F, 0xFF, 0x80, 0x07, 0xF8, 0x00, 0xFF, 0x00, 0x00, 0x38, 0x00,
  0x07, 0xFC, 0x00, 0x3F, 0xC0, 0x00, 0x00, 0x00, 0x07, 0xFC, 0x00, 0x1F,
  0xF0, 0x00, 0x00, 0x00, 0x07, 0xFC, 0x00, 0x07, 0xFE, 0x00, 0x00, 0x00,
  0x07, 0xFC, 0x00, 0x01, 0xFF, 0x80, 0x00, 0x00, 0x07, 0xFC, 0x00, 0x00,
  0x7F, 0xF0, 0x00, 0x00, 0x0F, 0xFC, 0x00, 0x00, 0x1F, 0xFE, 0x00, 0x00,
  0x1F, 0xFC, 0x00, 0x00, 0x07, 0xFF, 0xE0, 0x00, 0x7F, 0xFC, 0x00, 0x00,
  0x00, 0xFF, 0xFF, 0xFF, 0xFF, 0xFC, 0x00, 0x00, 0x00, 0x3F, 0xFF, 0xFF,
  0xFF, 0xF8, 0x00, 0x00, 0x00, 0x07, 0xFF, 0xFF, 0xFF, 0xF8, 0x00, 0x00,
  0x00, 0x00, 0xFF, 0xFF, 0xFF, 0xF0, 0x00, 0x00, 0x00, 0x00, 0x1F, 0xFF,
  0xFF, 0xC0, 0x00, 0x00, 0x00, 0x00, 0x00, 0xFF, 0xFF, 0x00, 0x00, 0x00,
  0x00, 0x07, 0xFF, 0x00, 0x00, 0x07, 0xFF, 0xFF, 0x00, 0x01, 0xFF, 0xFF,
  0xFC, 0x00, 0x7F, 0xFF, 0xFF, 0xE0, 0x0F, 0xFF, 0xFF, 0xFF, 0x01, 0xFF,
  0xFF, 0xFF, 0xF8, 0x3F, 0xFF, 0xFF, 0xFF, 0xC7, 0xFF, 0xFB, 0xFF, 0xFE,
  0x3F, 0xF0, 0x03, 0xFF, 0xE0, 0xFC, 0x00, 0x0F, 0xFE, 0x07, 0x00, 0x00,
  0x7F, 0xF0, 0x20, 0x00, 0x03, 0xFF, 0x00, 0x00, 0x00, 0x3F, 0xF0, 0x00,
  0x00, 0x03, 0xFF, 0x00, 0x00, 0x00, 0x3F, 0xF0, 0x01, 0xFF, 0x03, 0xFF,
  0x00, 0xFF, 0xFE, 0x3F, 0xF0, 0x7F, 0xFF, 0xFF, 0xFF, 0x0F, 0xFF, 0xFF,
  0xFF, 0xF1, 0xFF, 0xFF, 0xFF, 0xFF, 0x3F, 0xFF, 0xDF, 0xFF, 0xF7, 0xFF,
  0x80, 0x0F, 0xFF, 0x7F, 0xE0, 0x00, 0x3F, 0xF7, 0xFE, 0x00, 0x03, 0xFF,
  0xFF, 0xC0, 0x00, 0x3F, 0xFF, 0xFC, 0x00, 0x03, 0xFF, 0xFF, 0xC0, 0x00,
  0x3F, 0xFF, 0xFC, 0x00, 0x07, 0xFF, 0xFF, 0xC0, 0x00, 0x7F, 0xFF, 0xFC,
  0x00, 0x0F, 0xFF, 0xFF, 0xE0, 0x01, 0xFF, 0xF7, 0xFF, 0x00, 0x3F, 0xFF,
  0x7F, 0xFF, 0x1F, 0xFF, 0xF7, 0xFF, 0xFF, 0xFF, 0xFF, 0x3F, 0xFF, 0xFF,
  0xDF, 0xF1, 0xFF, 0xFF, 0xF9, 0xFF, 0x0F, 0xFF, 0xFF, 0x1F, 0xF0, 0x7F,
  0xFF, 0xC1, 0xFF, 0x01, 0xFF, 0xF0, 0x00, 0x00, 0x00, 0xE0, 0x00, 0x00,
  0x00, 0x00, 0x80, 0x00, 0x10, 0x00, 0x00, 0xF0, 0x00, 0x1C, 0x00, 0x00,
  0xFC, 0x00, 0x1F, 0x00, 0x00, 0xFF, 0x00, 0x1F, 0xE0, 0x00, 0xFF, 0xC0,
  0x1F, 0xF8, 0x00, 0x7F, 0xE0, 0x1F, 0xFC, 0x00, 0x7F, 0xE0, 0x1F, 0xFC,
  0x00, 0x7F, 0xE0, 0x0F, 0xFC, 0x00, 0x7F, 0xE0, 0x0F, 0xFC, 0x00, 0x7F,
  0xE0, 0x0F, 0xFC, 0x00, 0x7F, 0xE0, 0x0F, 0xFC, 0x00, 0x7F, 0xE0, 0x0F,
  0xFC, 0x00, 0x7F, 0xE0, 0x0F, 0xFC, 0x00, 0x7F, 0xF0, 0x0F, 0xFC, 0x00,
  0x7F, 0xF0, 0x0F, 0xFC, 0x00, 0x7F, 0xF0, 0x0F, 0xFE, 0x00, 0x7F, 0xF0,
  0x0F, 0xFE, 0x00, 0x3F, 0xF0, 0x0F, 0xFE, 0x00, 0x3F, 0xF0, 0x07, 0xFE,
  0x00, 0x1F, 0xF8, 0x03, 0xFF, 0x00, 0x0F, 0xFE, 0x01, 0xFF, 0xC0, 0x03,
  0xFF, 0x80, 0x7F, 0xF0, 0x00, 0xFF, 0xE0, 0x1F, 0xF8, 0x00, 0x3F, 0xF8,
  0x07, 0xFE, 0x00, 0x0F, 0xFE, 0x01, 0xFF, 0x80, 0x03, 0xFF, 0x00, 0x7F,
  0xE0, 0x00, 0xFF, 0xC0, 0x1F, 0xF8, 0x00, 0x3F, 0xF0, 0x07, 0xFE, 0x00,
  0x0F, 0xFC, 0x01, 0xFF, 0x80, 0x03, 0xFF, 0x00, 0x7F, 0xE0, 0x00, 0xFF,
  0xC0, 0x1F, 0xF8, 0x00, 0x3F, 0xF0, 0x0F, 0xFE, 0x00, 0x0F, 0xFC, 0x03,
  0xFF, 0x80, 0x03, 0xFE, 0x00, 0xFF, 0xC0, 0x01, 0xFE, 0x00, 0x3F, 0x80,
  0x00, 0x7E, 0x00, 0x0F, 0x80, 0x00, 0x1C, 0x00, 0x03, 0x80, 0x00, 0x04,
  0x00, 0x00, 0x80, 0xFF, 0xFF, 0xFF, 0xFF, 0xFF, 0xFF, 0xFF, 0xFF, 0xFF,
  0xFF, 0xFF, 0xFF, 0xFF, 0xFF, 0xFF, 0xFF, 0xFF, 0xFF, 0xFF, 0xFF, 0xFF,
  0xFF, 0xFF, 0xFF, 0xFF, 0xFF, 0xFF, 0xFF, 0xFF, 0xFF, 0xFF, 0xFF, 0xFF,
  0xFF, 0xFF, 0xFF, 0xFF, 0xFF, 0xFF, 0xFF, 0xFF, 0xFF, 0xFF, 0xFF, 0xFF,
  0xFF, 0xFF, 0xFF, 0xFF, 0xFF, 0x00, 0x00, 0x00, 0x03, 0xFF, 0x00, 0x00,
  0x00, 0x03, 0xFF, 0x00, 0x00, 0x00, 0x03, 0xFF, 0x00, 0x00, 0x00, 0x03,
  0xFF, 0x00, 0x00, 0x00, 0x03, 0xFF, 0x00, 0x00, 0x00, 0x03, 0xFF, 0x00,
  0x00, 0x00, 0x03, 0xFF, 0x00, 0x00, 0x00, 0x03, 0xFF, 0x00, 0x00, 0x00,
  0x03, 0xFF, 0x00, 0x00, 0x00, 0x03, 0xFF, 0x00, 0x00, 0x00, 0x03, 0xFF,
  0x00, 0x00, 0x00, 0x03, 0xFF, 0x00, 0x00, 0x00, 0x03, 0xFF, 0x00, 0x00,
  0x00, 0x03, 0xFF, 0x00, 0x00, 0x00, 0x03, 0xFF, 0x00, 0x00, 0x00, 0x03,
  0xFF, 0xFF, 0xFF, 0xFF, 0xFF, 0xFF, 0xFF, 0xFF, 0xFF, 0xFF, 0xFF, 0xFF,
  0xFF, 0xFF, 0xFF, 0xFF, 0xFF, 0xFF, 0xFF, 0xFF, 0xFF, 0xFF, 0xFF, 0xFF,
  0xFF, 0xFF, 0xFF, 0xFF, 0xFF, 0xFF, 0xC0, 0x00, 0x01, 0xFF, 0xC0, 0x00,
  0x00, 0x07, 0xFF, 0xFC, 0x00, 0x00, 0x0F, 0xFF, 0xFF, 0x80, 0x00, 0x0F,
  0xFF, 0xFF, 0xE0, 0x00, 0x1F, 0xFF, 0xFF, 0xFC, 0x00, 0x1F, 0xF0, 0x01,
  0xFF, 0x00, 0x1F, 0xE0, 0x00, 0x3F, 0xC0, 0x0F, 0xC0, 0x00, 0x0F, 0xF0,
  0x0F, 0xC0, 0x00, 0x01, 0xF8, 0x0F, 0xC0, 0x00, 0x00, 0x7E, 0x07, 0xC1,
  0xFF, 0xC0, 0x3F, 0x07, 0xE0, 0xFF, 0xF8, 0x0F, 0xC3, 0xE0, 0x7F, 0xFE,
  0x03, 0xE3, 0xF0, 0x3F, 0xFF, 0x81, 0xF9, 0xF0, 0x1F, 0x1F, 0xC0, 0x7C,
  0xF8, 0x0F, 0x83, 0xE0, 0x3E, 0x7C, 0x07, 0xC1, 0xF0, 0x1F, 0x7E, 0x03,
  0xE0, 0xF8, 0x0F, 0xFF, 0x01, 0xF0, 0xFC, 0x07, 0xFF, 0x80, 0xFF, 0xFE,
  0x01, 0xFF, 0xC0, 0x7F, 0xFE, 0x01, 0xFF, 0xE0, 0x3F, 0xFE, 0x00, 0xFD,
  0xF0, 0x1F, 0xFE, 0x00, 0x7C, 0xF8, 0x0F, 0x9F, 0x80, 0x3E, 0x7C, 0x07,
  0xC7, 0xE0, 0x1F, 0x3F, 0x03, 0xE1, 0xF0, 0x1F, 0x9F, 0x81, 0xF0, 0xFC,
  0x0F, 0xC7, 0xE0, 0xF8, 0x3F, 0x0F, 0xC3, 0xF0, 0x7C, 0x0F, 0xC7, 0xE0,
  0xFC, 0x00, 0x00, 0x07, 0xE0, 0x7F, 0x00, 0x00, 0x07, 0xF0, 0x1F, 0xC0,
  0x00, 0x07, 0xF0, 0x07, 0xF0, 0x00, 0x07, 0xF0, 0x01, 0xFE, 0x00, 0x0F,
  0xF0, 0x00, 0x7F, 0xE0, 0x3F, 0xF0, 0x00, 0x1F, 0xFF, 0xFF, 0xF0, 0x00,
  0x03, 0xFF, 0xFF, 0xE0, 0x00, 0x00, 0xFF, 0xFF, 0xE0, 0x00, 0x00, 0x0F,
  0xFF, 0x80, 0x00, 0x00, 0x00, 0x50, 0x00, 0x00, 0xFF, 0xFF, 0xFF, 0xFF,
  0xFF, 0xFF, 0xFF, 0xFF, 0xFF, 0xFF, 0xFF, 0xFF, 0xFF, 0xFF, 0xFF, 0xFF,
  0xFF, 0xFF, 0xFF, 0xFF, 0xFF, 0xFF, 0xFF, 0xFF, 0xFF, 0xFF, 0xFF, 0x00,
  0x7F, 0x80, 0x01, 0xFF, 0xF0, 0x01, 0xFF, 0xFE, 0x01, 0xFF, 0xFF, 0x81,
  0xFF, 0xFF, 0xE1, 0xFF, 0xFF, 0xF0, 0xFF, 0xDF, 0xFC, 0xFF, 0x01, 0xFE,
  0x7F, 0x00, 0x7F, 0xFF, 0x80, 0x1F, 0xFF, 0x80, 0x0F, 0xFF, 0xC0, 0x07,
  0xFF, 0xE0, 0x03, 0xFF, 0xF0, 0x01, 0xFF, 0xFC, 0x00, 0xFE, 0xFE, 0x00,
  0xFF, 0x7F, 0x80, 0xFF, 0xBF, 0xF0, 0xFF, 0x8F, 0xFF, 0xFF, 0xC3, 0xFF,
  0xFF, 0xC1, 0xFF, 0xFF, 0xC0, 0x7F, 0xFF, 0xC0, 0x0F, 0xFF, 0xC0, 0x01,
  0xFF, 0x80, 0x00, 0x01, 0xFF, 0x80, 0x00, 0x00, 0x01, 0xFF, 0x80, 0x00,
  0x00, 0x01, 0xFF, 0x80, 0x00, 0x00, 0x01, 0xFF, 0x80, 0x00, 0x00, 0x01,
  0xFF, 0x80, 0x00, 0x00, 0x01, 0xFF, 0x80, 0x00, 0x00, 0x01, 0xFF, 0x80,
  0x00, 0x00, 0x01, 0xFF, 0x80, 0x00, 0x00, 0x01, 0xFF, 0x80, 0x00, 0x00,
  0x01, 0xFF, 0x80, 0x00, 0x00, 0x01, 0xFF, 0x80, 0x00, 0x00, 0x01, 0xFF,
  0x80, 0x00, 0x00, 0x01, 0xFF, 0x80, 0x00, 0x00, 0x01, 0xFF, 0x80, 0x00,
  0xFF, 0xFF, 0xFF, 0xFF, 0xFF, 0xFF, 0xFF, 0xFF, 0xFF, 0xFF, 0xFF, 0xFF,
  0xFF, 0xFF, 0xFF, 0xFF, 0xFF, 0xFF, 0xFF, 0xFF, 0xFF, 0xFF, 0xFF, 0xFF,
  0xFF, 0xFF, 0xFF, 0xFF, 0xFF, 0xFF, 0xFF, 0xFF, 0xFF, 0xFF, 0xFF, 0xFF,
  0xFF, 0xFF, 0xFF, 0xFF, 0xFF, 0xFF, 0xFF, 0xFF, 0xFF, 0x00, 0x01, 0xFF,
  0x80, 0x00, 0x00, 0x01, 0xFF, 0x80, 0x00, 0x00, 0x01, 0xFF, 0x80, 0x00,
  0x00, 0x01, 0xFF, 0x80, 0x00, 0x00, 0x01, 0xFF, 0x80, 0x00, 0x00, 0x01,
  0xFF, 0x80, 0x00, 0x00, 0x01, 0xFF, 0x80, 0x00, 0x00, 0x01, 0xFF, 0x80,
  0x00, 0x00, 0x01, 0xFF, 0x80, 0x00, 0x00, 0x01, 0xFF, 0x80, 0x00, 0x00,
  0x01, 0xFF, 0x80, 0x00, 0x00, 0x01, 0xFF, 0x80, 0x00, 0x00, 0x01, 0xFF,
  0x80, 0x00, 0x00, 0x01, 0xFF, 0x80, 0x00, 0x00, 0x00, 0x00, 0x00, 0x00,
  0x00, 0x00, 0x00, 0x00, 0x00, 0x00, 0x00, 0x00, 0x00, 0x00, 0xFF, 0xFF,
  0xFF, 0xFF, 0xFF, 0xFF, 0xFF, 0xFF, 0xFF, 0xFF, 0xFF, 0xFF, 0xFF, 0xFF,
  0xFF, 0xFF, 0xFF, 0xFF, 0xFF, 0xFF, 0xFF, 0xFF, 0xFF, 0xFF, 0xFF, 0xFF,
  0xFF, 0xFF, 0xFF, 0xFF, 0xFF, 0xFF, 0xFF, 0xFF, 0xFF, 0xFF, 0xFF, 0xFF,
  0xFF, 0xFF, 0xFF, 0xFF, 0xFF, 0xFF, 0xFF, 0x00, 0x3F, 0x80, 0x00, 0x3F,
  0xFF, 0x00, 0x1F, 0xFF, 0xF0, 0x0F, 0xFF, 0xFF, 0x03, 0xFF, 0xFF, 0xF0,
  0x7F, 0xFF, 0xFF, 0x1F, 0xFF, 0xFF, 0xE7, 0xFF, 0xFF, 0xFE, 0xFF, 0xC1,
  0xFF, 0xCF, 0xF0, 0x1F, 0xF8, 0x7C, 0x01, 0xFF, 0x01, 0x80, 0x3F, 0xE0,
  0x00, 0x07, 0xFC, 0x00, 0x00, 0xFF, 0x80, 0x00, 0x3F, 0xF0, 0x00, 0x07,
  0xFC, 0x00, 0x01, 0xFF, 0x80, 0x00, 0x7F, 0xE0, 0x00, 0x1F, 0xFC, 0x00,
  0x07, 0xFF, 0x00, 0x01, 0xFF, 0xC0, 0x00, 0x7F, 0xF0, 0x00, 0x1F, 0xFC,
  0x00, 0x07, 0xFF, 0x00, 0x01, 0xFF, 0xC0, 0x00, 0x7F, 0xF0, 0x00, 0x1F,
  0xFC, 0x00, 0x07, 0xFF, 0x00, 0x01, 0xFF, 0xC0, 0x00, 0x7F, 0xF0, 0x00,
  0x1F, 0xFF, 0xFF, 0xFF, 0xFF, 0xFF, 0xFF, 0xFF, 0xFF, 0xFF, 0xFF, 0xFF,
  0xFF, 0xFF, 0xFF, 0xFF, 0xFF, 0xFF, 0xFF, 0xFF, 0xFF, 0xFF, 0xFF, 0xFF,
  0xFF, 0xFF, 0xFF, 0xC0, 0x00, 0x1F, 0xC0, 0x00, 0x0F, 0xFF, 0x80, 0x03,
  0xFF, 0xFE, 0x00, 0xFF, 0xFF, 0xF0, 0x1F, 0xFF, 0xFF, 0x81, 0xFF, 0xFF,
  0xFC, 0x3F, 0xFF, 0xFF, 0xC7, 0xFF, 0xFF, 0xFE, 0x3F, 0xC0, 0xFF, 0xE0,
  0xF8, 0x03, 0xFE, 0x07, 0x00, 0x3F, 0xE0, 0x10, 0x03, 0xFE, 0x00, 0x00,
  0x3F, 0xE0, 0x00, 0x03, 0xFC, 0x00, 0x00, 0x7F, 0xC0, 0x03, 0xFF, 0xF8,
  0x00, 0x3F, 0xFF, 0x00, 0x03, 0xFF, 0xE0, 0x00, 0x3F, 0xF8, 0x00, 0x03,
  0xFF, 0xF0, 0x00, 0x3F, 0xFF, 0x80, 0x03, 0xFF, 0xFC, 0x00, 0x00, 0xFF,
  0xE0, 0x00, 0x03, 0xFF, 0x00, 0x00, 0x3F, 0xF0, 0x00, 0x01, 0xFF, 0x01,
  0x00, 0x1F, 0xF0, 0x70, 0x01, 0xFF, 0x1F, 0x00, 0x1F, 0xF7, 0xF8, 0x03,
  0xFF, 0xFF, 0xC0, 0x7F, 0xF7, 0xFF, 0xFF, 0xFF, 0x7F, 0xFF, 0xFF, 0xE3,
  0xFF, 0xFF, 0xFE, 0x1F, 0xFF, 0xFF, 0xC0, 0xFF, 0xFF, 0xF8, 0x07, 0xFF,
  0xFE, 0x00, 0x1F, 0xFF, 0xC0, 0x00, 0x3F, 0xC0, 0x00, 0x07, 0xFF, 0x07,
  0xFF, 0x0F, 0xFE, 0x0F, 0xFE, 0x0F, 0xFC, 0x1F, 0xF8, 0x1F, 0xF8, 0x3F,
  0xF0, 0x3F, 0xF0, 0x3F, 0xE0, 0x7F, 0xE0, 0x7F, 0xC0, 0xFF, 0x80, 0xFF,
  0x80, 0xFF, 0xF0, 0x00, 0x01, 0xFF, 0xC0, 0x1F, 0xFE, 0x00, 0x00, 0x3F,
  0xF8, 0x03, 0xFF, 0xC0, 0x00, 0x07, 0xFF, 0x00, 0x7F, 0xF8, 0x00, 0x00,
  0xFF, 0xE0, 0x0F, 0xFF, 0x00, 0x00, 0x1F, 0xFC, 0x01, 0xFF, 0xE0, 0x00,
  0x03, 0xFF, 0x80, 0x3F, 0xFC, 0x00, 0x00, 0x7F, 0xF0, 0x07, 0xFF, 0x80,
  0x00, 0x0F, 0xFE, 0x00, 0xFF, 0xF0, 0x00, 0x01, 0xFF, 0xC0, 0x1F, 0xFE,
  0x00, 0x00, 0x3F, 0xF8, 0x03, 0xFF, 0xC0, 0x00, 0x07, 0xFF, 0x00, 0x7F,
  0xF8, 0x00, 0x00, 0xFF, 0xE0, 0x0F, 0xFF, 0x00, 0x00, 0x1F, 0xFC, 0x01,
  0xFF, 0xE0, 0x00, 0x03, 0xFF, 0x80, 0x3F, 0xFC, 0x00, 0x00, 0x7F, 0xF0,
  0x07, 0xFF, 0x80, 0x00, 0x0F, 0xFE, 0x00, 0xFF, 0xF0, 0x00, 0x01, 0xFF,
  0xC0, 0x1F, 0xFE, 0x00, 0x00, 0x3F, 0xF8, 0x03, 0xFF, 0xC0, 0x00, 0x07,
  0xFF, 0x00, 0x7F, 0xF8, 0x00, 0x00, 0xFF, 0xE0, 0x0F, 0xFF, 0x00, 0x00,
  0x1F, 0xFC, 0x01, 0xFF, 0xE0, 0x00, 0x03, 0xFF, 0x80, 0x3F, 0xFC, 0x00,
  0x00, 0x7F, 0xF0, 0x07, 0xFF, 0x80, 0x00, 0x0F, 0xFE, 0x00, 0xFF, 0xF0,
  0x00, 0x01, 0xFF, 0xC0, 0x1F, 0xFE, 0x00, 0x00, 0x3F, 0xF8, 0x03, 0xFF,
  0xC0, 0x00, 0x07, 0xFF, 0x00, 0x7F, 0xF8, 0x00, 0x00, 0xFF, 0xE0, 0x0F,
  0xFF, 0x00, 0x00, 0x3F, 0xFC, 0x01, 0xFF, 0xE0, 0x00, 0x07, 0xFF, 0x80,
  0x3F, 0xFC, 0x00, 0x00, 0xFF, 0xF0, 0x07, 0xFF, 0xC0, 0x00, 0x3F, 0xFE,
  0x00, 0xFF, 0xF8, 0x00, 0x0F, 0xFF, 0xC0, 0x1F, 0xFF, 0x80, 0x01, 0xFF,
  0xFC, 0x03, 0xFF, 0xF8, 0x00, 0xFF, 0xFF, 0x80, 0x7F, 0xFF, 0xC0, 0x7F,
  0xFF, 0xFC, 0x3F, 0xFF, 0xFF, 0xFF, 0xFF, 0xFF, 0xFF, 0xFF, 0xFF, 0xFF,
  0xFF, 0xFF, 0xFF, 0xFF, 0xFF, 0xFF, 0xFF, 0xFF, 0xFF, 0xFF, 0xFF, 0xFF,
  0xFF, 0xF3, 0xFF, 0xFF, 0xFF, 0xFF, 0xFF, 0xFE, 0x7F, 0xFF, 0xFF, 0xFE,
  0xFF, 0xFF, 0x87, 0xFF, 0xFF, 0xFF, 0xCF, 0xFF, 0xE0, 0x7F, 0xFF, 0xFF,
  0xF8, 0xFF, 0xF0, 0x07, 0xFF, 0xFF, 0xFF, 0x07, 0xF8, 0x00, 0x3F, 0xFD,
  0xFF, 0xE0, 0x00, 0x00, 0x00, 0x00, 0x3F, 0xFC, 0x00, 0x00, 0x00, 0x00,
  0x07, 0xFF, 0x80, 0x00, 0x00, 0x00, 0x00, 0xFF, 0xF0, 0x00, 0x00, 0x00,
  0x00, 0x1F, 0xFE, 0x00, 0x00, 0x00, 0x00, 0x03, 0xFF, 0xC0, 0x00, 0x00,
  0x00, 0x00, 0x7F, 0xF8, 0x00, 0x00, 0x00, 0x00, 0x0F, 0xFF, 0x00, 0x00,
  0x00, 0x00, 0x01, 0xFF, 0xE0, 0x00, 0x00, 0x00, 0x00, 0x3F, 0xFC, 0x00,
  0x00, 0x00, 0x00, 0x07, 0xFF, 0x80, 0x00, 0x00, 0x00, 0x00, 0xFF, 0xF0,
  0x00, 0x00, 0x00, 0x00, 0x1F, 0xFE, 0x00, 0x00, 0x00, 0x00, 0x03, 0xFF,
  0xC0, 0x00, 0x00, 0x00, 0x00, 0x7F, 0xF8, 0x00, 0x00, 0x00, 0x00, 0x0F,
  0xFF, 0x00, 0x00, 0x00, 0x00, 0x01, 0xFF, 0xE0, 0x00, 0x00, 0x00, 0x00,
  0x3F, 0xFC, 0x00, 0x00, 0x00, 0x00, 0x00, 0x00, 0x00, 0x3F, 0xFF, 0xFF,
  0xFF, 0x80, 0x07, 0xFF, 0xFF, 0xFF, 0xFF, 0xC0, 0x0F, 0xFF, 0xFF, 0xFF,
  0xFF, 0xE0, 0x1F, 0xFF, 0xFF, 0xFF, 0xFF, 0xF0, 0x1F, 0xFF, 0xFF, 0xFF,
  0xFF, 0xF8, 0x1F, 0xFF, 0xFF, 0xFF, 0xFF, 0xFC, 0x1F, 0xFF, 0xFF, 0xFF,
  0xFF, 0xFE, 0x1F, 0xFF, 0xFF, 0xFF, 0xFF, 0xFF, 0x1F, 0xFF, 0xFF, 0xFF,
  0xFF, 0xFF, 0x9F, 0xFF, 0xFF, 0xFF, 0xFF, 0xFF, 0xCF, 0xFF, 0xFF, 0xFF,
  0xC0, 0x7F, 0xEF, 0xFF, 0xFF, 0xFF, 0xE0, 0x3F, 0xF7, 0xFF, 0xFF, 0xFF,
  0xF0, 0x1F, 0xFB, 0xFF, 0xFF, 0xFF, 0xF8, 0x0F, 0xFF, 0xFF, 0xFF, 0xFF,
  0xFC, 0x07, 0xFF, 0xFF, 0xFF, 0xFF, 0xFE, 0x03, 0xFF, 0xFF, 0xFF, 0xFF,
  0xFF, 0x01, 0xFF, 0xFF, 0xFF, 0xFF, 0xFF, 0x80, 0xFF, 0xFF, 0xFF, 0xFF,
  0xFF, 0xC0, 0x7F, 0xFF, 0xFF, 0xFF, 0xFF, 0xE0, 0x3F, 0xFF, 0xFF, 0xFF,
  0xFF, 0xF0, 0x1F, 0xFF, 0xFF, 0xFF, 0xFF, 0xF8, 0x0F, 0xFF, 0xFF, 0xFF,
  0xFF, 0xFC, 0x07, 0xFE, 0xFF, 0xFF, 0xFF, 0xFE, 0x03, 0xFF, 0x7F, 0xFF,
  0xFF, 0xFF, 0x01, 0xFF, 0xBF, 0xFF, 0xFF, 0xFF, 0x80, 0xFF, 0xCF, 0xFF,
  0xFF, 0xFF, 0xC0, 0x7F, 0xE7, 0xFF, 0xFF, 0xFF, 0xE0, 0x3F, 0xF1, 0xFF,
  0xFF, 0xFF, 0xF0, 0x1F, 0xF8, 0xFF, 0xFF, 0xFF, 0xF8, 0x0F, 0xFC, 0x3F,
  0xFF, 0xFF, 0xFC, 0x07, 0xFE, 0x0F, 0xFF, 0xFF, 0xFE, 0x03, 0xFF, 0x03,
  0xFF, 0xFF, 0xFF, 0x01, 0xFF, 0x80, 0xFF, 0xFF, 0xFF, 0x80, 0xFF, 0xC0,
  0x1F, 0xFF, 0xFF, 0xC0, 0x7F, 0xE0, 0x03, 0xFF, 0xFF, 0xE0, 0x3F, 0xF0,
  0x00, 0x3F, 0xFF, 0xF0, 0x1F, 0xF8, 0x00, 0x00, 0x0F, 0xF8, 0x0F, 0xFC,
  0x00, 0x00, 0x07, 0xFC, 0x07, 0xFE, 0x00, 0x00, 0x03, 0xFE, 0x03, 0xFF,
  0x00, 0x00, 0x01, 0xFF, 0x01, 0xFF, 0x80, 0x00, 0x00, 0xFF, 0x80, 0xFF,
  0xC0, 0x00, 0x00, 0x7F, 0xC0, 0x7F, 0xE0, 0x00, 0x00, 0x3F, 0xE0, 0x3F,
  0xF0, 0x00, 0x00, 0x1F, 0xF0, 0x1F, 0xF8, 0x00, 0x00, 0x0F, 0xF8, 0x0F,
  0xFC, 0x00, 0x00, 0x07, 0xFC, 0x07, 0xFE, 0x00, 0x00, 0x03, 0xFE, 0x03,
  0xFF, 0x00, 0x00, 0x01, 0xFF, 0x01, 0xFF, 0x80, 0x00, 0x00, 0xFF, 0x80,
  0xFF, 0xC0, 0x00, 0x00, 0x7F, 0xC0, 0x7F, 0xE0, 0x00, 0x00, 0x3F, 0xE0,
  0x3F, 0xF0, 0x00, 0x00, 0x1F, 0xF0, 0x1F, 0xF8, 0x00, 0x00, 0x0F, 0xF8,
  0x0F, 0xFC, 0x00, 0x00, 0x07, 0xFC, 0x07, 0xFE, 0x00, 0x00, 0x03, 0xFE,
  0x03, 0xFF, 0x00, 0x00, 0x01, 0xFF, 0x01, 0xFF, 0x80, 0x00, 0x00, 0xFF,
  0x80, 0xFF, 0xC0, 0x00, 0x00, 0x7F, 0xC0, 0x7F, 0xE0, 0x00, 0x00, 0x3F,
  0xE0, 0x3F, 0xF0, 0x00, 0x00, 0x1F, 0xF0, 0x1F, 0xF8, 0x00, 0x00, 0x0F,
  0xF8, 0x0F, 0xFC, 0x00, 0x00, 0x07, 0xFC, 0x07, 0xFE, 0x00, 0x00, 0x03,
  0xFE, 0x03, 0xFF, 0x00, 0x00, 0x01, 0xFF, 0x01, 0xFF, 0x80, 0x00, 0x00,
  0xFF, 0x80, 0xFF, 0xC0, 0x00, 0x00, 0x7F, 0xC0, 0x7F, 0xE0, 0x00, 0x00,
  0x3F, 0xE0, 0x3F, 0xF0, 0x00, 0x00, 0x1F, 0xF0, 0x1F, 0xF8, 0x00, 0x00,
  0x0F, 0xF8, 0x0F, 0xFC, 0x00, 0x00, 0x07, 0xFC, 0x07, 0xFE, 0x00, 0x00,
  0x03, 0xFE, 0x03, 0xFF, 0x00, 0x00, 0x01, 0xFF, 0x01, 0xFF, 0x80, 0x00,
  0x00, 0xFF, 0x80, 0xFF, 0xC0, 0x00, 0x00, 0x7F, 0xC0, 0x7F, 0xE0, 0x00,
  0x00, 0x3F, 0xE0, 0x3F, 0xF0, 0x00, 0x00, 0x1F, 0xF0, 0x1F, 0xF8, 0x00,
  0x00, 0x0F, 0xF8, 0x0F, 0xFC, 0x00, 0x00, 0x07, 0xFC, 0x07, 0xFE, 0x00,
  0x00, 0x03, 0xFE, 0x03, 0xFF, 0x00, 0x00, 0x01, 0xFF, 0x01, 0xFF, 0x80,
  0x07, 0xC0, 0x3F, 0xE0, 0xFF, 0xE3, 0xFF, 0xE7, 0xFF, 0xDF, 0xFF, 0xFF,
  0xFF, 0xFF, 0xFF, 0xFF, 0xFF, 0xFF, 0xFD, 0xFF, 0xF3, 0xFF, 0xE3, 0xFF,
  0x83, 0xFE, 0x00, 0xE0, 0x00, 0x07, 0xF0, 0x00, 0xFE, 0x00, 0x0F, 0xC0,
  0x01, 0xF8, 0x00, 0x1F, 0xFE, 0x03, 0xFF, 0xF8, 0x3F, 0xFF, 0xC7, 0xFF,
  0xFE, 0x7F, 0xFF, 0xE0, 0xFB, 0xFF, 0x02, 0x0F, 0xF0, 0x00, 0xFF, 0x00,
  0x07, 0xF0, 0x20, 0x7F, 0x0E, 0x0F, 0xF7, 0xF1, 0xFF, 0xFF, 0xFF, 0xE7,
  0xFF, 0xFE, 0x3F, 0xFF, 0xC1, 0xFF, 0xF8, 0x0F, 0xFF, 0x00, 0x3F, 0x80,
  0x00, 0x1F, 0xE0, 0x07, 0xFC, 0x03, 0xFF, 0x80, 0xFF, 0xF0, 0x3F, 0xFE,
  0x1F, 0xFF, 0xC7, 0xFF, 0xFB, 0xFF, 0xFF, 0xFF, 0xFF, 0xEF, 0xFF, 0xFC,
  0xFF, 0xFF, 0x8F, 0xFF, 0xF1, 0xF7, 0xFE, 0x1C, 0xFF, 0xC1, 0x1F, 0xF8,
  0x03, 0xFF, 0x00, 0x7F, 0xE0, 0x0F, 0xFC, 0x01, 0xFF, 0x80, 0x3F, 0xF0,
  0x07, 0xFE, 0x00, 0xFF, 0xC0, 0x1F, 0xF8, 0x03, 0xFF, 0x00, 0x7F, 0xE0,
  0x0F, 0xFC, 0x01, 0xFF, 0x80, 0x3F, 0xF0, 0x07, 0xFE, 0x00, 0xFF, 0xC0,
  0x1F, 0xF8, 0x03, 0xFF, 0x00, 0x7F, 0xE0, 0x0F, 0xFC, 0x01, 0xFF, 0x80,
  0x3F, 0xF0, 0x07, 0xFE, 0x00, 0x03, 0xFF, 0x80, 0x00, 0x00, 0x3F, 0xFF,
  0xE0, 0x00, 0x01, 0xFF, 0xFF, 0xF0, 0x00, 0x07, 0xFF, 0xFF, 0xF0, 0x00,
  0x3F, 0xFF, 0xFF, 0xF8, 0x00, 0xFF, 0xFF, 0xFF, 0xF8, 0x03, 0xFF, 0xFF,
  0xFF, 0xF8, 0x0F, 0xFF, 0xFF, 0xFF, 0xF0, 0x1F, 0xFF, 0xEF, 0xFF, 0xF0,
  0x7F, 0xFC, 0x01, 0xFF, 0xF0, 0xFF, 0xF0, 0x01, 0xFF, 0xE3, 0xFF, 0x80,
  0x00, 0xFF, 0xE7, 0xFF, 0x00, 0x01, 0xFF, 0xDF, 0xFC, 0x00, 0x01, 0xFF,
  0xFF, 0xF0, 0x00, 0x01, 0xFF, 0xFF, 0xE0, 0x00, 0x03, 0xFF, 0xFF, 0xC0,
  0x00, 0x07, 0xFF, 0xFF, 0x80, 0x00, 0x0F, 0xFF, 0xFE, 0x00, 0x00, 0x0F,
  0xFF, 0xFC, 0x00, 0x00, 0x1F, 0xFF, 0xF8, 0x00, 0x00, 0x3F, 0xFF, 0xF0,
  0x00, 0x00, 0xFF, 0xFF, 0xF0, 0x00, 0x01, 0xFF, 0xFF, 0xE0, 0x00, 0x03,
  0xFF, 0xFF, 0xC0, 0x00, 0x07, 0xFF, 0xFF, 0xC0, 0x00, 0x1F, 0xFF, 0xFF,
  0x80, 0x00, 0x3F, 0xF3, 0xFF, 0x80, 0x00, 0xFF, 0xE7, 0xFF, 0x80, 0x03,
  0xFF, 0xC7, 0xFF, 0x80, 0x0F, 0xFF, 0x0F, 0xFF, 0xC0, 0x7F, 0xFE, 0x0F,
  0xFF, 0xFF, 0xFF, 0xF8, 0x0F, 0xFF, 0xFF, 0xFF, 0xE0, 0x0F, 0xFF, 0xFF,
  0xFF, 0x80, 0x0F, 0xFF, 0xFF, 0xFE, 0x00, 0x0F, 0xFF, 0xFF, 0xF8, 0x00,
  0x0F, 0xFF, 0xFF, 0xE0, 0x00, 0x07, 0xFF, 0xFF, 0x00, 0x00, 0x03, 0xFF,
  0xF8, 0x00, 0x00, 0x00, 0x1C, 0x00, 0x00, 0x04, 0x00, 0x00, 0x80, 0x00,
  0x07, 0x00, 0x00, 0xE0, 0x00, 0x07, 0xC0, 0x00, 0xF8, 0x00, 0x07, 0xF0,
  0x01, 0xFE, 0x00, 0x0F, 0xFC, 0x01, 0xFF, 0x80, 0x03, 0xFF, 0x00, 0xFF,
  0xE0, 0x01, 0xFF, 0xC0, 0x3F, 0xF8, 0x00, 0x7F, 0xF0, 0x0F, 0xFE, 0x00,
  0x1F, 0xFC, 0x03, 0xFF, 0x00, 0x07, 0xFF, 0x00, 0xFF, 0xC0, 0x01, 0xFF,
  0xC0, 0x3F, 0xF0, 0x00, 0x7F, 0xE0, 0x0F, 0xFC, 0x00, 0x1F, 0xF8, 0x03,
  0xFF, 0x00, 0x07, 0xFE, 0x00, 0xFF, 0xC0, 0x01, 0xFF, 0x80, 0x3F, 0xF0,
  0x00, 0x7F, 0xE0, 0x0F, 0xFC, 0x00, 0x1F, 0xF8, 0x03, 0xFF, 0x00, 0x07,
  0xFE, 0x01, 0xFF, 0xC0, 0x01, 0xFF, 0x00, 0x7F, 0xE0, 0x01, 0xFF, 0x80,
  0x3F, 0xF0, 0x01, 0xFF, 0xC0, 0x3F, 0xF8, 0x00, 0xFF, 0xC0, 0x3F, 0xF8,
  0x00, 0xFF, 0xC0, 0x3F, 0xF8, 0x00, 0xFF, 0xC0, 0x1F, 0xF8, 0x00, 0xFF,
  0xC0, 0x1F, 0xF8, 0x00, 0xFF, 0xC0, 0x1F, 0xF8, 0x00, 0xFF, 0xC0, 0x1F,
  0xF8, 0x00, 0xFF, 0xC0, 0x1F, 0xF8, 0x00, 0xFF, 0xC0, 0x1F, 0xF8, 0x00,
  0xFF, 0xE0, 0x1F, 0xF8, 0x00, 0xFF, 0xE0, 0x1F, 0xF8, 0x00, 0xFF, 0xE0,
  0x1F, 0xFC, 0x00, 0xFF, 0xE0, 0x1F, 0xFC, 0x00, 0x3F, 0xE0, 0x0F, 0xFC,
  0x00, 0x0F, 0xE0, 0x01, 0xFC, 0x00, 0x03, 0xE0, 0x00, 0x7C, 0x00, 0x00,
  0xE0, 0x00, 0x1C, 0x00, 0x00, 0x20, 0x00, 0x04, 0x00, 0x00, 0x00, 0x00,
  0x00, 0x00, 0x00, 0x00, 0x10, 0x00, 0x00, 0x00, 0x00, 0x00, 0x00, 0x00,
  0x00, 0x1C, 0x00, 0x00, 0x00, 0x1F, 0xE0, 0x00, 0x00, 0x00, 0x3E, 0x00,
  0x00, 0x00, 0x3F, 0xE0, 0x00, 0x00, 0x00, 0x7F, 0x00, 0x00, 0x00, 0xFF,
  0xE0, 0x00, 0x00, 0x00, 0x7F, 0xC0, 0x00, 0x01, 0xFF, 0xE0, 0x00, 0x00,
  0x00, 0xFF, 0xC0, 0x00, 0x03, 0xFF, 0xE0, 0x00, 0x00, 0x01, 0xFF, 0x80,
  0x00, 0x0F, 0xFF, 0xE0, 0x00, 0x00, 0x01, 0xFF, 0x00, 0x00, 0x1F, 0xFF,
  0xE0, 0x00, 0x00, 0x03, 0xFF, 0x00, 0x00, 0x7F, 0xFF, 0xE0, 0x00, 0x00,
  0x07, 0xFE, 0x00, 0x00, 0xFF, 0xFF, 0xE0, 0x00, 0x00, 0x07, 0xFC, 0x00,
  0x00, 0x7F, 0xFF, 0xE0, 0x00, 0x00, 0x0F, 0xFC, 0x00, 0x00, 0x3F, 0xFF,
  0xE0, 0x00, 0x00, 0x1F, 0xF8, 0x00, 0x00, 0x1F, 0xFF, 0xE0, 0x00, 0x00,
  0x1F, 0xF0, 0x00, 0x00, 0x1F, 0x7F, 0xE0, 0x00, 0x00, 0x3F, 0xF0, 0x00,
  0x00, 0x0E, 0x7F, 0xE0, 0x00, 0x00, 0x7F, 0xE0, 0x00, 0x00, 0x04, 0x7F,
  0xE0, 0x00, 0x00, 0x7F, 0xC0, 0x00, 0x00, 0x00, 0x7F, 0xE0, 0x00, 0x00,
  0xFF, 0xC0, 0x00, 0x00, 0x00, 0x7F, 0xE0, 0x00, 0x01, 0xFF, 0x80, 0x00,
  0x00, 0x00, 0x7F, 0xE0, 0x00, 0x01, 0xFF, 0x00, 0x00, 0x00, 0x00, 0x7F,
  0xE0, 0x00, 0x03, 0xFF, 0x00, 0x00, 0x00, 0x00, 0x7F, 0xE0, 0x00, 0x07,
  0xFE, 0x00, 0x00, 0x00, 0x00, 0x7F, 0xE0, 0x00, 0x07, 0xFC, 0x00, 0x00,
  0x00, 0x00, 0x7F, 0xE0, 0x00, 0x0F, 0xFC, 0x00, 0x00, 0x00, 0x00, 0x7F,
  0xE0, 0x00, 0x1F, 0xF8, 0x00, 0x00, 0x00, 0x00, 0x7F, 0xE0, 0x00, 0x1F,
  0xF0, 0x00, 0x00, 0x00, 0x00, 0x7F, 0xE0, 0x00, 0x3F, 0xF0, 0x00, 0x00,
  0x00, 0x00, 0x7F, 0xE0, 0x00, 0x7F, 0xE0, 0x00, 0x7F, 0xE0, 0x00, 0x7F,
  0xE0, 0x00, 0x7F, 0xC0, 0x00, 0x7F, 0xE0, 0x00, 0x7F, 0xE0, 0x00, 0xFF,
  0xC0, 0x00, 0xFF, 0xE0, 0x00, 0x7F, 0xE0, 0x01, 0xFF, 0x80, 0x01, 0xFF,
  0xE0, 0x00, 0x7F, 0xE0, 0x01, 0xFF, 0x00, 0x03, 0xFF, 0xE0, 0x00, 0x7F,
  0xE0, 0x03, 0xFF, 0x00, 0x03, 0xFF, 0xE0, 0x00, 0x7F, 0xE0, 0x07, 0xFE,
  0x00, 0x07, 0xFF, 0xE0, 0x00, 0x7F, 0xE0, 0x07, 0xFC, 0x00, 0x0F, 0xFF,
  0xE0, 0x00, 0x7F, 0xE0, 0x0F, 0xFC, 0x00, 0x1F, 0xFF, 0xE0, 0x00, 0x7F,
  0xE0, 0x1F, 0xF8, 0x00, 0x1F, 0xFF, 0xE0, 0x00, 0x7F, 0xE0, 0x1F, 0xF0,
  0x00, 0x3F, 0xFF, 0xE0, 0x00, 0x7F, 0xE0, 0x3F, 0xE0, 0x00, 0x7F, 0xFF,
  0xE0, 0x00, 0x00, 0x00, 0x7F, 0xE0, 0x00, 0x7F, 0xBF, 0xE0, 0x00, 0x00,
  0x00, 0x7F, 0xC0, 0x00, 0xFF, 0x3F, 0xE0, 0x00, 0x00, 0x00, 0xFF, 0x80,
  0x01, 0xFE, 0x3F, 0xE0, 0x00, 0x00, 0x01, 0xFF, 0x80, 0x03, 0xFE, 0x3F,
  0xE0, 0x00, 0x00, 0x01, 0xFF, 0x00, 0x03, 0xFC, 0x3F, 0xE0, 0x00, 0x00,
  0x03, 0xFE, 0x00, 0x07, 0xF8, 0x3F, 0xE0, 0x00, 0x00, 0x07, 0xFE, 0x00,
  0x0F, 0xF8, 0x3F, 0xE0, 0x00, 0x00, 0x07, 0xFC, 0x00, 0x0F, 0xF0, 0x3F,
  0xE0, 0x00, 0x00, 0x0F, 0xF8, 0x00, 0x1F, 0xE0, 0x3F, 0xE0, 0x00, 0x00,
  0x1F, 0xF8, 0x00, 0x3F, 0xE0, 0x3F, 0xE0, 0x00, 0x00, 0x1F, 0xF0, 0x00,
  0x7F, 0xC0, 0x3F, 0xFF, 0x00, 0x00, 0x3F, 0xE0, 0x00, 0x7F, 0xFF, 0xFF,
  0xFF, 0x00, 0x00, 0x7F, 0xE0, 0x00, 0x7F, 0xFF, 0xFF, 0xFF, 0x00, 0x00,
  0x7F, 0xC0, 0x00, 0x7F, 0xFF, 0xFF, 0xFF, 0x00, 0x00, 0xFF, 0x80, 0x00,
  0x7F, 0xFF, 0xFF, 0xFF, 0x00, 0x01, 0xFF, 0x80, 0x00, 0x7F, 0xFF, 0xFF,
  0xFF, 0x00, 0x01, 0xFF, 0x00, 0x00, 0x7F, 0xFF, 0xFF, 0xFF, 0x00, 0x03,
  0xFE, 0x00, 0x00, 0x7F, 0xFF, 0xFF, 0xFF, 0x00, 0x07, 0xFE, 0x00, 0x00,
  0x00, 0x00, 0x3F, 0xE0, 0x00, 0x07, 0xFC, 0x00, 0x00, 0x00, 0x00, 0x3F,
  0xE0, 0x00, 0x0F, 0xF8, 0x00, 0x00, 0x00, 0x00, 0x3F, 0xE0, 0x00, 0x1F,
  0xF8, 0x00, 0x00, 0x00, 0x00, 0x3F, 0xE0, 0x00, 0x1F, 0xF0, 0x00, 0x00,
  0x00, 0x00, 0x3F, 0xE0, 0x00, 0x0F, 0xE0, 0x00, 0x00, 0x00, 0x00, 0x3F,
  0xE0, 0x00, 0x07, 0xE0, 0x00, 0x00, 0x00, 0x00, 0x3F, 0xE0, 0x00, 0x01,
  0xC0, 0x00, 0x00, 0x00, 0x00, 0x00, 0x00, 0x00, 0x00, 0x80, 0x00, 0x00,
  0x00, 0x00, 0x00, 0x00, 0x00, 0x00, 0x00, 0x00, 0x00, 0x00, 0x10, 0x00,
  0x00, 0x00, 0x00, 0x00, 0x00, 0x00, 0x00, 0x07, 0x00, 0x00, 0x00, 0x01,
  0xFE, 0x00, 0x00, 0x00, 0x03, 0xE0, 0x00, 0x00, 0x00, 0xFF, 0x80, 0x00,
  0x00, 0x01, 0xFC, 0x00, 0x00, 0x00, 0xFF, 0xE0, 0x00, 0x00, 0x00, 0x7F,
  0xC0, 0x00, 0x00, 0x7F, 0xF8, 0x00, 0x00, 0x00, 0x3F, 0xF0, 0x00, 0x00,
  0x3F, 0xFE, 0x00, 0x00, 0x00, 0x1F, 0xF8, 0x00, 0x00, 0x3F, 0xFF, 0x80,
  0x00, 0x00, 0x07, 0xFC, 0x00, 0x00, 0x1F, 0xFF, 0xE0, 0x00, 0x00, 0x03,
  0xFF, 0x00, 0x00, 0x1F, 0xFF, 0xF8, 0x00, 0x00, 0x01, 0xFF, 0x80, 0x00,
  0x0F, 0xFF, 0xFE, 0x00, 0x00, 0x00, 0x7F, 0xC0, 0x00, 0x01, 0xFF, 0xFF,
  0x80, 0x00, 0x00, 0x3F, 0xF0, 0x00, 0x00, 0x3F, 0xFF, 0xE0, 0x00, 0x00,
  0x1F, 0xF8, 0x00, 0x00, 0x07, 0xFF, 0xF8, 0x00, 0x00, 0x07, 0xFC, 0x00,
  0x00, 0x01, 0xF7, 0xFE, 0x00, 0x00, 0x03, 0xFF, 0x00, 0x00, 0x00, 0x39,
  0xFF, 0x80, 0x00, 0x01, 0xFF, 0x80, 0x00, 0x00, 0x04, 0x7F, 0xE0, 0x00,
  0x00, 0x7F, 0xC0, 0x00, 0x00, 0x00, 0x1F, 0xF8, 0x00, 0x00, 0x3F, 0xF0,
  0x00, 0x00, 0x00, 0x07, 0xFE, 0x00, 0x00, 0x1F, 0xF8, 0x00, 0x00, 0x00,
  0x01, 0xFF, 0x80, 0x00, 0x07, 0xFC, 0x00, 0x00, 0x00, 0x00, 0x7F, 0xE0,
  0x00, 0x03, 0xFF, 0x00, 0x00, 0x00, 0x00, 0x1F, 0xF8, 0x00, 0x01, 0xFF,
  0x80, 0x00, 0x00, 0x00, 0x07, 0xFE, 0x00, 0x00, 0x7F, 0xC0, 0x00, 0x00,
  0x00, 0x01, 0xFF, 0x80, 0x00, 0x3F, 0xF0, 0x00, 0x00, 0x00, 0x00, 0x7F,
  0xE0, 0x00, 0x1F, 0xF8, 0x00, 0x00, 0x00, 0x00, 0x1F, 0xF8, 0x00, 0x07,
  0xFC, 0x00, 0x00, 0x00, 0x00, 0x07, 0xFE, 0x00, 0x03, 0xFF, 0x00, 0x07,
  0xF0, 0x00, 0x01, 0xFF, 0x80, 0x01, 0xFF, 0x80, 0x1F, 0xFF, 0x80, 0x00,
  0x7F, 0xE0, 0x00, 0x7F, 0xC0, 0x0F, 0xFF, 0xF8, 0x00, 0x1F, 0xF8, 0x00,
  0x3F, 0xF0, 0x0F, 0xFF, 0xFF, 0x00, 0x07, 0xFE, 0x00, 0x1F, 0xF8, 0x07,
  0xFF, 0xFF, 0xE0, 0x01, 0xFF, 0x80, 0x07, 0xFC, 0x03, 0xFF, 0xFF, 0xFC,
  0x00, 0x7F, 0xE0, 0x03, 0xFF, 0x00, 0xFF, 0xFF, 0xFF, 0x00, 0x1F, 0xF8,
  0x01, 0xFF, 0x80, 0x7F, 0xFF, 0xFF, 0xE0, 0x07, 0xFE, 0x00, 0x7F, 0xC0,
  0x3F, 0xF8, 0x3F, 0xF8, 0x01, 0xFF, 0x80, 0x3F, 0xF0, 0x03, 0xFC, 0x07,
  0xFE, 0x00, 0x7F, 0xE0, 0x1F, 0xF8, 0x00, 0x3E, 0x00, 0xFF, 0x80, 0x1F,
  0xF8, 0x07, 0xFC, 0x00, 0x03, 0x80, 0x3F, 0xE0, 0x07, 0xFE, 0x03, 0xFE,
  0x00, 0x00, 0x00, 0x0F, 0xF8, 0x00, 0x00, 0x01, 0xFF, 0x80, 0x00, 0x00,
  0x03, 0xFE, 0x00, 0x00, 0x00, 0x7F, 0xC0, 0x00, 0x00, 0x01, 0xFF, 0x80,
  0x00, 0x00, 0x3F, 0xE0, 0x00, 0x00, 0x00, 0x7F, 0xC0, 0x00, 0x00, 0x1F,
  0xF8, 0x00, 0x00, 0x00, 0x3F, 0xF0, 0x00, 0x00, 0x07, 0xFC, 0x00, 0x00,
  0x00, 0x1F, 0xF8, 0x00, 0x00, 0x03, 0xFE, 0x00, 0x00, 0x00, 0x0F, 0xFE,
  0x00, 0x00, 0x01, 0xFF, 0x80, 0x00, 0x00, 0x07, 0xFF, 0x00, 0x00, 0x00,
  0x7F, 0xC0, 0x00, 0x00, 0x03, 0xFF, 0x80, 0x00, 0x00, 0x3F, 0xE0, 0x00,
  0x00, 0x01, 0xFF, 0xC0, 0x00, 0x00, 0x1F, 0xF8, 0x00, 0x00, 0x00, 0xFF,
  0xE0, 0x00, 0x00, 0x07, 0xFC, 0x00, 0x00, 0x00, 0x7F, 0xF0, 0x00, 0x00,
  0x03, 0xFE, 0x00, 0x00, 0x00, 0x3F, 0xF8, 0x00, 0x00, 0x01, 0xFF, 0x80,
  0x00, 0x00, 0x1F, 0xFC, 0x00, 0x00, 0x00, 0x7F, 0xC0, 0x00, 0x00, 0x0F,
  0xFE, 0x00, 0x00, 0x00, 0x3F, 0xE0, 0x00, 0x00, 0x07, 0xFF, 0x00, 0x00,
  0x00, 0x1F, 0xF8, 0x00, 0x00, 0x03, 0xFF, 0x80, 0x00, 0x00, 0x07, 0xFC,
  0x00, 0x00, 0x01, 0xFF, 0xC0, 0x00, 0x00, 0x03, 0xFE, 0x00, 0x00, 0x00,
  0xFF, 0xFF, 0xFF, 0xC0, 0x01, 0xFF, 0x80, 0x00, 0x00, 0x7F, 0xFF, 0xFF,
  0xF0, 0x00, 0x7F, 0xC0, 0x00, 0x00, 0x1F, 0xFF, 0xFF, 0xFC, 0x00, 0x3F,
  0xE0, 0x00, 0x00, 0x07, 0xFF, 0xFF, 0xFF, 0x00, 0x1F, 0xF8, 0x00, 0x00,
  0x01, 0xFF, 0xFF, 0xFF, 0xC0, 0x07, 0xFC, 0x00, 0x00, 0x00, 0x7F, 0xFF,
  0xFF, 0xF0, 0x00, 0xFE, 0x00, 0x00, 0x00, 0x1F, 0xFF, 0xFF, 0xFC, 0x00,
  0x1F, 0x80, 0x00, 0x00, 0x07, 0xFF, 0xFF, 0xFF, 0x00, 0x01, 0xC0, 0x00,
  0x00, 0x00, 0x00, 0x00, 0x00, 0x00, 0x00, 0x20, 0x00, 0x00, 0x00, 0x00,
  0x00, 0x00, 0x00, 0x00, 0x00, 0x00, 0x00, 0x00, 0x00, 0x00, 0x40, 0x00,
  0x00, 0x00, 0x7F, 0x00, 0x00, 0x00, 0x00, 0x01, 0x80, 0x00, 0x00, 0x0F,
  0xFF, 0x80, 0x00, 0x00, 0x00, 0x0F, 0x80, 0x00, 0x00, 0xFF, 0xFF, 0x80,
  0x00, 0x00, 0x00, 0x7F, 0x00, 0x00, 0x0F, 0xFF, 0xFF, 0x00, 0x00, 0x00,
  0x01, 0xFF, 0x00, 0x00, 0x7F, 0xFF, 0xFE, 0x00, 0x00, 0x00, 0x0F, 0xF8,
  0x00, 0x01, 0xFF, 0xFF, 0xFC, 0x00, 0x00, 0x00, 0x7F, 0xE0, 0x00, 0x0F,
  0xFF, 0xFF, 0xF0, 0x00, 0x00, 0x01, 0xFF, 0x00, 0x00, 0x7F, 0xFF, 0xFF,
  0xE0, 0x00, 0x00, 0x0F, 0xF8, 0x00, 0x00, 0xFF, 0x03, 0xFF, 0x80, 0x00,
  0x00, 0x7F, 0xE0, 0x00, 0x00, 0xF8, 0x03, 0xFE, 0x00, 0x00, 0x01, 0xFF,
  0x00, 0x00, 0x01, 0xC0, 0x0F, 0xF8, 0x00, 0x00, 0x0F, 0xF8, 0x00, 0x00,
  0x01, 0x00, 0x3F, 0xE0, 0x00, 0x00, 0x7F, 0xE0, 0x00, 0x00, 0x00, 0x00,
  0xFF, 0x80, 0x00, 0x01, 0xFF, 0x00, 0x00, 0x00, 0x00, 0x03, 0xFC, 0x00,
  0x00, 0x0F, 0xF8, 0x00, 0x00, 0x00, 0x00, 0x1F, 0xF0, 0x00, 0x00, 0x7F,
  0xE0, 0x00, 0x00, 0x00, 0x3F, 0xFF, 0x80, 0x00, 0x01, 0xFF, 0x00, 0x00,
  0x00, 0x00, 0xFF, 0xFC, 0x00, 0x00, 0x0F, 0xF8, 0x00, 0x00, 0x00, 0x03,
  0xFF, 0xE0, 0x00, 0x00, 0x7F, 0xE0, 0x00, 0x00, 0x00, 0x0F, 0xFE, 0x00,
  0x00, 0x01, 0xFF, 0x00, 0x00, 0x00, 0x00, 0x3F, 0xFF, 0x00, 0x00, 0x0F,
  0xF8, 0x00, 0x00, 0x00, 0x00, 0xFF, 0xFE, 0x00, 0x00, 0x7F, 0xE0, 0x00,
  0x00, 0x00, 0x03, 0xFF, 0xFC, 0x00, 0x01, 0xFF, 0x00, 0x00, 0x00, 0x00,
  0x00, 0x3F, 0xF8, 0x00, 0x0F, 0xF8, 0x00, 0x00, 0x00, 0x00, 0x00, 0x3F,
  0xF0, 0x00, 0x7F, 0xE0, 0x00, 0x00, 0x00, 0x00, 0x00, 0xFF, 0xC0, 0x01,
  0xFF, 0x00, 0x00, 0x00, 0x00, 0x00, 0x01, 0xFF, 0x00, 0x0F, 0xF8, 0x00,
  0x00, 0x00, 0x00, 0x40, 0x07, 0xFC, 0x00, 0x7F, 0xE0, 0x00, 0x7F, 0xE0,
  0x07, 0x00, 0x1F, 0xF0, 0x01, 0xFF, 0x00, 0x03, 0xFF, 0x80, 0x7C, 0x00,
  0x7F, 0xC0, 0x0F, 0xF8, 0x00, 0x0F, 0xFE, 0x07, 0xF8, 0x03, 0xFF, 0x00,
  0x7F, 0xE0, 0x00, 0x7F, 0xF8, 0x3F, 0xF0, 0x1F, 0xFC, 0x01, 0xFF, 0x00,
  0x03, 0xFF, 0xE0, 0x7F, 0xFF, 0xFF, 0xF0, 0x0F, 0xF8, 0x00, 0x1F, 0xFF,
  0x81, 0xFF, 0xFF, 0xFF, 0x80, 0x7F, 0xE0, 0x00, 0x7F, 0xFE, 0x03, 0xFF,
  0xFF, 0xFE, 0x01, 0xFF, 0x00, 0x03, 0xFF, 0xF8, 0x07, 0xFF, 0xFF, 0xF0,
  0x0F, 0xF8, 0x00, 0x1F, 0xFF, 0xE0, 0x0F, 0xFF, 0xFF, 0x80, 0x7F, 0xE0,
  0x00, 0x7F, 0xFF, 0x80, 0x1F, 0xFF, 0xF8, 0x01, 0xFF, 0x00, 0x03, 0xFF,
  0xFE, 0x00, 0x1F, 0xFF, 0xC0, 0x0F, 0xF8, 0x00, 0x1F, 0xEF, 0xF8, 0x00,
  0x0F, 0xF0, 0x00, 0x7F, 0xE0, 0x00, 0xFF, 0xBF, 0xE0, 0x00, 0x00, 0x00,
  0x01, 0xFF, 0x00, 0x03, 0xFC, 0xFF, 0x80, 0x00, 0x00, 0x00, 0x0F, 0xF8,
  0x00, 0x1F, 0xE3, 0xFE, 0x00, 0x00, 0x00, 0x00, 0x7F, 0xE0, 0x00, 0xFF,
  0x8F, 0xF8, 0x00, 0x00, 0x00, 0x03, 0xFF, 0x00, 0x03, 0xFC, 0x3F, 0xE0,
  0x00, 0x00, 0x00, 0x0F, 0xF8, 0x00, 0x1F, 0xE0, 0xFF, 0x80, 0x00, 0x00,
  0x00, 0x7F, 0xE0, 0x00, 0xFF, 0x83, 0xFE, 0x00, 0x00, 0x00, 0x03, 0xFF,
  0x00, 0x07, 0xFC, 0x0F, 0xF8, 0x00, 0x00, 0x00, 0x0F, 0xF8, 0x00, 0x1F,
  0xE0, 0x3F, 0xE0, 0x00, 0x00, 0x00, 0x7F, 0xE0, 0x00, 0xFF, 0x00, 0xFF,
  0x80, 0x00, 0x00, 0x03, 0xFF, 0x00, 0x07, 0xFC, 0x03, 0xFF, 0xF0, 0x00,
  0x00, 0x0F, 0xF8, 0x00, 0x1F, 0xFF, 0xFF, 0xFF, 0xC0, 0x00, 0x00, 0x7F,
  0xE0, 0x00, 0x7F, 0xFF, 0xFF, 0xFF, 0x00, 0x00, 0x03, 0xFF, 0x00, 0x01,
  0xFF, 0xFF, 0xFF, 0xFC, 0x00, 0x00, 0x0F, 0xF8, 0x00, 0x07, 0xFF, 0xFF,
  0xFF, 0xF0, 0x00, 0x00, 0x7F, 0xE0, 0x00, 0x1F, 0xFF, 0xFF, 0xFF, 0xC0,
  0x00, 0x03, 0xFF, 0x00, 0x00, 0x7F, 0xFF, 0xFF, 0xFF, 0x00, 0x00, 0x0F,
  0xF8, 0x00, 0x01, 0xFF, 0xFF, 0xFF, 0xFC, 0x00, 0x00, 0x7F, 0xE0, 0x00,
  0x00, 0x00, 0x03, 0xFE, 0x00, 0x00, 0x03, 0xFF, 0x00, 0x00, 0x00, 0x00,
  0x0F, 0xF8, 0x00, 0x00, 0x0F, 0xF8, 0x00, 0x00, 0x00, 0x00, 0x3F, 0xE0,
  0x00, 0x00, 0x7F, 0xE0, 0x00, 0x00, 0x00, 0x00, 0xFF, 0x80, 0x00, 0x03,
  0xFF, 0x00, 0x00, 0x00, 0x00, 0x03, 0xFE, 0x00, 0x00, 0x03, 0xF8, 0x00,
  0x00, 0x00, 0x00, 0x0F, 0xF8, 0x00, 0x00, 0x07, 0xE0, 0x00, 0x00, 0x00,
  0x00, 0x3F, 0xE0, 0x00, 0x00, 0x07, 0x00, 0x00, 0x00, 0x00, 0x00, 0x00,
  0x00, 0x00, 0x00, 0x08, 0x00, 0x00, 0x00, 0x00, 0x00, 0x00, 0x00, 0x00,
  0x00, 0x7E, 0x00, 0x00, 0x00, 0x01, 0xFF, 0x80, 0x00, 0x00, 0x03, 0xFF,
  0xC0, 0x00, 0x00, 0x07, 0xFF, 0xE0, 0x00, 0x00, 0x0F, 0xFF, 0xE0, 0x00,
  0x00, 0x0F, 0xFF, 0xF0, 0x00, 0x00, 0x0F, 0xFF, 0xF0, 0x00, 0x00, 0x0F,
  0xFF, 0xF0, 0x00, 0x00, 0x0F, 0xFF, 0xF0, 0x00, 0x00, 0x0F, 0xFF, 0xF0,
  0x00, 0x00, 0x0F, 0xFF, 0xE0, 0x00, 0x00, 0x07, 0xFF, 0xE0, 0x00, 0x00,
  0x07, 0xFF, 0xC0, 0x00, 0x00, 0x03, 0xFF, 0x80, 0x00, 0x00, 0x00, 0xFE,
  0x00, 0x00, 0x00, 0x00, 0x00, 0x00, 0x00, 0x00, 0x00, 0x00, 0x00, 0x00,
  0x00, 0x00, 0x00, 0x00, 0x00, 0x00, 0x00, 0x00, 0x00, 0x00, 0x00, 0x00,
  0x00, 0x00, 0x00, 0x00, 0x03, 0xFF, 0xC0, 0x00, 0x00, 0x03, 0xFF, 0xC0,
  0x00, 0x00, 0x03, 0xFF, 0xC0, 0x00, 0x00, 0x03, 0xFF, 0xC0, 0x00, 0x00,
  0x03, 0xFF, 0xC0, 0x00, 0x00, 0x03, 0xFF, 0xC0, 0x00, 0x00, 0x03, 0xFF,
  0xC0, 0x00, 0x00, 0x03, 0xFF, 0xC0, 0x00, 0x00, 0x07, 0xFF, 0x80, 0x00,
  0x00, 0x0F, 0xFF, 0x80, 0x00, 0x00, 0x1F, 0xFF, 0x80, 0x00, 0x00, 0x3F,
  0xFF, 0x00, 0x00, 0x00, 0x7F, 0xFE, 0x00, 0x00, 0x00, 0xFF, 0xFE, 0x00,
  0x00, 0x01, 0xFF, 0xFC, 0x00, 0x00, 0x03, 0xFF, 0xF8, 0x00, 0x00, 0x07,
  0xFF, 0xF0, 0x00, 0x00, 0x0F, 0xFF, 0xC0, 0x00, 0x00, 0x1F, 0xFF, 0x80,
  0x00, 0x00, 0x3F, 0xFF, 0x00, 0x00, 0x00, 0x3F, 0xFE, 0x00, 0x00, 0x00,
  0x7F, 0xFC, 0x00, 0x00, 0x00, 0x7F, 0xF8, 0x00, 0x00, 0x00, 0x7F, 0xF8,
  0x00, 0x00, 0x00, 0xFF, 0xF0, 0x00, 0x00, 0x00, 0xFF, 0xF0, 0x00, 0x00,
  0x00, 0xFF, 0xF0, 0x00, 0x04, 0x00, 0xFF, 0xF0, 0x00, 0x07, 0x80, 0xFF,
  0xF0, 0x00, 0x0F, 0xF0, 0xFF, 0xF0, 0x00, 0x0F, 0xFF, 0xFF, 0xF8, 0x00,
  0x1F, 0xFF, 0x7F, 0xFC, 0x00, 0x3F, 0xFE, 0x7F, 0xFE, 0x00, 0x7F, 0xFE,
  0x7F, 0xFF, 0x81, 0xFF, 0xFC, 0x3F, 0xFF, 0xFF, 0xFF, 0xFC, 0x3F, 0xFF,
  0xFF, 0xFF, 0xF8, 0x1F, 0xFF, 0xFF, 0xFF, 0xF0, 0x1F, 0xFF, 0xFF, 0xFF,
  0xE0, 0x0F, 0xFF, 0xFF, 0xFF, 0xC0, 0x07, 0xFF, 0xFF, 0xFF, 0x80, 0x01,
  0xFF, 0xFF, 0xFF, 0x00, 0x00, 0xFF, 0xFF, 0xFC, 0x00, 0x00, 0x3F, 0xFF,
  0xF0, 0x00, 0x00, 0x03, 0xFF, 0x80, 0x00, 0x00, 0x00, 0x7F, 0xF0, 0x00,
  0x00, 0x00, 0x00, 0x00, 0x0F, 0xFE, 0x00, 0x00, 0x00, 0x00, 0x00, 0x01,
  0xFF, 0x80, 0x00, 0x00, 0x00, 0x00, 0x00, 0x7F, 0xF0, 0x00, 0x00, 0x00,
  0x00, 0x00, 0x0F, 0xFC, 0x00, 0x00, 0x00, 0x00, 0x00, 0x03, 0xFF, 0x00,
  0x00, 0x00, 0x00, 0x00, 0x00, 0x7F, 0xE0, 0x00, 0x00, 0x00, 0x00, 0x00,
  0x1F, 0xF8, 0x00, 0x00, 0x00, 0x00, 0x00, 0x03, 0xFF, 0x00, 0x00, 0x00,
  0x00, 0x00, 0x00, 0xFF, 0xC0, 0x00, 0x00, 0x00, 0x00, 0x00, 0x1F, 0xF8,
  0x00, 0x00, 0x00, 0x00, 0x00, 0x03, 0xFE, 0x00, 0x00, 0x00, 0x00, 0x00,
  0x00, 0xFF, 0x80, 0x00, 0x00, 0x00, 0x00, 0x00, 0x1F, 0xF0, 0x00, 0x00,
  0x00, 0x00, 0x00, 0x00, 0x00, 0x00, 0x00, 0x00, 0x00, 0x00, 0x00, 0x00,
  0x00, 0x00, 0x00, 0x00, 0x00, 0x00, 0x00, 0x00, 0x00, 0x00, 0x00, 0x00,
  0x00, 0x00, 0x00, 0x00, 0x00, 0x00, 0x00, 0x00, 0x00, 0x00, 0x00, 0x00,
  0x00, 0x00, 0x00, 0x00, 0x00, 0x00, 0x00, 0x00, 0x00, 0x00, 0x00, 0x00,
  0x00, 0x00, 0x00, 0x00, 0x00, 0x00, 0x7F, 0xF0, 0x00, 0x00, 0x00, 0x00,
  0x00, 0x1F, 0xFE, 0x00, 0x00, 0x00, 0x00, 0x00, 0x07, 0xFF, 0x80, 0x00,
  0x00, 0x00, 0x00, 0x03, 0xFF, 0xF0, 0x00, 0x00, 0x00, 0x00, 0x00, 0xFF,
  0xFC, 0x00, 0x00, 0x00, 0x00, 0x00, 0x7F, 0xFF, 0x00, 0x00, 0x00, 0x00,
  0x00, 0x1F, 0xFF, 0xE0, 0x00, 0x00, 0x00, 0x00, 0x07, 0xFF, 0xF8, 0x00,
  0x00, 0x00, 0x00, 0x03, 0xFF, 0xFF, 0x00, 0x00, 0x00, 0x00, 0x00, 0xFF,
  0xFF, 0xC0, 0x00, 0x00, 0x00, 0x00, 0x7F, 0xFF, 0xF0, 0x00, 0x00, 0x00,
  0x00, 0x1F, 0xFF, 0xFE, 0x00, 0x00, 0x00, 0x00, 0x07, 0xFF, 0xFF, 0x80,
  0x00, 0x00, 0x00, 0x03, 0xFF, 0xFF, 0xE0, 0x00, 0x00, 0x00, 0x00, 0xFF,
  0xFF, 0xFC, 0x00, 0x00, 0x00, 0x00, 0x3F, 0xF7, 0xFF, 0x00, 0x00, 0x00,
  0x00, 0x1F, 0xFC, 0xFF, 0xE0, 0x00, 0x00, 0x00, 0x07, 0xFF, 0x3F, 0xF8,
  0x00, 0x00, 0x00, 0x03, 0xFF, 0x8F, 0xFE, 0x00, 0x00, 0x00, 0x00, 0xFF,
  0xE1, 0xFF, 0xC0, 0x00, 0x00, 0x00, 0x3F, 0xF8, 0x7F, 0xF0, 0x00, 0x00,
  0x00, 0x1F, 0xFC, 0x1F, 0xFC, 0x00, 0x00, 0x00, 0x07, 0xFF, 0x07, 0xFF,
  0x80, 0x00, 0x00, 0x01, 0xFF, 0xC0, 0xFF, 0xE0, 0x00, 0x00, 0x00, 0xFF,
  0xE0, 0x3F, 0xFC, 0x00, 0x00, 0x00, 0x3F, 0xF8, 0x07, 0xFF, 0x00, 0x00,
  0x00, 0x1F, 0xFE, 0x01, 0xFF, 0xC0, 0x00, 0x00, 0x07, 0xFF, 0x00, 0x7F,
  0xF8, 0x00, 0x00, 0x01, 0xFF, 0xC0, 0x0F, 0xFE, 0x00, 0x00, 0x00, 0xFF,
  0xF0, 0x03, 0xFF, 0xC0, 0x00, 0x00, 0x3F, 0xF8, 0x00, 0xFF, 0xF0, 0x00,
  0x00, 0x1F, 0xFE, 0x00, 0x1F, 0xFC, 0x00, 0x00, 0x07, 0xFF, 0x80, 0x07,
  0xFF, 0x80, 0x00, 0x01, 0xFF, 0xC0, 0x01, 0xFF, 0xE0, 0x00, 0x00, 0xFF,
  0xF0, 0x00, 0x3F, 0xF8, 0x00, 0x00, 0x3F, 0xF8, 0x00, 0x0F, 0xFF, 0x00,
  0x00, 0x0F, 0xFE, 0x00, 0x03, 0xFF, 0xC0, 0x00, 0x07, 0xFF, 0x80, 0x00,
  0x7F, 0xF8, 0x00, 0x01, 0xFF, 0xC0, 0x00, 0x1F, 0xFE, 0x00, 0x00, 0xFF,
  0xFF, 0xFF, 0xFF, 0xFF, 0x80, 0x00, 0x3F, 0xFF, 0xFF, 0xFF, 0xFF, 0xF0,
  0x00, 0x0F, 0xFF, 0xFF, 0xFF, 0xFF, 0xFC, 0x00, 0x07, 0xFF, 0xFF, 0xFF,
  0xFF, 0xFF, 0x00, 0x01, 0xFF, 0xFF, 0xFF, 0xFF, 0xFF, 0xE0, 0x00, 0xFF,
  0xFF, 0xFF, 0xFF, 0xFF, 0xF8, 0x00, 0x3F, 0xFF, 0xFF, 0xFF, 0xFF, 0xFF,
  0x00, 0x0F, 0xFF, 0xFF, 0xFF, 0xFF, 0xFF, 0xC0, 0x07, 0xFF, 0xFF, 0xFF,
  0xFF, 0xFF, 0xF0, 0x01, 0xFF, 0xE0, 0x00, 0x00, 0x1F, 0xFE, 0x00, 0x7F,
  0xF8, 0x00, 0x00, 0x07, 0xFF, 0x80, 0x3F, 0xFC, 0x00, 0x00, 0x01, 0xFF,
  0xF0, 0x0F, 0xFF, 0x00, 0x00, 0x00, 0x3F, 0xFC, 0x07, 0xFF, 0x80, 0x00,
  0x00, 0x0F, 0xFF, 0x01, 0xFF, 0xE0, 0x00, 0x00, 0x03, 0xFF, 0xE0, 0x7F,
  0xF8, 0x00, 0x00, 0x00, 0x7F, 0xF8, 0x3F, 0xFC, 0x00, 0x00, 0x00, 0x1F,
  0xFE, 0x0F, 0xFF, 0x00, 0x00, 0x00, 0x07, 0xFF, 0xC3, 0xFF, 0xC0, 0x00,
  0x00, 0x00, 0xFF, 0xF1, 0xFF, 0xE0, 0x00, 0x00, 0x00, 0x3F, 0xFE, 0x7F,
  0xF8, 0x00, 0x00, 0x00, 0x0F, 0xFF, 0xBF, 0xFE, 0x00, 0x00, 0x00, 0x01,
  0xFF, 0xEF, 0xFF, 0x00, 0x00, 0x00, 0x00, 0x7F, 0xFC, 0x00, 0x00, 0x00,
  0x03, 0xFF, 0x80, 0x00, 0x00, 0x00, 0x00, 0x01, 0xFF, 0xC0, 0x00, 0x00,
  0x00, 0x00, 0x00, 0x7F, 0xE0, 0x00, 0x00, 0x00, 0x00, 0x00, 0x3F, 0xF8,
  0x00, 0x00, 0x00, 0x00, 0x00, 0x0F, 0xFC, 0x00, 0x00, 0x00, 0x00, 0x00,
  0x07, 0xFF, 0x00, 0x00, 0x00, 0x00, 0x00, 0x01, 0xFF, 0x80, 0x00, 0x00,
  0x00, 0x00, 0x00, 0x7F, 0xE0, 0x00, 0x00, 0x00, 0x00, 0x00, 0x3F, 0xF0,
  0x00, 0x00, 0x00, 0x00, 0x00, 0x0F, 0xF8, 0x00, 0x00, 0x00, 0x00, 0x00,
  0x07, 0xFE, 0x00, 0x00, 0x00, 0x00, 0x00, 0x01, 0xFF, 0x00, 0x00, 0x00,
  0x00, 0x00, 0x00, 0x7F, 0xC0, 0x00, 0x00, 0x00, 0x00, 0x00, 0x3F, 0xE0,
  0x00, 0x00, 0x00, 0x00, 0x00, 0x00, 0x00, 0x00, 0x00, 0x00, 0x00, 0x00,
  0x00, 0x00, 0x00, 0x00, 0x00, 0x00, 0x00, 0x00, 0x00, 0x00, 0x00, 0x00,
  0x00, 0x00, 0x00, 0x00, 0x00, 0x00, 0x00, 0x00, 0x00, 0x00, 0x00, 0x00,
  0x00, 0x00, 0x00, 0x00, 0x00, 0x00, 0x00, 0x00, 0x00, 0x00, 0x00, 0x00,
  0x00, 0x00, 0x00, 0x00, 0x00, 0x00, 0x00, 0x00, 0x7F, 0xF0, 0x00, 0x00,
  0x00, 0x00, 0x00, 0x1F, 0xFE, 0x00, 0x00, 0x00, 0x00, 0x00, 0x07, 0xFF,
  0x80, 0x00, 0x00, 0x00, 0x00, 0x03, 0xFF, 0xF0, 0x00, 0x00, 0x00, 0x00,
  0x00, 0xFF, 0xFC, 0x00, 0x00, 0x00, 0x00, 0x00, 0x7F, 0xFF, 0x00, 0x00,
  0x00, 0x00, 0x00, 0x1F, 0xFF, 0xE0, 0x00, 0x00, 0x00, 0x00, 0x07, 0xFF,
  0xF8, 0x00, 0x00, 0x00, 0x00, 0x03, 0xFF, 0xFF, 0x00, 0x00, 0x00, 0x00,
  0x00, 0xFF, 0xFF, 0xC0, 0x00, 0x00, 0x00, 0x00, 0x7F, 0xFF, 0xF0, 0x00,
  0x00, 0x00, 0x00, 0x1F, 0xFF, 0xFE, 0x00, 0x00, 0x00, 0x00, 0x07, 0xFF,
  0xFF, 0x80, 0x00, 0x00, 0x00, 0x03, 0xFF, 0xFF, 0xE0, 0x00, 0x00, 0x00,
  0x00, 0xFF, 0xFF, 0xFC, 0x00, 0x00, 0x00, 0x00, 0x3F, 0xF7, 0xFF, 0x00,
  0x00, 0x00, 0x00, 0x1F, 0xFC, 0xFF, 0xE0, 0x00, 0x00, 0x00, 0x07, 0xFF,
  0x3F, 0xF8, 0x00, 0x00, 0x00, 0x03, 0xFF, 0x8F, 0xFE, 0x00, 0x00, 0x00,
  0x00, 0xFF, 0xE1, 0xFF, 0xC0, 0x00, 0x00, 0x00, 0x3F, 0xF8, 0x7F, 0xF0,
  0x00, 0x00, 0x00, 0x1F, 0xFC, 0x1F, 0xFC, 0x00, 0x00, 0x00, 0x07, 0xFF,
  0x07, 0xFF, 0x80, 0x00, 0x00, 0x01, 0xFF, 0xC0, 0xFF, 0xE0, 0x00, 0x00,
  0x00, 0xFF, 0xE0, 0x3F, 0xFC, 0x00, 0x00, 0x00, 0x3F, 0xF8, 0x07, 0xFF,
  0x00, 0x00, 0x00, 0x1F, 0xFE, 0x01, 0xFF, 0xC0, 0x00, 0x00, 0x07, 0xFF,
  0x00, 0x7F, 0xF8, 0x00, 0x00, 0x01, 0xFF, 0xC0, 0x0F, 0xFE, 0x00, 0x00,
  0x00, 0xFF, 0xF0, 0x03, 0xFF, 0xC0, 0x00, 0x00, 0x3F, 0xF8, 0x00, 0xFF,
  0xF0, 0x00, 0x00, 0x1F, 0xFE, 0x00, 0x1F, 0xFC, 0x00, 0x00, 0x07, 0xFF,
  0x80, 0x07, 0xFF, 0x80, 0x00, 0x01, 0xFF, 0xC0, 0x01, 0xFF, 0xE0, 0x00,
  0x00, 0xFF, 0xF0, 0x00, 0x3F, 0xF8, 0x00, 0x00, 0x3F, 0xF8, 0x00, 0x0F,
  0xFF, 0x00, 0x00, 0x0F, 0xFE, 0x00, 0x03, 0xFF, 0xC0, 0x00, 0x07, 0xFF,
  0x80, 0x00, 0x7F, 0xF8, 0x00, 0x01, 0xFF, 0xC0, 0x00, 0x1F, 0xFE, 0x00,
  0x00, 0xFF, 0xFF, 0xFF, 0xFF, 0xFF, 0x80, 0x00, 0x3F, 0xFF, 0xFF, 0xFF,
  0xFF, 0xF0, 0x00, 0x0F, 0xFF, 0xFF, 0xFF, 0xFF, 0xFC, 0x00, 0x07, 0xFF,
  0xFF, 0xFF, 0xFF, 0xFF, 0x00, 0x01, 0xFF, 0xFF, 0xFF, 0xFF, 0xFF, 0xE0,
  0x00, 0xFF, 0xFF, 0xFF, 0xFF, 0xFF, 0xF8, 0x00, 0x3F, 0xFF, 0xFF, 0xFF,
  0xFF, 0xFF, 0x00, 0x0F, 0xFF, 0xFF, 0xFF, 0xFF, 0xFF, 0xC0, 0x07, 0xFF,
  0xFF, 0xFF, 0xFF, 0xFF, 0xF0, 0x01, 0xFF, 0xE0, 0x00, 0x00, 0x1F, 0xFE,
  0x00, 0x7F, 0xF8, 0x00, 0x00, 0x07, 0xFF, 0x80, 0x3F, 0xFC, 0x00, 0x00,
  0x01, 0xFF, 0xF0, 0x0F, 0xFF, 0x00, 0x00, 0x00, 0x3F, 0xFC, 0x07, 0xFF,
  0x80, 0x00, 0x00, 0x0F, 0xFF, 0x01, 0xFF, 0xE0, 0x00, 0x00, 0x03, 0xFF,
  0xE0, 0x7F, 0xF8, 0x00, 0x00, 0x00, 0x7F, 0xF8, 0x3F, 0xFC, 0x00, 0x00,
  0x00, 0x1F, 0xFE, 0x0F, 0xFF, 0x00, 0x00, 0x00, 0x07, 0xFF, 0xC3, 0xFF,
  0xC0, 0x00, 0x00, 0x00, 0xFF, 0xF1, 0xFF, 0xE0, 0x00, 0x00, 0x00, 0x3F,
  0xFE, 0x7F, 0xF8, 0x00, 0x00, 0x00, 0x0F, 0xFF, 0xBF, 0xFE, 0x00, 0x00,
  0x00, 0x01, 0xFF, 0xEF, 0xFF, 0x00, 0x00, 0x00, 0x00, 0x7F, 0xFC, 0x00,
  0x00, 0x00, 0xFF, 0xC0, 0x00, 0x00, 0x00, 0x00, 0x00, 0x7F, 0xF8, 0x00,
  0x00, 0x00, 0x00, 0x00, 0x3F, 0xFF, 0x00, 0x00, 0x00, 0x00, 0x00, 0x1F,
  0xFF, 0xE0, 0x00, 0x00, 0x00, 0x00, 0x0F, 0xFF, 0xF8, 0x00, 0x00, 0x00,
  0x00, 0x03, 0xFF, 0xFF, 0x00, 0x00, 0x00, 0x00, 0x01, 0xFF, 0xFF, 0xE0,
  0x00, 0x00, 0x00, 0x00, 0xFF, 0xCF, 0xFC, 0x00, 0x00, 0x00, 0x00, 0x7F,
  0xE1, 0xFF, 0x80, 0x00, 0x00, 0x00, 0x3F, 0xF0, 0x3F, 0xF0, 0x00, 0x00,
  0x00, 0x1F, 0xF8, 0x07, 0xFE, 0x00, 0x00, 0x00, 0x07, 0xFE, 0x01, 0xFF,
  0x80, 0x00, 0x00, 0x03, 0xFF, 0x00, 0x3F, 0xF0, 0x00, 0x00, 0x01, 0xFF,
  0x80, 0x07, 0xFE, 0x00, 0x00, 0x00, 0x00, 0x00, 0x00, 0x00, 0x00, 0x00,
  0x00, 0x00, 0x00, 0x00, 0x00, 0x00, 0x00, 0x00, 0x00, 0x00, 0x00, 0x00,
  0x00, 0x00, 0x00, 0x00, 0x00, 0x00, 0x00, 0x00, 0x00, 0x00, 0x00, 0x00,
  0x00, 0x00, 0x00, 0x00, 0x00, 0x00, 0x00, 0x00, 0x00, 0x00, 0x00, 0x00,
  0x00, 0x00, 0x00, 0x00, 0x00, 0x00, 0x00, 0x00, 0x00, 0x00, 0x7F, 0xF0,
  0x00, 0x00, 0x00, 0x00, 0x00, 0x1F, 0xFE, 0x00, 0x00, 0x00, 0x00, 0x00,
  0x07, 0xFF, 0x80, 0x00, 0x00, 0x00, 0x00, 0x03, 0xFF, 0xF0, 0x00, 0x00,
  0x00, 0x00, 0x00, 0xFF, 0xFC, 0x00, 0x00, 0x00, 0x00, 0x00, 0x7F, 0xFF,
  0x00, 0x00, 0x00, 0x00, 0x00, 0x1F, 0xFF, 0xE0, 0x00, 0x00, 0x00, 0x00,
  0x07, 0xFF, 0xF8, 0x00, 0x00, 0x00, 0x00, 0x03, 0xFF, 0xFF, 0x00, 0x00,
  0x00, 0x00, 0x00, 0xFF, 0xFF, 0xC0, 0x00, 0x00, 0x00, 0x00, 0x7F, 0xFF,
  0xF0, 0x00, 0x00, 0x00, 0x00, 0x1F, 0xFF, 0xFE, 0x00, 0x00, 0x00, 0x00,
  0x07, 0xFF, 0xFF, 0x80, 0x00, 0x00, 0x00, 0x03, 0xFF, 0xFF, 0xE0, 0x00,
  0x00, 0x00, 0x00, 0xFF, 0xFF, 0xFC, 0x00, 0x00, 0x00, 0x00, 0x3F, 0xF7,
  0xFF, 0x00, 0x00, 0x00, 0x00, 0x1F, 0xFC, 0xFF, 0xE0, 0x00, 0x00, 0x00,
  0x07, 0xFF, 0x3F, 0xF8, 0x00, 0x00, 0x00, 0x03, 0xFF, 0x8F, 0xFE, 0x00,
  0x00, 0x00, 0x00, 0xFF, 0xE1, 0xFF, 0xC0, 0x00, 0x00, 0x00, 0x3F, 0xF8,
  0x7F, 0xF0, 0x00, 0x00, 0x00, 0x1F, 0xFC, 0x1F, 0xFC, 0x00, 0x00, 0x00,
  0x07, 0xFF, 0x07, 0xFF, 0x80, 0x00, 0x00, 0x01, 0xFF, 0xC0, 0xFF, 0xE0,
  0x00, 0x00, 0x00, 0xFF, 0xE0, 0x3F, 0xFC, 0x00, 0x00, 0x00, 0x3F, 0xF8,
  0x07, 0xFF, 0x00, 0x00, 0x00, 0x1F, 0xFE, 0x01, 0xFF, 0xC0, 0x00, 0x00,
  0x07, 0xFF, 0x00, 0x7F, 0xF8, 0x00, 0x00, 0x01, 0xFF, 0xC0, 0x0F, 0xFE,
  0x00, 0x00, 0x00, 0xFF, 0xF0, 0x03, 0xFF, 0xC0, 0x00, 0x00, 0x3F, 0xF8,
  0x00, 0xFF, 0xF0, 0x00, 0x00, 0x1F, 0xFE, 0x00, 0x1F, 0xFC, 0x00, 0x00,
  0x07, 0xFF, 0x80, 0x07, 0xFF, 0x80, 0x00, 0x01, 0xFF, 0xC0, 0x01, 0xFF,
  0xE0, 0x00, 0x00, 0xFF, 0xF0, 0x00, 0x3F, 0xF8, 0x00, 0x00, 0x3F, 0xF8,
  0x00, 0x0F, 0xFF, 0x00, 0x00, 0x0F, 0xFE, 0x00, 0x03, 0xFF, 0xC0, 0x00,
  0x07, 0xFF, 0x80, 0x00, 0x7F, 0xF8, 0x00, 0x01, 0xFF, 0xC0, 0x00, 0x1F,
  0xFE, 0x00, 0x00, 0xFF, 0xFF, 0xFF, 0xFF, 0xFF, 0x80, 0x00, 0x3F, 0xFF,
  0xFF, 0xFF, 0xFF, 0xF0, 0x00, 0x0F, 0xFF, 0xFF, 0xFF, 0xFF, 0xFC, 0x00,
  0x07, 0xFF, 0xFF, 0xFF, 0xFF, 0xFF, 0x00, 0x01, 0xFF, 0xFF, 0xFF, 0xFF,
  0xFF, 0xE0, 0x00, 0xFF, 0xFF, 0xFF, 0xFF, 0xFF, 0xF8, 0x00, 0x3F, 0xFF,
  0xFF, 0xFF, 0xFF, 0xFF, 0x00, 0x0F, 0xFF, 0xFF, 0xFF, 0xFF, 0xFF, 0xC0,
  0x07, 0xFF, 0xFF, 0xFF, 0xFF, 0xFF, 0xF0, 0x01, 0xFF, 0xE0, 0x00, 0x00,
  0x1F, 0xFE, 0x00, 0x7F, 0xF8, 0x00, 0x00, 0x07, 0xFF, 0x80, 0x3F, 0xFC,
  0x00, 0x00, 0x01, 0xFF, 0xF0, 0x0F, 0xFF, 0x00, 0x00, 0x00, 0x3F, 0xFC,
  0x07, 0xFF, 0x80, 0x00, 0x00, 0x0F, 0xFF, 0x01, 0xFF, 0xE0, 0x00, 0x00,
  0x03, 0xFF, 0xE0, 0x7F, 0xF8, 0x00, 0x00, 0x00, 0x7F, 0xF8, 0x3F, 0xFC,
  0x00, 0x00, 0x00, 0x1F, 0xFE, 0x0F, 0xFF, 0x00, 0x00, 0x00, 0x07, 0xFF,
  0xC3, 0xFF, 0xC0, 0x00, 0x00, 0x00, 0xFF, 0xF1, 0xFF, 0xE0, 0x00, 0x00,
  0x00, 0x3F, 0xFE, 0x7F, 0xF8, 0x00, 0x00, 0x00, 0x0F, 0xFF, 0xBF, 0xFE,
  0x00, 0x00, 0x00, 0x01, 0xFF, 0xEF, 0xFF, 0x00, 0x00, 0x00, 0x00, 0x7F,
  0xFC, 0x00, 0x00, 0x0F, 0xC0, 0x00, 0x00, 0x00, 0x00, 0x00, 0x1F, 0xFC,
  0x01, 0xFE, 0x00, 0x00, 0x00, 0x0F, 0xFF, 0xC0, 0x7F, 0x80, 0x00, 0x00,
  0x07, 0xFF, 0xF8, 0x1F, 0xE0, 0x00, 0x00, 0x01, 0xFF, 0xFF, 0x8F, 0xF0,
  0x00, 0x00, 0x00, 0xFF, 0xFF, 0xFF, 0xFC, 0x00, 0x00, 0x00, 0x3F, 0xFF,
  0xFF, 0xFF, 0x00, 0x00, 0x00, 0x0F, 0xFF, 0xFF, 0xFF, 0xC0, 0x00, 0x00,
  0x07, 0xFC, 0x7F, 0xFF, 0xE0, 0x00, 0x00, 0x01, 0xFE, 0x0F, 0xFF, 0xF8,
  0x00, 0x00, 0x00, 0x7F, 0x80, 0xFF, 0xFC, 0x00, 0x00, 0x00, 0x1F, 0xE0,
  0x0F, 0xFE, 0x00, 0x00, 0x00, 0x00, 0x00, 0x00, 0xFE, 0x00, 0x00, 0x00,
  0x00, 0x00, 0x00, 0x00, 0x00, 0x00, 0x00, 0x00, 0x00, 0x00, 0x00, 0x00,
  0x00, 0x00, 0x00, 0x00, 0x00, 0x00, 0x00, 0x00, 0x00, 0x00, 0x00, 0x00,
  0x00, 0x00, 0x00, 0x00, 0x00, 0x00, 0x00, 0x00, 0x00, 0x00, 0x00, 0x00,
  0x00, 0x00, 0x00, 0x00, 0x00, 0x00, 0x00, 0x00, 0x00, 0x00, 0x00, 0x00,
  0x00, 0x00, 0x00, 0x00, 0x01, 0xFF, 0xC0, 0x00, 0x00, 0x00, 0x00, 0x00,
  0x7F, 0xF8, 0x00, 0x00, 0x00, 0x00, 0x00, 0x1F, 0xFE, 0x00, 0x00, 0x00,
  0x00, 0x00, 0x0F, 0xFF, 0xC0, 0x00, 0x00, 0x00, 0x00, 0x03, 0xFF, 0xF0,
  0x00, 0x00, 0x00, 0x00, 0x01, 0xFF, 0xFC, 0x00, 0x00, 0x00, 0x00, 0x00,
  0x7F, 0xFF, 0x80, 0x00, 0x00, 0x00, 0x00, 0x1F, 0xFF, 0xE0, 0x00, 0x00,
  0x00, 0x00, 0x0F, 0xFF, 0xFC, 0x00, 0x00, 0x00, 0x00, 0x03, 0xFF, 0xFF,
  0x00, 0x00, 0x00, 0x00, 0x01, 0xFF, 0xFF, 0xC0, 0x00, 0x00, 0x00, 0x00,
  0x7F, 0xFF, 0xF8, 0x00, 0x00, 0x00, 0x00, 0x1F, 0xFF, 0xFE, 0x00, 0x00,
  0x00, 0x00, 0x0F, 0xFF, 0xFF, 0x80, 0x00, 0x00, 0x00, 0x03, 0xFF, 0xFF,
  0xF0, 0x00, 0x00, 0x00, 0x00, 0xFF, 0xDF, 0xFC, 0x00, 0x00, 0x00, 0x00,
  0x7F, 0xF3, 0xFF, 0x80, 0x00, 0x00, 0x00, 0x1F, 0xFC, 0xFF, 0xE0, 0x00,
  0x00, 0x00, 0x0F, 0xFE, 0x3F, 0xF8, 0x00, 0x00, 0x00, 0x03, 0xFF, 0x87,
  0xFF, 0x00, 0x00, 0x00, 0x00, 0xFF, 0xE1, 0xFF, 0xC0, 0x00, 0x00, 0x00,
  0x7F, 0xF0, 0x7F, 0xF0, 0x00, 0x00, 0x00, 0x1F, 0xFC, 0x1F, 0xFE, 0x00,
  0x00, 0x00, 0x07, 0xFF, 0x03, 0xFF, 0x80, 0x00, 0x00, 0x03, 0xFF, 0x80,
  0xFF, 0xF0, 0x00, 0x00, 0x00, 0xFF, 0xE0, 0x1F, 0xFC, 0x00, 0x00, 0x00,
  0x7F, 0xF8, 0x07, 0xFF, 0x00, 0x00, 0x00, 0x1F, 0xFC, 0x01, 0xFF, 0xE0,
  0x00, 0x00, 0x07, 0xFF, 0x00, 0x3F, 0xF8, 0x00, 0x00, 0x03, 0xFF, 0xC0,
  0x0F, 0xFF, 0x00, 0x00, 0x00, 0xFF, 0xE0, 0x03, 0xFF, 0xC0, 0x00, 0x00,
  0x7F, 0xF8, 0x00, 0x7F, 0xF0, 0x00, 0x00, 0x1F, 0xFE, 0x00, 0x1F, 0xFE,
  0x00, 0x00, 0x07, 0xFF, 0x00, 0x07, 0xFF, 0x80, 0x00, 0x03, 0xFF, 0xC0,
  0x00, 0xFF, 0xE0, 0x00, 0x00, 0xFF, 0xE0, 0x00, 0x3F, 0xFC, 0x00, 0x00,
  0x3F, 0xF8, 0x00, 0x0F, 0xFF, 0x00, 0x00, 0x1F, 0xFE, 0x00, 0x01, 0xFF,
  0xE0, 0x00, 0x07, 0xFF, 0x00, 0x00, 0x7F, 0xF8, 0x00, 0x03, 0xFF, 0xFF,
  0xFF, 0xFF, 0xFE, 0x00, 0x00, 0xFF, 0xFF, 0xFF, 0xFF, 0xFF, 0xC0, 0x00,
  0x3F, 0xFF, 0xFF, 0xFF, 0xFF, 0xF0, 0x00, 0x1F, 0xFF, 0xFF, 0xFF, 0xFF,
  0xFC, 0x00, 0x07, 0xFF, 0xFF, 0xFF, 0xFF, 0xFF, 0x80, 0x03, 0xFF, 0xFF,
  0xFF, 0xFF, 0xFF, 0xE0, 0x00, 0xFF, 0xFF, 0xFF, 0xFF, 0xFF, 0xFC, 0x00,
  0x3F, 0xFF, 0xFF, 0xFF, 0xFF, 0xFF, 0x00, 0x1F, 0xFF, 0xFF, 0xFF, 0xFF,
  0xFF, 0xC0, 0x07, 0xFF, 0x80, 0x00, 0x00, 0x7F, 0xF8, 0x01, 0xFF, 0xE0,
  0x00, 0x00, 0x1F, 0xFE, 0x00, 0xFF, 0xF0, 0x00, 0x00, 0x07, 0xFF, 0xC0,
  0x3F, 0xFC, 0x00, 0x00, 0x00, 0xFF, 0xF0, 0x1F, 0xFE, 0x00, 0x00, 0x00,
  0x3F, 0xFC, 0x07, 0xFF, 0x80, 0x00, 0x00, 0x0F, 0xFF, 0x81, 0xFF, 0xE0,
  0x00, 0x00, 0x01, 0xFF, 0xE0, 0xFF, 0xF0, 0x00, 0x00, 0x00, 0x7F, 0xF8,
  0x3F, 0xFC, 0x00, 0x00, 0x00, 0x1F, 0xFF, 0x0F, 0xFF, 0x00, 0x00, 0x00,
  0x03, 0xFF, 0xC7, 0xFF, 0x80, 0x00, 0x00, 0x00, 0xFF, 0xF9, 0xFF, 0xE0,
  0x00, 0x00, 0x00, 0x3F, 0xFE, 0xFF, 0xF8, 0x00, 0x00, 0x00, 0x07, 0xFF,
  0xBF, 0xFC, 0x00, 0x00, 0x00, 0x01, 0xFF, 0xF0, 0x00, 0x00, 0x7E, 0x00,
  0x1F, 0x80, 0x00, 0x00, 0x00, 0x3F, 0xC0, 0x0F, 0xF0, 0x00, 0x00, 0x00,
  0x1F, 0xF8, 0x07, 0xFE, 0x00, 0x00, 0x00, 0x0F, 0xFE, 0x01, 0xFF, 0xC0,
  0x00, 0x00, 0x03, 0xFF, 0xC0, 0xFF, 0xF0, 0x00, 0x00, 0x00, 0xFF, 0xF0,
  0x3F, 0xFC, 0x00, 0x00, 0x00, 0x3F, 0xFC, 0x0F, 0xFF, 0x00, 0x00, 0x00,
  0x0F, 0xFE, 0x01, 0xFF, 0xC0, 0x00, 0x00, 0x03, 0xFF, 0x80, 0x7F, 0xF0,
  0x00, 0x00, 0x00, 0x7F, 0xC0, 0x0F, 0xF8, 0x00, 0x00, 0x00, 0x0F, 0xF0,
  0x01, 0xFC, 0x00, 0x00, 0x00, 0x01, 0xF0, 0x00, 0x1C, 0x00, 0x00, 0x00,
  0x00, 0x00, 0x00, 0x00, 0x00, 0x00, 0x00, 0x00, 0x00, 0x00, 0x00, 0x00,
  0x00, 0x00, 0x00, 0x00, 0x00, 0x00, 0x00, 0x00, 0x00, 0x00, 0x00, 0x00,
  0x00, 0x00, 0x00, 0x00, 0x00, 0x00, 0x00, 0x00, 0x00, 0x00, 0x00, 0x00,
  0x00, 0x00, 0x00, 0x00, 0x00, 0x00, 0x00, 0x00, 0x00, 0x00, 0x00, 0x00,
  0x00, 0x00, 0x00, 0x00, 0x00, 0x00, 0x00, 0x00, 0x00, 0x00, 0x00, 0x01,
  0xFF, 0xC0, 0x00, 0x00, 0x00, 0x00, 0x00, 0x7F, 0xF8, 0x00, 0x00, 0x00,
  0x00, 0x00, 0x1F, 0xFE, 0x00, 0x00, 0x00, 0x00, 0x00, 0x0F, 0xFF, 0xC0,
  0x00, 0x00, 0x00, 0x00, 0x03, 0xFF, 0xF0, 0x00, 0x00, 0x00, 0x00, 0x01,
  0xFF, 0xFC, 0x00, 0x00, 0x00, 0x00, 0x00, 0x7F, 0xFF, 0x80, 0x00, 0x00,
  0x00, 0x00, 0x1F, 0xFF, 0xE0, 0x00, 0x00, 0x00, 0x00, 0x0F, 0xFF, 0xFC,
  0x00, 0x00, 0x00, 0x00, 0x03, 0xFF, 0xFF, 0x00, 0x00, 0x00, 0x00, 0x01,
  0xFF, 0xFF, 0xC0, 0x00, 0x00, 0x00, 0x00, 0x7F, 0xFF, 0xF8, 0x00, 0x00,
  0x00, 0x00, 0x1F, 0xFF, 0xFE, 0x00, 0x00, 0x00, 0x00, 0x0F, 0xFF, 0xFF,
  0x80, 0x00, 0x00, 0x00, 0x03, 0xFF, 0xFF, 0xF0, 0x00, 0x00, 0x00, 0x00,
  0xFF, 0xDF, 0xFC, 0x00, 0x00, 0x00, 0x00, 0x7F, 0xF3, 0xFF, 0x80, 0x00,
  0x00, 0x00, 0x1F, 0xFC, 0xFF, 0xE0, 0x00, 0x00, 0x00, 0x0F, 0xFE, 0x3F,
  0xF8, 0x00, 0x00, 0x00, 0x03, 0xFF, 0x87, 0xFF, 0x00, 0x00, 0x00, 0x00,
  0xFF, 0xE1, 0xFF, 0xC0, 0x00, 0x00, 0x00, 0x7F, 0xF0, 0x7F, 0xF0, 0x00,
  0x00, 0x00, 0x1F, 0xFC, 0x1F, 0xFE, 0x00, 0x00, 0x00, 0x07, 0xFF, 0x03,
  0xFF, 0x80, 0x00, 0x00, 0x03, 0xFF, 0x80, 0xFF, 0xF0, 0x00, 0x00, 0x00,
  0xFF, 0xE0, 0x1F, 0xFC, 0x00, 0x00, 0x00, 0x7F, 0xF8, 0x07, 0xFF, 0x00,
  0x00, 0x00, 0x1F, 0xFC, 0x01, 0xFF, 0xE0, 0x00, 0x00, 0x07, 0xFF, 0x00,
  0x3F, 0xF8, 0x00, 0x00, 0x03, 0xFF, 0xC0, 0x0F, 0xFF, 0x00, 0x00, 0x00,
  0xFF, 0xE0, 0x03, 0xFF, 0xC0, 0x00, 0x00, 0x7F, 0xF8, 0x00, 0x7F, 0xF0,
  0x00, 0x00, 0x1F, 0xFE, 0x00, 0x1F, 0xFE, 0x00, 0x00, 0x07, 0xFF, 0x00,
  0x07, 0xFF, 0x80, 0x00, 0x03, 0xFF, 0xC0, 0x00, 0xFF, 0xE0, 0x00, 0x00,
  0xFF, 0xE0, 0x00, 0x3F, 0xFC, 0x00, 0x00, 0x3F, 0xF8, 0x00, 0x0F, 0xFF,
  0x00, 0x00, 0x1F, 0xFE, 0x00, 0x01, 0xFF, 0xE0, 0x00, 0x07, 0xFF, 0x00,
  0x00, 0x7F, 0xF8, 0x00, 0x03, 0xFF, 0xFF, 0xFF, 0xFF, 0xFE, 0x00, 0x00,
  0xFF, 0xFF, 0xFF, 0xFF, 0xFF, 0xC0, 0x00, 0x3F, 0xFF, 0xFF, 0xFF, 0xFF,
  0xF0, 0x00, 0x1F, 0xFF, 0xFF, 0xFF, 0xFF, 0xFC, 0x00, 0x07, 0xFF, 0xFF,
  0xFF, 0xFF, 0xFF, 0x80, 0x03, 0xFF, 0xFF, 0xFF, 0xFF, 0xFF, 0xE0, 0x00,
  0xFF, 0xFF, 0xFF, 0xFF, 0xFF, 0xFC, 0x00, 0x3F, 0xFF, 0xFF, 0xFF, 0xFF,
  0xFF, 0x00, 0x1F, 0xFF, 0xFF, 0xFF, 0xFF, 0xFF, 0xC0, 0x07, 0xFF, 0x80,
  0x00, 0x00, 0x7F, 0xF8, 0x01, 0xFF, 0xE0, 0x00, 0x00, 0x1F, 0xFE, 0x00,
  0xFF, 0xF0, 0x00, 0x00, 0x07, 0xFF, 0xC0, 0x3F, 0xFC, 0x00, 0x00, 0x00,
  0xFF, 0xF0, 0x1F, 0xFE, 0x00, 0x00, 0x00, 0x3F, 0xFC, 0x07, 0xFF, 0x80,
  0x00, 0x00, 0x0F, 0xFF, 0x81, 0xFF, 0xE0, 0x00, 0x00, 0x01, 0xFF, 0xE0,
  0xFF, 0xF0, 0x00, 0x00, 0x00, 0x7F, 0xF8, 0x3F, 0xFC, 0x00, 0x00, 0x00,
  0x1F, 0xFF, 0x0F, 0xFF, 0x00, 0x00, 0x00, 0x03, 0xFF, 0xC7, 0xFF, 0x80,
  0x00, 0x00, 0x00, 0xFF, 0xF9, 0xFF, 0xE0, 0x00, 0x00, 0x00, 0x3F, 0xFE,
  0xFF, 0xF8, 0x00, 0x00, 0x00, 0x07, 0xFF, 0xBF, 0xFC, 0x00, 0x00, 0x00,
  0x01, 0xFF, 0xF0, 0x00, 0x00, 0x00, 0x7F, 0x80, 0x00, 0x00, 0x00, 0x00,
  0x00, 0x7F, 0xF8, 0x00, 0x00, 0x00, 0x00, 0x00, 0x3F, 0xFF, 0x00, 0x00,
  0x00, 0x00, 0x00, 0x1F, 0xFF, 0xE0, 0x00, 0x00, 0x00, 0x00, 0x0F, 0xFF,
  0xFC, 0x00, 0x00, 0x00, 0x00, 0x03, 0xFF, 0xFF, 0x00, 0x00, 0x00, 0x00,
  0x01, 0xFE, 0x1F, 0xE0, 0x00, 0x00, 0x00, 0x00, 0x7F, 0x03, 0xF8, 0x00,
  0x00, 0x00, 0x00, 0x1F, 0x80, 0x7E, 0x00, 0x00, 0x00, 0x00, 0x07, 0xE0,
  0x1F, 0x80, 0x00, 0x00, 0x00, 0x01, 0xF8, 0x07, 0xE0, 0x00, 0x00, 0x00,
  0x00, 0x7E, 0x01, 0xF8, 0x00, 0x00, 0x00, 0x00, 0x1F, 0xC0, 0xFE, 0x00,
  0x00, 0x00, 0x00, 0x07, 0xF8, 0x7F, 0x80, 0x00, 0x00, 0x00, 0x00, 0xFF,
  0xFF, 0xC0, 0x00, 0x00, 0x00, 0x00, 0x3F, 0xFF, 0xF0, 0x00, 0x00, 0x00,
  0x00, 0x07, 0xFF, 0xF8, 0x00, 0x00, 0x00, 0x00, 0x00, 0xFF, 0xFC, 0x00,
  0x00, 0x00, 0x00, 0x00, 0x1F, 0xFE, 0x00, 0x00, 0x00, 0x00, 0x00, 0x01,
  0xFE, 0x00, 0x00, 0x00, 0x00, 0x00, 0x00, 0x00, 0x00, 0x00, 0x00, 0x00,
  0x00, 0x00, 0x00, 0x00, 0x00, 0x00, 0x00, 0x00, 0x00, 0x00, 0x00, 0x00,
  0x00, 0x00, 0x00, 0x00, 0x00, 0x00, 0x00, 0x00, 0x00, 0x00, 0x00, 0x00,
  0x00, 0x00, 0x00, 0x00, 0x00, 0x00, 0x00, 0x00, 0x00, 0x00, 0x00, 0x00,
  0x00, 0x00, 0x1F, 0xFC, 0x00, 0x00, 0x00, 0x00, 0x00, 0x07, 0xFF, 0x80,
  0x00, 0x00, 0x00, 0x00, 0x01, 0xFF, 0xE0, 0x00, 0x00, 0x00, 0x00, 0x00,
  0xFF, 0xFC, 0x00, 0x00, 0x00, 0x00, 0x00, 0x3F, 0xFF, 0x00, 0x00, 0x00,
  0x00, 0x00, 0x1F, 0xFF, 0xC0, 0x00, 0x00, 0x00, 0x00, 0x07, 0xFF, 0xF8,
  0x00, 0x00, 0x00, 0x00, 0x01, 0xFF, 0xFE, 0x00, 0x00, 0x00, 0x00, 0x00,
  0xFF, 0xFF, 0xC0, 0x00, 0x00, 0x00, 0x00, 0x3F, 0xFF, 0xF0, 0x00, 0x00,
  0x00, 0x00, 0x1F, 0xFF, 0xFC, 0x00, 0x00, 0x00, 0x00, 0x07, 0xFF, 0xFF,
  0x80, 0x00, 0x00, 0x00, 0x01, 0xFF, 0xFF, 0xE0, 0x00, 0x00, 0x00, 0x00,
  0xFF, 0xFF, 0xF8, 0x00, 0x00, 0x00, 0x00, 0x3F, 0xFF, 0xFF, 0x00, 0x00,
  0x00, 0x00, 0x0F, 0xFD, 0xFF, 0xC0, 0x00, 0x00, 0x00, 0x07, 0xFF, 0x3F,
  0xF8, 0x00, 0x00, 0x00, 0x01, 0xFF, 0xCF, 0xFE, 0x00, 0x00, 0x00, 0x00,
  0xFF, 0xE3, 0xFF, 0x80, 0x00, 0x00, 0x00, 0x3F, 0xF8, 0x7F, 0xF0, 0x00,
  0x00, 0x00, 0x0F, 0xFE, 0x1F, 0xFC, 0x00, 0x00, 0x00, 0x07, 0xFF, 0x07,
  0xFF, 0x00, 0x00, 0x00, 0x01, 0xFF, 0xC1, 0xFF, 0xE0, 0x00, 0x00, 0x00,
  0x7F, 0xF0, 0x3F, 0xF8, 0x00, 0x00, 0x00, 0x3F, 0xF8, 0x0F, 0xFF, 0x00,
  0x00, 0x00, 0x0F, 0xFE, 0x01, 0xFF, 0xC0, 0x00, 0x00, 0x07, 0xFF, 0x80,
  0x7F, 0xF0, 0x00, 0x00, 0x01, 0xFF, 0xC0, 0x1F, 0xFE, 0x00, 0x00, 0x00,
  0x7F, 0xF0, 0x03, 0xFF, 0x80, 0x00, 0x00, 0x3F, 0xFC, 0x00, 0xFF, 0xF0,
  0x00, 0x00, 0x0F, 0xFE, 0x00, 0x3F, 0xFC, 0x00, 0x00, 0x07, 0xFF, 0x80,
  0x07, 0xFF, 0x00, 0x00, 0x01, 0xFF, 0xE0, 0x01, 0xFF, 0xE0, 0x00, 0x00,
  0x7F, 0xF0, 0x00, 0x7F, 0xF8, 0x00, 0x00, 0x3F, 0xFC, 0x00, 0x0F, 0xFE,
  0x00, 0x00, 0x0F, 0xFE, 0x00, 0x03, 0xFF, 0xC0, 0x00, 0x03, 0xFF, 0x80,
  0x00, 0xFF, 0xF0, 0x00, 0x01, 0xFF, 0xE0, 0x00, 0x1F, 0xFE, 0x00, 0x00,
  0x7F, 0xF0, 0x00, 0x07, 0xFF, 0x80, 0x00, 0x3F, 0xFF, 0xFF, 0xFF, 0xFF,
  0xE0, 0x00, 0x0F, 0xFF, 0xFF, 0xFF, 0xFF, 0xFC, 0x00, 0x03, 0xFF, 0xFF,
  0xFF, 0xFF, 0xFF, 0x00, 0x01, 0xFF, 0xFF, 0xFF, 0xFF, 0xFF, 0xC0, 0x00,
  0x7F, 0xFF, 0xFF, 0xFF, 0xFF, 0xF8, 0x00, 0x3F, 0xFF, 0xFF, 0xFF, 0xFF,
  0xFE, 0x00, 0x0F, 0xFF, 0xFF, 0xFF, 0xFF, 0xFF, 0xC0, 0x03, 0xFF, 0xFF,
  0xFF, 0xFF, 0xFF, 0xF0, 0x01, 0xFF, 0xFF, 0xFF, 0xFF, 0xFF, 0xFC, 0x00,
  0x7F, 0xF8, 0x00, 0x00, 0x07, 0xFF, 0x80, 0x1F, 0xFE, 0x00, 0x00, 0x01,
  0xFF, 0xE0, 0x0F, 0xFF, 0x00, 0x00, 0x00, 0x7F, 0xFC, 0x03, 0xFF, 0xC0,
  0x00, 0x00, 0x0F, 0xFF, 0x01, 0xFF, 0xE0, 0x00, 0x00, 0x03, 0xFF, 0xC0,
  0x7F, 0xF8, 0x00, 0x00, 0x00, 0xFF, 0xF8, 0x1F, 0xFE, 0x00, 0x00, 0x00,
  0x1F, 0xFE, 0x0F, 0xFF, 0x00, 0x00, 0x00, 0x07, 0xFF, 0x83, 0xFF, 0xC0,
  0x00, 0x00, 0x01, 0xFF, 0xF0, 0xFF, 0xF0, 0x00, 0x00, 0x00, 0x3F, 0xFC,
  0x7F, 0xF8, 0x00, 0x00, 0x00, 0x0F, 0xFF, 0x9F, 0xFE, 0x00, 0x00, 0x00,
  0x03, 0xFF, 0xEF, 0xFF, 0x80, 0x00, 0x00, 0x00, 0x7F, 0xFB, 0xFF, 0xC0,
  0x00, 0x00, 0x00, 0x1F, 0xFF, 0x00, 0x00, 0x00, 0x00, 0x03, 0xFF, 0xFF,
  0xFF, 0xFF, 0xFE, 0x00, 0x00, 0x00, 0x00, 0x03, 0xFF, 0xFF, 0xFF, 0xFF,
  0xFE, 0x00, 0x00, 0x00, 0x00, 0x07, 0xFF, 0xFF, 0xFF, 0xFF, 0xFE, 0x00,
  0x00, 0x00, 0x00, 0x0F, 0xFF, 0xFF, 0xFF, 0xFF, 0xFE, 0x00, 0x00, 0x00,
  0x00, 0x0F, 0xFF, 0xFF, 0xFF, 0xFF, 0xFE, 0x00, 0x00, 0x00, 0x00, 0x1F,
  0xFF, 0xFF, 0xFF, 0xFF, 0xFE, 0x00, 0x00, 0x00, 0x00, 0x3F, 0xFF, 0xFF,
  0xFF, 0xFF, 0xFE, 0x00, 0x00, 0x00, 0x00, 0x3F, 0xFF, 0xFF, 0xFF, 0xFF,
  0xFE, 0x00, 0x00, 0x00, 0x00, 0x7F, 0xFF, 0xFF, 0xFF, 0xFF, 0xFE, 0x00,
  0x00, 0x00, 0x00, 0x7F, 0xFF, 0xFF, 0xFF, 0xFF, 0xFE, 0x00, 0x00, 0x00,
  0x00, 0xFF, 0xFF, 0xFF, 0xFF, 0xFF, 0xFE, 0x00, 0x00, 0x00, 0x01, 0xFF,
  0xFF, 0xF8, 0x00, 0x00, 0x00, 0x00, 0x00, 0x00, 0x01, 0xFF, 0xFF, 0xF8,
  0x00, 0x00, 0x00, 0x00, 0x00, 0x00, 0x03, 0xFF, 0xFF, 0xF8, 0x00, 0x00,
  0x00, 0x00, 0x00, 0x00, 0x07, 0xFF, 0xBF, 0xF8, 0x00, 0x00, 0x00, 0x00,
  0x00, 0x00, 0x07, 0xFF, 0xBF, 0xF8, 0x00, 0x00, 0x00, 0x00, 0x00, 0x00,
  0x0F, 0xFF, 0x3F, 0xF8, 0x00, 0x00, 0x00, 0x00, 0x00, 0x00, 0x0F, 0xFE,
  0x3F, 0xF8, 0x00, 0x00, 0x00, 0x00, 0x00, 0x00, 0x1F, 0xFE, 0x3F, 0xF8,
  0x00, 0x00, 0x00, 0x00, 0x00, 0x00, 0x3F, 0xFC, 0x3F, 0xF8, 0x00, 0x00,
  0x00, 0x00, 0x00, 0x00, 0x3F, 0xFC, 0x3F, 0xF8, 0x00, 0x00, 0x00, 0x00,
  0x00, 0x00, 0x7F, 0xF8, 0x3F, 0xF8, 0x00, 0x00, 0x00, 0x00, 0x00, 0x00,
  0xFF, 0xF0, 0x3F, 0xF8, 0x00, 0x00, 0x00, 0x00, 0x00, 0x00, 0xFF, 0xF0,
  0x3F, 0xF8, 0x00, 0x00, 0x00, 0x00, 0x00, 0x01, 0xFF, 0xE0, 0x3F, 0xF8,
  0x00, 0x00, 0x00, 0x00, 0x00, 0x03, 0xFF, 0xE0, 0x3F, 0xF8, 0x00, 0x00,
  0x00, 0x00, 0x00, 0x03, 0xFF, 0xC0, 0x3F, 0xFF, 0xFF, 0xFF, 0xFC, 0x00,
  0x00, 0x07, 0xFF, 0x80, 0x3F, 0xFF, 0xFF, 0xFF, 0xFC, 0x00, 0x00, 0x07,
  0xFF, 0x80, 0x3F, 0xFF, 0xFF, 0xFF, 0xFC, 0x00, 0x00, 0x0F, 0xFF, 0x00,
  0x3F, 0xFF, 0xFF, 0xFF, 0xFC, 0x00, 0x00, 0x1F, 0xFF, 0x00, 0x3F, 0xFF,
  0xFF, 0xFF, 0xFC, 0x00, 0x00, 0x1F, 0xFE, 0x00, 0x3F, 0xFF, 0xFF, 0xFF,
  0xFC, 0x00, 0x00, 0x3F, 0xFE, 0x00, 0x3F, 0xFF, 0xFF, 0xFF, 0xFC, 0x00,
  0x00, 0x7F, 0xFC, 0x00, 0x3F, 0xFF, 0xFF, 0xFF, 0xFC, 0x00, 0x00, 0x7F,
  0xF8, 0x00, 0x3F, 0xFF, 0xFF, 0xFF, 0xFC, 0x00, 0x00, 0xFF, 0xF8, 0x00,
  0x3F, 0xFF, 0xFF, 0xFF, 0xFC, 0x00, 0x00, 0xFF, 0xF0, 0x00, 0x3F, 0xF8,
  0x00, 0x00, 0x00, 0x00, 0x01, 0xFF, 0xF0, 0x00, 0x3F, 0xF8, 0x00, 0x00,
  0x00, 0x00, 0x03, 0xFF, 0xE0, 0x00, 0x3F, 0xF8, 0x00, 0x00, 0x00, 0x00,
  0x03, 0xFF, 0xFF, 0xFF, 0xFF, 0xF8, 0x00, 0x00, 0x00, 0x00, 0x07, 0xFF,
  0xFF, 0xFF, 0xFF, 0xF8, 0x00, 0x00, 0x00, 0x00, 0x0F, 0xFF, 0xFF, 0xFF,
  0xFF, 0xF8, 0x00, 0x00, 0x00, 0x00, 0x0F, 0xFF, 0xFF, 0xFF, 0xFF, 0xF8,
  0x00, 0x00, 0x00, 0x00, 0x1F, 0xFF, 0xFF, 0xFF, 0xFF, 0xF8, 0x00, 0x00,
  0x00, 0x00, 0x1F, 0xFF, 0xFF, 0xFF, 0xFF, 0xF8, 0x00, 0x00, 0x00, 0x00,
  0x3F, 0xFF, 0xFF, 0xFF, 0xFF, 0xF8, 0x00, 0x00, 0x00, 0x00, 0x7F, 0xFF,
  0xFF, 0xFF, 0xFF, 0xF8, 0x00, 0x00, 0x00, 0x00, 0x7F, 0xFF, 0xFF, 0xFF,
  0xFF, 0xF8, 0x00, 0x00, 0x00, 0x00, 0xFF, 0xF8, 0x00, 0x00, 0x3F, 0xF8,
  0x00, 0x00, 0x00, 0x01, 0xFF, 0xF0, 0x00, 0x00, 0x3F, 0xF8, 0x00, 0x00,
  0x00, 0x01, 0xFF, 0xF0, 0x00, 0x00, 0x3F, 0xF8, 0x00, 0x00, 0x00, 0x03,
  0xFF, 0xE0, 0x00, 0x00, 0x3F, 0xFF, 0xFF, 0xFF, 0xFF, 0x03, 0xFF, 0xE0,
  0x00, 0x00, 0x3F, 0xFF, 0xFF, 0xFF, 0xFF, 0x07, 0xFF, 0xC0, 0x00, 0x00,
  0x3F, 0xFF, 0xFF, 0xFF, 0xFF, 0x0F, 0xFF, 0x80, 0x00, 0x00, 0x3F, 0xFF,
  0xFF, 0xFF, 0xFF, 0x0F, 0xFF, 0x80, 0x00, 0x00, 0x3F, 0xFF, 0xFF, 0xFF,
  0xFF, 0x1F, 0xFF, 0x00, 0x00, 0x00, 0x3F, 0xFF, 0xFF, 0xFF, 0xFF, 0x3F,
  0xFF, 0x00, 0x00, 0x00, 0x3F, 0xFF, 0xFF, 0xFF, 0xFF, 0x3F, 0xFE, 0x00,
  0x00, 0x00, 0x3F, 0xFF, 0xFF, 0xFF, 0xFF, 0x7F, 0xFC, 0x00, 0x00, 0x00,
  0x3F, 0xFF, 0xFF, 0xFF, 0xFF, 0xFF, 0xFC, 0x00, 0x00, 0x00, 0x3F, 0xFF,
  0xFF, 0xFF, 0xFF, 0xFF, 0xF8, 0x00, 0x00, 0x00, 0x3F, 0xFF, 0xFF, 0xFF,
  0xFF, 0x00, 0x00, 0x00, 0x7F, 0xFE, 0x00, 0x00, 0x00, 0x00, 0x01, 0xFF,
  0xFF, 0xF0, 0x00, 0x00, 0x00, 0x07, 0xFF, 0xFF, 0xFE, 0x00, 0x00, 0x00,
  0x0F, 0xFF, 0xFF, 0xFF, 0xC0, 0x00, 0x00, 0x1F, 0xFF, 0xFF, 0xFF, 0xF8,
  0x00, 0x00, 0x1F, 0xFF, 0xFF, 0xFF, 0xFE, 0x00, 0x00, 0x3F, 0xFF, 0xFF,
  0xFF, 0xFF, 0xC0, 0x00, 0x3F, 0xFF, 0xFF, 0xFF, 0xFF, 0xF0, 0x00, 0x3F,
  0xFF, 0xFF, 0xFF, 0xFF, 0xFC, 0x00, 0x3F, 0xFF, 0xFF, 0xFF, 0xFF, 0xFF,
  0x00, 0x3F, 0xFF, 0xFF, 0xFF, 0xFF, 0xFF, 0xC0, 0x3F, 0xFF, 0xFC, 0x00,
  0x7F, 0xFF, 0x80, 0x3F, 0xFF, 0xF0, 0x00, 0x07, 0xFF, 0x80, 0x1F, 0xFF,
  0xE0, 0x00, 0x00, 0xFF, 0x80, 0x1F, 0xFF, 0xC0, 0x00, 0x00, 0x3F, 0x80,
  0x1F, 0xFF, 0xC0, 0x00, 0x00, 0x0F, 0x80, 0x0F, 0xFF, 0xC0, 0x00, 0x00,
  0x03, 0x80, 0x0F, 0xFF, 0xC0, 0x00, 0x00, 0x00, 0x80, 0x07, 0xFF, 0xC0,
  0x00, 0x00, 0x00, 0x00, 0x07, 0xFF, 0xC0, 0x00, 0x00, 0x00, 0x00, 0x03,
  0xFF, 0xE0, 0x00, 0x00, 0x00, 0x00, 0x01, 0xFF, 0xE0, 0x00, 0x00, 0x00,
  0x00, 0x01, 0xFF, 0xF0, 0x00, 0x00, 0x00, 0x00, 0x00, 0xFF, 0xF0, 0x00,
  0x00, 0x00, 0x00, 0x00, 0x7F, 0xF8, 0x00, 0x00, 0x00, 0x00, 0x00, 0x3F,
  0xFC, 0x00, 0x00, 0x00, 0x00, 0x00, 0x1F, 0xFC, 0x00, 0x00, 0x00, 0x00,
  0x00, 0x0F, 0xFE, 0x00, 0x00, 0x00, 0x00, 0x00, 0x0F, 0xFF, 0x00, 0x00,
  0x00, 0x00, 0x00, 0x07, 0xFF, 0x80, 0x00, 0x00, 0x00, 0x00, 0x03, 0xFF,
  0xC0, 0x00, 0x00, 0x00, 0x00, 0x01, 0xFF, 0xE0, 0x00, 0x00, 0x00, 0x00,
  0x00, 0xFF, 0xF0, 0x00, 0x00, 0x00, 0x00, 0x00, 0x7F, 0xF8, 0x00, 0x00,
  0x00, 0x00, 0x00, 0x3F, 0xFC, 0x00, 0x00, 0x00, 0x00, 0x00, 0x1F, 0xFE,
  0x00, 0x00, 0x00, 0x00, 0x00, 0x07, 0xFF, 0x00, 0x00, 0x00, 0x00, 0x00,
  0x03, 0xFF, 0x80, 0x00, 0x00, 0x00, 0x00, 0x01, 0xFF, 0xE0, 0x00, 0x00,
  0x00, 0x00, 0x00, 0xFF, 0xF0, 0x00, 0x00, 0x00, 0x00, 0x00, 0x7F, 0xF8,
  0x00, 0x00, 0x00, 0x00, 0x00, 0x3F, 0xFE, 0x00, 0x00, 0x00, 0x00, 0x00,
  0x0F, 0xFF, 0x00, 0x00, 0x00, 0x00, 0x00, 0x07, 0xFF, 0xC0, 0x00, 0x00,
  0x00, 0x00, 0x03, 0xFF, 0xE0, 0x00, 0x00, 0x00, 0x00, 0x00, 0xFF, 0xF8,
  0x00, 0x00, 0x00, 0x02, 0x00, 0x7F, 0xFE, 0x00, 0x00, 0x00, 0x03, 0x00,
  0x1F, 0xFF, 0x80, 0x00, 0x00, 0x03, 0xC0, 0x0F, 0xFF, 0xE0, 0x00, 0x00,
  0x03, 0xF0, 0x03, 0xFF, 0xF8, 0x00, 0x00, 0x03, 0xFC, 0x00, 0xFF, 0xFF,
  0x00, 0x00, 0x07, 0xFF, 0x00, 0x7F, 0xFF, 0xE0, 0x00, 0x0F, 0xFF, 0xC0,
  0x1F, 0xFF, 0xFC, 0x00, 0x3F, 0xFF, 0xF0, 0x07, 0xFF, 0xFF, 0xFF, 0xFF,
  0xFF, 0xFC, 0x01, 0xFF, 0xFF, 0xFF, 0xFF, 0xFF, 0xFC, 0x00, 0x7F, 0xFF,
  0xFF, 0xFF, 0xFF, 0xFC, 0x00, 0x1F, 0xFF, 0xFF, 0xFF, 0xFF, 0xFC, 0x00,
  0x07, 0xFF, 0xFF, 0xFF, 0xFF, 0xFC, 0x00, 0x01, 0xFF, 0xFF, 0xFF, 0xFF,
  0xF8, 0x00, 0x00, 0x3F, 0xFF, 0xFF, 0xFF, 0xF8, 0x00, 0x00, 0x0F, 0xFF,
  0xFF, 0xFF, 0xF0, 0x00, 0x00, 0x01, 0xFF, 0xFF, 0xFF, 0xE0, 0x00, 0x00,
  0x00, 0x1F, 0xFF, 0xFF, 0xC0, 0x00, 0x00, 0x00, 0x01, 0xFF, 0xFF, 0x00,
  0x00, 0x00, 0x00, 0x00, 0x7F, 0x00, 0x00, 0x00, 0x00, 0x00, 0x00, 0x3F,
  0x00, 0x00, 0x00, 0x00, 0x00, 0x00, 0x3F, 0x00, 0x00, 0x00, 0x00, 0x00,
  0x00, 0x1F, 0xFE, 0x00, 0x00, 0x00, 0x00, 0x00, 0x1F, 0xFF, 0xC0, 0x00,
  0x00, 0x00, 0x00, 0x0F, 0xFF, 0xF0, 0x00, 0x00, 0x00, 0x00, 0x0F, 0xFF,
  0xF8, 0x00, 0x00, 0x00, 0x00, 0x07, 0xFF, 0xFE, 0x00, 0x00, 0x00, 0x00,
  0x00, 0x7D, 0xFF, 0x00, 0x00, 0x00, 0x00, 0x00, 0x08, 0x3F, 0xC0, 0x00,
  0x00, 0x00, 0x00, 0x00, 0x1F, 0xE0, 0x00, 0x00, 0x00, 0x00, 0x00, 0x0F,
  0xF0, 0x00, 0x00, 0x00, 0x00, 0x02, 0x07, 0xF8, 0x00, 0x00, 0x00, 0x00,
  0x07, 0x83, 0xFC, 0x00, 0x00, 0x00, 0x00, 0x0F, 0xE3, 0xFC, 0x00, 0x00,
  0x00, 0x00, 0x0F, 0xFF, 0xFE, 0x00, 0x00, 0x00, 0x00, 0x03, 0xFF, 0xFF,
  0x00, 0x00, 0x00, 0x00, 0x00, 0xFF, 0xFF, 0x00, 0x00, 0x00, 0x00, 0x00,
  0x3F, 0xFF, 0x00, 0x00, 0x00, 0x00, 0x00, 0x0F, 0xFF, 0x00, 0x00, 0x00,
  0x00, 0x00, 0x01, 0xFC, 0x00, 0x00, 0x00, 0x01, 0xFF, 0xE0, 0x00, 0x00,
  0x07, 0xFF, 0x00, 0x00, 0x00, 0x1F, 0xF8, 0x00, 0x00, 0x00, 0xFF, 0xE0,
  0x00, 0x00, 0x03, 0xFF, 0x00, 0x00, 0x00, 0x1F, 0xFC, 0x00, 0x00, 0x00,
  0x7F, 0xE0, 0x00, 0x00, 0x01, 0xFF, 0x00, 0x00, 0x00, 0x0F, 0xFC, 0x00,
  0x00, 0x00, 0x3F, 0xE0, 0x00, 0x00, 0x01, 0xFF, 0x80, 0x00, 0x00, 0x07,
  0xFC, 0x00, 0x00, 0x00, 0x3F, 0xF0, 0x00, 0x00, 0x00, 0xFF, 0x80, 0x00,
  0x00, 0x00, 0x00, 0x00, 0x00, 0x00, 0x00, 0x00, 0x00, 0x00, 0x00, 0x00,
  0x00, 0x00, 0x00, 0x00, 0x00, 0x00, 0x00, 0x00, 0x00, 0x00, 0x00, 0x00,
  0x00, 0x00, 0x00, 0x00, 0x00, 0x00, 0x00, 0x00, 0x7F, 0xFF, 0xFF, 0xFF,
  0xFF, 0xFF, 0xFF, 0xFF, 0xFF, 0xFF, 0xFF, 0xFF, 0xFF, 0xFF, 0xFF, 0xFF,
  0xFF, 0xFF, 0xFF, 0xFF, 0xFF, 0xFF, 0xFF, 0xFF, 0xFF, 0xFF, 0xFF, 0xFF,
  0xFF, 0xFF, 0xFF, 0xFF, 0xFF, 0xFF, 0xFF, 0xFF, 0xFF, 0xFF, 0xFF, 0xFF,
  0xFF, 0xFF, 0xFF, 0xFF, 0xFF, 0xFF, 0xFF, 0xFF, 0xFF, 0xFF, 0xFF, 0xFF,
  0xE0, 0x00, 0x00, 0x07, 0xFF, 0x00, 0x00, 0x00, 0x3F, 0xF8, 0x00, 0x00,
  0x01, 0xFF, 0xC0, 0x00, 0x00, 0x0F, 0xFE, 0x00, 0x00, 0x00, 0x7F, 0xF0,
  0x00, 0x00, 0x03, 0xFF, 0x80, 0x00, 0x00, 0x1F, 0xFC, 0x00, 0x00, 0x00,
  0xFF, 0xE0, 0x00, 0x00, 0x07, 0xFF, 0x00, 0x00, 0x00, 0x3F, 0xF8, 0x00,
  0x00, 0x01, 0xFF, 0xC0, 0x00, 0x00, 0x0F, 0xFE, 0x00, 0x00, 0x00, 0x7F,
  0xF0, 0x00, 0x00, 0x03, 0xFF, 0x80, 0x00, 0x00, 0x1F, 0xFF, 0xFF, 0xFF,
  0xFE, 0xFF, 0xFF, 0xFF, 0xFF, 0xF7, 0xFF, 0xFF, 0xFF, 0xFF, 0xBF, 0xFF,
  0xFF, 0xFF, 0xFD, 0xFF, 0xFF, 0xFF, 0xFF, 0xEF, 0xFF, 0xFF, 0xFF, 0xFF,
  0x7F, 0xFF, 0xFF, 0xFF, 0xFB, 0xFF, 0xFF, 0xFF, 0xFF, 0xDF, 0xFF, 0xFF,
  0xFF, 0xFE, 0xFF, 0xFF, 0xFF, 0xFF, 0xF7, 0xFF, 0x00, 0x00, 0x00, 0x3F,
  0xF8, 0x00, 0x00, 0x01, 0xFF, 0xC0, 0x00, 0x00, 0x0F, 0xFE, 0x00, 0x00,
  0x00, 0x7F, 0xF0, 0x00, 0x00, 0x03, 0xFF, 0x80, 0x00, 0x00, 0x1F, 0xFC,
  0x00, 0x00, 0x00, 0xFF, 0xE0, 0x00, 0x00, 0x07, 0xFF, 0x00, 0x00, 0x00,
  0x3F, 0xF8, 0x00, 0x00, 0x01, 0xFF, 0xC0, 0x00, 0x00, 0x0F, 0xFE, 0x00,
  0x00, 0x00, 0x7F, 0xF0, 0x00, 0x00, 0x03, 0xFF, 0x80, 0x00, 0x00, 0x1F,
  0xFC, 0x00, 0x00, 0x00, 0xFF, 0xFF, 0xFF, 0xFF, 0xFF, 0xFF, 0xFF, 0xFF,
  0xFF, 0xFF, 0xFF, 0xFF, 0xFF, 0xFF, 0xFF, 0xFF, 0xFF, 0xFF, 0xFF, 0xFF,
  0xFF, 0xFF, 0xFF, 0xFF, 0xFF, 0xFF, 0xFF, 0xFF, 0xFF, 0xFF, 0xFF, 0xFF,
  0xFF, 0xFF, 0xFF, 0xFF, 0xFF, 0xFF, 0xFF, 0xFF, 0xFF, 0xFF, 0xFF, 0xFF,
  0xFF, 0xFF, 0xFF, 0xFF, 0xFF, 0xFF, 0xFE, 0x00, 0x00, 0x0F, 0xFE, 0x00,
  0x00, 0x00, 0xFF, 0xE0, 0x00, 0x00, 0x07, 0xFF, 0x00, 0x00, 0x00, 0x3F,
  0xF0, 0x00, 0x00, 0x03, 0xFF, 0x00, 0x00, 0x00, 0x1F, 0xF8, 0x00, 0x00,
  0x01, 0xFF, 0x80, 0x00, 0x00, 0x0F, 0xFC, 0x00, 0x00, 0x00, 0xFF, 0xC0,
  0x00, 0x00, 0x07, 0xFE, 0x00, 0x00, 0x00, 0x3F, 0xE0, 0x00, 0x00, 0x03,
  0xFF, 0x00, 0x00, 0x00, 0x1F, 0xF0, 0x00, 0x00, 0x01, 0xFF, 0x00, 0x00,
  0x00, 0x00, 0x00, 0x00, 0x00, 0x00, 0x00, 0x00, 0x00, 0x00, 0x00, 0x00,
  0x00, 0x00, 0x00, 0x00, 0x00, 0x00, 0x00, 0x00, 0x00, 0x00, 0x00, 0x00,
  0x00, 0x00, 0x00, 0x00, 0x00, 0x00, 0x00, 0x00, 0x7F, 0xFF, 0xFF, 0xFF,
  0xFF, 0xFF, 0xFF, 0xFF, 0xFF, 0xFF, 0xFF, 0xFF, 0xFF, 0xFF, 0xFF, 0xFF,
  0xFF, 0xFF, 0xFF, 0xFF, 0xFF, 0xFF, 0xFF, 0xFF, 0xFF, 0xFF, 0xFF, 0xFF,
  0xFF, 0xFF, 0xFF, 0xFF, 0xFF, 0xFF, 0xFF, 0xFF, 0xFF, 0xFF, 0xFF, 0xFF,
  0xFF, 0xFF, 0xFF, 0xFF, 0xFF, 0xFF, 0xFF, 0xFF, 0xFF, 0xFF, 0xFF, 0xFF,
  0xE0, 0x00, 0x00, 0x07, 0xFF, 0x00, 0x00, 0x00, 0x3F, 0xF8, 0x00, 0x00,
  0x01, 0xFF, 0xC0, 0x00, 0x00, 0x0F, 0xFE, 0x00, 0x00, 0x00, 0x7F, 0xF0,
  0x00, 0x00, 0x03, 0xFF, 0x80, 0x00, 0x00, 0x1F, 0xFC, 0x00, 0x00, 0x00,
  0xFF, 0xE0, 0x00, 0x00, 0x07, 0xFF, 0x00, 0x00, 0x00, 0x3F, 0xF8, 0x00,
  0x00, 0x01, 0xFF, 0xC0, 0x00, 0x00, 0x0F, 0xFE, 0x00, 0x00, 0x00, 0x7F,
  0xF0, 0x00, 0x00, 0x03, 0xFF, 0x80, 0x00, 0x00, 0x1F, 0xFF, 0xFF, 0xFF,
  0xFE, 0xFF, 0xFF, 0xFF, 0xFF, 0xF7, 0xFF, 0xFF, 0xFF, 0xFF, 0xBF, 0xFF,
  0xFF, 0xFF, 0xFD, 0xFF, 0xFF, 0xFF, 0xFF, 0xEF, 0xFF, 0xFF, 0xFF, 0xFF,
  0x7F, 0xFF, 0xFF, 0xFF, 0xFB, 0xFF, 0xFF, 0xFF, 0xFF, 0xDF, 0xFF, 0xFF,
  0xFF, 0xFE, 0xFF, 0xFF, 0xFF, 0xFF, 0xF7, 0xFF, 0x00, 0x00, 0x00, 0x3F,
  0xF8, 0x00, 0x00, 0x01, 0xFF, 0xC0, 0x00, 0x00, 0x0F, 0xFE, 0x00, 0x00,
  0x00, 0x7F, 0xF0, 0x00, 0x00, 0x03, 0xFF, 0x80, 0x00, 0x00, 0x1F, 0xFC,
  0x00, 0x00, 0x00, 0xFF, 0xE0, 0x00, 0x00, 0x07, 0xFF, 0x00, 0x00, 0x00,
  0x3F, 0xF8, 0x00, 0x00, 0x01, 0xFF, 0xC0, 0x00, 0x00, 0x0F, 0xFE, 0x00,
  0x00, 0x00, 0x7F, 0xF0, 0x00, 0x00, 0x03, 0xFF, 0x80, 0x00, 0x00, 0x1F,
  0xFC, 0x00, 0x00, 0x00, 0xFF, 0xFF, 0xFF, 0xFF, 0xFF, 0xFF, 0xFF, 0xFF,
  0xFF, 0xFF, 0xFF, 0xFF, 0xFF, 0xFF, 0xFF, 0xFF, 0xFF, 0xFF, 0xFF, 0xFF,
  0xFF, 0xFF, 0xFF, 0xFF, 0xFF, 0xFF, 0xFF, 0xFF, 0xFF, 0xFF, 0xFF, 0xFF,
  0xFF, 0xFF, 0xFF, 0xFF, 0xFF, 0xFF, 0xFF, 0xFF, 0xFF, 0xFF, 0xFF, 0xFF,
  0xFF, 0xFF, 0xFF, 0xFF, 0xFF, 0xFF, 0xFE, 0x00, 0x03, 0xFF, 0x00, 0x00,
  0x00, 0x3F, 0xFC, 0x00, 0x00, 0x03, 0xFF, 0xF0, 0x00, 0x00, 0x3F, 0xFF,
  0xC0, 0x00, 0x01, 0xFF, 0xFF, 0x00, 0x00, 0x1F, 0xFF, 0xFC, 0x00, 0x01,
  0xFF, 0xFF, 0xE0, 0x00, 0x1F, 0xF9, 0xFF, 0x80, 0x01, 0xFF, 0x87, 0xFE,
  0x00, 0x1F, 0xF8, 0x1F, 0xF8, 0x00, 0xFF, 0xC0, 0x7F, 0xE0, 0x0F, 0xFC,
  0x01, 0xFF, 0x80, 0xFF, 0xC0, 0x0F, 0xFC, 0x0F, 0xFC, 0x00, 0x3F, 0xF0,
  0x00, 0x00, 0x00, 0x00, 0x00, 0x00, 0x00, 0x00, 0x00, 0x00, 0x00, 0x00,
  0x00, 0x00, 0x00, 0x00, 0x00, 0x00, 0x00, 0x00, 0x00, 0x00, 0x00, 0x00,
  0x00, 0x00, 0x00, 0x00, 0x00, 0x00, 0x00, 0x00, 0x7F, 0xFF, 0xFF, 0xFF,
  0xFF, 0xFF, 0xFF, 0xFF, 0xFF, 0xFF, 0xFF, 0xFF, 0xFF, 0xFF, 0xFF, 0xFF,
  0xFF, 0xFF, 0xFF, 0xFF, 0xFF, 0xFF, 0xFF, 0xFF, 0xFF, 0xFF, 0xFF, 0xFF,
  0xFF, 0xFF, 0xFF, 0xFF, 0xFF, 0xFF, 0xFF, 0xFF, 0xFF, 0xFF, 0xFF, 0xFF,
  0xFF, 0xFF, 0xFF, 0xFF, 0xFF, 0xFF, 0xFF, 0xFF, 0xFF, 0xFF, 0xFF, 0xFF,
  0xE0, 0x00, 0x00, 0x07, 0xFF, 0x00, 0x00, 0x00, 0x3F, 0xF8, 0x00, 0x00,
  0x01, 0xFF, 0xC0, 0x00, 0x00, 0x0F, 0xFE, 0x00, 0x00, 0x00, 0x7F, 0xF0,
  0x00, 0x00, 0x03, 0xFF, 0x80, 0x00, 0x00, 0x1F, 0xFC, 0x00, 0x00, 0x00,
  0xFF, 0xE0, 0x00, 0x00, 0x07, 0xFF, 0x00, 0x00, 0x00, 0x3F, 0xF8, 0x00,
  0x00, 0x01, 0xFF, 0xC0, 0x00, 0x00, 0x0F, 0xFE, 0x00, 0x00, 0x00, 0x7F,
  0xF0, 0x00, 0x00, 0x03, 0xFF, 0x80, 0x00, 0x00, 0x1F, 0xFF, 0xFF, 0xFF,
  0xFE, 0xFF, 0xFF, 0xFF, 0xFF, 0xF7, 0xFF, 0xFF, 0xFF, 0xFF, 0xBF, 0xFF,
  0xFF, 0xFF, 0xFD, 0xFF, 0xFF, 0xFF, 0xFF, 0xEF, 0xFF, 0xFF, 0xFF, 0xFF,
  0x7F, 0xFF, 0xFF, 0xFF, 0xFB, 0xFF, 0xFF, 0xFF, 0xFF, 0xDF, 0xFF, 0xFF,
  0xFF, 0xFE, 0xFF, 0xFF, 0xFF, 0xFF, 0xF7, 0xFF, 0x00, 0x00, 0x00, 0x3F,
  0xF8, 0x00, 0x00, 0x01, 0xFF, 0xC0, 0x00, 0x00, 0x0F, 0xFE, 0x00, 0x00,
  0x00, 0x7F, 0xF0, 0x00, 0x00, 0x03, 0xFF, 0x80, 0x00, 0x00, 0x1F, 0xFC,
  0x00, 0x00, 0x00, 0xFF, 0xE0, 0x00, 0x00, 0x07, 0xFF, 0x00, 0x00, 0x00,
  0x3F, 0xF8, 0x00, 0x00, 0x01, 0xFF, 0xC0, 0x00, 0x00, 0x0F, 0xFE, 0x00,
  0x00, 0x00, 0x7F, 0xF0, 0x00, 0x00, 0x03, 0xFF, 0x80, 0x00, 0x00, 0x1F,
  0xFC, 0x00, 0x00, 0x00, 0xFF, 0xFF, 0xFF, 0xFF, 0xFF, 0xFF, 0xFF, 0xFF,
  0xFF, 0xFF, 0xFF, 0xFF, 0xFF, 0xFF, 0xFF, 0xFF, 0xFF, 0xFF, 0xFF, 0xFF,
  0xFF, 0xFF, 0xFF, 0xFF, 0xFF, 0xFF, 0xFF, 0xFF, 0xFF, 0xFF, 0xFF, 0xFF,
  0xFF, 0xFF, 0xFF, 0xFF, 0xFF, 0xFF, 0xFF, 0xFF, 0xFF, 0xFF, 0xFF, 0xFF,
  0xFF, 0xFF, 0xFF, 0xFF, 0xFF, 0xFF, 0xFE, 0x01, 0xF8, 0x00, 0x7E, 0x00,
  0x1F, 0xE0, 0x07, 0xFC, 0x01, 0xFF, 0x80, 0x7F, 0xE0, 0x1F, 0xFC, 0x03,
  0xFF, 0x80, 0xFF, 0xF0, 0x1F, 0xFC, 0x07, 0xFF, 0x81, 0xFF, 0xE0, 0x3F,
  0xFC, 0x07, 0xFF, 0x01, 0xFF, 0xE0, 0x3F, 0xF8, 0x0F, 0xFE, 0x01, 0xFF,
  0xC0, 0x3F, 0xF0, 0x07, 0xFC, 0x00, 0xFF, 0x00, 0x1F, 0xC0, 0x01, 0xE0,
  0x00, 0x38, 0x00, 0x00, 0x00, 0x00, 0x00, 0x00, 0x00, 0x00, 0x00, 0x00,
  0x00, 0x00, 0x00, 0x00, 0x00, 0x00, 0x00, 0x00, 0x00, 0x00, 0x00, 0x00,
  0x00, 0x00, 0x00, 0x00, 0x00, 0x00, 0x00, 0x00, 0x00, 0x00, 0x00, 0x00,
  0x00, 0x00, 0x00, 0x0F, 0xFF, 0xFF, 0xFF, 0xFF, 0xFF, 0xFF, 0xFF, 0xFF,
  0xFF, 0xFF, 0xFF, 0xFF, 0xFF, 0xFF, 0xFF, 0xFF, 0xFF, 0xFF, 0xFF, 0xFF,
  0xFF, 0xFF, 0xFF, 0xFF, 0xFF, 0xFF, 0xFF, 0xFF, 0xFF, 0xFF, 0xFF, 0xFF,
  0xFF, 0xFF, 0xFF, 0xFF, 0xFF, 0xFF, 0xFF, 0xFF, 0xFF, 0xFF, 0xFF, 0xFF,
  0xFF, 0xFF, 0xFF, 0xFF, 0xFF, 0xFF, 0xFF, 0xFC, 0x00, 0x00, 0x00, 0xFF,
  0xE0, 0x00, 0x00, 0x07, 0xFF, 0x00, 0x00, 0x00, 0x3F, 0xF8, 0x00, 0x00,
  0x01, 0xFF, 0xC0, 0x00, 0x00, 0x0F, 0xFE, 0x00, 0x00, 0x00, 0x7F, 0xF0,
  0x00, 0x00, 0x03, 0xFF, 0x80, 0x00, 0x00, 0x1F, 0xFC, 0x00, 0x00, 0x00,
  0xFF, 0xE0, 0x00, 0x00, 0x07, 0xFF, 0x00, 0x00, 0x00, 0x3F, 0xF8, 0x00,
  0x00, 0x01, 0xFF, 0xC0, 0x00, 0x00, 0x0F, 0xFE, 0x00, 0x00, 0x00, 0x7F,
  0xF0, 0x00, 0x00, 0x03, 0xFF, 0xFF, 0xFF, 0xFF, 0xDF, 0xFF, 0xFF, 0xFF,
  0xFE, 0xFF, 0xFF, 0xFF, 0xFF, 0xF7, 0xFF, 0xFF, 0xFF, 0xFF, 0xBF, 0xFF,
  0xFF, 0xFF, 0xFD, 0xFF, 0xFF, 0xFF, 0xFF, 0xEF, 0xFF, 0xFF, 0xFF, 0xFF,
  0x7F, 0xFF, 0xFF, 0xFF, 0xFB, 0xFF, 0xFF, 0xFF, 0xFF, 0xDF, 0xFF, 0xFF,
  0xFF, 0xFE, 0xFF, 0xE0, 0x00, 0x00, 0x07, 0xFF, 0x00, 0x00, 0x00, 0x3F,
  0xF8, 0x00, 0x00, 0x01, 0xFF, 0xC0, 0x00, 0x00, 0x0F, 0xFE, 0x00, 0x00,
  0x00, 0x7F, 0xF0, 0x00, 0x00, 0x03, 0xFF, 0x80, 0x00, 0x00, 0x1F, 0xFC,
  0x00, 0x00, 0x00, 0xFF, 0xE0, 0x00, 0x00, 0x07, 0xFF, 0x00, 0x00, 0x00,
  0x3F, 0xF8, 0x00, 0x00, 0x01, 0xFF, 0xC0, 0x00, 0x00, 0x0F, 0xFE, 0x00,
  0x00, 0x00, 0x7F, 0xF0, 0x00, 0x00, 0x03, 0xFF, 0x80, 0x00, 0x00, 0x1F,
  0xFF, 0xFF, 0xFF, 0xFF, 0xFF, 0xFF, 0xFF, 0xFF, 0xFF, 0xFF, 0xFF, 0xFF,
  0xFF, 0xFF, 0xFF, 0xFF, 0xFF, 0xFF, 0xFF, 0xFF, 0xFF, 0xFF, 0xFF, 0xFF,
  0xFF, 0xFF, 0xFF, 0xFF, 0xFF, 0xFF, 0xFF, 0xFF, 0xFF, 0xFF, 0xFF, 0xFF,
  0xFF, 0xFF, 0xFF, 0xFF, 0xFF, 0xFF, 0xFF, 0xFF, 0xFF, 0xFF, 0xFF, 0xFF,
  0xFF, 0xFF, 0xC0, 0xFF, 0xE0, 0x7F, 0xF0, 0x1F, 0xFC, 0x0F, 0xFE, 0x03,
  0xFF, 0x00, 0xFF, 0xC0, 0x7F, 0xE0, 0x1F, 0xF8, 0x0F, 0xFC, 0x03, 0xFE,
  0x01, 0xFF, 0x80, 0x7F, 0xC0, 0x1F, 0xF0, 0x0F, 0xF8, 0x00, 0x00, 0x00,
  0x00, 0x00, 0x00, 0x00, 0x00, 0x00, 0x00, 0x00, 0x00, 0x00, 0x00, 0x00,
  0x1F, 0xFC, 0x0F, 0xFE, 0x07, 0xFF, 0x03, 0xFF, 0x81, 0xFF, 0xC0, 0xFF,
  0xE0, 0x7F, 0xF0, 0x3F, 0xF8, 0x1F, 0xFC, 0x0F, 0xFE, 0x07, 0xFF, 0x03,
  0xFF, 0x81, 0xFF, 0xC0, 0xFF, 0xE0, 0x7F, 0xF0, 0x3F, 0xF8, 0x1F, 0xFC,
  0x0F, 0xFE, 0x07, 0xFF, 0x03, 0xFF, 0x81, 0xFF, 0xC0, 0xFF, 0xE0, 0x7F,
  0xF0, 0x3F, 0xF8, 0x1F, 0xFC, 0x0F, 0xFE, 0x07, 0xFF, 0x03, 0xFF, 0x81,
  0xFF, 0xC0, 0xFF, 0xE0, 0x7F, 0xF0, 0x3F, 0xF8, 0x1F, 0xFC, 0x0F, 0xFE,
  0x07, 0xFF, 0x03, 0xFF, 0x81, 0xFF, 0xC0, 0xFF, 0xE0, 0x7F, 0xF0, 0x3F,
  0xF8, 0x1F, 0xFC, 0x0F, 0xFE, 0x07, 0xFF, 0x03, 0xFF, 0x81, 0xFF, 0xC0,
  0xFF, 0xE0, 0x7F, 0xF0, 0x3F, 0xF8, 0x1F, 0xFC, 0x0F, 0xFE, 0x07, 0xFF,
  0x03, 0xFF, 0x81, 0xFF, 0xC0, 0xFF, 0xE0, 0x7F, 0xF0, 0x3F, 0xF8, 0x1F,
  0xFC, 0x0F, 0xFE, 0x07, 0xFF, 0x03, 0xFF, 0x81, 0xFF, 0xC0, 0xFF, 0xE0,
  0x03, 0xFF, 0x81, 0xFF, 0x81, 0xFF, 0xC0, 0xFF, 0xC0, 0xFF, 0xE0, 0x7F,
  0xE0, 0x7F, 0xF0, 0x3F, 0xF0, 0x1F, 0xF0, 0x1F, 0xF8, 0x0F, 0xF8, 0x0F,
  0xFC, 0x07, 0xFC, 0x07, 0xFE, 0x00, 0x00, 0x00, 0x00, 0x00, 0x00, 0x00,
  0x00, 0x00, 0x00, 0x00, 0x00, 0x00, 0x00, 0x00, 0x07, 0xFF, 0x03, 0xFF,
  0x81, 0xFF, 0xC0, 0xFF, 0xE0, 0x7F, 0xF0, 0x3F, 0xF8, 0x1F, 0xFC, 0x0F,
  0xFE, 0x07, 0xFF, 0x03, 0xFF, 0x81, 0xFF, 0xC0, 0xFF, 0xE0, 0x7F, 0xF0,
  0x3F, 0xF8, 0x1F, 0xFC, 0x0F, 0xFE, 0x07, 0xFF, 0x03, 0xFF, 0x81, 0xFF,
  0xC0, 0xFF, 0xE0, 0x7F, 0xF0, 0x3F, 0xF8, 0x1F, 0xFC, 0x0F, 0xFE, 0x07,
  0xFF, 0x03, 0xFF, 0x81, 0xFF, 0xC0, 0xFF, 0xE0, 0x7F, 0xF0, 0x3F, 0xF8,
  0x1F, 0xFC, 0x0F, 0xFE, 0x07, 0xFF, 0x03, 0xFF, 0x81, 0xFF, 0xC0, 0xFF,
  0xE0, 0x7F, 0xF0, 0x3F, 0xF8, 0x1F, 0xFC, 0x0F, 0xFE, 0x07, 0xFF, 0x03,
  0xFF, 0x81, 0xFF, 0xC0, 0xFF, 0xE0, 0x7F, 0xF0, 0x3F, 0xF8, 0x1F, 0xFC,
  0x0F, 0xFE, 0x07, 0xFF, 0x03, 0xFF, 0x81, 0xFF, 0xC0, 0xFF, 0xE0, 0x7F,
  0xF0, 0x3F, 0xF8, 0x1F, 0xFC, 0x0F, 0xFE, 0x07, 0xFF, 0x03, 0xFF, 0x81,
  0xFF, 0xC0, 0xFF, 0xE0, 0x7F, 0xF0, 0x3F, 0xF8, 0x00, 0x00, 0x1F, 0xFC,
  0x00, 0x00, 0x1F, 0xFE, 0x00, 0x00, 0x1F, 0xFF, 0x80, 0x00, 0x0F, 0xFF,
  0xE0, 0x00, 0x0F, 0xFF, 0xF8, 0x00, 0x0F, 0xFF, 0xFE, 0x00, 0x0F, 0xFD,
  0xFF, 0x80, 0x0F, 0xFC, 0xFF, 0xC0, 0x0F, 0xFC, 0x3F, 0xF0, 0x07, 0xFE,
  0x0F, 0xFC, 0x07, 0xFE, 0x03, 0xFF, 0x07, 0xFE, 0x00, 0xFF, 0xC7, 0xFE,
  0x00, 0x3F, 0xF7, 0xFE, 0x00, 0x1F, 0xFC, 0x00, 0x00, 0x00, 0x00, 0x00,
  0x00, 0x00, 0x00, 0x00, 0x00, 0x00, 0x00, 0x00, 0x00, 0x00, 0x00, 0x00,
  0x00, 0x00, 0x00, 0x00, 0x00, 0x00, 0x00, 0x00, 0x00, 0x00, 0x00, 0x00,
  0x00, 0xFF, 0xE0, 0x00, 0x00, 0x7F, 0xF0, 0x00, 0x00, 0x3F, 0xF8, 0x00,
  0x00, 0x1F, 0xFC, 0x00, 0x00, 0x0F, 0xFE, 0x00, 0x00, 0x07, 0xFF, 0x00,
  0x00, 0x03, 0xFF, 0x80, 0x00, 0x01, 0xFF, 0xC0, 0x00, 0x00, 0xFF, 0xE0,
  0x00, 0x00, 0x7F, 0xF0, 0x00, 0x00, 0x3F, 0xF8, 0x00, 0x00, 0x1F, 0xFC,
  0x00, 0x00, 0x0F, 0xFE, 0x00, 0x00, 0x07, 0xFF, 0x00, 0x00, 0x03, 0xFF,
  0x80, 0x00, 0x01, 0xFF, 0xC0, 0x00, 0x00, 0xFF, 0xE0, 0x00, 0x00, 0x7F,
  0xF0, 0x00, 0x00, 0x3F, 0xF8, 0x00, 0x00, 0x1F, 0xFC, 0x00, 0x00, 0x0F,
  0xFE, 0x00, 0x00, 0x07, 0xFF, 0x00, 0x00, 0x03, 0xFF, 0x80, 0x00, 0x01,
  0xFF, 0xC0, 0x00, 0x00, 0xFF, 0xE0, 0x00, 0x00, 0x7F, 0xF0, 0x00, 0x00,
  0x3F, 0xF8, 0x00, 0x00, 0x1F, 0xFC, 0x00, 0x00, 0x0F, 0xFE, 0x00, 0x00,
  0x07, 0xFF, 0x00, 0x00, 0x03, 0xFF, 0x80, 0x00, 0x01, 0xFF, 0xC0, 0x00,
  0x00, 0xFF, 0xE0, 0x00, 0x00, 0x7F, 0xF0, 0x00, 0x00, 0x3F, 0xF8, 0x00,
  0x00, 0x1F, 0xFC, 0x00, 0x00, 0x0F, 0xFE, 0x00, 0x00, 0x07, 0xFF, 0x00,
  0x00, 0x03, 0xFF, 0x80, 0x00, 0x01, 0xFF, 0xC0, 0x00, 0x00, 0xFF, 0xE0,
  0x00, 0x00, 0x7F, 0xF0, 0x00, 0x00, 0x3F, 0xF8, 0x00, 0x00, 0x1F, 0xFC,
  0x00, 0x00, 0x0F, 0xFE, 0x00, 0x00, 0x07, 0xFF, 0x00, 0x00, 0x03, 0xFF,
  0x80, 0x00, 0x01, 0xFF, 0xC0, 0x00, 0x00, 0xFF, 0xE0, 0x00, 0x00, 0x7F,
  0xF0, 0x00, 0x00, 0x3F, 0xF8, 0x00, 0x00, 0x1F, 0xFC, 0x00, 0x00, 0x0F,
  0xFE, 0x00, 0x00, 0x07, 0xFF, 0x00, 0x00, 0x03, 0xFF, 0x80, 0x00, 0x01,
  0xFF, 0xC0, 0x00, 0x00, 0xFF, 0xE0, 0x00, 0x00, 0x7F, 0xF0, 0x00, 0x00,
  0x3F, 0xF8, 0x00, 0x00, 0x1F, 0xFC, 0x00, 0x00, 0x0F, 0xFE, 0x00, 0x00,
  0x07, 0xFF, 0x00, 0x00, 0x1F, 0x80, 0x03, 0xF0, 0x7F, 0x80, 0x1F, 0xF1,
  0xFF, 0x80, 0x3F, 0xF7, 0xFF, 0x80, 0xFF, 0xEF, 0xFF, 0x01, 0xFF, 0xFF,
  0xFE, 0x03, 0xFF, 0xFF, 0xFC, 0x07, 0xFF, 0xFF, 0xF8, 0x0F, 0xFE, 0x7F,
  0xE0, 0x1F, 0xFC, 0xFF, 0xC0, 0x1F, 0xF0, 0xFF, 0x00, 0x1F, 0xC0, 0x78,
  0x00, 0x0E, 0x00, 0x00, 0x00, 0x00, 0x00, 0x00, 0x00, 0x00, 0x00, 0x00,
  0x00, 0x00, 0x00, 0x00, 0x00, 0x00, 0x00, 0x00, 0x00, 0x00, 0x00, 0x00,
  0x00, 0x00, 0x00, 0x00, 0x00, 0x00, 0x00, 0x00, 0x00, 0x00, 0x03, 0xFF,
  0x80, 0x00, 0x07, 0xFF, 0x00, 0x00, 0x0F, 0xFE, 0x00, 0x00, 0x1F, 0xFC,
  0x00, 0x00, 0x3F, 0xF8, 0x00, 0x00, 0x7F, 0xF0, 0x00, 0x00, 0xFF, 0xE0,
  0x00, 0x01, 0xFF, 0xC0, 0x00, 0x03, 0xFF, 0x80, 0x00, 0x07, 0xFF, 0x00,
  0x00, 0x0F, 0xFE, 0x00, 0x00, 0x1F, 0xFC, 0x00, 0x00, 0x3F, 0xF8, 0x00,
  0x00, 0x7F, 0xF0, 0x00, 0x00, 0xFF, 0xE0, 0x00, 0x01, 0xFF, 0xC0, 0x00,
  0x03, 0xFF, 0x80, 0x00, 0x07, 0xFF, 0x00, 0x00, 0x0F, 0xFE, 0x00, 0x00,
  0x1F, 0xFC, 0x00, 0x00, 0x3F, 0xF8, 0x00, 0x00, 0x7F, 0xF0, 0x00, 0x00,
  0xFF, 0xE0, 0x00, 0x01, 0xFF, 0xC0, 0x00, 0x03, 0xFF, 0x80, 0x00, 0x07,
  0xFF, 0x00, 0x00, 0x0F, 0xFE, 0x00, 0x00, 0x1F, 0xFC, 0x00, 0x00, 0x3F,
  0xF8, 0x00, 0x00, 0x7F, 0xF0, 0x00, 0x00, 0xFF, 0xE0, 0x00, 0x01, 0xFF,
  0xC0, 0x00, 0x03, 0xFF, 0x80, 0x00, 0x07, 0xFF, 0x00, 0x00, 0x0F, 0xFE,
  0x00, 0x00, 0x1F, 0xFC, 0x00, 0x00, 0x3F, 0xF8, 0x00, 0x00, 0x7F, 0xF0,
  0x00, 0x00, 0xFF, 0xE0, 0x00, 0x01, 0xFF, 0xC0, 0x00, 0x03, 0xFF, 0x80,
  0x00, 0x07, 0xFF, 0x00, 0x00, 0x0F, 0xFE, 0x00, 0x00, 0x1F, 0xFC, 0x00,
  0x00, 0x3F, 0xF8, 0x00, 0x00, 0x7F, 0xF0, 0x00, 0x00, 0xFF, 0xE0, 0x00,
  0x01, 0xFF, 0xC0, 0x00, 0x03, 0xFF, 0x80, 0x00, 0x07, 0xFF, 0x00, 0x00,
  0x0F, 0xFE, 0x00, 0x00, 0x1F, 0xFC, 0x00, 0x00, 0x3F, 0xF8, 0x00, 0x00,
  0x7F, 0xF0, 0x00, 0x00, 0xFF, 0xE0, 0x00, 0x01, 0xFF, 0xC0, 0x00, 0x03,
  0xFF, 0x80, 0x00, 0x07, 0xFF, 0x00, 0x00, 0x0F, 0xFE, 0x00, 0x00, 0x1F,
  0xFC, 0x00, 0x00, 0x3F, 0xF8, 0x00, 0x00, 0x7F, 0xF0, 0x00, 0x01, 0xFF,
  0xFF, 0xFE, 0x00, 0x00, 0x00, 0x00, 0x3F, 0xFF, 0xFF, 0xFF, 0x00, 0x00,
  0x00, 0x07, 0xFF, 0xFF, 0xFF, 0xFC, 0x00, 0x00, 0x00, 0xFF, 0xFF, 0xFF,
  0xFF, 0xE0, 0x00, 0x00, 0x1F, 0xFF, 0xFF, 0xFF, 0xFF, 0x00, 0x00, 0x03,
  0xFF, 0xFF, 0xFF, 0xFF, 0xF8, 0x00, 0x00, 0x7F, 0xFF, 0xFF, 0xFF, 0xFF,
  0x80, 0x00, 0x0F, 0xFF, 0xFF, 0xFF, 0xFF, 0xFC, 0x00, 0x01, 0xFF, 0xFF,
  0xFF, 0xFF, 0xFF, 0xC0, 0x00, 0x3F, 0xFF, 0xFF, 0xFF, 0xFF, 0xFC, 0x00,
  0x07, 0xFF, 0xFF, 0xFF, 0xFF, 0xFF, 0xC0, 0x00, 0xFF, 0xE0, 0x00, 0x7F,
  0xFF, 0xF8, 0x00, 0x1F, 0xFC, 0x00, 0x01, 0xFF, 0xFF, 0x80, 0x03, 0xFF,
  0x80, 0x00, 0x07, 0xFF, 0xF8, 0x00, 0x7F, 0xF0, 0x00, 0x00, 0x7F, 0xFF,
  0x00, 0x0F, 0xFE, 0x00, 0x00, 0x03, 0xFF, 0xF0, 0x01, 0xFF, 0xC0, 0x00,
  0x00, 0x3F, 0xFE, 0x00, 0x3F, 0xF8, 0x00, 0x00, 0x03, 0xFF, 0xE0, 0x07,
  0xFF, 0x00, 0x00, 0x00, 0x7F, 0xFC, 0x00, 0xFF, 0xE0, 0x00, 0x00, 0x07,
  0xFF, 0xC0, 0x1F, 0xFC, 0x00, 0x00, 0x00, 0x7F, 0xF8, 0x03, 0xFF, 0x80,
  0x00, 0x00, 0x0F, 0xFF, 0x00, 0x7F, 0xF0, 0x00, 0x00, 0x01, 0xFF, 0xF0,
  0x0F, 0xFE, 0x00, 0x00, 0x00, 0x1F, 0xFE, 0x01, 0xFF, 0xC0, 0x00, 0x00,
  0x03, 0xFF, 0xC0, 0x3F, 0xF8, 0x00, 0x00, 0x00, 0x7F, 0xF8, 0x07, 0xFF,
  0x00, 0x00, 0x00, 0x0F, 0xFF, 0x7F, 0xFF, 0xFF, 0xFF, 0x80, 0x00, 0xFF,
  0xEF, 0xFF, 0xFF, 0xFF, 0xF0, 0x00, 0x1F, 0xFD, 0xFF, 0xFF, 0xFF, 0xFE,
  0x00, 0x03, 0xFF, 0xBF, 0xFF, 0xFF, 0xFF, 0xC0, 0x00, 0x7F, 0xFF, 0xFF,
  0xFF, 0xFF, 0xF8, 0x00, 0x0F, 0xFF, 0xFF, 0xFF, 0xFF, 0xFF, 0x00, 0x01,
  0xFF, 0xDF, 0xFF, 0xFF, 0xFF, 0xE0, 0x00, 0x3F, 0xFB, 0xFF, 0xFF, 0xFF,
  0xFC, 0x00, 0x07, 0xFF, 0x00, 0xFF, 0xE0, 0x00, 0x00, 0x00, 0xFF, 0xE0,
  0x1F, 0xFC, 0x00, 0x00, 0x00, 0x3F, 0xFC, 0x03, 0xFF, 0x80, 0x00, 0x00,
  0x07, 0xFF, 0x80, 0x7F, 0xF0, 0x00, 0x00, 0x00, 0xFF, 0xF0, 0x0F, 0xFE,
  0x00, 0x00, 0x00, 0x1F, 0xFE, 0x01, 0xFF, 0xC0, 0x00, 0x00, 0x07, 0xFF,
  0x80, 0x3F, 0xF8, 0x00, 0x00, 0x00, 0xFF, 0xF0, 0x07, 0xFF, 0x00, 0x00,
  0x00, 0x3F, 0xFE, 0x00, 0xFF, 0xE0, 0x00, 0x00, 0x07, 0xFF, 0x80, 0x1F,
  0xFC, 0x00, 0x00, 0x01, 0xFF, 0xF0, 0x03, 0xFF, 0x80, 0x00, 0x00, 0x7F,
  0xFE, 0x00, 0x7F, 0xF0, 0x00, 0x00, 0x1F, 0xFF, 0x80, 0x0F, 0xFE, 0x00,
  0x00, 0x07, 0xFF, 0xF0, 0x01, 0xFF, 0xC0, 0x00, 0x01, 0xFF, 0xFC, 0x00,
  0x3F, 0xF8, 0x00, 0x00, 0xFF, 0xFF, 0x00, 0x07, 0xFF, 0x00, 0x00, 0xFF,
  0xFF, 0xE0, 0x00, 0xFF, 0xE0, 0x03, 0xFF, 0xFF, 0xF8, 0x00, 0x1F, 0xFF,
  0xFF, 0xFF, 0xFF, 0xFE, 0x00, 0x03, 0xFF, 0xFF, 0xFF, 0xFF, 0xFF, 0x80,
  0x00, 0x7F, 0xFF, 0xFF, 0xFF, 0xFF, 0xE0, 0x00, 0x0F, 0xFF, 0xFF, 0xFF,
  0xFF, 0xF8, 0x00, 0x01, 0xFF, 0xFF, 0xFF, 0xFF, 0xFC, 0x00, 0x00, 0x3F,
  0xFF, 0xFF, 0xFF, 0xFF, 0x00, 0x00, 0x07, 0xFF, 0xFF, 0xFF, 0xFF, 0x80,
  0x00, 0x00, 0xFF, 0xFF, 0xFF, 0xFF, 0xC0, 0x00, 0x00, 0x1F, 0xFF, 0xFF,
  0xFF, 0xC0, 0x00, 0x00, 0x03, 0xFF, 0xFF, 0xFF, 0x80, 0x00, 0x00, 0x00,
  0x00, 0x01, 0xF8, 0x00, 0x00, 0x00, 0x00, 0x01, 0xFF, 0xC0, 0x1F, 0xE0,
  0x00, 0x00, 0xFF, 0xFC, 0x07, 0xF0, 0x00, 0x00, 0x7F, 0xFF, 0x81, 0xFC,
  0x00, 0x00, 0x3F, 0xFF, 0xF8, 0xFF, 0x00, 0x00, 0x0F, 0xFF, 0xFF, 0xFF,
  0xC0, 0x00, 0x03, 0xFF, 0xFF, 0xFF, 0xF0, 0x00, 0x01, 0xFF, 0xFF, 0xFF,
  0xFC, 0x00, 0x00, 0x7F, 0x87, 0xFF, 0xFE, 0x00, 0x00, 0x1F, 0xE0, 0xFF,
  0xFF, 0x00, 0x00, 0x07, 0xF8, 0x0F, 0xFF, 0xC0, 0x00, 0x01, 0xFC, 0x00,
  0xFF, 0xC0, 0x00, 0x00, 0x00, 0x00, 0x0F, 0xC0, 0x00, 0x00, 0x00, 0x00,
  0x00, 0x00, 0x00, 0x00, 0x00, 0x00, 0x00, 0x00, 0x00, 0x00, 0x00, 0x00,
  0x00, 0x00, 0x00, 0x00, 0x00, 0x00, 0x00, 0x00, 0x00, 0x00, 0x00, 0x00,
  0x00, 0x00, 0x00, 0x00, 0x00, 0x00, 0x00, 0x00, 0x00, 0x00, 0x00, 0x00,
  0x00, 0x00, 0x00, 0x00, 0x00, 0xFF, 0xF0, 0x00, 0x00, 0x03, 0xFF, 0xFF,
  0xFE, 0x00, 0x00, 0x00, 0xFF, 0xFF, 0xFF, 0x80, 0x00, 0x00, 0x3F, 0xFF,
  0xFF, 0xF0, 0x00, 0x00, 0x0F, 0xFF, 0xFF, 0xFE, 0x00, 0x00, 0x03, 0xFF,
  0xFF, 0xFF, 0x80, 0x00, 0x00, 0xFF, 0xFF, 0xFF, 0xF0, 0x00, 0x00, 0x3F,
  0xFF, 0xFF, 0xFC, 0x00, 0x00, 0x0F, 0xFF, 0xFF, 0xFF, 0x80, 0x00, 0x03,
  0xFF, 0xFF, 0xFF, 0xF0, 0x00, 0x00, 0xFF, 0xFF, 0xFF, 0xFC, 0x00, 0x00,
  0x3F, 0xFF, 0xFF, 0xFF, 0x80, 0x00, 0x0F, 0xFF, 0xFF, 0xFF, 0xF0, 0x00,
  0x03, 0xFF, 0xFF, 0xFF, 0xFC, 0x00, 0x00, 0xFF, 0xFF, 0xFF, 0xFF, 0x80,
  0x00, 0x3F, 0xFF, 0xFF, 0xFF, 0xE0, 0x00, 0x0F, 0xFF, 0xFF, 0xFF, 0xFC,
  0x00, 0x03, 0xFF, 0xFF, 0xFF, 0xFF, 0x80, 0x00, 0xFF, 0xFF, 0xFD, 0xFF,
  0xE0, 0x00, 0x3F, 0xFF, 0xFF, 0x7F, 0xFC, 0x00, 0x0F, 0xFF, 0xFF, 0xCF,
  0xFF, 0x80, 0x03, 0xFF, 0xFF, 0xF1, 0xFF, 0xE0, 0x00, 0xFF, 0xFF, 0xFE,
  0x7F, 0xFC, 0x00, 0x3F, 0xFF, 0xFF, 0x8F, 0xFF, 0x80, 0x0F, 0xFF, 0xFF,
  0xE1, 0xFF, 0xE0, 0x03, 0xFF, 0xFF, 0xF8, 0x7F, 0xFC, 0x00, 0xFF, 0xFF,
  0xFE, 0x0F, 0xFF, 0x00, 0x3F, 0xFF, 0xFF, 0x81, 0xFF, 0xE0, 0x0F, 0xFF,
  0xFF, 0xE0, 0x7F, 0xFC, 0x03, 0xFF, 0xFF, 0xF8, 0x0F, 0xFF, 0x00, 0xFF,
  0xFF, 0xFE, 0x01, 0xFF, 0xE0, 0x3F, 0xFF, 0xFF, 0x80, 0x7F, 0xFC, 0x0F,
  0xFF, 0xFF, 0xE0, 0x0F, 0xFF, 0x03, 0xFF, 0xFF, 0xF8, 0x03, 0xFF, 0xE0,
  0xFF, 0xFF, 0xFE, 0x00, 0x7F, 0xF8, 0x3F, 0xFF, 0xFF, 0x80, 0x0F, 0xFF,
  0x0F, 0xFF, 0xFF, 0xE0, 0x03, 0xFF, 0xE3, 0xFF, 0xFF, 0xF8, 0x00, 0x7F,
  0xF8, 0x7F, 0xFF, 0xFE, 0x00, 0x0F, 0xFF, 0x1F, 0xFF, 0xFF, 0x80, 0x03,
  0xFF, 0xE7, 0xFF, 0xFF, 0xE0, 0x00, 0x7F, 0xF9, 0xFF, 0xFF, 0xF8, 0x00,
  0x0F, 0xFF, 0x7F, 0xFF, 0xFE, 0x00, 0x03, 0xFF, 0xFF, 0xFF, 0xFF, 0x80,
  0x00, 0x7F, 0xFF, 0xFF, 0xFF, 0xE0, 0x00, 0x0F, 0xFF, 0xFF, 0xFF, 0xF8,
  0x00, 0x03, 0xFF, 0xFF, 0xFF, 0xFE, 0x00, 0x00, 0x7F, 0xFF, 0xFF, 0xFF,
  0x80, 0x00, 0x1F, 0xFF, 0xFF, 0xFF, 0xE0, 0x00, 0x03, 0xFF, 0xFF, 0xFF,
  0xF8, 0x00, 0x00, 0x7F, 0xFF, 0xFF, 0xFE, 0x00, 0x00, 0x1F, 0xFF, 0xFF,
  0xFF, 0x80, 0x00, 0x03, 0xFF, 0xFF, 0xFF, 0xE0, 0x00, 0x00, 0x7F, 0xFF,
  0xFF, 0xF8, 0x00, 0x00, 0x1F, 0xFF, 0xFF, 0xFE, 0x00, 0x00, 0x03, 0xFF,
  0xFF, 0xFF, 0x80, 0x00, 0x00, 0x7F, 0xFF, 0xFF, 0xE0, 0x00, 0x00, 0x1F,
  0xFF, 0xFF, 0xF8, 0x00, 0x00, 0x03, 0xFF, 0xFF, 0xFE, 0x00, 0x00, 0x00,
  0x7F, 0xFF, 0xFF, 0x80, 0x00, 0x00, 0x1F, 0xFF, 0xFF, 0xE0, 0x00, 0x00,
  0x03, 0xFF, 0xFF, 0xF8, 0x00, 0x00, 0x00, 0xFF, 0xF0, 0x00, 0x00, 0x0F,
  0xFF, 0x00, 0x00, 0x00, 0x00, 0x00, 0x00, 0x07, 0xFF, 0x00, 0x00, 0x00,
  0x00, 0x00, 0x00, 0x03, 0xFF, 0x00, 0x00, 0x00, 0x00, 0x00, 0x00, 0x03,
  0xFF, 0x80, 0x00, 0x00, 0x00, 0x00, 0x00, 0x01, 0xFF, 0x80, 0x00, 0x00,
  0x00, 0x00, 0x00, 0x00, 0xFF, 0xC0, 0x00, 0x00, 0x00, 0x00, 0x00, 0x00,
  0xFF, 0xC0, 0x00, 0x00, 0x00, 0x00, 0x00, 0x00, 0x7F, 0xE0, 0x00, 0x00,
  0x00, 0x00, 0x00, 0x00, 0x7F, 0xE0, 0x00, 0x00, 0x00, 0x00, 0x00, 0x00,
  0x3F, 0xE0, 0x00, 0x00, 0x00, 0x00, 0x00, 0x00, 0x3F, 0xF0, 0x00, 0x00,
  0x00, 0x00, 0x00, 0x00, 0x1F, 0xF0, 0x00, 0x00, 0x00, 0x00, 0x00, 0x00,
  0x1F, 0xF8, 0x00, 0x00, 0x00, 0x00, 0x00, 0x00, 0x0F, 0xF8, 0x00, 0x00,
  0x00, 0x00, 0x00, 0x00, 0x00, 0x00, 0x00, 0x00, 0x00, 0x00, 0x00, 0x00,
  0x00, 0x00, 0x00, 0x00, 0x00, 0x00, 0x00, 0x00, 0x00, 0x00, 0x00, 0x00,
  0x00, 0x00, 0x00, 0x00, 0x00, 0x00, 0x00, 0x00, 0x00, 0x00, 0x00, 0x00,
  0x00, 0x00, 0x00, 0x00, 0x00, 0x00, 0x00, 0x00, 0x00, 0x00, 0x00, 0x00,
  0x00, 0x00, 0x00, 0x00, 0x7F, 0xFE, 0x00, 0x00, 0x00, 0x00, 0x00, 0x03,
  0xFF, 0xFF, 0xE0, 0x00, 0x00, 0x00, 0x00, 0x1F, 0xFF, 0xFF, 0xF8, 0x00,
  0x00, 0x00, 0x00, 0x7F, 0xFF, 0xFF, 0xFE, 0x00, 0x00, 0x00, 0x01, 0xFF,
  0xFF, 0xFF, 0xFF, 0x80, 0x00, 0x00, 0x03, 0xFF, 0xFF, 0xFF, 0xFF, 0xE0,
  0x00, 0x00, 0x0F, 0xFF, 0xFF, 0xFF, 0xFF, 0xF0, 0x00, 0x00, 0x1F, 0xFF,
  0xFF, 0xFF, 0xFF, 0xF8, 0x00, 0x00, 0x3F, 0xFF, 0xFF, 0xFF, 0xFF, 0xFC,
  0x00, 0x00, 0x7F, 0xFF, 0xFF, 0xFF, 0xFF, 0xFE, 0x00, 0x00, 0xFF, 0xFF,
  0xFF, 0xFF, 0xFF, 0xFF, 0x00, 0x01, 0xFF, 0xFF, 0xE0, 0x07, 0xFF, 0xFF,
  0x80, 0x03, 0xFF, 0xFF, 0x00, 0x00, 0xFF, 0xFF, 0xC0, 0x03, 0xFF, 0xFC,
  0x00, 0x00, 0x3F, 0xFF, 0xE0, 0x07, 0xFF, 0xF0, 0x00, 0x00, 0x0F, 0xFF,
  0xE0, 0x0F, 0xFF, 0xE0, 0x00, 0x00, 0x07, 0xFF, 0xF0, 0x0F, 0xFF, 0xC0,
  0x00, 0x00, 0x03, 0xFF, 0xF8, 0x1F, 0xFF, 0x80, 0x00, 0x00, 0x01, 0xFF,
  0xF8, 0x1F, 0xFF, 0x00, 0x00, 0x00, 0x00, 0xFF, 0xF8, 0x3F, 0xFF, 0x00,
  0x00, 0x00, 0x00, 0x7F, 0xFC, 0x3F, 0xFE, 0x00, 0x00, 0x00, 0x00, 0x3F,
  0xFC, 0x3F, 0xFC, 0x00, 0x00, 0x00, 0x00, 0x3F, 0xFE, 0x7F, 0xFC, 0x00,
  0x00, 0x00, 0x00, 0x1F, 0xFE, 0x7F, 0xF8, 0x00, 0x00, 0x00, 0x00, 0x1F,
  0xFE, 0x7F, 0xF8, 0x00, 0x00, 0x00, 0x00, 0x1F, 0xFE, 0x7F, 0xF8, 0x00,
  0x00, 0x00, 0x00, 0x0F, 0xFF, 0x7F, 0xF0, 0x00, 0x00, 0x00, 0x00, 0x0F,
  0xFF, 0xFF, 0xF0, 0x00, 0x00, 0x00, 0x00, 0x0F, 0xFF, 0xFF, 0xF0, 0x00,
  0x00, 0x00, 0x00, 0x0F, 0xFF, 0xFF, 0xF0, 0x00, 0x00, 0x00, 0x00, 0x0F,
  0xFF, 0xFF, 0xF0, 0x00, 0x00, 0x00, 0x00, 0x07, 0xFF, 0xFF, 0xF0, 0x00,
  0x00, 0x00, 0x00, 0x07, 0xFF, 0xFF, 0xF0, 0x00, 0x00, 0x00, 0x00, 0x07,
  0xFF, 0xFF, 0xF0, 0x00, 0x00, 0x00, 0x00, 0x07, 0xFF, 0xFF, 0xF0, 0x00,
  0x00, 0x00, 0x00, 0x0F, 0xFF, 0xFF, 0xF0, 0x00, 0x00, 0x00, 0x00, 0x0F,
  0xFF, 0xFF, 0xF0, 0x00, 0x00, 0x00, 0x00, 0x0F, 0xFF, 0x7F, 0xF0, 0x00,
  0x00, 0x00, 0x00, 0x0F, 0xFF, 0x7F, 0xF8, 0x00, 0x00, 0x00, 0x00, 0x0F,
  0xFF, 0x7F, 0xF8, 0x00, 0x00, 0x00, 0x00, 0x1F, 0xFE, 0x7F, 0xF8, 0x00,
  0x00, 0x00, 0x00, 0x1F, 0xFE, 0x7F, 0xFC, 0x00, 0x00, 0x00, 0x00, 0x1F,
  0xFE, 0x3F, 0xFC, 0x00, 0x00, 0x00, 0x00, 0x3F, 0xFE, 0x3F, 0xFE, 0x00,
  0x00, 0x00, 0x00, 0x3F, 0xFC, 0x3F, 0xFE, 0x00, 0x00, 0x00, 0x00, 0x7F,
  0xFC, 0x1F, 0xFF, 0x00, 0x00, 0x00, 0x00, 0xFF, 0xFC, 0x1F, 0xFF, 0x80,
  0x00, 0x00, 0x01, 0xFF, 0xF8, 0x0F, 0xFF, 0xC0, 0x00, 0x00, 0x01, 0xFF,
  0xF8, 0x0F, 0xFF, 0xE0, 0x00, 0x00, 0x03, 0xFF, 0xF0, 0x07, 0xFF, 0xF0,
  0x00, 0x00, 0x0F, 0xFF, 0xE0, 0x03, 0xFF, 0xFC, 0x00, 0x00, 0x1F, 0xFF,
  0xE0, 0x03, 0xFF, 0xFE, 0x00, 0x00, 0x7F, 0xFF, 0xC0, 0x01, 0xFF, 0xFF,
  0xC0, 0x03, 0xFF, 0xFF, 0x80, 0x00, 0xFF, 0xFF, 0xFF, 0xFF, 0xFF, 0xFF,
  0x00, 0x00, 0x7F, 0xFF, 0xFF, 0xFF, 0xFF, 0xFF, 0x00, 0x00, 0x3F, 0xFF,
  0xFF, 0xFF, 0xFF, 0xFE, 0x00, 0x00, 0x1F, 0xFF, 0xFF, 0xFF, 0xFF, 0xFC,
  0x00, 0x00, 0x0F, 0xFF, 0xFF, 0xFF, 0xFF, 0xF0, 0x00, 0x00, 0x07, 0xFF,
  0xFF, 0xFF, 0xFF, 0xE0, 0x00, 0x00, 0x01, 0xFF, 0xFF, 0xFF, 0xFF, 0xC0,
  0x00, 0x00, 0x00, 0xFF, 0xFF, 0xFF, 0xFF, 0x00, 0x00, 0x00, 0x00, 0x3F,
  0xFF, 0xFF, 0xFC, 0x00, 0x00, 0x00, 0x00, 0x07, 0xFF, 0xFF, 0xF0, 0x00,
  0x00, 0x00, 0x00, 0x00, 0xFF, 0xFF, 0x80, 0x00, 0x00, 0x00, 0x00, 0x00,
  0x00, 0x7F, 0xF0, 0x00, 0x00, 0x00, 0x00, 0x00, 0x00, 0xFF, 0xE0, 0x00,
  0x00, 0x00, 0x00, 0x00, 0x00, 0xFF, 0xE0, 0x00, 0x00, 0x00, 0x00, 0x00,
  0x00, 0xFF, 0xC0, 0x00, 0x00, 0x00, 0x00, 0x00, 0x01, 0xFF, 0xC0, 0x00,
  0x00, 0x00, 0x00, 0x00, 0x01, 0xFF, 0x80, 0x00, 0x00, 0x00, 0x00, 0x00,
  0x03, 0xFF, 0x00, 0x00, 0x00, 0x00, 0x00, 0x00, 0x03, 0xFF, 0x00, 0x00,
  0x00, 0x00, 0x00, 0x00, 0x07, 0xFE, 0x00, 0x00, 0x00, 0x00, 0x00, 0x00,
  0x07, 0xFE, 0x00, 0x00, 0x00, 0x00, 0x00, 0x00, 0x07, 0xFC, 0x00, 0x00,
  0x00, 0x00, 0x00, 0x00, 0x0F, 0xFC, 0x00, 0x00, 0x00, 0x00, 0x00, 0x00,
  0x0F, 0xF8, 0x00, 0x00, 0x00, 0x00, 0x00, 0x00, 0x1F, 0xF0, 0x00, 0x00,
  0x00, 0x00, 0x00, 0x00, 0x00, 0x00, 0x00, 0x00, 0x00, 0x00, 0x00, 0x00,
  0x00, 0x00, 0x00, 0x00, 0x00, 0x00, 0x00, 0x00, 0x00, 0x00, 0x00, 0x00,
  0x00, 0x00, 0x00, 0x00, 0x00, 0x00, 0x00, 0x00, 0x00, 0x00, 0x00, 0x00,
  0x00, 0x00, 0x00, 0x00, 0x00, 0x00, 0x00, 0x00, 0x00, 0x00, 0x00, 0x00,
  0x00, 0x00, 0x00, 0x00, 0x7F, 0xFE, 0x00, 0x00, 0x00, 0x00, 0x00, 0x03,
  0xFF, 0xFF, 0xE0, 0x00, 0x00, 0x00, 0x00, 0x1F, 0xFF, 0xFF, 0xF8, 0x00,
  0x00, 0x00, 0x00, 0x7F, 0xFF, 0xFF, 0xFE, 0x00, 0x00, 0x00, 0x01, 0xFF,
  0xFF, 0xFF, 0xFF, 0x80, 0x00, 0x00, 0x03, 0xFF, 0xFF, 0xFF, 0xFF, 0xE0,
  0x00, 0x00, 0x0F, 0xFF, 0xFF, 0xFF, 0xFF, 0xF0, 0x00, 0x00, 0x1F, 0xFF,
  0xFF, 0xFF, 0xFF, 0xF8, 0x00, 0x00, 0x3F, 0xFF, 0xFF, 0xFF, 0xFF, 0xFC,
  0x00, 0x00, 0x7F, 0xFF, 0xFF, 0xFF, 0xFF, 0xFE, 0x00, 0x00, 0xFF, 0xFF,
  0xFF, 0xFF, 0xFF, 0xFF, 0x00, 0x01, 0xFF, 0xFF, 0xE0, 0x07, 0xFF, 0xFF,
  0x80, 0x03, 0xFF, 0xFF, 0x00, 0x00, 0xFF, 0xFF, 0xC0, 0x03, 0xFF, 0xFC,
  0x00, 0x00, 0x3F, 0xFF, 0xE0, 0x07, 0xFF, 0xF0, 0x00, 0x00, 0x0F, 0xFF,
  0xE0, 0x0F, 0xFF, 0xE0, 0x00, 0x00, 0x07, 0xFF, 0xF0, 0x0F, 0xFF, 0xC0,
  0x00, 0x00, 0x03, 0xFF, 0xF8, 0x1F, 0xFF, 0x80, 0x00, 0x00, 0x01, 0xFF,
  0xF8, 0x1F, 0xFF, 0x00, 0x00, 0x00, 0x00, 0xFF, 0xF8, 0x3F, 0xFF, 0x00,
  0x00, 0x00, 0x00, 0x7F, 0xFC, 0x3F, 0xFE, 0x00, 0x00, 0x00, 0x00, 0x3F,
  0xFC, 0x3F, 0xFC, 0x00, 0x00, 0x00, 0x00, 0x3F, 0xFE, 0x7F, 0xFC, 0x00,
  0x00, 0x00, 0x00, 0x1F, 0xFE, 0x7F, 0xF8, 0x00, 0x00, 0x00, 0x00, 0x1F,
  0xFE, 0x7F, 0xF8, 0x00, 0x00, 0x00, 0x00, 0x1F, 0xFE, 0x7F, 0xF8, 0x00,
  0x00, 0x00, 0x00, 0x0F, 0xFF, 0x7F, 0xF0, 0x00, 0x00, 0x00, 0x00, 0x0F,
  0xFF, 0xFF, 0xF0, 0x00, 0x00, 0x00, 0x00, 0x0F, 0xFF, 0xFF, 0xF0, 0x00,
  0x00, 0x00, 0x00, 0x0F, 0xFF, 0xFF, 0xF0, 0x00, 0x00, 0x00, 0x00, 0x0F,
  0xFF, 0xFF, 0xF0, 0x00, 0x00, 0x00, 0x00, 0x07, 0xFF, 0xFF, 0xF0, 0x00,
  0x00, 0x00, 0x00, 0x07, 0xFF, 0xFF, 0xF0, 0x00, 0x00, 0x00, 0x00, 0x07,
  0xFF, 0xFF, 0xF0, 0x00, 0x00, 0x00, 0x00, 0x07, 0xFF, 0xFF, 0xF0, 0x00,
  0x00, 0x00, 0x00, 0x0F, 0xFF, 0xFF, 0xF0, 0x00, 0x00, 0x00, 0x00, 0x0F,
  0xFF, 0xFF, 0xF0, 0x00, 0x00, 0x00, 0x00, 0x0F, 0xFF, 0x7F, 0xF0, 0x00,
  0x00, 0x00, 0x00, 0x0F, 0xFF, 0x7F, 0xF8, 0x00, 0x00, 0x00, 0x00, 0x0F,
  0xFF, 0x7F, 0xF8, 0x00, 0x00, 0x00, 0x00, 0x1F, 0xFE, 0x7F, 0xF8, 0x00,
  0x00, 0x00, 0x00, 0x1F, 0xFE, 0x7F, 0xFC, 0x00, 0x00, 0x00, 0x00, 0x1F,
  0xFE, 0x3F, 0xFC, 0x00, 0x00, 0x00, 0x00, 0x3F, 0xFE, 0x3F, 0xFE, 0x00,
  0x00, 0x00, 0x00, 0x3F, 0xFC, 0x3F, 0xFE, 0x00, 0x00, 0x00, 0x00, 0x7F,
  0xFC, 0x1F, 0xFF, 0x00, 0x00, 0x00, 0x00, 0xFF, 0xFC, 0x1F, 0xFF, 0x80,
  0x00, 0x00, 0x01, 0xFF, 0xF8, 0x0F, 0xFF, 0xC0, 0x00, 0x00, 0x01, 0xFF,
  0xF8, 0x0F, 0xFF, 0xE0, 0x00, 0x00, 0x03, 0xFF, 0xF0, 0x07, 0xFF, 0xF0,
  0x00, 0x00, 0x0F, 0xFF, 0xE0, 0x03, 0xFF, 0xFC, 0x00, 0x00, 0x1F, 0xFF,
  0xE0, 0x03, 0xFF, 0xFE, 0x00, 0x00, 0x7F, 0xFF, 0xC0, 0x01, 0xFF, 0xFF,
  0xC0, 0x03, 0xFF, 0xFF, 0x80, 0x00, 0xFF, 0xFF, 0xFF, 0xFF, 0xFF, 0xFF,
  0x00, 0x00, 0x7F, 0xFF, 0xFF, 0xFF, 0xFF, 0xFF, 0x00, 0x00, 0x3F, 0xFF,
  0xFF, 0xFF, 0xFF, 0xFE, 0x00, 0x00, 0x1F, 0xFF, 0xFF, 0xFF, 0xFF, 0xFC,
  0x00, 0x00, 0x0F, 0xFF, 0xFF, 0xFF, 0xFF, 0xF0, 0x00, 0x00, 0x07, 0xFF,
  0xFF, 0xFF, 0xFF, 0xE0, 0x00, 0x00, 0x01, 0xFF, 0xFF, 0xFF, 0xFF, 0xC0,
  0x00, 0x00, 0x00, 0xFF, 0xFF, 0xFF, 0xFF, 0x00, 0x00, 0x00, 0x00, 0x3F,
  0xFF, 0xFF, 0xFC, 0x00, 0x00, 0x00, 0x00, 0x07, 0xFF, 0xFF, 0xF0, 0x00,
  0x00, 0x00, 0x00, 0x00, 0xFF, 0xFF, 0x80, 0x00, 0x00, 0x00, 0x00, 0x00,
  0x1F, 0xF8, 0x00, 0x00, 0x00, 0x00, 0x00, 0x00, 0x3F, 0xFC, 0x00, 0x00,
  0x00, 0x00, 0x00, 0x00, 0x7F, 0xFE, 0x00, 0x00, 0x00, 0x00, 0x00, 0x00,
  0x7F, 0xFF, 0x00, 0x00, 0x00, 0x00, 0x00, 0x00, 0xFF, 0xFF, 0x80, 0x00,
  0x00, 0x00, 0x00, 0x01, 0xFF, 0xFF, 0xC0, 0x00, 0x00, 0x00, 0x00, 0x03,
  0xFF, 0x7F, 0xC0, 0x00, 0x00, 0x00, 0x00, 0x07, 0xFE, 0x7F, 0xE0, 0x00,
  0x00, 0x00, 0x00, 0x0F, 0xFC, 0x3F, 0xF0, 0x00, 0x00, 0x00, 0x00, 0x0F,
  0xF8, 0x1F, 0xF8, 0x00, 0x00, 0x00, 0x00, 0x1F, 0xF8, 0x0F, 0xFC, 0x00,
  0x00, 0x00, 0x00, 0x3F, 0xF0, 0x07, 0xFE, 0x00, 0x00, 0x00, 0x00, 0x7F,
  0xE0, 0x03, 0xFE, 0x00, 0x00, 0x00, 0x00, 0xFF, 0xC0, 0x03, 0xFF, 0x80,
  0x00, 0x00, 0x00, 0x00, 0x00, 0x00, 0x00, 0x00, 0x00, 0x00, 0x00, 0x00,
  0x00, 0x00, 0x00, 0x00, 0x00, 0x00, 0x00, 0x00, 0x00, 0x00, 0x00, 0x00,
  0x00, 0x00, 0x00, 0x00, 0x00, 0x00, 0x00, 0x00, 0x00, 0x00, 0x00, 0x00,
  0x00, 0x00, 0x00, 0x00, 0x00, 0x00, 0x00, 0x00, 0x00, 0x00, 0x00, 0x00,
  0x00, 0x00, 0x00, 0x00, 0x7F, 0xFE, 0x00, 0x00, 0x00, 0x00, 0x00, 0x03,
  0xFF, 0xFF, 0xE0, 0x00, 0x00, 0x00, 0x00, 0x1F, 0xFF, 0xFF, 0xF8, 0x00,
  0x00, 0x00, 0x00, 0x7F, 0xFF, 0xFF, 0xFE, 0x00, 0x00, 0x00, 0x01, 0xFF,
  0xFF, 0xFF, 0xFF, 0x80, 0x00, 0x00, 0x03, 0xFF, 0xFF, 0xFF, 0xFF, 0xE0,
  0x00, 0x00, 0x0F, 0xFF, 0xFF, 0xFF, 0xFF, 0xF0, 0x00, 0x00, 0x1F, 0xFF,
  0xFF, 0xFF, 0xFF, 0xF8, 0x00, 0x00, 0x3F, 0xFF, 0xFF, 0xFF, 0xFF, 0xFC,
  0x00, 0x00, 0x7F, 0xFF, 0xFF, 0xFF, 0xFF, 0xFE, 0x00, 0x00, 0xFF, 0xFF,
  0xFF, 0xFF, 0xFF, 0xFF, 0x00, 0x01, 0xFF, 0xFF, 0xE0, 0x07, 0xFF, 0xFF,
  0x80, 0x03, 0xFF, 0xFF, 0x00, 0x00, 0xFF, 0xFF, 0xC0, 0x03, 0xFF, 0xFC,
  0x00, 0x00, 0x3F, 0xFF, 0xE0, 0x07, 0xFF, 0xF0, 0x00, 0x00, 0x0F, 0xFF,
  0xE0, 0x0F, 0xFF, 0xE0, 0x00, 0x00, 0x07, 0xFF, 0xF0, 0x0F, 0xFF, 0xC0,
  0x00, 0x00, 0x03, 0xFF, 0xF8, 0x1F, 0xFF, 0x80, 0x00, 0x00, 0x01, 0xFF,
  0xF8, 0x1F, 0xFF, 0x00, 0x00, 0x00, 0x00, 0xFF, 0xF8, 0x3F, 0xFF, 0x00,
  0x00, 0x00, 0x00, 0x7F, 0xFC, 0x3F, 0xFE, 0x00, 0x00, 0x00, 0x00, 0x3F,
  0xFC, 0x3F, 0xFC, 0x00, 0x00, 0x00, 0x00, 0x3F, 0xFE, 0x7F, 0xFC, 0x00,
  0x00, 0x00, 0x00, 0x1F, 0xFE, 0x7F, 0xF8, 0x00, 0x00, 0x00, 0x00, 0x1F,
  0xFE, 0x7F, 0xF8, 0x00, 0x00, 0x00, 0x00, 0x1F, 0xFE, 0x7F, 0xF8, 0x00,
  0x00, 0x00, 0x00, 0x0F, 0xFF, 0x7F, 0xF0, 0x00, 0x00, 0x00, 0x00, 0x0F,
  0xFF, 0xFF, 0xF0, 0x00, 0x00, 0x00, 0x00, 0x0F, 0xFF, 0xFF, 0xF0, 0x00,
  0x00, 0x00, 0x00, 0x0F, 0xFF, 0xFF, 0xF0, 0x00, 0x00, 0x00, 0x00, 0x0F,
  0xFF, 0xFF, 0xF0, 0x00, 0x00, 0x00, 0x00, 0x07, 0xFF, 0xFF, 0xF0, 0x00,
  0x00, 0x00, 0x00, 0x07, 0xFF, 0xFF, 0xF0, 0x00, 0x00, 0x00, 0x00, 0x07,
  0xFF, 0xFF, 0xF0, 0x00, 0x00, 0x00, 0x00, 0x07, 0xFF, 0xFF, 0xF0, 0x00,
  0x00, 0x00, 0x00, 0x0F, 0xFF, 0xFF, 0xF0, 0x00, 0x00, 0x00, 0x00, 0x0F,
  0xFF, 0xFF, 0xF0, 0x00, 0x00, 0x00, 0x00, 0x0F, 0xFF, 0x7F, 0xF0, 0x00,
  0x00, 0x00, 0x00, 0x0F, 0xFF, 0x7F, 0xF8, 0x00, 0x00, 0x00, 0x00, 0x0F,
  0xFF, 0x7F, 0xF8, 0x00, 0x00, 0x00, 0x00, 0x1F, 0xFE, 0x7F, 0xF8, 0x00,
  0x00, 0x00, 0x00, 0x1F, 0xFE, 0x7F, 0xFC, 0x00, 0x00, 0x00, 0x00, 0x1F,
  0xFE, 0x3F, 0xFC, 0x00, 0x00, 0x00, 0x00, 0x3F, 0xFE, 0x3F, 0xFE, 0x00,
  0x00, 0x00, 0x00, 0x3F, 0xFC, 0x3F, 0xFE, 0x00, 0x00, 0x00, 0x00, 0x7F,
  0xFC, 0x1F, 0xFF, 0x00, 0x00, 0x00, 0x00, 0xFF, 0xFC, 0x1F, 0xFF, 0x80,
  0x00, 0x00, 0x01, 0xFF, 0xF8, 0x0F, 0xFF, 0xC0, 0x00, 0x00, 0x01, 0xFF,
  0xF8, 0x0F, 0xFF, 0xE0, 0x00, 0x00, 0x03, 0xFF, 0xF0, 0x07, 0xFF, 0xF0,
  0x00, 0x00, 0x0F, 0xFF, 0xE0, 0x03, 0xFF, 0xFC, 0x00, 0x00, 0x1F, 0xFF,
  0xE0, 0x03, 0xFF, 0xFE, 0x00, 0x00, 0x7F, 0xFF, 0xC0, 0x01, 0xFF, 0xFF,
  0xC0, 0x03, 0xFF, 0xFF, 0x80, 0x00, 0xFF, 0xFF, 0xFF, 0xFF, 0xFF, 0xFF,
  0x00, 0x00, 0x7F, 0xFF, 0xFF, 0xFF, 0xFF, 0xFF, 0x00, 0x00, 0x3F, 0xFF,
  0xFF, 0xFF, 0xFF, 0xFE, 0x00, 0x00, 0x1F, 0xFF, 0xFF, 0xFF, 0xFF, 0xFC,
  0x00, 0x00, 0x0F, 0xFF, 0xFF, 0xFF, 0xFF, 0xF0, 0x00, 0x00, 0x07, 0xFF,
  0xFF, 0xFF, 0xFF, 0xE0, 0x00, 0x00, 0x01, 0xFF, 0xFF, 0xFF, 0xFF, 0xC0,
  0x00, 0x00, 0x00, 0xFF, 0xFF, 0xFF, 0xFF, 0x00, 0x00, 0x00, 0x00, 0x3F,
  0xFF, 0xFF, 0xFC, 0x00, 0x00, 0x00, 0x00, 0x07, 0xFF, 0xFF, 0xF0, 0x00,
  0x00, 0x00, 0x00, 0x00, 0xFF, 0xFF, 0x80, 0x00, 0x00, 0x00, 0x00, 0x01,
  0xF8, 0x00, 0x00, 0x00, 0x00, 0x00, 0x00, 0x07, 0xFE, 0x00, 0x7F, 0x00,
  0x00, 0x00, 0x00, 0x1F, 0xFF, 0x80, 0xFF, 0x00, 0x00, 0x00, 0x00, 0x1F,
  0xFF, 0xE0, 0xFF, 0x00, 0x00, 0x00, 0x00, 0x3F, 0xFF, 0xF0, 0xFF, 0x00,
  0x00, 0x00, 0x00, 0x7F, 0xFF, 0xFF, 0xFF, 0x00, 0x00, 0x00, 0x00, 0x7F,
  0xFF, 0xFF, 0xFE, 0x00, 0x00, 0x00, 0x00, 0x7F, 0xFF, 0xFF, 0xFE, 0x00,
  0x00, 0x00, 0x00, 0x7F, 0x8F, 0xFF, 0xFE, 0x00, 0x00, 0x00, 0x00, 0x7F,
  0x03, 0xFF, 0xFC, 0x00, 0x00, 0x00, 0x00, 0xFF, 0x01, 0xFF, 0xF8, 0x00,
  0x00, 0x00, 0x00, 0xFF, 0x00, 0x7F, 0xF0, 0x00, 0x00, 0x00, 0x00, 0x00,
  0x00, 0x1F, 0xC0, 0x00, 0x00, 0x00, 0x00, 0x00, 0x00, 0x00, 0x00, 0x00,
  0x00, 0x00, 0x00, 0x00, 0x00, 0x00, 0x00, 0x00, 0x00, 0x00, 0x00, 0x00,
  0x00, 0x00, 0x00, 0x00, 0x00, 0x00, 0x00, 0x00, 0x00, 0x00, 0x00, 0x00,
  0x00, 0x00, 0x00, 0x00, 0x00, 0x00, 0x00, 0x00, 0x00, 0x00, 0x00, 0x00,
  0x00, 0x00, 0x00, 0x00, 0x00, 0x00, 0x00, 0x00, 0x7F, 0xFE, 0x00, 0x00,
  0x00, 0x00, 0x00, 0x03, 0xFF, 0xFF, 0xE0, 0x00, 0x00, 0x00, 0x00, 0x1F,
  0xFF, 0xFF, 0xF8, 0x00, 0x00, 0x00, 0x00, 0x7F, 0xFF, 0xFF, 0xFE, 0x00,
  0x00, 0x00, 0x01, 0xFF, 0xFF, 0xFF, 0xFF, 0x80, 0x00, 0x00, 0x03, 0xFF,
  0xFF, 0xFF, 0xFF, 0xE0, 0x00, 0x00, 0x0F, 0xFF, 0xFF, 0xFF, 0xFF, 0xF0,
  0x00, 0x00, 0x1F, 0xFF, 0xFF, 0xFF, 0xFF, 0xF8, 0x00, 0x00, 0x3F, 0xFF,
  0xFF, 0xFF, 0xFF, 0xFC, 0x00, 0x00, 0x7F, 0xFF, 0xFF, 0xFF, 0xFF, 0xFE,
  0x00, 0x00, 0xFF, 0xFF, 0xFF, 0xFF, 0xFF, 0xFF, 0x00, 0x01, 0xFF, 0xFF,
  0xE0, 0x07, 0xFF, 0xFF, 0x80, 0x03, 0xFF, 0xFF, 0x00, 0x00, 0xFF, 0xFF,
  0xC0, 0x03, 0xFF, 0xFC, 0x00, 0x00, 0x3F, 0xFF, 0xE0, 0x07, 0xFF, 0xF0,
  0x00, 0x00, 0x0F, 0xFF, 0xE0, 0x0F, 0xFF, 0xE0, 0x00, 0x00, 0x07, 0xFF,
  0xF0, 0x0F, 0xFF, 0xC0, 0x00, 0x00, 0x03, 0xFF, 0xF8, 0x1F, 0xFF, 0x80,
  0x00, 0x00, 0x01, 0xFF, 0xF8, 0x1F, 0xFF, 0x00, 0x00, 0x00, 0x00, 0xFF,
  0xF8, 0x3F, 0xFF, 0x00, 0x00, 0x00, 0x00, 0x7F, 0xFC, 0x3F, 0xFE, 0x00,
  0x00, 0x00, 0x00, 0x3F, 0xFC, 0x3F, 0xFC, 0x00, 0x00, 0x00, 0x00, 0x3F,
  0xFE, 0x7F, 0xFC, 0x00, 0x00, 0x00, 0x00, 0x1F, 0xFE, 0x7F, 0xF8, 0x00,
  0x00, 0x00, 0x00, 0x1F, 0xFE, 0x7F, 0xF8, 0x00, 0x00, 0x00, 0x00, 0x1F,
  0xFE, 0x7F, 0xF8, 0x00, 0x00, 0x00, 0x00, 0x0F, 0xFF, 0x7F, 0xF0, 0x00,
  0x00, 0x00, 0x00, 0x0F, 0xFF, 0xFF, 0xF0, 0x00, 0x00, 0x00, 0x00, 0x0F,
  0xFF, 0xFF, 0xF0, 0x00, 0x00, 0x00, 0x00, 0x0F, 0xFF, 0xFF, 0xF0, 0x00,
  0x00, 0x00, 0x00, 0x0F, 0xFF, 0xFF, 0xF0, 0x00, 0x00, 0x00, 0x00, 0x07,
  0xFF, 0xFF, 0xF0, 0x00, 0x00, 0x00, 0x00, 0x07, 0xFF, 0xFF, 0xF0, 0x00,
  0x00, 0x00, 0x00, 0x07, 0xFF, 0xFF, 0xF0, 0x00, 0x00, 0x00, 0x00, 0x07,
  0xFF, 0xFF, 0xF0, 0x00, 0x00, 0x00, 0x00, 0x0F, 0xFF, 0xFF, 0xF0, 0x00,
  0x00, 0x00, 0x00, 0x0F, 0xFF, 0xFF, 0xF0, 0x00, 0x00, 0x00, 0x00, 0x0F,
  0xFF, 0x7F, 0xF0, 0x00, 0x00, 0x00, 0x00, 0x0F, 0xFF, 0x7F, 0xF8, 0x00,
  0x00, 0x00, 0x00, 0x0F, 0xFF, 0x7F, 0xF8, 0x00, 0x00, 0x00, 0x00, 0x1F,
  0xFE, 0x7F, 0xF8, 0x00, 0x00, 0x00, 0x00, 0x1F, 0xFE, 0x7F, 0xFC, 0x00,
  0x00, 0x00, 0x00, 0x1F, 0xFE, 0x3F, 0xFC, 0x00, 0x00, 0x00, 0x00, 0x3F,
  0xFE, 0x3F, 0xFE, 0x00, 0x00, 0x00, 0x00, 0x3F, 0xFC, 0x3F, 0xFE, 0x00,
  0x00, 0x00, 0x00, 0x7F, 0xFC, 0x1F, 0xFF, 0x00, 0x00, 0x00, 0x00, 0xFF,
  0xFC, 0x1F, 0xFF, 0x80, 0x00, 0x00, 0x01, 0xFF, 0xF8, 0x0F, 0xFF, 0xC0,
  0x00, 0x00, 0x01, 0xFF, 0xF8, 0x0F, 0xFF, 0xE0, 0x00, 0x00, 0x03, 0xFF,
  0xF0, 0x07, 0xFF, 0xF0, 0x00, 0x00, 0x0F, 0xFF, 0xE0, 0x03, 0xFF, 0xFC,
  0x00, 0x00, 0x1F, 0xFF, 0xE0, 0x03, 0xFF, 0xFE, 0x00, 0x00, 0x7F, 0xFF,
  0xC0, 0x01, 0xFF, 0xFF, 0xC0, 0x03, 0xFF, 0xFF, 0x80, 0x00, 0xFF, 0xFF,
  0xFF, 0xFF, 0xFF, 0xFF, 0x00, 0x00, 0x7F, 0xFF, 0xFF, 0xFF, 0xFF, 0xFF,
  0x00, 0x00, 0x3F, 0xFF, 0xFF, 0xFF, 0xFF, 0xFE, 0x00, 0x00, 0x1F, 0xFF,
  0xFF, 0xFF, 0xFF, 0xFC, 0x00, 0x00, 0x0F, 0xFF, 0xFF, 0xFF, 0xFF, 0xF0,
  0x00, 0x00, 0x07, 0xFF, 0xFF, 0xFF, 0xFF, 0xE0, 0x00, 0x00, 0x01, 0xFF,
  0xFF, 0xFF, 0xFF, 0xC0, 0x00, 0x00, 0x00, 0xFF, 0xFF, 0xFF, 0xFF, 0x00,
  0x00, 0x00, 0x00, 0x3F, 0xFF, 0xFF, 0xFC, 0x00, 0x00, 0x00, 0x00, 0x07,
  0xFF, 0xFF, 0xF0, 0x00, 0x00, 0x00, 0x00, 0x00, 0xFF, 0xFF, 0x80, 0x00,
  0x00, 0x00, 0x00, 0x0F, 0xC0, 0x01, 0xF0, 0x00, 0x00, 0x00, 0x00, 0x1F,
  0xE0, 0x07, 0xFC, 0x00, 0x00, 0x00, 0x00, 0x3F, 0xF0, 0x0F, 0xFE, 0x00,
  0x00, 0x00, 0x00, 0x7F, 0xF8, 0x0F, 0xFE, 0x00, 0x00, 0x00, 0x00, 0x7F,
  0xF8, 0x0F, 0xFE, 0x00, 0x00, 0x00, 0x00, 0x7F, 0xF8, 0x0F, 0xFF, 0x00,
  0x00, 0x00, 0x00, 0x7F, 0xF8, 0x0F, 0xFE, 0x00, 0x00, 0x00, 0x00, 0x7F,
  0xF8, 0x0F, 0xFE, 0x00, 0x00, 0x00, 0x00, 0x7F, 0xF0, 0x0F, 0xFE, 0x00,
  0x00, 0x00, 0x00, 0x3F, 0xF0, 0x07, 0xFC, 0x00, 0x00, 0x00, 0x00, 0x1F,
  0xE0, 0x03, 0xF8, 0x00, 0x00, 0x00, 0x00, 0x07, 0x80, 0x00, 0xE0, 0x00,
  0x00, 0x00, 0x00, 0x00, 0x00, 0x00, 0x00, 0x00, 0x00, 0x00, 0x00, 0x00,
  0x00, 0x00, 0x00, 0x00, 0x00, 0x00, 0x00, 0x00, 0x00, 0x00, 0x00, 0x00,
  0x00, 0x00, 0x00, 0x00, 0x00, 0x00, 0x00, 0x00, 0x00, 0x00, 0x00, 0x00,
  0x00, 0x00, 0x00, 0x00, 0x00, 0x00, 0x00, 0x00, 0x00, 0x00, 0x00, 0x00,
  0x00, 0x00, 0x00, 0x00, 0x00, 0x00, 0x00, 0x00, 0x00, 0x00, 0x00, 0x00,
  0x7F, 0xFE, 0x00, 0x00, 0x00, 0x00, 0x00, 0x03, 0xFF, 0xFF, 0xE0, 0x00,
  0x00, 0x00, 0x00, 0x1F, 0xFF, 0xFF, 0xF8, 0x00, 0x00, 0x00, 0x00, 0x7F,
  0xFF, 0xFF, 0xFE, 0x00, 0x00, 0x00, 0x01, 0xFF, 0xFF, 0xFF, 0xFF, 0x80,
  0x00, 0x00, 0x03, 0xFF, 0xFF, 0xFF, 0xFF, 0xE0, 0x00, 0x00, 0x0F, 0xFF,
  0xFF, 0xFF, 0xFF, 0xF0, 0x00, 0x00, 0x1F, 0xFF, 0xFF, 0xFF, 0xFF, 0xF8,
  0x00, 0x00, 0x3F, 0xFF, 0xFF, 0xFF, 0xFF, 0xFC, 0x00, 0x00, 0x7F, 0xFF,
  0xFF, 0xFF, 0xFF, 0xFE, 0x00, 0x00, 0xFF, 0xFF, 0xFF, 0xFF, 0xFF, 0xFF,
  0x00, 0x01, 0xFF, 0xFF, 0xE0, 0x07, 0xFF, 0xFF, 0x80, 0x03, 0xFF, 0xFF,
  0x00, 0x00, 0xFF, 0xFF, 0xC0, 0x03, 0xFF, 0xFC, 0x00, 0x00, 0x3F, 0xFF,
  0xE0, 0x07, 0xFF, 0xF0, 0x00, 0x00, 0x0F, 0xFF, 0xE0, 0x0F, 0xFF, 0xE0,
  0x00, 0x00, 0x07, 0xFF, 0xF0, 0x0F, 0xFF, 0xC0, 0x00, 0x00, 0x03, 0xFF,
  0xF8, 0x1F, 0xFF, 0x80, 0x00, 0x00, 0x01, 0xFF, 0xF8, 0x1F, 0xFF, 0x00,
  0x00, 0x00, 0x00, 0xFF, 0xF8, 0x3F, 0xFF, 0x00, 0x00, 0x00, 0x00, 0x7F,
  0xFC, 0x3F, 0xFE, 0x00, 0x00, 0x00, 0x00, 0x3F, 0xFC, 0x3F, 0xFC, 0x00,
  0x00, 0x00, 0x00, 0x3F, 0xFE, 0x7F, 0xFC, 0x00, 0x00, 0x00, 0x00, 0x1F,
  0xFE, 0x7F, 0xF8, 0x00, 0x00, 0x00, 0x00, 0x1F, 0xFE, 0x7F, 0xF8, 0x00,
  0x00, 0x00, 0x00, 0x1F, 0xFE, 0x7F, 0xF8, 0x00, 0x00, 0x00, 0x00, 0x0F,
  0xFF, 0x7F, 0xF0, 0x00, 0x00, 0x00, 0x00, 0x0F, 0xFF, 0xFF, 0xF0, 0x00,
  0x00, 0x00, 0x00, 0x0F, 0xFF, 0xFF, 0xF0, 0x00, 0x00, 0x00, 0x00, 0x0F,
  0xFF, 0xFF, 0xF0, 0x00, 0x00, 0x00, 0x00, 0x0F, 0xFF, 0xFF, 0xF0, 0x00,
  0x00, 0x00, 0x00, 0x07, 0xFF, 0xFF, 0xF0, 0x00, 0x00, 0x00, 0x00, 0x07,
  0xFF, 0xFF, 0xF0, 0x00, 0x00, 0x00, 0x00, 0x07, 0xFF, 0xFF, 0xF0, 0x00,
  0x00, 0x00, 0x00, 0x07, 0xFF, 0xFF, 0xF0, 0x00, 0x00, 0x00, 0x00, 0x0F,
  0xFF, 0xFF, 0xF0, 0x00, 0x00, 0x00, 0x00, 0x0F, 0xFF, 0xFF, 0xF0, 0x00,
  0x00, 0x00, 0x00, 0x0F, 0xFF, 0x7F, 0xF0, 0x00, 0x00, 0x00, 0x00, 0x0F,
  0xFF, 0x7F, 0xF8, 0x00, 0x00, 0x00, 0x00, 0x0F, 0xFF, 0x7F, 0xF8, 0x00,
  0x00, 0x00, 0x00, 0x1F, 0xFE, 0x7F, 0xF8, 0x00, 0x00, 0x00, 0x00, 0x1F,
  0xFE, 0x7F, 0xFC, 0x00, 0x00, 0x00, 0x00, 0x1F, 0xFE, 0x3F, 0xFC, 0x00,
  0x00, 0x00, 0x00, 0x3F, 0xFE, 0x3F, 0xFE, 0x00, 0x00, 0x00, 0x00, 0x3F,
  0xFC, 0x3F, 0xFE, 0x00, 0x00, 0x00, 0x00, 0x7F, 0xFC, 0x1F, 0xFF, 0x00,
  0x00, 0x00, 0x00, 0xFF, 0xFC, 0x1F, 0xFF, 0x80, 0x00, 0x00, 0x01, 0xFF,
  0xF8, 0x0F, 0xFF, 0xC0, 0x00, 0x00, 0x01, 0xFF, 0xF8, 0x0F, 0xFF, 0xE0,
  0x00, 0x00, 0x03, 0xFF, 0xF0, 0x07, 0xFF, 0xF0, 0x00, 0x00, 0x0F, 0xFF,
  0xE0, 0x03, 0xFF, 0xFC, 0x00, 0x00, 0x1F, 0xFF, 0xE0, 0x03, 0xFF, 0xFE,
  0x00, 0x00, 0x7F, 0xFF, 0xC0, 0x01, 0xFF, 0xFF, 0xC0, 0x03, 0xFF, 0xFF,
  0x80, 0x00, 0xFF, 0xFF, 0xFF, 0xFF, 0xFF, 0xFF, 0x00, 0x00, 0x7F, 0xFF,
  0xFF, 0xFF, 0xFF, 0xFF, 0x00, 0x00, 0x3F, 0xFF, 0xFF, 0xFF, 0xFF, 0xFE,
  0x00, 0x00, 0x1F, 0xFF, 0xFF, 0xFF, 0xFF, 0xFC, 0x00, 0x00, 0x0F, 0xFF,
  0xFF, 0xFF, 0xFF, 0xF0, 0x00, 0x00, 0x07, 0xFF, 0xFF, 0xFF, 0xFF, 0xE0,
  0x00, 0x00, 0x01, 0xFF, 0xFF, 0xFF, 0xFF, 0xC0, 0x00, 0x00, 0x00, 0xFF,
  0xFF, 0xFF, 0xFF, 0x00, 0x00, 0x00, 0x00, 0x3F, 0xFF, 0xFF, 0xFC, 0x00,
  0x00, 0x00, 0x00, 0x07, 0xFF, 0xFF, 0xF0, 0x00, 0x00, 0x00, 0x00, 0x00,
  0xFF, 0xFF, 0x80, 0x00, 0x00, 0x03, 0x00, 0x00, 0x00, 0xC0, 0x07, 0x80,
  0x00, 0x01, 0xE0, 0x0F, 0xC0, 0x00, 0x03, 0xF0, 0x1F, 0xE0, 0x00, 0x07,
  0xF8, 0x3F, 0xF0, 0x00, 0x0F, 0xFC, 0x7F, 0xF8, 0x00, 0x1F, 0xFE, 0xFF,
  0xFC, 0x00, 0x3F, 0xFF, 0x7F, 0xFE, 0x00, 0x7F, 0xFE, 0x3F, 0xFF, 0x00,
  0xFF, 0xFC, 0x1F, 0xFF, 0x81, 0xFF, 0xF8, 0x0F, 0xFF, 0xC3, 0xFF, 0xF0,
  0x07, 0xFF, 0xE7, 0xFF, 0xE0, 0x03, 0xFF, 0xFF, 0xFF, 0xC0, 0x01, 0xFF,
  0xFF, 0xFF, 0x80, 0x00, 0xFF, 0xFF, 0xFF, 0x00, 0x00, 0x7F, 0xFF, 0xFE,
  0x00, 0x00, 0x3F, 0xFF, 0xFC, 0x00, 0x00, 0x1F, 0xFF, 0xF8, 0x00, 0x00,
  0x07, 0xFF, 0xF0, 0x00, 0x00, 0x07, 0xFF, 0xE0, 0x00, 0x00, 0x0F, 0xFF,
  0xF0, 0x00, 0x00, 0x1F, 0xFF, 0xFC, 0x00, 0x00, 0x3F, 0xFF, 0xFE, 0x00,
  0x00, 0x7F, 0xFF, 0xFF, 0x00, 0x00, 0xFF, 0xFF, 0xFF, 0x80, 0x01, 0xFF,
  0xFF, 0xFF, 0xC0, 0x03, 0xFF, 0xF7, 0xFF, 0xE0, 0x07, 0xFF, 0xE3, 0xFF,
  0xF0, 0x0F, 0xFF, 0xC1, 0xFF, 0xF8, 0x1F, 0xFF, 0x80, 0xFF, 0xFC, 0x3F,
  0xFE, 0x00, 0x7F, 0xFE, 0xFF, 0xFC, 0x00, 0x3F, 0xFF, 0x7F, 0xF8, 0x00,
  0x1F, 0xFE, 0x3F, 0xF0, 0x00, 0x0F, 0xFC, 0x1F, 0xE0, 0x00, 0x07, 0xF8,
  0x0F, 0xC0, 0x00, 0x03, 0xF0, 0x07, 0x80, 0x00, 0x01, 0xE0, 0x03, 0x00,
  0x00, 0x00, 0xC0, 0x01, 0x00, 0x00, 0x00, 0x40, 0x00, 0x00, 0x00, 0x00,
  0x00, 0x00, 0x08, 0x00, 0x00, 0x00, 0x00, 0x7F, 0xFE, 0x00, 0x1C, 0x00,
  0x00, 0x00, 0x03, 0xFF, 0xFF, 0xE0, 0x3E, 0x00, 0x00, 0x00, 0x1F, 0xFF,
  0xFF, 0xF8, 0x3F, 0x00, 0x00, 0x00, 0x7F, 0xFF, 0xFF, 0xFE, 0x7F, 0xC0,
  0x00, 0x01, 0xFF, 0xFF, 0xFF, 0xFF, 0xFF, 0xC0, 0x00, 0x03, 0xFF, 0xFF,
  0xFF, 0xFF, 0xFF, 0x80, 0x00, 0x0F, 0xFF, 0xFF, 0xFF, 0xFF, 0xFF, 0x00,
  0x00, 0x1F, 0xFF, 0xFF, 0xFF, 0xFF, 0xFE, 0x00, 0x00, 0x3F, 0xFF, 0xFF,
  0xFF, 0xFF, 0xFE, 0x00, 0x00, 0x7F, 0xFF, 0xFF, 0xFF, 0xFF, 0xFE, 0x00,
  0x00, 0xFF, 0xFF, 0xFF, 0xFF, 0xFF, 0xFF, 0x00, 0x01, 0xFF, 0xFF, 0xE0,
  0x07, 0xFF, 0xFF, 0x80, 0x03, 0xFF, 0xFF, 0x00, 0x00, 0xFF, 0xFF, 0xC0,
  0x03, 0xFF, 0xFC, 0x00, 0x00, 0x7F, 0xFF, 0xE0, 0x07, 0xFF, 0xF8, 0x00,
  0x00, 0xFF, 0xFF, 0xE0, 0x0F, 0xFF, 0xE0, 0x00, 0x00, 0xFF, 0xFF, 0xF0,
  0x0F, 0xFF, 0xC0, 0x00, 0x01, 0xFF, 0xFF, 0xF8, 0x1F, 0xFF, 0x80, 0x00,
  0x03, 0xFF, 0xFF, 0xF8, 0x1F, 0xFF, 0x00, 0x00, 0x03, 0xFE, 0xFF, 0xFC,
  0x3F, 0xFF, 0x00, 0x00, 0x07, 0xFC, 0x7F, 0xFC, 0x3F, 0xFE, 0x00, 0x00,
  0x0F, 0xFC, 0x3F, 0xFC, 0x3F, 0xFC, 0x00, 0x00, 0x1F, 0xF8, 0x3F, 0xFE,
  0x7F, 0xFC, 0x00, 0x00, 0x1F, 0xF0, 0x1F, 0xFE, 0x7F, 0xF8, 0x00, 0x00,
  0x3F, 0xE0, 0x1F, 0xFE, 0x7F, 0xF8, 0x00, 0x00, 0x7F, 0xE0, 0x1F, 0xFE,
  0x7F, 0xF8, 0x00, 0x00, 0x7F, 0xC0, 0x0F, 0xFF, 0x7F, 0xF0, 0x00, 0x00,
  0xFF, 0x80, 0x0F, 0xFF, 0x7F, 0xF0, 0x00, 0x01, 0xFF, 0x00, 0x0F, 0xFF,
  0xFF, 0xF0, 0x00, 0x03, 0xFF, 0x00, 0x0F, 0xFF, 0xFF, 0xF0, 0x00, 0x03,
  0xFE, 0x00, 0x0F, 0xFF, 0xFF, 0xF0, 0x00, 0x07, 0xFC, 0x00, 0x07, 0xFF,
  0xFF, 0xF0, 0x00, 0x0F, 0xFC, 0x00, 0x07, 0xFF, 0xFF, 0xF0, 0x00, 0x1F,
  0xF8, 0x00, 0x07, 0xFF, 0xFF, 0xF0, 0x00, 0x1F, 0xF0, 0x00, 0x07, 0xFF,
  0xFF, 0xF0, 0x00, 0x3F, 0xE0, 0x00, 0x0F, 0xFF, 0xFF, 0xF0, 0x00, 0x7F,
  0xE0, 0x00, 0x0F, 0xFF, 0x7F, 0xF0, 0x00, 0x7F, 0xC0, 0x00, 0x0F, 0xFF,
  0x7F, 0xF0, 0x00, 0xFF, 0x80, 0x00, 0x0F, 0xFF, 0x7F, 0xF8, 0x01, 0xFF,
  0x00, 0x00, 0x0F, 0xFF, 0x7F, 0xF8, 0x03, 0xFF, 0x00, 0x00, 0x1F, 0xFE,
  0x7F, 0xF8, 0x03, 0xFE, 0x00, 0x00, 0x1F, 0xFE, 0x7F, 0xFC, 0x07, 0xFC,
  0x00, 0x00, 0x1F, 0xFE, 0x3F, 0xFC, 0x0F, 0xFC, 0x00, 0x00, 0x3F, 0xFE,
  0x3F, 0xFE, 0x0F, 0xF8, 0x00, 0x00, 0x3F, 0xFC, 0x3F, 0xFE, 0x1F, 0xF0,
  0x00, 0x00, 0x7F, 0xFC, 0x1F, 0xFF, 0x3F, 0xE0, 0x00, 0x00, 0xFF, 0xFC,
  0x1F, 0xFF, 0xFF, 0xE0, 0x00, 0x00, 0xFF, 0xF8, 0x0F, 0xFF, 0xFF, 0xC0,
  0x00, 0x01, 0xFF, 0xF8, 0x0F, 0xFF, 0xFF, 0x80, 0x00, 0x03, 0xFF, 0xF0,
  0x07, 0xFF, 0xFF, 0x80, 0x00, 0x0F, 0xFF, 0xE0, 0x03, 0xFF, 0xFF, 0x00,
  0x00, 0x1F, 0xFF, 0xE0, 0x03, 0xFF, 0xFE, 0x00, 0x00, 0x7F, 0xFF, 0xC0,
  0x01, 0xFF, 0xFF, 0xC0, 0x03, 0xFF, 0xFF, 0x80, 0x00, 0xFF, 0xFF, 0xFF,
  0xFF, 0xFF, 0xFF, 0x00, 0x00, 0x7F, 0xFF, 0xFF, 0xFF, 0xFF, 0xFF, 0x00,
  0x00, 0x3F, 0xFF, 0xFF, 0xFF, 0xFF, 0xFE, 0x00, 0x00, 0x7F, 0xFF, 0xFF,
  0xFF, 0xFF, 0xFC, 0x00, 0x00, 0x7F, 0xFF, 0xFF, 0xFF, 0xFF, 0xF0, 0x00,
  0x00, 0xFF, 0xFF, 0xFF, 0xFF, 0xFF, 0xE0, 0x00, 0x01, 0xFF, 0xFF, 0xFF,
  0xFF, 0xFF, 0xC0, 0x00, 0x03, 0xFF, 0xFF, 0xFF, 0xFF, 0xFF, 0x00, 0x00,
  0x00, 0xFE, 0x3F, 0xFF, 0xFF, 0xFC, 0x00, 0x00, 0x00, 0x7C, 0x07, 0xFF,
  0xFF, 0xF0, 0x00, 0x00, 0x00, 0x38, 0x00, 0xFF, 0xFF, 0x80, 0x00, 0x00,
  0x00, 0x18, 0x00, 0x00, 0x00, 0x00, 0x00, 0x00, 0x00, 0x07, 0xFF, 0x00,
  0x00, 0x00, 0x00, 0x07, 0xFF, 0x00, 0x00, 0x00, 0x00, 0x03, 0xFF, 0x80,
  0x00, 0x00, 0x00, 0x03, 0xFF, 0x80, 0x00, 0x00, 0x00, 0x01, 0xFF, 0x80,
  0x00, 0x00, 0x00, 0x00, 0xFF, 0xC0, 0x00, 0x00, 0x00, 0x00, 0xFF, 0xC0,
  0x00, 0x00, 0x00, 0x00, 0x7F, 0xE0, 0x00, 0x00, 0x00, 0x00, 0x7F, 0xE0,
  0x00, 0x00, 0x00, 0x00, 0x3F, 0xE0, 0x00, 0x00, 0x00, 0x00, 0x3F, 0xF0,
  0x00, 0x00, 0x00, 0x00, 0x1F, 0xF0, 0x00, 0x00, 0x00, 0x00, 0x0F, 0xF8,
  0x00, 0x00, 0x00, 0x00, 0x0F, 0xF8, 0x00, 0x00, 0x00, 0x00, 0x00, 0x00,
  0x00, 0x00, 0x00, 0x00, 0x00, 0x00, 0x00, 0x00, 0x00, 0x00, 0x00, 0x00,
  0x00, 0x00, 0x00, 0x00, 0x00, 0x00, 0x00, 0x00, 0x00, 0x00, 0x00, 0x00,
  0x00, 0x00, 0x00, 0x00, 0x00, 0x00, 0x00, 0x00, 0x00, 0x00, 0x00, 0x00,
  0x00, 0x00, 0xFF, 0xF0, 0x00, 0x00, 0x07, 0xFF, 0xFF, 0xF0, 0x00, 0x00,
  0x07, 0xFF, 0xFF, 0xF0, 0x00, 0x00, 0x07, 0xFF, 0xFF, 0xF0, 0x00, 0x00,
  0x07, 0xFF, 0xFF, 0xF0, 0x00, 0x00, 0x07, 0xFF, 0xFF, 0xF0, 0x00, 0x00,
  0x07, 0xFF, 0xFF, 0xF0, 0x00, 0x00, 0x07, 0xFF, 0xFF, 0xF0, 0x00, 0x00,
  0x07, 0xFF, 0xFF, 0xF0, 0x00, 0x00, 0x07, 0xFF, 0xFF, 0xF0, 0x00, 0x00,
  0x07, 0xFF, 0xFF, 0xF0, 0x00, 0x00, 0x07, 0xFF, 0xFF, 0xF0, 0x00, 0x00,
  0x07, 0xFF, 0xFF, 0xF0, 0x00, 0x00, 0x07, 0xFF, 0xFF, 0xF0, 0x00, 0x00,
  0x07, 0xFF, 0xFF, 0xF0, 0x00, 0x00, 0x07, 0xFF, 0xFF, 0xF0, 0x00, 0x00,
  0x07, 0xFF, 0xFF, 0xF0, 0x00, 0x00, 0x07, 0xFF, 0xFF, 0xF0, 0x00, 0x00,
  0x07, 0xFF, 0xFF, 0xF0, 0x00, 0x00, 0x07, 0xFF, 0xFF, 0xF0, 0x00, 0x00,
  0x07, 0xFF, 0xFF, 0xF0, 0x00, 0x00, 0x07, 0xFF, 0xFF, 0xF0, 0x00, 0x00,
  0x07, 0xFF, 0xFF, 0xF0, 0x00, 0x00, 0x07, 0xFF, 0xFF, 0xF0, 0x00, 0x00,
  0x07, 0xFF, 0xFF, 0xF0, 0x00, 0x00, 0x07, 0xFF, 0xFF, 0xF0, 0x00, 0x00,
  0x07, 0xFF, 0xFF, 0xF0, 0x00, 0x00, 0x07, 0xFF, 0xFF, 0xF0, 0x00, 0x00,
  0x07, 0xFF, 0xFF, 0xF0, 0x00, 0x00, 0x07, 0xFF, 0xFF, 0xF0, 0x00, 0x00,
  0x07, 0xFF, 0xFF, 0xF0, 0x00, 0x00, 0x07, 0xFF, 0xFF, 0xF0, 0x00, 0x00,
  0x07, 0xFF, 0xFF, 0xF0, 0x00, 0x00, 0x07, 0xFF, 0xFF, 0xF0, 0x00, 0x00,
  0x07, 0xFF, 0xFF, 0xF0, 0x00, 0x00, 0x07, 0xFF, 0xFF, 0xF0, 0x00, 0x00,
  0x07, 0xFF, 0xFF, 0xF0, 0x00, 0x00, 0x07, 0xFF, 0xFF, 0xF0, 0x00, 0x00,
  0x07, 0xFF, 0xFF, 0xF0, 0x00, 0x00, 0x07, 0xFF, 0xFF, 0xF0, 0x00, 0x00,
  0x07, 0xFF, 0xFF, 0xF0, 0x00, 0x00, 0x07, 0xFF, 0xFF, 0xF0, 0x00, 0x00,
  0x07, 0xFF, 0xFF, 0xF0, 0x00, 0x00, 0x07, 0xFF, 0xFF, 0xF0, 0x00, 0x00,
  0x0F, 0xFF, 0x7F, 0xF0, 0x00, 0x00, 0x0F, 0xFF, 0x7F, 0xF8, 0x00, 0x00,
  0x0F, 0xFF, 0x7F, 0xF8, 0x00, 0x00, 0x1F, 0xFE, 0x7F, 0xFC, 0x00, 0x00,
  0x1F, 0xFE, 0x3F, 0xFC, 0x00, 0x00, 0x3F, 0xFE, 0x3F, 0xFE, 0x00, 0x00,
  0x7F, 0xFC, 0x1F, 0xFF, 0x00, 0x00, 0xFF, 0xFC, 0x1F, 0xFF, 0xC0, 0x03,
  0xFF, 0xF8, 0x0F, 0xFF, 0xF8, 0x0F, 0xFF, 0xF8, 0x0F, 0xFF, 0xFF, 0xFF,
  0xFF, 0xF0, 0x07, 0xFF, 0xFF, 0xFF, 0xFF, 0xF0, 0x03, 0xFF, 0xFF, 0xFF,
  0xFF, 0xE0, 0x01, 0xFF, 0xFF, 0xFF, 0xFF, 0xC0, 0x00, 0xFF, 0xFF, 0xFF,
  0xFF, 0x80, 0x00, 0x7F, 0xFF, 0xFF, 0xFF, 0x00, 0x00, 0x3F, 0xFF, 0xFF,
  0xFC, 0x00, 0x00, 0x0F, 0xFF, 0xFF, 0xF8, 0x00, 0x00, 0x03, 0xFF, 0xFF,
  0xE0, 0x00, 0x00, 0x00, 0x7F, 0xFF, 0x00, 0x00, 0x00, 0x00, 0x00, 0x7F,
  0xF0, 0x00, 0x00, 0x00, 0x00, 0xFF, 0xE0, 0x00, 0x00, 0x00, 0x00, 0xFF,
  0xE0, 0x00, 0x00, 0x00, 0x00, 0xFF, 0xC0, 0x00, 0x00, 0x00, 0x01, 0xFF,
  0xC0, 0x00, 0x00, 0x00, 0x01, 0xFF, 0x80, 0x00, 0x00, 0x00, 0x03, 0xFF,
  0x00, 0x00, 0x00, 0x00, 0x03, 0xFF, 0x00, 0x00, 0x00, 0x00, 0x03, 0xFE,
  0x00, 0x00, 0x00, 0x00, 0x07, 0xFE, 0x00, 0x00, 0x00, 0x00, 0x07, 0xFC,
  0x00, 0x00, 0x00, 0x00, 0x0F, 0xFC, 0x00, 0x00, 0x00, 0x00, 0x0F, 0xF8,
  0x00, 0x00, 0x00, 0x00, 0x1F, 0xF8, 0x00, 0x00, 0x00, 0x00, 0x00, 0x00,
  0x00, 0x00, 0x00, 0x00, 0x00, 0x00, 0x00, 0x00, 0x00, 0x00, 0x00, 0x00,
  0x00, 0x00, 0x00, 0x00, 0x00, 0x00, 0x00, 0x00, 0x00, 0x00, 0x00, 0x00,
  0x00, 0x00, 0x00, 0x00, 0x00, 0x00, 0x00, 0x00, 0x00, 0x00, 0x00, 0x00,
  0x00, 0x00, 0xFF, 0xF0, 0x00, 0x00, 0x07, 0xFF, 0xFF, 0xF0, 0x00, 0x00,
  0x07, 0xFF, 0xFF, 0xF0, 0x00, 0x00, 0x07, 0xFF, 0xFF, 0xF0, 0x00, 0x00,
  0x07, 0xFF, 0xFF, 0xF0, 0x00, 0x00, 0x07, 0xFF, 0xFF, 0xF0, 0x00, 0x00,
  0x07, 0xFF, 0xFF, 0xF0, 0x00, 0x00, 0x07, 0xFF, 0xFF, 0xF0, 0x00, 0x00,
  0x07, 0xFF, 0xFF, 0xF0, 0x00, 0x00, 0x07, 0xFF, 0xFF, 0xF0, 0x00, 0x00,
  0x07, 0xFF, 0xFF, 0xF0, 0x00, 0x00, 0x07, 0xFF, 0xFF, 0xF0, 0x00, 0x00,
  0x07, 0xFF, 0xFF, 0xF0, 0x00, 0x00, 0x07, 0xFF, 0xFF, 0xF0, 0x00, 0x00,
  0x07, 0xFF, 0xFF, 0xF0, 0x00, 0x00, 0x07, 0xFF, 0xFF, 0xF0, 0x00, 0x00,
  0x07, 0xFF, 0xFF, 0xF0, 0x00, 0x00, 0x07, 0xFF, 0xFF, 0xF0, 0x00, 0x00,
  0x07, 0xFF, 0xFF, 0xF0, 0x00, 0x00, 0x07, 0xFF, 0xFF, 0xF0, 0x00, 0x00,
  0x07, 0xFF, 0xFF, 0xF0, 0x00, 0x00, 0x07, 0xFF, 0xFF, 0xF0, 0x00, 0x00,
  0x07, 0xFF, 0xFF, 0xF0, 0x00, 0x00, 0x07, 0xFF, 0xFF, 0xF0, 0x00, 0x00,
  0x07, 0xFF, 0xFF, 0xF0, 0x00, 0x00, 0x07, 0xFF, 0xFF, 0xF0, 0x00, 0x00,
  0x07, 0xFF, 0xFF, 0xF0, 0x00, 0x00, 0x07, 0xFF, 0xFF, 0xF0, 0x00, 0x00,
  0x07, 0xFF, 0xFF, 0xF0, 0x00, 0x00, 0x07, 0xFF, 0xFF, 0xF0, 0x00, 0x00,
  0x07, 0xFF, 0xFF, 0xF0, 0x00, 0x00, 0x07, 0xFF, 0xFF, 0xF0, 0x00, 0x00,
  0x07, 0xFF, 0xFF, 0xF0, 0x00, 0x00, 0x07, 0xFF, 0xFF, 0xF0, 0x00, 0x00,
  0x07, 0xFF, 0xFF, 0xF0, 0x00, 0x00, 0x07, 0xFF, 0xFF, 0xF0, 0x00, 0x00,
  0x07, 0xFF, 0xFF, 0xF0, 0x00, 0x00, 0x07, 0xFF, 0xFF, 0xF0, 0x00, 0x00,
  0x07, 0xFF, 0xFF, 0xF0, 0x00, 0x00, 0x07, 0xFF, 0xFF, 0xF0, 0x00, 0x00,
  0x07, 0xFF, 0xFF, 0xF0, 0x00, 0x00, 0x07, 0xFF, 0xFF, 0xF0, 0x00, 0x00,
  0x07, 0xFF, 0xFF, 0xF0, 0x00, 0x00, 0x07, 0xFF, 0xFF, 0xF0, 0x00, 0x00,
  0x0F, 0xFF, 0x7F, 0xF0, 0x00, 0x00, 0x0F, 0xFF, 0x7F, 0xF8, 0x00, 0x00,
  0x0F, 0xFF, 0x7F, 0xF8, 0x00, 0x00, 0x1F, 0xFE, 0x7F, 0xFC, 0x00, 0x00,
  0x1F, 0xFE, 0x3F, 0xFC, 0x00, 0x00, 0x3F, 0xFE, 0x3F, 0xFE, 0x00, 0x00,
  0x7F, 0xFC, 0x1F, 0xFF, 0x00, 0x00, 0xFF, 0xFC, 0x1F, 0xFF, 0xC0, 0x03,
  0xFF, 0xF8, 0x0F, 0xFF, 0xF8, 0x0F, 0xFF, 0xF8, 0x0F, 0xFF, 0xFF, 0xFF,
  0xFF, 0xF0, 0x07, 0xFF, 0xFF, 0xFF, 0xFF, 0xF0, 0x03, 0xFF, 0xFF, 0xFF,
  0xFF, 0xE0, 0x01, 0xFF, 0xFF, 0xFF, 0xFF, 0xC0, 0x00, 0xFF, 0xFF, 0xFF,
  0xFF, 0x80, 0x00, 0x7F, 0xFF, 0xFF, 0xFF, 0x00, 0x00, 0x3F, 0xFF, 0xFF,
  0xFC, 0x00, 0x00, 0x0F, 0xFF, 0xFF, 0xF8, 0x00, 0x00, 0x03, 0xFF, 0xFF,
  0xE0, 0x00, 0x00, 0x00, 0x7F, 0xFF, 0x00, 0x00, 0x00, 0x00, 0x1F, 0xFC,
  0x00, 0x00, 0x00, 0x00, 0x3F, 0xFC, 0x00, 0x00, 0x00, 0x00, 0x7F, 0xFE,
  0x00, 0x00, 0x00, 0x00, 0x7F, 0xFF, 0x00, 0x00, 0x00, 0x00, 0xFF, 0xFF,
  0x80, 0x00, 0x00, 0x01, 0xFF, 0xFF, 0xC0, 0x00, 0x00, 0x03, 0xFF, 0x7F,
  0xE0, 0x00, 0x00, 0x07, 0xFE, 0x7F, 0xE0, 0x00, 0x00, 0x0F, 0xFC, 0x3F,
  0xF0, 0x00, 0x00, 0x0F, 0xFC, 0x1F, 0xF8, 0x00, 0x00, 0x1F, 0xF8, 0x0F,
  0xFC, 0x00, 0x00, 0x3F, 0xF0, 0x07, 0xFE, 0x00, 0x00, 0x7F, 0xE0, 0x03,
  0xFF, 0x00, 0x00, 0xFF, 0xC0, 0x03, 0xFF, 0x80, 0x00, 0x00, 0x00, 0x00,
  0x00, 0x00, 0x00, 0x00, 0x00, 0x00, 0x00, 0x00, 0x00, 0x00, 0x00, 0x00,
  0x00, 0x00, 0x00, 0x00, 0x00, 0x00, 0x00, 0x00, 0x00, 0x00, 0x00, 0x00,
  0x00, 0x00, 0x00, 0x00, 0x00, 0x00, 0x00, 0x00, 0x00, 0x00, 0x00, 0x00,
  0x00, 0x00, 0xFF, 0xF0, 0x00, 0x00, 0x07, 0xFF, 0xFF, 0xF0, 0x00, 0x00,
  0x07, 0xFF, 0xFF, 0xF0, 0x00, 0x00, 0x07, 0xFF, 0xFF, 0xF0, 0x00, 0x00,
  0x07, 0xFF, 0xFF, 0xF0, 0x00, 0x00, 0x07, 0xFF, 0xFF, 0xF0, 0x00, 0x00,
  0x07, 0xFF, 0xFF, 0xF0, 0x00, 0x00, 0x07, 0xFF, 0xFF, 0xF0, 0x00, 0x00,
  0x07, 0xFF, 0xFF, 0xF0, 0x00, 0x00, 0x07, 0xFF, 0xFF, 0xF0, 0x00, 0x00,
  0x07, 0xFF, 0xFF, 0xF0, 0x00, 0x00, 0x07, 0xFF, 0xFF, 0xF0, 0x00, 0x00,
  0x07, 0xFF, 0xFF, 0xF0, 0x00, 0x00, 0x07, 0xFF, 0xFF, 0xF0, 0x00, 0x00,
  0x07, 0xFF, 0xFF, 0xF0, 0x00, 0x00, 0x07, 0xFF, 0xFF, 0xF0, 0x00, 0x00,
  0x07, 0xFF, 0xFF, 0xF0, 0x00, 0x00, 0x07, 0xFF, 0xFF, 0xF0, 0x00, 0x00,
  0x07, 0xFF, 0xFF, 0xF0, 0x00, 0x00, 0x07, 0xFF, 0xFF, 0xF0, 0x00, 0x00,
  0x07, 0xFF, 0xFF, 0xF0, 0x00, 0x00, 0x07, 0xFF, 0xFF, 0xF0, 0x00, 0x00,
  0x07, 0xFF, 0xFF, 0xF0, 0x00, 0x00, 0x07, 0xFF, 0xFF, 0xF0, 0x00, 0x00,
  0x07, 0xFF, 0xFF, 0xF0, 0x00, 0x00, 0x07, 0xFF, 0xFF, 0xF0, 0x00, 0x00,
  0x07, 0xFF, 0xFF, 0xF0, 0x00, 0x00, 0x07, 0xFF, 0xFF, 0xF0, 0x00, 0x00,
  0x07, 0xFF, 0xFF, 0xF0, 0x00, 0x00, 0x07, 0xFF, 0xFF, 0xF0, 0x00, 0x00,
  0x07, 0xFF, 0xFF, 0xF0, 0x00, 0x00, 0x07, 0xFF, 0xFF, 0xF0, 0x00, 0x00,
  0x07, 0xFF, 0xFF, 0xF0, 0x00, 0x00, 0x07, 0xFF, 0xFF, 0xF0, 0x00, 0x00,
  0x07, 0xFF, 0xFF, 0xF0, 0x00, 0x00, 0x07, 0xFF, 0xFF, 0xF0, 0x00, 0x00,
  0x07, 0xFF, 0xFF, 0xF0, 0x00, 0x00, 0x07, 0xFF, 0xFF, 0xF0, 0x00, 0x00,
  0x07, 0xFF, 0xFF, 0xF0, 0x00, 0x00, 0x07, 0xFF, 0xFF, 0xF0, 0x00, 0x00,
  0x07, 0xFF, 0xFF, 0xF0, 0x00, 0x00, 0x07, 0xFF, 0xFF, 0xF0, 0x00, 0x00,
  0x07, 0xFF, 0xFF, 0xF0, 0x00, 0x00, 0x07, 0xFF, 0xFF, 0xF0, 0x00, 0x00,
  0x0F, 0xFF, 0x7F, 0xF0, 0x00, 0x00, 0x0F, 0xFF, 0x7F, 0xF8, 0x00, 0x00,
  0x0F, 0xFF, 0x7F, 0xF8, 0x00, 0x00, 0x1F, 0xFE, 0x7F, 0xFC, 0x00, 0x00,
  0x1F, 0xFE, 0x3F, 0xFC, 0x00, 0x00, 0x3F, 0xFE, 0x3F, 0xFE, 0x00, 0x00,
  0x7F, 0xFC, 0x1F, 0xFF, 0x00, 0x00, 0xFF, 0xFC, 0x1F, 0xFF, 0xC0, 0x03,
  0xFF, 0xF8, 0x0F, 0xFF, 0xF8, 0x0F, 0xFF, 0xF8, 0x0F, 0xFF, 0xFF, 0xFF,
  0xFF, 0xF0, 0x07, 0xFF, 0xFF, 0xFF, 0xFF, 0xF0, 0x03, 0xFF, 0xFF, 0xFF,
  0xFF, 0xE0, 0x01, 0xFF, 0xFF, 0xFF, 0xFF, 0xC0, 0x00, 0xFF, 0xFF, 0xFF,
  0xFF, 0x80, 0x00, 0x7F, 0xFF, 0xFF, 0xFF, 0x00, 0x00, 0x3F, 0xFF, 0xFF,
  0xFC, 0x00, 0x00, 0x0F, 0xFF, 0xFF, 0xF8, 0x00, 0x00, 0x03, 0xFF, 0xFF,
  0xE0, 0x00, 0x00, 0x00, 0x7F, 0xFF, 0x00, 0x00, 0x00, 0x0F, 0xC0, 0x01,
  0xF8, 0x00, 0x00, 0x1F, 0xE0, 0x07, 0xFC, 0x00, 0x00, 0x3F, 0xF0, 0x07,
  0xFE, 0x00, 0x00, 0x7F, 0xF8, 0x0F, 0xFE, 0x00, 0x00, 0x7F, 0xF8, 0x0F,
  0xFE, 0x00, 0x00, 0x7F, 0xF8, 0x0F, 0xFF, 0x00, 0x00, 0x7F, 0xF8, 0x0F,
  0xFF, 0x00, 0x00, 0x7F, 0xF8, 0x0F, 0xFE, 0x00, 0x00, 0x3F, 0xF0, 0x0F,
  0xFE, 0x00, 0x00, 0x3F, 0xF0, 0x07, 0xFC, 0x00, 0x00, 0x1F, 0xE0, 0x03,
  0xF8, 0x00, 0x00, 0x07, 0x80, 0x00, 0xE0, 0x00, 0x00, 0x00, 0x00, 0x00,
  0x00, 0x00, 0x00, 0x00, 0x00, 0x00, 0x00, 0x00, 0x00, 0x00, 0x00, 0x00,
  0x00, 0x00, 0x00, 0x00, 0x00, 0x00, 0x00, 0x00, 0x00, 0x00, 0x00, 0x00,
  0x00, 0x00, 0x00, 0x00, 0x00, 0x00, 0x00, 0x00, 0x00, 0x00, 0x00, 0x00,
  0x00, 0x00, 0x00, 0x00, 0x00, 0x00, 0x00, 0x00, 0xFF, 0xF0, 0x00, 0x00,
  0x07, 0xFF, 0xFF, 0xF0, 0x00, 0x00, 0x07, 0xFF, 0xFF, 0xF0, 0x00, 0x00,
  0x07, 0xFF, 0xFF, 0xF0, 0x00, 0x00, 0x07, 0xFF, 0xFF, 0xF0, 0x00, 0x00,
  0x07, 0xFF, 0xFF, 0xF0, 0x00, 0x00, 0x07, 0xFF, 0xFF, 0xF0, 0x00, 0x00,
  0x07, 0xFF, 0xFF, 0xF0, 0x00, 0x00, 0x07, 0xFF, 0xFF, 0xF0, 0x00, 0x00,
  0x07, 0xFF, 0xFF, 0xF0, 0x00, 0x00, 0x07, 0xFF, 0xFF, 0xF0, 0x00, 0x00,
  0x07, 0xFF, 0xFF, 0xF0, 0x00, 0x00, 0x07, 0xFF, 0xFF, 0xF0, 0x00, 0x00,
  0x07, 0xFF, 0xFF, 0xF0, 0x00, 0x00, 0x07, 0xFF, 0xFF, 0xF0, 0x00, 0x00,
  0x07, 0xFF, 0xFF, 0xF0, 0x00, 0x00, 0x07, 0xFF, 0xFF, 0xF0, 0x00, 0x00,
  0x07, 0xFF, 0xFF, 0xF0, 0x00, 0x00, 0x07, 0xFF, 0xFF, 0xF0, 0x00, 0x00,
  0x07, 0xFF, 0xFF, 0xF0, 0x00, 0x00, 0x07, 0xFF, 0xFF, 0xF0, 0x00, 0x00,
  0x07, 0xFF, 0xFF, 0xF0, 0x00, 0x00, 0x07, 0xFF, 0xFF, 0xF0, 0x00, 0x00,
  0x07, 0xFF, 0xFF, 0xF0, 0x00, 0x00, 0x07, 0xFF, 0xFF, 0xF0, 0x00, 0x00,
  0x07, 0xFF, 0xFF, 0xF0, 0x00, 0x00, 0x07, 0xFF, 0xFF, 0xF0, 0x00, 0x00,
  0x07, 0xFF, 0xFF, 0xF0, 0x00, 0x00, 0x07, 0xFF, 0xFF, 0xF0, 0x00, 0x00,
  0x07, 0xFF, 0xFF, 0xF0, 0x00, 0x00, 0x07, 0xFF, 0xFF, 0xF0, 0x00, 0x00,
  0x07, 0xFF, 0xFF, 0xF0, 0x00, 0x00, 0x07, 0xFF, 0xFF, 0xF0, 0x00, 0x00,
  0x07, 0xFF, 0xFF, 0xF0, 0x00, 0x00, 0x07, 0xFF, 0xFF, 0xF0, 0x00, 0x00,
  0x07, 0xFF, 0xFF, 0xF0, 0x00, 0x00, 0x07, 0xFF, 0xFF, 0xF0, 0x00, 0x00,
  0x07, 0xFF, 0xFF, 0xF0, 0x00, 0x00, 0x07, 0xFF, 0xFF, 0xF0, 0x00, 0x00,
  0x07, 0xFF, 0xFF, 0xF0, 0x00, 0x00, 0x07, 0xFF, 0xFF, 0xF0, 0x00, 0x00,
  0x07, 0xFF, 0xFF, 0xF0, 0x00, 0x00, 0x07, 0xFF, 0xFF, 0xF0, 0x00, 0x00,
  0x07, 0xFF, 0xFF, 0xF0, 0x00, 0x00, 0x0F, 0xFF, 0x7F, 0xF0, 0x00, 0x00,
  0x0F, 0xFF, 0x7F, 0xF8, 0x00, 0x00, 0x0F, 0xFF, 0x7F, 0xF8, 0x00, 0x00,
  0x1F, 0xFE, 0x7F, 0xFC, 0x00, 0x00, 0x1F, 0xFE, 0x3F, 0xFC, 0x00, 0x00,
  0x3F, 0xFE, 0x3F, 0xFE, 0x00, 0x00, 0x7F, 0xFC, 0x1F, 0xFF, 0x00, 0x00,
  0xFF, 0xFC, 0x1F, 0xFF, 0xC0, 0x03, 0xFF, 0xF8, 0x0F, 0xFF, 0xF8, 0x0F,
  0xFF, 0xF8, 0x0F, 0xFF, 0xFF, 0xFF, 0xFF, 0xF0, 0x07, 0xFF, 0xFF, 0xFF,
  0xFF, 0xF0, 0x03, 0xFF, 0xFF, 0xFF, 0xFF, 0xE0, 0x01, 0xFF, 0xFF, 0xFF,
  0xFF, 0xC0, 0x00, 0xFF, 0xFF, 0xFF, 0xFF, 0x80, 0x00, 0x7F, 0xFF, 0xFF,
  0xFF, 0x00, 0x00, 0x3F, 0xFF, 0xFF, 0xFC, 0x00, 0x00, 0x0F, 0xFF, 0xFF,
  0xF8, 0x00, 0x00, 0x03, 0xFF, 0xFF, 0xE0, 0x00, 0x00, 0x00, 0x7F, 0xFF,
  0x00, 0x00, 0x00, 0x00, 0x00, 0x0F, 0xFE, 0x00, 0x00, 0x00, 0x00, 0x00,
  0x7F, 0xF0, 0x00, 0x00, 0x00, 0x00, 0x01, 0xFF, 0x80, 0x00, 0x00, 0x00,
  0x00, 0x0F, 0xFE, 0x00, 0x00, 0x00, 0x00, 0x00, 0x3F, 0xF0, 0x00, 0x00,
  0x00, 0x00, 0x01, 0xFF, 0xC0, 0x00, 0x00, 0x00, 0x00, 0x07, 0xFE, 0x00,
  0x00, 0x00, 0x00, 0x00, 0x1F, 0xF8, 0x00, 0x00, 0x00, 0x00, 0x00, 0xFF,
  0xC0, 0x00, 0x00, 0x00, 0x00, 0x03, 0xFE, 0x00, 0x00, 0x00, 0x00, 0x00,
  0x1F, 0xF8, 0x00, 0x00, 0x00, 0x00, 0x00, 0x7F, 0xC0, 0x00, 0x00, 0x00,
  0x00, 0x01, 0xFF, 0x00, 0x00, 0x00, 0x00, 0x00, 0x0F, 0xF8, 0x00, 0x00,
  0x00, 0x00, 0x00, 0x00, 0x00, 0x00, 0x00, 0x00, 0x00, 0x00, 0x00, 0x00,
  0x00, 0x00, 0x00, 0x00, 0x00, 0x00, 0x00, 0x00, 0x00, 0x00, 0x00, 0x00,
  0x00, 0x00, 0x00, 0x00, 0x00, 0x00, 0x00, 0x00, 0x00, 0x00, 0x00, 0x00,
  0x00, 0x00, 0x00, 0x00, 0x00, 0x00, 0x00, 0x00, 0x00, 0x00, 0x00, 0x03,
  0xFF, 0xE0, 0x00, 0x00, 0x01, 0xFF, 0xFF, 0xFF, 0xC0, 0x00, 0x00, 0x0F,
  0xFF, 0x9F, 0xFF, 0x00, 0x00, 0x00, 0x3F, 0xFE, 0x3F, 0xFE, 0x00, 0x00,
  0x01, 0xFF, 0xF0, 0xFF, 0xF8, 0x00, 0x00, 0x07, 0xFF, 0x81, 0xFF, 0xF0,
  0x00, 0x00, 0x3F, 0xFE, 0x07, 0xFF, 0xE0, 0x00, 0x01, 0xFF, 0xF0, 0x0F,
  0xFF, 0x80, 0x00, 0x07, 0xFF, 0xC0, 0x1F, 0xFF, 0x00, 0x00, 0x3F, 0xFE,
  0x00, 0x7F, 0xFC, 0x00, 0x00, 0xFF, 0xF0, 0x00, 0xFF, 0xF8, 0x00, 0x07,
  0xFF, 0xC0, 0x01, 0xFF, 0xE0, 0x00, 0x1F, 0xFE, 0x00, 0x07, 0xFF, 0xC0,
  0x00, 0xFF, 0xF0, 0x00, 0x0F, 0xFF, 0x80, 0x07, 0xFF, 0xC0, 0x00, 0x3F,
  0xFE, 0x00, 0x1F, 0xFE, 0x00, 0x00, 0x7F, 0xFC, 0x00, 0xFF, 0xF8, 0x00,
  0x00, 0xFF, 0xF0, 0x03, 0xFF, 0xC0, 0x00, 0x03, 0xFF, 0xE0, 0x1F, 0xFE,
  0x00, 0x00, 0x07, 0xFF, 0xC0, 0xFF, 0xF8, 0x00, 0x00, 0x0F, 0xFF, 0x03,
  0xFF, 0xC0, 0x00, 0x00, 0x3F, 0xFE, 0x1F, 0xFE, 0x00, 0x00, 0x00, 0x7F,
  0xF8, 0x7F, 0xF8, 0x00, 0x00, 0x01, 0xFF, 0xF3, 0xFF, 0xC0, 0x00, 0x00,
  0x03, 0xFF, 0xCF, 0xFF, 0x00, 0x00, 0x00, 0x07, 0xFF, 0xFF, 0xF8, 0x00,
  0x00, 0x00, 0x1F, 0xFF, 0xFF, 0xC0, 0x00, 0x00, 0x00, 0x3F, 0xFF, 0xFF,
  0x00, 0x00, 0x00, 0x00, 0x7F, 0xFF, 0xF8, 0x00, 0x00, 0x00, 0x01, 0xFF,
  0xFF, 0xC0, 0x00, 0x00, 0x00, 0x03, 0xFF, 0xFF, 0x00, 0x00, 0x00, 0x00,
  0x0F, 0xFF, 0xF8, 0x00, 0x00, 0x00, 0x00, 0x1F, 0xFF, 0xE0, 0x00, 0x00,
  0x00, 0x00, 0x3F, 0xFF, 0x00, 0x00, 0x00, 0x00, 0x00, 0xFF, 0xF8, 0x00,
  0x00, 0x00, 0x00, 0x01, 0xFF, 0xE0, 0x00, 0x00, 0x00, 0x00, 0x07, 0xFF,
  0x80, 0x00, 0x00, 0x00, 0x00, 0x1F, 0xFE, 0x00, 0x00, 0x00, 0x00, 0x00,
  0x7F, 0xF8, 0x00, 0x00, 0x00, 0x00, 0x01, 0xFF, 0xE0, 0x00, 0x00, 0x00,
  0x00, 0x07, 0xFF, 0x80, 0x00, 0x00, 0x00, 0x00, 0x1F, 0xFE, 0x00, 0x00,
  0x00, 0x00, 0x00, 0x7F, 0xF8, 0x00, 0x00, 0x00, 0x00, 0x01, 0xFF, 0xE0,
  0x00, 0x00, 0x00, 0x00, 0x07, 0xFF, 0x80, 0x00, 0x00, 0x00, 0x00, 0x1F,
  0xFE, 0x00, 0x00, 0x00, 0x00, 0x00, 0x7F, 0xF8, 0x00, 0x00, 0x00, 0x00,
  0x01, 0xFF, 0xE0, 0x00, 0x00, 0x00, 0x00, 0x07, 0xFF, 0x80, 0x00, 0x00,
  0x00, 0x00, 0x1F, 0xFE, 0x00, 0x00, 0x00, 0x00, 0x00, 0x7F, 0xF8, 0x00,
  0x00, 0x00, 0x00, 0x01, 0xFF, 0xE0, 0x00, 0x00, 0x00, 0x00, 0x07, 0xFF,
  0x80, 0x00, 0x00, 0x00, 0x00, 0x1F, 0xFE, 0x00, 0x00, 0x00, 0x00, 0x00,
  0x7F, 0xF8, 0x00, 0x00, 0x00, 0x00, 0x01, 0xFF, 0xE0, 0x00, 0x00, 0x00,
  0x00, 0x07, 0xFF, 0x80, 0x00, 0x00, 0x00, 0x00, 0x1F, 0xFE, 0x00, 0x00,
  0x00, 0x00, 0x00, 0x7F, 0xF8, 0x00, 0x00, 0x00, 0x00, 0x01, 0xFF, 0xE0,
  0x00, 0x00, 0x00, 0x00, 0x07, 0xFF, 0x80, 0x00, 0x00, 0x00, 0x00, 0x1F,
  0xFE, 0x00, 0x00, 0x00, 0x00, 0x00, 0x7F, 0xF8, 0x00, 0x00, 0x00, 0xFF,
  0xE0, 0x00, 0x00, 0x00, 0x0F, 0xFE, 0x00, 0x00, 0x00, 0x00, 0xFF, 0xE0,
  0x00, 0x00, 0x00, 0x0F, 0xFE, 0x00, 0x00, 0x00, 0x00, 0xFF, 0xE0, 0x00,
  0x00, 0x00, 0x0F, 0xFE, 0x00, 0x00, 0x00, 0x00, 0xFF, 0xE0, 0x00, 0x00,
  0x00, 0x0F, 0xFE, 0x00, 0x00, 0x00, 0x00, 0xFF, 0xE0, 0x00, 0x00, 0x00,
  0x0F, 0xFF, 0xFF, 0xFF, 0x80, 0x00, 0xFF, 0xFF, 0xFF, 0xFF, 0x00, 0x0F,
  0xFF, 0xFF, 0xFF, 0xFC, 0x00, 0xFF, 0xFF, 0xFF, 0xFF, 0xE0, 0x0F, 0xFF,
  0xFF, 0xFF, 0xFF, 0x80, 0xFF, 0xFF, 0xFF, 0xFF, 0xFC, 0x0F, 0xFF, 0xFF,
  0xFF, 0xFF, 0xE0, 0xFF, 0xFF, 0xFF, 0xFF, 0xFF, 0x0F, 0xFF, 0xFF, 0xFF,
  0xFF, 0xF0, 0xFF, 0xFF, 0xFF, 0xFF, 0xFF, 0x8F, 0xFE, 0x00, 0x07, 0xFF,
  0xF8, 0xFF, 0xE0, 0x00, 0x1F, 0xFF, 0xCF, 0xFE, 0x00, 0x00, 0x7F, 0xFC,
  0xFF, 0xE0, 0x00, 0x03, 0xFF, 0xEF, 0xFE, 0x00, 0x00, 0x3F, 0xFE, 0xFF,
  0xE0, 0x00, 0x01, 0xFF, 0xEF, 0xFE, 0x00, 0x00, 0x1F, 0xFE, 0xFF, 0xE0,
  0x00, 0x00, 0xFF, 0xEF, 0xFE, 0x00, 0x00, 0x0F, 0xFE, 0xFF, 0xE0, 0x00,
  0x00, 0xFF, 0xFF, 0xFE, 0x00, 0x00, 0x0F, 0xFF, 0xFF, 0xE0, 0x00, 0x00,
  0xFF, 0xFF, 0xFE, 0x00, 0x00, 0x0F, 0xFE, 0xFF, 0xE0, 0x00, 0x00, 0xFF,
  0xEF, 0xFE, 0x00, 0x00, 0x1F, 0xFE, 0xFF, 0xE0, 0x00, 0x01, 0xFF, 0xEF,
  0xFE, 0x00, 0x00, 0x3F, 0xFE, 0xFF, 0xE0, 0x00, 0x03, 0xFF, 0xEF, 0xFE,
  0x00, 0x00, 0x7F, 0xFC, 0xFF, 0xE0, 0x00, 0x1F, 0xFF, 0xCF, 0xFE, 0x00,
  0x07, 0xFF, 0xF8, 0xFF, 0xFF, 0xFF, 0xFF, 0xFF, 0x8F, 0xFF, 0xFF, 0xFF,
  0xFF, 0xF0, 0xFF, 0xFF, 0xFF, 0xFF, 0xFE, 0x0F, 0xFF, 0xFF, 0xFF, 0xFF,
  0xE0, 0xFF, 0xFF, 0xFF, 0xFF, 0xFC, 0x0F, 0xFF, 0xFF, 0xFF, 0xFF, 0x00,
  0xFF, 0xFF, 0xFF, 0xFF, 0xE0, 0x0F, 0xFF, 0xFF, 0xFF, 0xF8, 0x00, 0xFF,
  0xFF, 0xFF, 0xFE, 0x00, 0x0F, 0xFF, 0xFF, 0xFF, 0x00, 0x00, 0xFF, 0xE0,
  0x00, 0x00, 0x00, 0x0F, 0xFE, 0x00, 0x00, 0x00, 0x00, 0xFF, 0xE0, 0x00,
  0x00, 0x00, 0x0F, 0xFE, 0x00, 0x00, 0x00, 0x00, 0xFF, 0xE0, 0x00, 0x00,
  0x00, 0x0F, 0xFE, 0x00, 0x00, 0x00, 0x00, 0xFF, 0xE0, 0x00, 0x00, 0x00,
  0x0F, 0xFE, 0x00, 0x00, 0x00, 0x00, 0xFF, 0xE0, 0x00, 0x00, 0x00, 0x0F,
  0xFE, 0x00, 0x00, 0x00, 0x00, 0xFF, 0xE0, 0x00, 0x00, 0x00, 0x0F, 0xFE,
  0x00, 0x00, 0x00, 0x00, 0x00, 0x01, 0xFF, 0xF0, 0x00, 0x00, 0x00, 0xFF,
  0xFF, 0xE0, 0x00, 0x00, 0x3F, 0xFF, 0xFF, 0x80, 0x00, 0x0F, 0xFF, 0xFF,
  0xFE, 0x00, 0x01, 0xFF, 0xFF, 0xFF, 0xF0, 0x00, 0x3F, 0xFF, 0xFF, 0xFF,
  0x80, 0x07, 0xFF, 0xFF, 0xFF, 0xFC, 0x00, 0xFF, 0xFF, 0xFF, 0xFF, 0xE0,
  0x1F, 0xFF, 0xFF, 0xFF, 0xFF, 0x01, 0xFF, 0xFF, 0xFF, 0xFF, 0xF0, 0x3F,
  0xFF, 0x80, 0x7F, 0xFF, 0x83, 0xFF, 0xF0, 0x01, 0xFF, 0xF8, 0x7F, 0xFC,
  0x00, 0x0F, 0xFF, 0x87, 0xFF, 0xC0, 0x00, 0x7F, 0xFC, 0x7F, 0xF8, 0x00,
  0x03, 0xFF, 0xC7, 0xFF, 0x00, 0x00, 0x3F, 0xFC, 0x7F, 0xF0, 0x00, 0x03,
  0xFF, 0xCF, 0xFF, 0x00, 0x00, 0x1F, 0xFC, 0xFF, 0xF0, 0x00, 0x01, 0xFF,
  0xCF, 0xFF, 0x00, 0x00, 0x1F, 0xFC, 0xFF, 0xF0, 0x00, 0x03, 0xFF, 0x8F,
  0xFF, 0x00, 0x00, 0x3F, 0xF8, 0xFF, 0xF0, 0x00, 0x03, 0xFF, 0x8F, 0xFF,
  0x00, 0x00, 0x7F, 0xF0, 0xFF, 0xF0, 0x00, 0x0F, 0xFF, 0x0F, 0xFF, 0x00,
  0x03, 0xFF, 0xE0, 0xFF, 0xF0, 0x1F, 0xFF, 0xFC, 0x0F, 0xFF, 0x01, 0xFF,
  0xFF, 0x80, 0xFF, 0xF0, 0x1F, 0xFF, 0xF0, 0x0F, 0xFF, 0x01, 0xFF, 0xFC,
  0x00, 0xFF, 0xF0, 0x1F, 0xFF, 0xC0, 0x0F, 0xFF, 0x01, 0xFF, 0xFF, 0x00,
  0xFF, 0xF0, 0x1F, 0xFF, 0xFC, 0x0F, 0xFF, 0x01, 0xFF, 0xFF, 0xE0, 0xFF,
  0xF0, 0x1F, 0xFF, 0xFF, 0x0F, 0xFF, 0x00, 0x01, 0xFF, 0xF8, 0xFF, 0xF0,
  0x00, 0x07, 0xFF, 0xCF, 0xFF, 0x00, 0x00, 0x3F, 0xFE, 0xFF, 0xF0, 0x00,
  0x01, 0xFF, 0xEF, 0xFF, 0x00, 0x00, 0x0F, 0xFE, 0xFF, 0xF0, 0x00, 0x00,
  0xFF, 0xFF, 0xFF, 0x00, 0x00, 0x07, 0xFF, 0xFF, 0xF0, 0x00, 0x00, 0x7F,
  0xFF, 0xFF, 0x00, 0x00, 0x07, 0xFF, 0xFF, 0xF0, 0x00, 0x00, 0x7F, 0xFF,
  0xFF, 0x00, 0x00, 0x07, 0xFF, 0xFF, 0xF0, 0x00, 0x00, 0x7F, 0xFF, 0xFF,
  0x00, 0x00, 0x07, 0xFF, 0xFF, 0xF0, 0x00, 0x00, 0xFF, 0xFF, 0xFF, 0x00,
  0x00, 0x0F, 0xFF, 0xFF, 0xF0, 0x00, 0x01, 0xFF, 0xFF, 0xFF, 0x00, 0x00,
  0x3F, 0xFF, 0xFF, 0xF0, 0x00, 0x07, 0xFF, 0xEF, 0xFF, 0x08, 0x01, 0xFF,
  0xFE, 0xFF, 0xF0, 0xFF, 0xFF, 0xFF, 0xCF, 0xFF, 0x0F, 0xFF, 0xFF, 0xFC,
  0xFF, 0xF0, 0xFF, 0xFF, 0xFF, 0x8F, 0xFF, 0x0F, 0xFF, 0xFF, 0xF0, 0xFF,
  0xF0, 0xFF, 0xFF, 0xFE, 0x0F, 0xFF, 0x0F, 0xFF, 0xFF, 0xC0, 0xFF, 0xF0,
  0xFF, 0xFF, 0xF8, 0x0F, 0xFF, 0x0F, 0xFF, 0xFE, 0x00, 0xFF, 0xF0, 0xFF,
  0xFF, 0x80, 0x00, 0x00, 0x01, 0xFF, 0x80, 0x00, 0x00, 0x3F, 0xF8, 0x00,
  0x00, 0x00, 0x07, 0xFE, 0x00, 0x00, 0x00, 0x01, 0xFF, 0xC0, 0x00, 0x00,
  0x00, 0x3F, 0xF0, 0x00, 0x00, 0x00, 0x0F, 0xFE, 0x00, 0x00, 0x00, 0x01,
  0xFF, 0x80, 0x00, 0x00, 0x00, 0x7F, 0xE0, 0x00, 0x00, 0x00, 0x0F, 0xFC,
  0x00, 0x00, 0x00, 0x01, 0xFF, 0x00, 0x00, 0x00, 0x00, 0x7F, 0xE0, 0x00,
  0x00, 0x00, 0x0F, 0xF8, 0x00, 0x00, 0x00, 0x03, 0xFF, 0x00, 0x00, 0x00,
  0x00, 0x7F, 0xC0, 0x00, 0x00, 0x00, 0x1F, 0xF0, 0x00, 0x00, 0x00, 0x00,
  0x00, 0x00, 0x00, 0x00, 0x00, 0x00, 0x00, 0x00, 0x00, 0x00, 0x00, 0x00,
  0x00, 0x00, 0x00, 0x00, 0x00, 0x00, 0x00, 0x00, 0x00, 0x00, 0x00, 0x00,
  0x00, 0x00, 0x10, 0x00, 0x00, 0x00, 0x07, 0xFF, 0xFC, 0x00, 0x00, 0x0F,
  0xFF, 0xFF, 0xC0, 0x00, 0x0F, 0xFF, 0xFF, 0xFC, 0x00, 0x0F, 0xFF, 0xFF,
  0xFF, 0xC0, 0x07, 0xFF, 0xFF, 0xFF, 0xF8, 0x07, 0xFF, 0xFF, 0xFF, 0xFF,
  0x03, 0xFF, 0xFF, 0xFF, 0xFF, 0xE1, 0xFF, 0xFF, 0xFF, 0xFF, 0xF8, 0x3F,
  0xFE, 0x00, 0xFF, 0xFF, 0x07, 0xFE, 0x00, 0x0F, 0xFF, 0xC0, 0xFE, 0x00,
  0x00, 0xFF, 0xF8, 0x1E, 0x00, 0x00, 0x1F, 0xFE, 0x03, 0x00, 0x00, 0x07,
  0xFF, 0x80, 0x80, 0x00, 0x00, 0xFF, 0xE0, 0x00, 0x00, 0x00, 0x3F, 0xFC,
  0x00, 0x00, 0x00, 0x0F, 0xFF, 0x00, 0x00, 0x00, 0x03, 0xFF, 0xC0, 0x00,
  0xFF, 0x00, 0xFF, 0xF0, 0x03, 0xFF, 0xFF, 0x3F, 0xFC, 0x07, 0xFF, 0xFF,
  0xFF, 0xFF, 0x03, 0xFF, 0xFF, 0xFF, 0xFF, 0xC3, 0xFF, 0xFF, 0xFF, 0xFF,
  0xF1, 0xFF, 0xFF, 0xFF, 0xFF, 0xFC, 0xFF, 0xFF, 0xFF, 0xFF, 0xFF, 0x3F,
  0xFF, 0x80, 0x7F, 0xFF, 0xDF, 0xFF, 0x00, 0x03, 0xFF, 0xF7, 0xFF, 0x80,
  0x00, 0x3F, 0xFF, 0xFF, 0xC0, 0x00, 0x0F, 0xFF, 0xFF, 0xE0, 0x00, 0x03,
  0xFF, 0xFF, 0xF8, 0x00, 0x00, 0xFF, 0xFF, 0xFE, 0x00, 0x00, 0x3F, 0xFF,
  0xFF, 0x80, 0x00, 0x1F, 0xFF, 0xFF, 0xE0, 0x00, 0x07, 0xFF, 0xFF, 0xF8,
  0x00, 0x03, 0xFF, 0xFF, 0xFF, 0x00, 0x01, 0xFF, 0xFF, 0xFF, 0xC0, 0x00,
  0xFF, 0xFF, 0xFF, 0xFC, 0x00, 0x7F, 0xFF, 0xFF, 0xFF, 0xE0, 0xFF, 0xFF,
  0xF7, 0xFF, 0xFF, 0xFF, 0xFF, 0xFD, 0xFF, 0xFF, 0xFF, 0xFF, 0xFF, 0x3F,
  0xFF, 0xFF, 0xFB, 0xFF, 0xC7, 0xFF, 0xFF, 0xFC, 0xFF, 0xF0, 0xFF, 0xFF,
  0xFE, 0x3F, 0xFC, 0x1F, 0xFF, 0xFE, 0x0F, 0xFF, 0x01, 0xFF, 0xFF, 0x03,
  0xFF, 0xC0, 0x1F, 0xFE, 0x00, 0x00, 0x00, 0x00, 0x00, 0x03, 0xFF, 0x80,
  0x00, 0x00, 0x00, 0xFF, 0xE0, 0x00, 0x00, 0x00, 0x7F, 0xF0, 0x00, 0x00,
  0x00, 0x1F, 0xF8, 0x00, 0x00, 0x00, 0x0F, 0xFE, 0x00, 0x00, 0x00, 0x03,
  0xFF, 0x00, 0x00, 0x00, 0x00, 0xFF, 0xC0, 0x00, 0x00, 0x00, 0x7F, 0xE0,
  0x00, 0x00, 0x00, 0x1F, 0xF8, 0x00, 0x00, 0x00, 0x0F, 0xFC, 0x00, 0x00,
  0x00, 0x03, 0xFE, 0x00, 0x00, 0x00, 0x00, 0xFF, 0x80, 0x00, 0x00, 0x00,
  0x7F, 0xC0, 0x00, 0x00, 0x00, 0x1F, 0xF0, 0x00, 0x00, 0x00, 0x00, 0x00,
  0x00, 0x00, 0x00, 0x00, 0x00, 0x00, 0x00, 0x00, 0x00, 0x00, 0x00, 0x00,
  0x00, 0x00, 0x00, 0x00, 0x00, 0x00, 0x00, 0x00, 0x00, 0x00, 0x00, 0x00,
  0x00, 0x10, 0x00, 0x00, 0x00, 0x07, 0xFF, 0xFC, 0x00, 0x00, 0x0F, 0xFF,
  0xFF, 0xC0, 0x00, 0x0F, 0xFF, 0xFF, 0xFC, 0x00, 0x0F, 0xFF, 0xFF, 0xFF,
  0xC0, 0x07, 0xFF, 0xFF, 0xFF, 0xF8, 0x07, 0xFF, 0xFF, 0xFF, 0xFF, 0x03,
  0xFF, 0xFF, 0xFF, 0xFF, 0xE1, 0xFF, 0xFF, 0xFF, 0xFF, 0xF8, 0x3F, 0xFE,
  0x00, 0xFF, 0xFF, 0x07, 0xFE, 0x00, 0x0F, 0xFF, 0xC0, 0xFE, 0x00, 0x00,
  0xFF, 0xF8, 0x1E, 0x00, 0x00, 0x1F, 0xFE, 0x03, 0x00, 0x00, 0x07, 0xFF,
  0x80, 0x80, 0x00, 0x00, 0xFF, 0xE0, 0x00, 0x00, 0x00, 0x3F, 0xFC, 0x00,
  0x00, 0x00, 0x0F, 0xFF, 0x00, 0x00, 0x00, 0x03, 0xFF, 0xC0, 0x00, 0xFF,
  0x00, 0xFF, 0xF0, 0x03, 0xFF, 0xFF, 0x3F, 0xFC, 0x07, 0xFF, 0xFF, 0xFF,
  0xFF, 0x03, 0xFF, 0xFF, 0xFF, 0xFF, 0xC3, 0xFF, 0xFF, 0xFF, 0xFF, 0xF1,
  0xFF, 0xFF, 0xFF, 0xFF, 0xFC, 0xFF, 0xFF, 0xFF, 0xFF, 0xFF, 0x3F, 0xFF,
  0x80, 0x7F, 0xFF, 0xDF, 0xFF, 0x00, 0x03, 0xFF, 0xF7, 0xFF, 0x80, 0x00,
  0x3F, 0xFF, 0xFF, 0xC0, 0x00, 0x0F, 0xFF, 0xFF, 0xE0, 0x00, 0x03, 0xFF,
  0xFF, 0xF8, 0x00, 0x00, 0xFF, 0xFF, 0xFE, 0x00, 0x00, 0x3F, 0xFF, 0xFF,
  0x80, 0x00, 0x1F, 0xFF, 0xFF, 0xE0, 0x00, 0x07, 0xFF, 0xFF, 0xF8, 0x00,
  0x03, 0xFF, 0xFF, 0xFF, 0x00, 0x01, 0xFF, 0xFF, 0xFF, 0xC0, 0x00, 0xFF,
  0xFF, 0xFF, 0xFC, 0x00, 0x7F, 0xFF, 0xFF, 0xFF, 0xE0, 0xFF, 0xFF, 0xF7,
  0xFF, 0xFF, 0xFF, 0xFF, 0xFD, 0xFF, 0xFF, 0xFF, 0xFF, 0xFF, 0x3F, 0xFF,
  0xFF, 0xFB, 0xFF, 0xC7, 0xFF, 0xFF, 0xFC, 0xFF, 0xF0, 0xFF, 0xFF, 0xFE,
  0x3F, 0xFC, 0x1F, 0xFF, 0xFE, 0x0F, 0xFF, 0x01, 0xFF, 0xFF, 0x03, 0xFF,
  0xC0, 0x1F, 0xFE, 0x00, 0x00, 0x00, 0x00, 0x00, 0xFF, 0xE0, 0x00, 0x00,
  0x00, 0x3F, 0xFC, 0x00, 0x00, 0x00, 0x1F, 0xFF, 0x00, 0x00, 0x00, 0x0F,
  0xFF, 0xE0, 0x00, 0x00, 0x07, 0xFF, 0xFC, 0x00, 0x00, 0x03, 0xFF, 0xFF,
  0x80, 0x00, 0x01, 0xFF, 0xBF, 0xF0, 0x00, 0x00, 0x7F, 0xC7, 0xFE, 0x00,
  0x00, 0x3F, 0xF0, 0xFF, 0x80, 0x00, 0x1F, 0xF8, 0x3F, 0xF0, 0x00, 0x0F,
  0xFC, 0x07, 0xFE, 0x00, 0x07, 0xFE, 0x00, 0xFF, 0xC0, 0x03, 0xFF, 0x00,
  0x1F, 0xF8, 0x01, 0xFF, 0xC0, 0x03, 0xFF, 0x00, 0x00, 0x00, 0x00, 0x00,
  0x00, 0x00, 0x00, 0x00, 0x00, 0x00, 0x00, 0x00, 0x00, 0x00, 0x00, 0x00,
  0x00, 0x00, 0x00, 0x00, 0x00, 0x00, 0x00, 0x00, 0x00, 0x00, 0x00, 0x00,
  0x10, 0x00, 0x00, 0x00, 0x07, 0xFF, 0xFC, 0x00, 0x00, 0x0F, 0xFF, 0xFF,
  0xC0, 0x00, 0x0F, 0xFF, 0xFF, 0xFC, 0x00, 0x0F, 0xFF, 0xFF, 0xFF, 0xC0,
  0x07, 0xFF, 0xFF, 0xFF, 0xF8, 0x07, 0xFF, 0xFF, 0xFF, 0xFF, 0x03, 0xFF,
  0xFF, 0xFF, 0xFF, 0xE1, 0xFF, 0xFF, 0xFF, 0xFF, 0xF8, 0x3F, 0xFE, 0x00,
  0xFF, 0xFF, 0x07, 0xFE, 0x00, 0x0F, 0xFF, 0xC0, 0xFE, 0x00, 0x00, 0xFF,
  0xF8, 0x1E, 0x00, 0x00, 0x1F, 0xFE, 0x03, 0x00, 0x00, 0x07, 0xFF, 0x80,
  0x80, 0x00, 0x00, 0xFF, 0xE0, 0x00, 0x00, 0x00, 0x3F, 0xFC, 0x00, 0x00,
  0x00, 0x0F, 0xFF, 0x00, 0x00, 0x00, 0x03, 0xFF, 0xC0, 0x00, 0xFF, 0x00,
  0xFF, 0xF0, 0x03, 0xFF, 0xFF, 0x3F, 0xFC, 0x07, 0xFF, 0xFF, 0xFF, 0xFF,
  0x03, 0xFF, 0xFF, 0xFF, 0xFF, 0xC3, 0xFF, 0xFF, 0xFF, 0xFF, 0xF1, 0xFF,
  0xFF, 0xFF, 0xFF, 0xFC, 0xFF, 0xFF, 0xFF, 0xFF, 0xFF, 0x3F, 0xFF, 0x80,
  0x7F, 0xFF, 0xDF, 0xFF, 0x00, 0x03, 0xFF, 0xF7, 0xFF, 0x80, 0x00, 0x3F,
  0xFF, 0xFF, 0xC0, 0x00, 0x0F, 0xFF, 0xFF, 0xE0, 0x00, 0x03, 0xFF, 0xFF,
  0xF8, 0x00, 0x00, 0xFF, 0xFF, 0xFE, 0x00, 0x00, 0x3F, 0xFF, 0xFF, 0x80,
  0x00, 0x1F, 0xFF, 0xFF, 0xE0, 0x00, 0x07, 0xFF, 0xFF, 0xF8, 0x00, 0x03,
  0xFF, 0xFF, 0xFF, 0x00, 0x01, 0xFF, 0xFF, 0xFF, 0xC0, 0x00, 0xFF, 0xFF,
  0xFF, 0xFC, 0x00, 0x7F, 0xFF, 0xFF, 0xFF, 0xE0, 0xFF, 0xFF, 0xF7, 0xFF,
  0xFF, 0xFF, 0xFF, 0xFD, 0xFF, 0xFF, 0xFF, 0xFF, 0xFF, 0x3F, 0xFF, 0xFF,
  0xFB, 0xFF, 0xC7, 0xFF, 0xFF, 0xFC, 0xFF, 0xF0, 0xFF, 0xFF, 0xFE, 0x3F,
  0xFC, 0x1F, 0xFF, 0xFE, 0x0F, 0xFF, 0x01, 0xFF, 0xFF, 0x03, 0xFF, 0xC0,
  0x1F, 0xFE, 0x00, 0x00, 0x00, 0x00, 0x0F, 0xC0, 0x00, 0x00, 0x00, 0x0F,
  0xFE, 0x00, 0xFE, 0x00, 0x07, 0xFF, 0xC0, 0x3F, 0x80, 0x03, 0xFF, 0xFC,
  0x0F, 0xE0, 0x01, 0xFF, 0xFF, 0xC7, 0xF8, 0x00, 0x7F, 0xFF, 0xFF, 0xFE,
  0x00, 0x3F, 0xFF, 0xFF, 0xFF, 0x80, 0x0F, 0xFF, 0xFF, 0xFF, 0xC0, 0x03,
  0xFC, 0x3F, 0xFF, 0xF0, 0x00, 0xFF, 0x07, 0xFF, 0xF8, 0x00, 0x3F, 0x80,
  0x7F, 0xFC, 0x00, 0x0F, 0xE0, 0x0F, 0xFE, 0x00, 0x00, 0x00, 0x00, 0x7E,
  0x00, 0x00, 0x00, 0x00, 0x00, 0x00, 0x00, 0x00, 0x00, 0x00, 0x00, 0x00,
  0x00, 0x00, 0x00, 0x00, 0x00, 0x00, 0x00, 0x00, 0x00, 0x00, 0x00, 0x00,
  0x00, 0x00, 0x00, 0x00, 0x00, 0x00, 0x40, 0x00, 0x00, 0x00, 0x1F, 0xFF,
  0xF0, 0x00, 0x00, 0x3F, 0xFF, 0xFF, 0x00, 0x00, 0x3F, 0xFF, 0xFF, 0xF0,
  0x00, 0x3F, 0xFF, 0xFF, 0xFF, 0x00, 0x1F, 0xFF, 0xFF, 0xFF, 0xE0, 0x1F,
  0xFF, 0xFF, 0xFF, 0xFC, 0x0F, 0xFF, 0xFF, 0xFF, 0xFF, 0x87, 0xFF, 0xFF,
  0xFF, 0xFF, 0xE0, 0xFF, 0xF8, 0x03, 0xFF, 0xFC, 0x1F, 0xF8, 0x00, 0x3F,
  0xFF, 0x03, 0xF8, 0x00, 0x03, 0xFF, 0xE0, 0x78, 0x00, 0x00, 0x7F, 0xF8,
  0x0C, 0x00, 0x00, 0x1F, 0xFE, 0x02, 0x00, 0x00, 0x03, 0xFF, 0x80, 0x00,
  0x00, 0x00, 0xFF, 0xF0, 0x00, 0x00, 0x00, 0x3F, 0xFC, 0x00, 0x00, 0x00,
  0x0F, 0xFF, 0x00, 0x03, 0xFC, 0x03, 0xFF, 0xC0, 0x0F, 0xFF, 0xFC, 0xFF,
  0xF0, 0x1F, 0xFF, 0xFF, 0xFF, 0xFC, 0x0F, 0xFF, 0xFF, 0xFF, 0xFF, 0x0F,
  0xFF, 0xFF, 0xFF, 0xFF, 0xC7, 0xFF, 0xFF, 0xFF, 0xFF, 0xF3, 0xFF, 0xFF,
  0xFF, 0xFF, 0xFC, 0xFF, 0xFE, 0x01, 0xFF, 0xFF, 0x7F, 0xFC, 0x00, 0x0F,
  0xFF, 0xDF, 0xFE, 0x00, 0x00, 0xFF, 0xFF, 0xFF, 0x00, 0x00, 0x3F, 0xFF,
  0xFF, 0x80, 0x00, 0x0F, 0xFF, 0xFF, 0xE0, 0x00, 0x03, 0xFF, 0xFF, 0xF8,
  0x00, 0x00, 0xFF, 0xFF, 0xFE, 0x00, 0x00, 0x7F, 0xFF, 0xFF, 0x80, 0x00,
  0x1F, 0xFF, 0xFF, 0xE0, 0x00, 0x0F, 0xFF, 0xFF, 0xFC, 0x00, 0x07, 0xFF,
  0xFF, 0xFF, 0x00, 0x03, 0xFF, 0xFF, 0xFF, 0xF0, 0x01, 0xFF, 0xFF, 0xFF,
  0xFF, 0x83, 0xFF, 0xFF, 0xDF, 0xFF, 0xFF, 0xFF, 0xFF, 0xF7, 0xFF, 0xFF,
  0xFF, 0xFF, 0xFC, 0xFF, 0xFF, 0xFF, 0xEF, 0xFF, 0x1F, 0xFF, 0xFF, 0xF3,
  0xFF, 0xC3, 0xFF, 0xFF, 0xF8, 0xFF, 0xF0, 0x7F, 0xFF, 0xF8, 0x3F, 0xFC,
  0x07, 0xFF, 0xFC, 0x0F, 0xFF, 0x00, 0x7F, 0xF8, 0x00, 0x00, 0x00, 0x00,
  0x7E, 0x00, 0x0F, 0xC0, 0x00, 0x3F, 0xC0, 0x07, 0xF8, 0x00, 0x1F, 0xF8,
  0x03, 0xFF, 0x00, 0x07, 0xFF, 0x01, 0xFF, 0xC0, 0x03, 0xFF, 0xC0, 0x7F,
  0xF8, 0x00, 0xFF, 0xF0, 0x1F, 0xFE, 0x00, 0x3F, 0xFC, 0x07, 0xFF, 0x80,
  0x0F, 0xFF, 0x01, 0xFF, 0xE0, 0x01, 0xFF, 0xC0, 0x3F, 0xF0, 0x00, 0x3F,
  0xE0, 0x0F, 0xFC, 0x00, 0x0F, 0xF0, 0x01, 0xFE, 0x00, 0x00, 0xF0, 0x00,
  0x0C, 0x00, 0x00, 0x00, 0x00, 0x00, 0x00, 0x00, 0x00, 0x00, 0x00, 0x00,
  0x00, 0x00, 0x00, 0x00, 0x00, 0x00, 0x00, 0x00, 0x00, 0x00, 0x00, 0x00,
  0x00, 0x00, 0x00, 0x00, 0x00, 0x00, 0x00, 0x00, 0x00, 0x00, 0x00, 0x00,
  0x40, 0x00, 0x00, 0x00, 0x1F, 0xFF, 0xF0, 0x00, 0x00, 0x3F, 0xFF, 0xFF,
  0x00, 0x00, 0x3F, 0xFF, 0xFF, 0xF0, 0x00, 0x3F, 0xFF, 0xFF, 0xFF, 0x00,
  0x1F, 0xFF, 0xFF, 0xFF, 0xE0, 0x1F, 0xFF, 0xFF, 0xFF, 0xFC, 0x0F, 0xFF,
  0xFF, 0xFF, 0xFF, 0x87, 0xFF, 0xFF, 0xFF, 0xFF, 0xE0, 0xFF, 0xF8, 0x03,
  0xFF, 0xFC, 0x1F, 0xF8, 0x00, 0x3F, 0xFF, 0x03, 0xF8, 0x00, 0x03, 0xFF,
  0xE0, 0x78, 0x00, 0x00, 0x7F, 0xF8, 0x0C, 0x00, 0x00, 0x1F, 0xFE, 0x02,
  0x00, 0x00, 0x03, 0xFF, 0x80, 0x00, 0x00, 0x00, 0xFF, 0xF0, 0x00, 0x00,
  0x00, 0x3F, 0xFC, 0x00, 0x00, 0x00, 0x0F, 0xFF, 0x00, 0x03, 0xFC, 0x03,
  0xFF, 0xC0, 0x0F, 0xFF, 0xFC, 0xFF, 0xF0, 0x1F, 0xFF, 0xFF, 0xFF, 0xFC,
  0x0F, 0xFF, 0xFF, 0xFF, 0xFF, 0x0F, 0xFF, 0xFF, 0xFF, 0xFF, 0xC7, 0xFF,
  0xFF, 0xFF, 0xFF, 0xF3, 0xFF, 0xFF, 0xFF, 0xFF, 0xFC, 0xFF, 0xFE, 0x01,
  0xFF, 0xFF, 0x7F, 0xFC, 0x00, 0x0F, 0xFF, 0xDF, 0xFE, 0x00, 0x00, 0xFF,
  0xFF, 0xFF, 0x00, 0x00, 0x3F, 0xFF, 0xFF, 0x80, 0x00, 0x0F, 0xFF, 0xFF,
  0xE0, 0x00, 0x03, 0xFF, 0xFF, 0xF8, 0x00, 0x00, 0xFF, 0xFF, 0xFE, 0x00,
  0x00, 0x7F, 0xFF, 0xFF, 0x80, 0x00, 0x1F, 0xFF, 0xFF, 0xE0, 0x00, 0x0F,
  0xFF, 0xFF, 0xFC, 0x00, 0x07, 0xFF, 0xFF, 0xFF, 0x00, 0x03, 0xFF, 0xFF,
  0xFF, 0xF0, 0x01, 0xFF, 0xFF, 0xFF, 0xFF, 0x83, 0xFF, 0xFF, 0xDF, 0xFF,
  0xFF, 0xFF, 0xFF, 0xF7, 0xFF, 0xFF, 0xFF, 0xFF, 0xFC, 0xFF, 0xFF, 0xFF,
  0xEF, 0xFF, 0x1F, 0xFF, 0xFF, 0xF3, 0xFF, 0xC3, 0xFF, 0xFF, 0xF8, 0xFF,
  0xF0, 0x7F, 0xFF, 0xF8, 0x3F, 0xFC, 0x07, 0xFF, 0xFC, 0x0F, 0xFF, 0x00,
  0x7F, 0xF8, 0x00, 0x00, 0x00, 0x00, 0x00, 0x3F, 0x80, 0x00, 0x00, 0x00,
  0x3F, 0xF8, 0x00, 0x00, 0x00, 0x1F, 0xFF, 0x80, 0x00, 0x00, 0x0F, 0xFF,
  0xF0, 0x00, 0x00, 0x07, 0xFF, 0xFC, 0x00, 0x00, 0x03, 0xFF, 0xFF, 0x80,
  0x00, 0x00, 0xFF, 0x0F, 0xE0, 0x00, 0x00, 0x3F, 0x01, 0xFC, 0x00, 0x00,
  0x1F, 0xC0, 0x7F, 0x00, 0x00, 0x07, 0xE0, 0x0F, 0xC0, 0x00, 0x01, 0xF8,
  0x03, 0xF0, 0x00, 0x00, 0x7F, 0x01, 0xFC, 0x00, 0x00, 0x0F, 0xC0, 0x7F,
  0x00, 0x00, 0x03, 0xF8, 0x3F, 0x80, 0x00, 0x00, 0xFF, 0xFF, 0xE0, 0x00,
  0x00, 0x1F, 0xFF, 0xF0, 0x00, 0x00, 0x07, 0xFF, 0xFC, 0x00, 0x00, 0x00,
  0xFF, 0xFE, 0x00, 0x00, 0x00, 0x0F, 0xFE, 0x00, 0x00, 0x00, 0x01, 0xFF,
  0x00, 0x00, 0x00, 0x00, 0x00, 0x00, 0x00, 0x00, 0x00, 0x00, 0x00, 0x00,
  0x00, 0x00, 0x00, 0x00, 0x00, 0x00, 0x00, 0x00, 0x00, 0x00, 0x00, 0x00,
  0x00, 0x04, 0x00, 0x00, 0x00, 0x01, 0xFF, 0xFF, 0x00, 0x00, 0x03, 0xFF,
  0xFF, 0xF0, 0x00, 0x03, 0xFF, 0xFF, 0xFF, 0x00, 0x03, 0xFF, 0xFF, 0xFF,
  0xF0, 0x01, 0xFF, 0xFF, 0xFF, 0xFE, 0x01, 0xFF, 0xFF, 0xFF, 0xFF, 0xC0,
  0xFF, 0xFF, 0xFF, 0xFF, 0xF8, 0x7F, 0xFF, 0xFF, 0xFF, 0xFE, 0x0F, 0xFF,
  0x80, 0x3F, 0xFF, 0xC1, 0xFF, 0x80, 0x03, 0xFF, 0xF0, 0x3F, 0x80, 0x00,
  0x3F, 0xFE, 0x07, 0x80, 0x00, 0x07, 0xFF, 0x80, 0xC0, 0x00, 0x01, 0xFF,
  0xE0, 0x20, 0x00, 0x00, 0x3F, 0xF8, 0x00, 0x00, 0x00, 0x0F, 0xFF, 0x00,
  0x00, 0x00, 0x03, 0xFF, 0xC0, 0x00, 0x00, 0x00, 0xFF, 0xF0, 0x00, 0x3F,
  0xC0, 0x3F, 0xFC, 0x00, 0xFF, 0xFF, 0xCF, 0xFF, 0x01, 0xFF, 0xFF, 0xFF,
  0xFF, 0xC0, 0xFF, 0xFF, 0xFF, 0xFF, 0xF0, 0xFF, 0xFF, 0xFF, 0xFF, 0xFC,
  0x7F, 0xFF, 0xFF, 0xFF, 0xFF, 0x3F, 0xFF, 0xFF, 0xFF, 0xFF, 0xCF, 0xFF,
  0xE0, 0x1F, 0xFF, 0xF7, 0xFF, 0xC0, 0x00, 0xFF, 0xFD, 0xFF, 0xE0, 0x00,
  0x0F, 0xFF, 0xFF, 0xF0, 0x00, 0x03, 0xFF, 0xFF, 0xF8, 0x00, 0x00, 0xFF,
  0xFF, 0xFE, 0x00, 0x00, 0x3F, 0xFF, 0xFF, 0x80, 0x00, 0x0F, 0xFF, 0xFF,
  0xE0, 0x00, 0x07, 0xFF, 0xFF, 0xF8, 0x00, 0x01, 0xFF, 0xFF, 0xFE, 0x00,
  0x00, 0xFF, 0xFF, 0xFF, 0xC0, 0x00, 0x7F, 0xFF, 0xFF, 0xF0, 0x00, 0x3F,
  0xFF, 0xFF, 0xFF, 0x00, 0x1F, 0xFF, 0xFF, 0xFF, 0xF8, 0x3F, 0xFF, 0xFD,
  0xFF, 0xFF, 0xFF, 0xFF, 0xFF, 0x7F, 0xFF, 0xFF, 0xFF, 0xFF, 0xCF, 0xFF,
  0xFF, 0xFE, 0xFF, 0xF1, 0xFF, 0xFF, 0xFF, 0x3F, 0xFC, 0x3F, 0xFF, 0xFF,
  0x8F, 0xFF, 0x07, 0xFF, 0xFF, 0x83, 0xFF, 0xC0, 0x7F, 0xFF, 0xC0, 0xFF,
  0xF0, 0x07, 0xFF, 0x80, 0x00, 0x00, 0x00, 0x00, 0x1C, 0x00, 0x00, 0x00,
  0x0E, 0x00, 0x00, 0x00, 0x01, 0xFF, 0xFF, 0x00, 0x00, 0x7F, 0xFF, 0x00,
  0x00, 0x01, 0xFF, 0xFF, 0xF8, 0x00, 0x3F, 0xFF, 0xFC, 0x00, 0x00, 0xFF,
  0xFF, 0xFF, 0xC0, 0x1F, 0xFF, 0xFF, 0xE0, 0x00, 0x3F, 0xFF, 0xFF, 0xFE,
  0x07, 0xFF, 0xFF, 0xFE, 0x00, 0x1F, 0xFF, 0xFF, 0xFF, 0xE1, 0xFF, 0xFF,
  0xFF, 0xE0, 0x07, 0xFF, 0xFF, 0xFF, 0xFE, 0x7F, 0xFF, 0xFF, 0xFE, 0x01,
  0xFF, 0xFF, 0xFF, 0xFF, 0xDF, 0xFF, 0xFF, 0xFF, 0xE0, 0x7F, 0xFF, 0xFF,
  0xFF, 0xFF, 0xFF, 0xFF, 0xFF, 0xFE, 0x07, 0xFF, 0xE0, 0x3F, 0xFF, 0xFF,
  0xFF, 0xFF, 0xFF, 0xE0, 0x7F, 0xE0, 0x00, 0xFF, 0xFF, 0xFE, 0x00, 0x7F,
  0xFC, 0x07, 0xF0, 0x00, 0x0F, 0xFF, 0xFF, 0x00, 0x07, 0xFF, 0xC0, 0x7C,
  0x00, 0x00, 0xFF, 0xFF, 0xC0, 0x00, 0x7F, 0xF8, 0x06, 0x00, 0x00, 0x0F,
  0xFF, 0xF0, 0x00, 0x07, 0xFF, 0x80, 0x40, 0x00, 0x01, 0xFF, 0xFC, 0x00,
  0x00, 0x7F, 0xF0, 0x00, 0x00, 0x00, 0x1F, 0xFF, 0x80, 0x00, 0x07, 0xFF,
  0x00, 0x00, 0x00, 0x03, 0xFF, 0xE0, 0x00, 0x00, 0xFF, 0xE0, 0x00, 0x00,
  0x00, 0x7F, 0xFC, 0x00, 0x00, 0x1F, 0xFC, 0x00, 0x0F, 0xF0, 0x0F, 0xFF,
  0x80, 0x00, 0x03, 0xFF, 0x80, 0x1F, 0xFF, 0xF1, 0xFF, 0xE0, 0x00, 0x00,
  0x3F, 0xF0, 0x0F, 0xFF, 0xFF, 0xFF, 0xFF, 0xFF, 0xFF, 0xFF, 0xFE, 0x07,
  0xFF, 0xFF, 0xFF, 0xFF, 0xFF, 0xFF, 0xFF, 0xFF, 0xC3, 0xFF, 0xFF, 0xFF,
  0xFF, 0xFF, 0xFF, 0xFF, 0xFF, 0xF8, 0xFF, 0xFF, 0xFF, 0xFF, 0xFF, 0xFF,
  0xFF, 0xFF, 0xFF, 0x3F, 0xFF, 0xFF, 0xFF, 0xFF, 0xFF, 0xFF, 0xFF, 0xFF,
  0xE7, 0xFF, 0xC0, 0x03, 0xFF, 0xFF, 0xFF, 0xFF, 0xFF, 0xFD, 0xFF, 0xE0,
  0x00, 0x1F, 0xFF, 0x00, 0x00, 0x00, 0x00, 0x3F, 0xF8, 0x00, 0x01, 0xFF,
  0xE0, 0x00, 0x00, 0x00, 0x0F, 0xFE, 0x00, 0x00, 0x3F, 0xFE, 0x00, 0x00,
  0x00, 0x01, 0xFF, 0xC0, 0x00, 0x07, 0xFF, 0xC0, 0x00, 0x00, 0x00, 0x3F,
  0xF0, 0x00, 0x00, 0xFF, 0xF8, 0x00, 0x00, 0x00, 0x07, 0xFE, 0x00, 0x00,
  0x3F, 0xFF, 0x80, 0x00, 0x00, 0x00, 0xFF, 0xC0, 0x00, 0x07, 0xFF, 0xF0,
  0x00, 0x00, 0x10, 0x1F, 0xF8, 0x00, 0x00, 0xFF, 0xFF, 0x00, 0x00, 0x07,
  0x03, 0xFF, 0x00, 0x00, 0x3F, 0xFF, 0xF0, 0x00, 0x01, 0xF8, 0x7F, 0xF0,
  0x00, 0x0F, 0xFF, 0xFF, 0x00, 0x00, 0x7F, 0x8F, 0xFE, 0x00, 0x03, 0xFF,
  0xFF, 0xF0, 0x00, 0x1F, 0xFD, 0xFF, 0xE0, 0x00, 0xFF, 0xBF, 0xFF, 0x80,
  0x0F, 0xFF, 0xBF, 0xFF, 0x00, 0x7F, 0xE7, 0xFF, 0xFF, 0xFF, 0xFF, 0xE3,
  0xFF, 0xFE, 0xFF, 0xF8, 0x7F, 0xFF, 0xFF, 0xFF, 0xF8, 0x7F, 0xFF, 0xFF,
  0xFF, 0x07, 0xFF, 0xFF, 0xFF, 0xFF, 0x07, 0xFF, 0xFF, 0xFF, 0xC0, 0x7F,
  0xFF, 0xFF, 0xFF, 0xC0, 0x7F, 0xFF, 0xFF, 0xE0, 0x07, 0xFF, 0xFF, 0xFF,
  0xF0, 0x07, 0xFF, 0xFF, 0xF8, 0x00, 0x3F, 0xFF, 0xFF, 0xF8, 0x00, 0x7F,
  0xFF, 0xFE, 0x00, 0x03, 0xFF, 0xFF, 0xFE, 0x00, 0x03, 0xFF, 0xFF, 0x00,
  0x00, 0x1F, 0xFF, 0xFF, 0x00, 0x00, 0x1F, 0xFF, 0x00, 0x00, 0x00, 0x7F,
  0xFF, 0x00, 0x00, 0x00, 0x00, 0x07, 0x80, 0x00, 0x00, 0x00, 0x1F, 0xFF,
  0xE0, 0x00, 0x00, 0x0F, 0xFF, 0xFF, 0x80, 0x00, 0x01, 0xFF, 0xFF, 0xFE,
  0x00, 0x00, 0x7F, 0xFF, 0xFF, 0xF8, 0x00, 0x0F, 0xFF, 0xFF, 0xFF, 0xC0,
  0x01, 0xFF, 0xFF, 0xFF, 0xFE, 0x00, 0x3F, 0xFF, 0xFF, 0xFF, 0xF0, 0x07,
  0xFF, 0xFF, 0xFF, 0xFF, 0x00, 0xFF, 0xFF, 0xFF, 0xFF, 0xF8, 0x1F, 0xFF,
  0xF0, 0x3F, 0xFF, 0xC1, 0xFF, 0xF8, 0x00, 0x7F, 0xFC, 0x3F, 0xFF, 0x00,
  0x03, 0xFF, 0xE3, 0xFF, 0xE0, 0x00, 0x1F, 0xFE, 0x7F, 0xFC, 0x00, 0x00,
  0xFF, 0x87, 0xFF, 0x80, 0x00, 0x07, 0xC0, 0x7F, 0xF0, 0x00, 0x00, 0x70,
  0x0F, 0xFF, 0x00, 0x00, 0x00, 0x00, 0xFF, 0xF0, 0x00, 0x00, 0x00, 0x0F,
  0xFE, 0x00, 0x00, 0x00, 0x00, 0xFF, 0xE0, 0x00, 0x00, 0x00, 0x0F, 0xFE,
  0x00, 0x00, 0x00, 0x00, 0xFF, 0xE0, 0x00, 0x00, 0x00, 0x0F, 0xFE, 0x00,
  0x00, 0x00, 0x00, 0xFF, 0xE0, 0x00, 0x00, 0x00, 0x0F, 0xFE, 0x00, 0x00,
  0x00, 0x00, 0xFF, 0xE0, 0x00, 0x00, 0x00, 0x0F, 0xFE, 0x00, 0x00, 0x00,
  0x00, 0xFF, 0xE0, 0x00, 0x00, 0x00, 0x0F, 0xFF, 0x00, 0x00, 0x00, 0x00,
  0xFF, 0xF0, 0x00, 0x00, 0x40, 0x07, 0xFF, 0x80, 0x00, 0x07, 0x80, 0x7F,
  0xF8, 0x00, 0x00, 0x7F, 0x07, 0xFF, 0xC0, 0x00, 0x0F, 0xFF, 0x3F, 0xFE,
  0x00, 0x01, 0xFF, 0xE3, 0xFF, 0xF0, 0x00, 0x3F, 0xFE, 0x1F, 0xFF, 0xC0,
  0x07, 0xFF, 0xC1, 0xFF, 0xFF, 0x87, 0xFF, 0xFC, 0x0F, 0xFF, 0xFF, 0xFF,
  0xFF, 0x80, 0x7F, 0xFF, 0xFF, 0xFF, 0xF0, 0x03, 0xFF, 0xFF, 0xFF, 0xFF,
  0x00, 0x1F, 0xFF, 0xFF, 0xFF, 0xE0, 0x00, 0xFF, 0xFF, 0xFF, 0xFC, 0x00,
  0x07, 0xFF, 0xFF, 0xFF, 0x00, 0x00, 0x1F, 0xFF, 0xFF, 0xE0, 0x00, 0x00,
  0x7F, 0xFF, 0xF8, 0x00, 0x00, 0x00, 0xFF, 0xFC, 0x00, 0x00, 0x00, 0x07,
  0xE0, 0x00, 0x00, 0x00, 0x00, 0xFC, 0x00, 0x00, 0x00, 0x00, 0x0F, 0xC0,
  0x00, 0x00, 0x00, 0x01, 0xFF, 0xE0, 0x00, 0x00, 0x00, 0x1F, 0xFF, 0x80,
  0x00, 0x00, 0x03, 0xFF, 0xFC, 0x00, 0x00, 0x00, 0x7F, 0xFF, 0xE0, 0x00,
  0x00, 0x03, 0xFF, 0xFE, 0x00, 0x00, 0x00, 0x0F, 0xFF, 0xF0, 0x00, 0x00,
  0x00, 0x10, 0xFF, 0x00, 0x00, 0x00, 0x00, 0x07, 0xF0, 0x00, 0x00, 0x00,
  0x00, 0x7F, 0x00, 0x00, 0x00, 0x02, 0x07, 0xF0, 0x00, 0x00, 0x00, 0xE0,
  0x7F, 0x00, 0x00, 0x00, 0x3F, 0x0F, 0xF0, 0x00, 0x00, 0x07, 0xFF, 0xFF,
  0x00, 0x00, 0x00, 0x7F, 0xFF, 0xE0, 0x00, 0x00, 0x03, 0xFF, 0xFC, 0x00,
  0x00, 0x00, 0x1F, 0xFF, 0x80, 0x00, 0x00, 0x00, 0xFF, 0xF0, 0x00, 0x00,
  0x00, 0x03, 0xFC, 0x00, 0x00, 0x00, 0x1F, 0xFC, 0x00, 0x00, 0x00, 0x00,
  0xFF, 0xC0, 0x00, 0x00, 0x00, 0x0F, 0xFE, 0x00, 0x00, 0x00, 0x00, 0x7F,
  0xE0, 0x00, 0x00, 0x00, 0x07, 0xFF, 0x00, 0x00, 0x00, 0x00, 0x3F, 0xF0,
  0x00, 0x00, 0x00, 0x03, 0xFF, 0x00, 0x00, 0x00, 0x00, 0x1F, 0xF8, 0x00,
  0x00, 0x00, 0x00, 0xFF, 0x80, 0x00, 0x00, 0x00, 0x0F, 0xFC, 0x00, 0x00,
  0x00, 0x00, 0x7F, 0xC0, 0x00, 0x00, 0x00, 0x07, 0xFC, 0x00, 0x00, 0x00,
  0x00, 0x3F, 0xE0, 0x00, 0x00, 0x00, 0x03, 0xFE, 0x00, 0x00, 0x00, 0x00,
  0x00, 0x00, 0x00, 0x00, 0x00, 0x00, 0x00, 0x00, 0x00, 0x00, 0x00, 0x00,
  0x00, 0x00, 0x00, 0x00, 0x00, 0x00, 0x00, 0x00, 0x00, 0x00, 0x00, 0x00,
  0x00, 0x00, 0x00, 0x00, 0x20, 0x00, 0x00, 0x00, 0x01, 0xFF, 0xFC, 0x00,
  0x00, 0x00, 0xFF, 0xFF, 0xF0, 0x00, 0x00, 0x1F, 0xFF, 0xFF, 0xC0, 0x00,
  0x07, 0xFF, 0xFF, 0xFF, 0x00, 0x00, 0xFF, 0xFF, 0xFF, 0xF8, 0x00, 0x1F,
  0xFF, 0xFF, 0xFF, 0xC0, 0x03, 0xFF, 0xFF, 0xFF, 0xFE, 0x00, 0x7F, 0xFF,
  0xFF, 0xFF, 0xF0, 0x0F, 0xFF, 0xFF, 0xFF, 0xFF, 0x01, 0xFF, 0xFC, 0x01,
  0xFF, 0xF8, 0x1F, 0xFF, 0x00, 0x07, 0xFF, 0xC3, 0xFF, 0xE0, 0x00, 0x3F,
  0xFC, 0x3F, 0xFC, 0x00, 0x01, 0xFF, 0xC7, 0xFF, 0x80, 0x00, 0x0F, 0xFE,
  0x7F, 0xF8, 0x00, 0x00, 0xFF, 0xE7, 0xFF, 0x00, 0x00, 0x07, 0xFE, 0xFF,
  0xF0, 0x00, 0x00, 0x7F, 0xFF, 0xFE, 0x00, 0x00, 0x07, 0xFF, 0xFF, 0xFF,
  0xFF, 0xFF, 0xFF, 0xFF, 0xFF, 0xFF, 0xFF, 0xFF, 0xFF, 0xFF, 0xFF, 0xFF,
  0xFF, 0xFF, 0xFF, 0xFF, 0xFF, 0xFF, 0xFF, 0xFF, 0xFF, 0xFF, 0xFF, 0xFF,
  0xFF, 0xFF, 0xFF, 0xFF, 0xFF, 0xFF, 0xFF, 0xFF, 0xFF, 0xFF, 0xFF, 0xFF,
  0xFF, 0xFF, 0xFF, 0xFF, 0xFF, 0xFF, 0xFF, 0xE0, 0x00, 0x00, 0x00, 0x0F,
  0xFE, 0x00, 0x00, 0x00, 0x00, 0xFF, 0xF0, 0x00, 0x00, 0x00, 0x0F, 0xFF,
  0x00, 0x00, 0x00, 0x00, 0x7F, 0xF0, 0x00, 0x00, 0x00, 0x07, 0xFF, 0x80,
  0x00, 0x00, 0x80, 0x7F, 0xFC, 0x00, 0x00, 0x1C, 0x03, 0xFF, 0xC0, 0x00,
  0x03, 0xE0, 0x3F, 0xFE, 0x00, 0x00, 0x7F, 0x81, 0xFF, 0xF8, 0x00, 0x0F,
  0xFC, 0x1F, 0xFF, 0xC0, 0x03, 0xFF, 0xE0, 0xFF, 0xFF, 0xC3, 0xFF, 0xFC,
  0x07, 0xFF, 0xFF, 0xFF, 0xFF, 0x80, 0x3F, 0xFF, 0xFF, 0xFF, 0xF0, 0x01,
  0xFF, 0xFF, 0xFF, 0xFE, 0x00, 0x0F, 0xFF, 0xFF, 0xFF, 0xC0, 0x00, 0x7F,
  0xFF, 0xFF, 0xF8, 0x00, 0x03, 0xFF, 0xFF, 0xFE, 0x00, 0x00, 0x0F, 0xFF,
  0xFF, 0x80, 0x00, 0x00, 0x1F, 0xFF, 0xC0, 0x00, 0x00, 0x00, 0x01, 0xFF,
  0xC0, 0x00, 0x00, 0x00, 0x1F, 0xFC, 0x00, 0x00, 0x00, 0x03, 0xFF, 0x80,
  0x00, 0x00, 0x00, 0x3F, 0xF0, 0x00, 0x00, 0x00, 0x07, 0xFF, 0x00, 0x00,
  0x00, 0x00, 0x7F, 0xE0, 0x00, 0x00, 0x00, 0x07, 0xFE, 0x00, 0x00, 0x00,
  0x00, 0xFF, 0xC0, 0x00, 0x00, 0x00, 0x0F, 0xFC, 0x00, 0x00, 0x00, 0x01,
  0xFF, 0x80, 0x00, 0x00, 0x00, 0x1F, 0xF0, 0x00, 0x00, 0x00, 0x01, 0xFF,
  0x00, 0x00, 0x00, 0x00, 0x3F, 0xE0, 0x00, 0x00, 0x00, 0x03, 0xFE, 0x00,
  0x00, 0x00, 0x00, 0x00, 0x00, 0x00, 0x00, 0x00, 0x00, 0x00, 0x00, 0x00,
  0x00, 0x00, 0x00, 0x00, 0x00, 0x00, 0x00, 0x00, 0x00, 0x00, 0x00, 0x00,
  0x00, 0x00, 0x00, 0x00, 0x00, 0x00, 0x00, 0x20, 0x00, 0x00, 0x00, 0x01,
  0xFF, 0xFC, 0x00, 0x00, 0x00, 0xFF, 0xFF, 0xF0, 0x00, 0x00, 0x1F, 0xFF,
  0xFF, 0xC0, 0x00, 0x07, 0xFF, 0xFF, 0xFF, 0x00, 0x00, 0xFF, 0xFF, 0xFF,
  0xF8, 0x00, 0x1F, 0xFF, 0xFF, 0xFF, 0xC0, 0x03, 0xFF, 0xFF, 0xFF, 0xFE,
  0x00, 0x7F, 0xFF, 0xFF, 0xFF, 0xF0, 0x0F, 0xFF, 0xFF, 0xFF, 0xFF, 0x01,
  0xFF, 0xFC, 0x01, 0xFF, 0xF8, 0x1F, 0xFF, 0x00, 0x07, 0xFF, 0xC3, 0xFF,
  0xE0, 0x00, 0x3F, 0xFC, 0x3F, 0xFC, 0x00, 0x01, 0xFF, 0xC7, 0xFF, 0x80,
  0x00, 0x0F, 0xFE, 0x7F, 0xF8, 0x00, 0x00, 0xFF, 0xE7, 0xFF, 0x00, 0x00,
  0x07, 0xFE, 0xFF, 0xF0, 0x00, 0x00, 0x7F, 0xFF, 0xFE, 0x00, 0x00, 0x07,
  0xFF, 0xFF, 0xFF, 0xFF, 0xFF, 0xFF, 0xFF, 0xFF, 0xFF, 0xFF, 0xFF, 0xFF,
  0xFF, 0xFF, 0xFF, 0xFF, 0xFF, 0xFF, 0xFF, 0xFF, 0xFF, 0xFF, 0xFF, 0xFF,
  0xFF, 0xFF, 0xFF, 0xFF, 0xFF, 0xFF, 0xFF, 0xFF, 0xFF, 0xFF, 0xFF, 0xFF,
  0xFF, 0xFF, 0xFF, 0xFF, 0xFF, 0xFF, 0xFF, 0xFF, 0xFF, 0xFF, 0xE0, 0x00,
  0x00, 0x00, 0x0F, 0xFE, 0x00, 0x00, 0x00, 0x00, 0xFF, 0xF0, 0x00, 0x00,
  0x00, 0x0F, 0xFF, 0x00, 0x00, 0x00, 0x00, 0x7F, 0xF0, 0x00, 0x00, 0x00,
  0x07, 0xFF, 0x80, 0x00, 0x00, 0x80, 0x7F, 0xFC, 0x00, 0x00, 0x1C, 0x03,
  0xFF, 0xC0, 0x00, 0x03, 0xE0, 0x3F, 0xFE, 0x00, 0x00, 0x7F, 0x81, 0xFF,
  0xF8, 0x00, 0x0F, 0xFC, 0x1F, 0xFF, 0xC0, 0x03, 0xFF, 0xE0, 0xFF, 0xFF,
  0xC3, 0xFF, 0xFC, 0x07, 0xFF, 0xFF, 0xFF, 0xFF, 0x80, 0x3F, 0xFF, 0xFF,
  0xFF, 0xF0, 0x01, 0xFF, 0xFF, 0xFF, 0xFE, 0x00, 0x0F, 0xFF, 0xFF, 0xFF,
  0xC0, 0x00, 0x7F, 0xFF, 0xFF, 0xF8, 0x00, 0x03, 0xFF, 0xFF, 0xFE, 0x00,
  0x00, 0x0F, 0xFF, 0xFF, 0x80, 0x00, 0x00, 0x1F, 0xFF, 0xC0, 0x00, 0x00,
  0x00, 0x7F, 0xF0, 0x00, 0x00, 0x00, 0x07, 0xFF, 0x80, 0x00, 0x00, 0x00,
  0xFF, 0xF8, 0x00, 0x00, 0x00, 0x1F, 0xFF, 0xC0, 0x00, 0x00, 0x03, 0xFF,
  0xFE, 0x00, 0x00, 0x00, 0x7F, 0xFF, 0xF0, 0x00, 0x00, 0x0F, 0xFD, 0xFF,
  0x80, 0x00, 0x00, 0xFF, 0x8F, 0xFC, 0x00, 0x00, 0x1F, 0xF8, 0xFF, 0xC0,
  0x00, 0x03, 0xFF, 0x07, 0xFE, 0x00, 0x00, 0x7F, 0xE0, 0x3F, 0xF0, 0x00,
  0x0F, 0xFC, 0x01, 0xFF, 0x80, 0x01, 0xFF, 0x80, 0x0F, 0xFC, 0x00, 0x3F,
  0xF8, 0x00, 0x7F, 0xE0, 0x00, 0x00, 0x00, 0x00, 0x00, 0x00, 0x00, 0x00,
  0x00, 0x00, 0x00, 0x00, 0x00, 0x00, 0x00, 0x00, 0x00, 0x00, 0x00, 0x00,
  0x00, 0x00, 0x00, 0x00, 0x00, 0x00, 0x00, 0x00, 0x00, 0x00, 0x20, 0x00,
  0x00, 0x00, 0x01, 0xFF, 0xFC, 0x00, 0x00, 0x00, 0xFF, 0xFF, 0xF0, 0x00,
  0x00, 0x1F, 0xFF, 0xFF, 0xC0, 0x00, 0x07, 0xFF, 0xFF, 0xFF, 0x00, 0x00,
  0xFF, 0xFF, 0xFF, 0xF8, 0x00, 0x1F, 0xFF, 0xFF, 0xFF, 0xC0, 0x03, 0xFF,
  0xFF, 0xFF, 0xFE, 0x00, 0x7F, 0xFF, 0xFF, 0xFF, 0xF0, 0x0F, 0xFF, 0xFF,
  0xFF, 0xFF, 0x01, 0xFF, 0xFC, 0x01, 0xFF, 0xF8, 0x1F, 0xFF, 0x00, 0x07,
  0xFF, 0xC3, 0xFF, 0xE0, 0x00, 0x3F, 0xFC, 0x3F, 0xFC, 0x00, 0x01, 0xFF,
  0xC7, 0xFF, 0x80, 0x00, 0x0F, 0xFE, 0x7F, 0xF8, 0x00, 0x00, 0xFF, 0xE7,
  0xFF, 0x00, 0x00, 0x07, 0xFE, 0xFF, 0xF0, 0x00, 0x00, 0x7F, 0xFF, 0xFE,
  0x00, 0x00, 0x07, 0xFF, 0xFF, 0xFF, 0xFF, 0xFF, 0xFF, 0xFF, 0xFF, 0xFF,
  0xFF, 0xFF, 0xFF, 0xFF, 0xFF, 0xFF, 0xFF, 0xFF, 0xFF, 0xFF, 0xFF, 0xFF,
  0xFF, 0xFF, 0xFF, 0xFF, 0xFF, 0xFF, 0xFF, 0xFF, 0xFF, 0xFF, 0xFF, 0xFF,
  0xFF, 0xFF, 0xFF, 0xFF, 0xFF, 0xFF, 0xFF, 0xFF, 0xFF, 0xFF, 0xFF, 0xFF,
  0xFF, 0xE0, 0x00, 0x00, 0x00, 0x0F, 0xFE, 0x00, 0x00, 0x00, 0x00, 0xFF,
  0xF0, 0x00, 0x00, 0x00, 0x0F, 0xFF, 0x00, 0x00, 0x00, 0x00, 0x7F, 0xF0,
  0x00, 0x00, 0x00, 0x07, 0xFF, 0x80, 0x00, 0x00, 0x80, 0x7F, 0xFC, 0x00,
  0x00, 0x1C, 0x03, 0xFF, 0xC0, 0x00, 0x03, 0xE0, 0x3F, 0xFE, 0x00, 0x00,
  0x7F, 0x81, 0xFF, 0xF8, 0x00, 0x0F, 0xFC, 0x1F, 0xFF, 0xC0, 0x03, 0xFF,
  0xE0, 0xFF, 0xFF, 0xC3, 0xFF, 0xFC, 0x07, 0xFF, 0xFF, 0xFF, 0xFF, 0x80,
  0x3F, 0xFF, 0xFF, 0xFF, 0xF0, 0x01, 0xFF, 0xFF, 0xFF, 0xFE, 0x00, 0x0F,
  0xFF, 0xFF, 0xFF, 0xC0, 0x00, 0x7F, 0xFF, 0xFF, 0xF8, 0x00, 0x03, 0xFF,
  0xFF, 0xFE, 0x00, 0x00, 0x0F, 0xFF, 0xFF, 0x80, 0x00, 0x00, 0x1F, 0xFF,
  0xC0, 0x00, 0x00, 0x3F, 0x00, 0x07, 0xE0, 0x00, 0x07, 0xF8, 0x00, 0xFF,
  0x00, 0x00, 0xFF, 0xC0, 0x1F, 0xF8, 0x00, 0x0F, 0xFE, 0x03, 0xFF, 0x80,
  0x01, 0xFF, 0xE0, 0x3F, 0xFC, 0x00, 0x1F, 0xFE, 0x03, 0xFF, 0xC0, 0x01,
  0xFF, 0xE0, 0x3F, 0xFC, 0x00, 0x1F, 0xFE, 0x03, 0xFF, 0xC0, 0x00, 0xFF,
  0xE0, 0x1F, 0xF8, 0x00, 0x0F, 0xFC, 0x01, 0xFF, 0x00, 0x00, 0x7F, 0x80,
  0x0F, 0xE0, 0x00, 0x01, 0xF0, 0x00, 0x18, 0x00, 0x00, 0x00, 0x00, 0x00,
  0x00, 0x00, 0x00, 0x00, 0x00, 0x00, 0x00, 0x00, 0x00, 0x00, 0x00, 0x00,
  0x00, 0x00, 0x00, 0x00, 0x00, 0x00, 0x00, 0x00, 0x00, 0x00, 0x00, 0x00,
  0x00, 0x00, 0x00, 0x00, 0x00, 0x00, 0x00, 0x02, 0x00, 0x00, 0x00, 0x00,
  0x1F, 0xFF, 0xC0, 0x00, 0x00, 0x0F, 0xFF, 0xFF, 0x00, 0x00, 0x01, 0xFF,
  0xFF, 0xFC, 0x00, 0x00, 0x7F, 0xFF, 0xFF, 0xF0, 0x00, 0x0F, 0xFF, 0xFF,
  0xFF, 0x80, 0x01, 0xFF, 0xFF, 0xFF, 0xFC, 0x00, 0x3F, 0xFF, 0xFF, 0xFF,
  0xE0, 0x07, 0xFF, 0xFF, 0xFF, 0xFF, 0x00, 0xFF, 0xFF, 0xFF, 0xFF, 0xF0,
  0x1F, 0xFF, 0xC0, 0x1F, 0xFF, 0x81, 0xFF, 0xF0, 0x00, 0x7F, 0xFC, 0x3F,
  0xFE, 0x00, 0x03, 0xFF, 0xC3, 0xFF, 0xC0, 0x00, 0x1F, 0xFC, 0x7F, 0xF8,
  0x00, 0x00, 0xFF, 0xE7, 0xFF, 0x80, 0x00, 0x0F, 0xFE, 0x7F, 0xF0, 0x00,
  0x00, 0x7F, 0xEF, 0xFF, 0x00, 0x00, 0x07, 0xFF, 0xFF, 0xE0, 0x00, 0x00,
  0x7F, 0xFF, 0xFF, 0xFF, 0xFF, 0xFF, 0xFF, 0xFF, 0xFF, 0xFF, 0xFF, 0xFF,
  0xFF, 0xFF, 0xFF, 0xFF, 0xFF, 0xFF, 0xFF, 0xFF, 0xFF, 0xFF, 0xFF, 0xFF,
  0xFF, 0xFF, 0xFF, 0xFF, 0xFF, 0xFF, 0xFF, 0xFF, 0xFF, 0xFF, 0xFF, 0xFF,
  0xFF, 0xFF, 0xFF, 0xFF, 0xFF, 0xFF, 0xFF, 0xFF, 0xFF, 0xFF, 0xFE, 0x00,
  0x00, 0x00, 0x00, 0xFF, 0xE0, 0x00, 0x00, 0x00, 0x0F, 0xFF, 0x00, 0x00,
  0x00, 0x00, 0xFF, 0xF0, 0x00, 0x00, 0x00, 0x07, 0xFF, 0x00, 0x00, 0x00,
  0x00, 0x7F, 0xF8, 0x00, 0x00, 0x08, 0x07, 0xFF, 0xC0, 0x00, 0x01, 0xC0,
  0x3F, 0xFC, 0x00, 0x00, 0x3E, 0x03, 0xFF, 0xE0, 0x00, 0x07, 0xF8, 0x1F,
  0xFF, 0x80, 0x00, 0xFF, 0xC1, 0xFF, 0xFC, 0x00, 0x3F, 0xFE, 0x0F, 0xFF,
  0xFC, 0x3F, 0xFF, 0xC0, 0x7F, 0xFF, 0xFF, 0xFF, 0xF8, 0x03, 0xFF, 0xFF,
  0xFF, 0xFF, 0x00, 0x1F, 0xFF, 0xFF, 0xFF, 0xE0, 0x00, 0xFF, 0xFF, 0xFF,
  0xFC, 0x00, 0x07, 0xFF, 0xFF, 0xFF, 0x80, 0x00, 0x3F, 0xFF, 0xFF, 0xE0,
  0x00, 0x00, 0xFF, 0xFF, 0xF8, 0x00, 0x00, 0x01, 0xFF, 0xFC, 0x00, 0x00,
  0xFF, 0xE0, 0x7F, 0xF0, 0x1F, 0xFC, 0x07, 0xFE, 0x03, 0xFF, 0x00, 0xFF,
  0xC0, 0x7F, 0xE0, 0x1F, 0xF8, 0x0F, 0xFC, 0x03, 0xFF, 0x00, 0xFF, 0x80,
  0x7F, 0xC0, 0x1F, 0xF0, 0x0F, 0xF8, 0x00, 0x00, 0x00, 0x00, 0x00, 0x00,
  0x00, 0x00, 0x00, 0x00, 0x00, 0x00, 0x00, 0x00, 0x00, 0x1F, 0xFC, 0x0F,
  0xFE, 0x07, 0xFF, 0x03, 0xFF, 0x81, 0xFF, 0xC0, 0xFF, 0xE0, 0x7F, 0xF0,
  0x3F, 0xF8, 0x1F, 0xFC, 0x0F, 0xFE, 0x07, 0xFF, 0x03, 0xFF, 0x81, 0xFF,
  0xC0, 0xFF, 0xE0, 0x7F, 0xF0, 0x3F, 0xF8, 0x1F, 0xFC, 0x0F, 0xFE, 0x07,
  0xFF, 0x03, 0xFF, 0x81, 0xFF, 0xC0, 0xFF, 0xE0, 0x7F, 0xF0, 0x3F, 0xF8,
  0x1F, 0xFC, 0x0F, 0xFE, 0x07, 0xFF, 0x03, 0xFF, 0x81, 0xFF, 0xC0, 0xFF,
  0xE0, 0x7F, 0xF0, 0x3F, 0xF8, 0x1F, 0xFC, 0x0F, 0xFE, 0x07, 0xFF, 0x03,
  0xFF, 0x81, 0xFF, 0xC0, 0xFF, 0xE0, 0x7F, 0xF0, 0x3F, 0xF8, 0x1F, 0xFC,
  0x0F, 0xFE, 0x07, 0xFF, 0x03, 0xFF, 0x80, 0x03, 0xFF, 0x81, 0xFF, 0x81,
  0xFF, 0xC0, 0xFF, 0xC0, 0xFF, 0xE0, 0x7F, 0xE0, 0x3F, 0xF0, 0x3F, 0xF0,
  0x1F, 0xF0, 0x1F, 0xF8, 0x0F, 0xF8, 0x0F, 0xFC, 0x07, 0xFC, 0x03, 0xFE,
  0x00, 0x00, 0x00, 0x00, 0x00, 0x00, 0x00, 0x00, 0x00, 0x00, 0x00, 0x00,
  0x00, 0x00, 0x00, 0x07, 0xFF, 0x03, 0xFF, 0x81, 0xFF, 0xC0, 0xFF, 0xE0,
  0x7F, 0xF0, 0x3F, 0xF8, 0x1F, 0xFC, 0x0F, 0xFE, 0x07, 0xFF, 0x03, 0xFF,
  0x81, 0xFF, 0xC0, 0xFF, 0xE0, 0x7F, 0xF0, 0x3F, 0xF8, 0x1F, 0xFC, 0x0F,
  0xFE, 0x07, 0xFF, 0x03, 0xFF, 0x81, 0xFF, 0xC0, 0xFF, 0xE0, 0x7F, 0xF0,
  0x3F, 0xF8, 0x1F, 0xFC, 0x0F, 0xFE, 0x07, 0xFF, 0x03, 0xFF, 0x81, 0xFF,
  0xC0, 0xFF, 0xE0, 0x7F, 0xF0, 0x3F, 0xF8, 0x1F, 0xFC, 0x0F, 0xFE, 0x07,
  0xFF, 0x03, 0xFF, 0x81, 0xFF, 0xC0, 0xFF, 0xE0, 0x7F, 0xF0, 0x3F, 0xF8,
  0x1F, 0xFC, 0x0F, 0xFE, 0x07, 0xFF, 0x03, 0xFF, 0x81, 0xFF, 0xC0, 0xFF,
  0xE0, 0x00, 0x00, 0x1F, 0xFC, 0x00, 0x00, 0x1F, 0xFE, 0x00, 0x00, 0x0F,
  0xFF, 0x80, 0x00, 0x0F, 0xFF, 0xE0, 0x00, 0x0F, 0xFF, 0xF8, 0x00, 0x0F,
  0xFF, 0xFE, 0x00, 0x0F, 0xFD, 0xFF, 0x80, 0x0F, 0xFC, 0x7F, 0xC0, 0x07,
  0xFE, 0x3F, 0xF0, 0x07, 0xFE, 0x0F, 0xFC, 0x07, 0xFE, 0x03, 0xFF, 0x07,
  0xFE, 0x00, 0xFF, 0xC7, 0xFE, 0x00, 0x3F, 0xF7, 0xFE, 0x00, 0x0F, 0xFC,
  0x00, 0x00, 0x00, 0x00, 0x00, 0x00, 0x00, 0x00, 0x00, 0x00, 0x00, 0x00,
  0x00, 0x00, 0x00, 0x00, 0x00, 0x00, 0x00, 0x00, 0x00, 0x00, 0x00, 0x00,
  0x00, 0x00, 0x00, 0x00, 0x00, 0x00, 0xFF, 0xE0, 0x00, 0x00, 0x7F, 0xF0,
  0x00, 0x00, 0x3F, 0xF8, 0x00, 0x00, 0x1F, 0xFC, 0x00, 0x00, 0x0F, 0xFE,
  0x00, 0x00, 0x07, 0xFF, 0x00, 0x00, 0x03, 0xFF, 0x80, 0x00, 0x01, 0xFF,
  0xC0, 0x00, 0x00, 0xFF, 0xE0, 0x00, 0x00, 0x7F, 0xF0, 0x00, 0x00, 0x3F,
  0xF8, 0x00, 0x00, 0x1F, 0xFC, 0x00, 0x00, 0x0F, 0xFE, 0x00, 0x00, 0x07,
  0xFF, 0x00, 0x00, 0x03, 0xFF, 0x80, 0x00, 0x01, 0xFF, 0xC0, 0x00, 0x00,
  0xFF, 0xE0, 0x00, 0x00, 0x7F, 0xF0, 0x00, 0x00, 0x3F, 0xF8, 0x00, 0x00,
  0x1F, 0xFC, 0x00, 0x00, 0x0F, 0xFE, 0x00, 0x00, 0x07, 0xFF, 0x00, 0x00,
  0x03, 0xFF, 0x80, 0x00, 0x01, 0xFF, 0xC0, 0x00, 0x00, 0xFF, 0xE0, 0x00,
  0x00, 0x7F, 0xF0, 0x00, 0x00, 0x3F, 0xF8, 0x00, 0x00, 0x1F, 0xFC, 0x00,
  0x00, 0x0F, 0xFE, 0x00, 0x00, 0x07, 0xFF, 0x00, 0x00, 0x03, 0xFF, 0x80,
  0x00, 0x01, 0xFF, 0xC0, 0x00, 0x00, 0xFF, 0xE0, 0x00, 0x00, 0x7F, 0xF0,
  0x00, 0x00, 0x3F, 0xF8, 0x00, 0x00, 0x1F, 0xFC, 0x00, 0x00, 0x0F, 0xFE,
  0x00, 0x00, 0x07, 0xFF, 0x00, 0x00, 0x03, 0xFF, 0x80, 0x00, 0x01, 0xFF,
  0xC0, 0x00, 0x00, 0xFF, 0xE0, 0x00, 0x00, 0x7F, 0xF0, 0x00, 0x00, 0x3F,
  0xF8, 0x00, 0x00, 0x1F, 0xFC, 0x00, 0x00, 0x1F, 0x80, 0x03, 0xF0, 0x7F,
  0x80, 0x0F, 0xF1, 0xFF, 0x80, 0x3F, 0xF3, 0xFF, 0x80, 0xFF, 0xEF, 0xFF,
  0x01, 0xFF, 0xFF, 0xFE, 0x03, 0xFF, 0xFF, 0xFC, 0x07, 0xFF, 0xFF, 0xF8,
  0x0F, 0xFE, 0x7F, 0xF0, 0x1F, 0xFC, 0xFF, 0xC0, 0x1F, 0xF0, 0xFF, 0x00,
  0x1F, 0xC0, 0x78, 0x00, 0x0E, 0x00, 0x00, 0x00, 0x00, 0x00, 0x00, 0x00,
  0x00, 0x00, 0x00, 0x00, 0x00, 0x00, 0x00, 0x00, 0x00, 0x00, 0x00, 0x00,
  0x00, 0x00, 0x00, 0x00, 0x00, 0x00, 0x00, 0x00, 0x00, 0x00, 0x00, 0x00,
  0x00, 0x03, 0xFF, 0x80, 0x00, 0x07, 0xFF, 0x00, 0x00, 0x0F, 0xFE, 0x00,
  0x00, 0x1F, 0xFC, 0x00, 0x00, 0x3F, 0xF8, 0x00, 0x00, 0x7F, 0xF0, 0x00,
  0x00, 0xFF, 0xE0, 0x00, 0x01, 0xFF, 0xC0, 0x00, 0x03, 0xFF, 0x80, 0x00,
  0x07, 0xFF, 0x00, 0x00, 0x0F, 0xFE, 0x00, 0x00, 0x1F, 0xFC, 0x00, 0x00,
  0x3F, 0xF8, 0x00, 0x00, 0x7F, 0xF0, 0x00, 0x00, 0xFF, 0xE0, 0x00, 0x01,
  0xFF, 0xC0, 0x00, 0x03, 0xFF, 0x80, 0x00, 0x07, 0xFF, 0x00, 0x00, 0x0F,
  0xFE, 0x00, 0x00, 0x1F, 0xFC, 0x00, 0x00, 0x3F, 0xF8, 0x00, 0x00, 0x7F,
  0xF0, 0x00, 0x00, 0xFF, 0xE0, 0x00, 0x01, 0xFF, 0xC0, 0x00, 0x03, 0xFF,
  0x80, 0x00, 0x07, 0xFF, 0x00, 0x00, 0x0F, 0xFE, 0x00, 0x00, 0x1F, 0xFC,
  0x00, 0x00, 0x3F, 0xF8, 0x00, 0x00, 0x7F, 0xF0, 0x00, 0x00, 0xFF, 0xE0,
  0x00, 0x01, 0xFF, 0xC0, 0x00, 0x03, 0xFF, 0x80, 0x00, 0x07, 0xFF, 0x00,
  0x00, 0x0F, 0xFE, 0x00, 0x00, 0x1F, 0xFC, 0x00, 0x00, 0x3F, 0xF8, 0x00,
  0x00, 0x7F, 0xF0, 0x00, 0x00, 0xFF, 0xE0, 0x00, 0x01, 0xFF, 0xC0, 0x00,
  0x03, 0xFF, 0x80, 0x00, 0x07, 0xFF, 0x00, 0x00, 0x0F, 0xFE, 0x00, 0x00,
  0x1F, 0xFC, 0x00, 0x00, 0x0E, 0x00, 0x00, 0x00, 0x00, 0x00, 0x7E, 0x00,
  0x00, 0x00, 0x00, 0x03, 0xFE, 0x00, 0x02, 0x00, 0x00, 0x3F, 0xFC, 0x00,
  0x70, 0x00, 0x01, 0xFF, 0xF8, 0x0F, 0xC0, 0x00, 0x1F, 0xFF, 0xF1, 0xFE,
  0x00, 0x00, 0xFF, 0xFF, 0xFF, 0xF8, 0x00, 0x07, 0xFF, 0xFF, 0xFF, 0xC0,
  0x00, 0x7F, 0xFF, 0xFF, 0xFF, 0x00, 0x01, 0xFF, 0xFF, 0xFF, 0xC0, 0x00,
  0x01, 0xFF, 0xFF, 0xF8, 0x00, 0x00, 0x01, 0xFF, 0xFF, 0xC0, 0x00, 0x00,
  0x03, 0xFF, 0xFF, 0x00, 0x00, 0x00, 0x07, 0xFF, 0xF8, 0x00, 0x00, 0x00,
  0x0F, 0xFF, 0xE0, 0x00, 0x00, 0x00, 0x3F, 0xFF, 0x80, 0x00, 0x00, 0x00,
  0x7F, 0xFE, 0x00, 0x00, 0x00, 0x01, 0xFF, 0xF0, 0x00, 0x00, 0x00, 0x07,
  0xFF, 0xC0, 0x00, 0x00, 0x00, 0x1F, 0xFF, 0x00, 0x00, 0x00, 0x00, 0xFF,
  0xF8, 0x00, 0x01, 0xFF, 0xC3, 0xFF, 0xE0, 0x00, 0x7F, 0xFF, 0x8F, 0xFF,
  0x00, 0x0F, 0xFF, 0xFF, 0x7F, 0xF8, 0x00, 0xFF, 0xFF, 0xFD, 0xFF, 0xE0,
  0x0F, 0xFF, 0xFF, 0xFF, 0xFF, 0x00, 0xFF, 0xFF, 0xFF, 0xFF, 0xF8, 0x0F,
  0xFF, 0xFF, 0xFF, 0xFF, 0xE0, 0xFF, 0xFF, 0xFF, 0xFF, 0xFF, 0x0F, 0xFF,
  0xFF, 0xFF, 0xFF, 0xF8, 0x7F, 0xFF, 0x00, 0xFF, 0xFF, 0xC7, 0xFF, 0xE0,
  0x00, 0xFF, 0xFF, 0x3F, 0xFE, 0x00, 0x03, 0xFF, 0xFB, 0xFF, 0xE0, 0x00,
  0x0F, 0xFF, 0xDF, 0xFE, 0x00, 0x00, 0x3F, 0xFF, 0xFF, 0xE0, 0x00, 0x01,
  0xFF, 0xFF, 0xFF, 0x00, 0x00, 0x07, 0xFF, 0xFF, 0xF8, 0x00, 0x00, 0x3F,
  0xFF, 0xFF, 0x80, 0x00, 0x00, 0xFF, 0xFF, 0xFC, 0x00, 0x00, 0x07, 0xFF,
  0xFF, 0xE0, 0x00, 0x00, 0x3F, 0xFF, 0xFF, 0x00, 0x00, 0x01, 0xFF, 0xFF,
  0xF8, 0x00, 0x00, 0x0F, 0xFF, 0xFF, 0xC0, 0x00, 0x00, 0x7F, 0xFF, 0xFE,
  0x00, 0x00, 0x03, 0xFF, 0xFF, 0xF0, 0x00, 0x00, 0x1F, 0xFF, 0xFF, 0x80,
  0x00, 0x00, 0xFF, 0xFF, 0xFE, 0x00, 0x00, 0x0F, 0xFE, 0xFF, 0xF0, 0x00,
  0x00, 0x7F, 0xF3, 0xFF, 0xC0, 0x00, 0x07, 0xFF, 0x9F, 0xFE, 0x00, 0x00,
  0x7F, 0xF8, 0xFF, 0xF8, 0x00, 0x03, 0xFF, 0xC3, 0xFF, 0xE0, 0x00, 0x7F,
  0xFE, 0x1F, 0xFF, 0xC0, 0x07, 0xFF, 0xE0, 0x7F, 0xFF, 0xC1, 0xFF, 0xFE,
  0x03, 0xFF, 0xFF, 0xFF, 0xFF, 0xF0, 0x0F, 0xFF, 0xFF, 0xFF, 0xFF, 0x00,
  0x3F, 0xFF, 0xFF, 0xFF, 0xF0, 0x00, 0xFF, 0xFF, 0xFF, 0xFF, 0x00, 0x03,
  0xFF, 0xFF, 0xFF, 0xF0, 0x00, 0x0F, 0xFF, 0xFF, 0xFF, 0x00, 0x00, 0x1F,
  0xFF, 0xFF, 0xE0, 0x00, 0x00, 0x3F, 0xFF, 0xFC, 0x00, 0x00, 0x00, 0x3F,
  0xFF, 0x00, 0x00, 0x00, 0x0F, 0xC0, 0x00, 0x00, 0x00, 0x0F, 0xFC, 0x00,
  0xFE, 0x00, 0x07, 0xFF, 0xC0, 0x3F, 0x80, 0x03, 0xFF, 0xFC, 0x1F, 0xE0,
  0x01, 0xFF, 0xFF, 0x87, 0xF8, 0x00, 0x7F, 0xFF, 0xFF, 0xFE, 0x00, 0x3F,
  0xFF, 0xFF, 0xFF, 0x00, 0x0F, 0xFF, 0xFF, 0xFF, 0xC0, 0x03, 0xFC, 0x7F,
  0xFF, 0xF0, 0x00, 0xFE, 0x07, 0xFF, 0xF8, 0x00, 0x3F, 0x80, 0x7F, 0xFC,
  0x00, 0x0F, 0xE0, 0x0F, 0xFE, 0x00, 0x00, 0x00, 0x00, 0x7E, 0x00, 0x00,
  0x00, 0x00, 0x00, 0x00, 0x00, 0x00, 0x00, 0x00, 0x00, 0x00, 0x00, 0x00,
  0x00, 0x00, 0x00, 0x00, 0x00, 0x00, 0x00, 0x00, 0x00, 0x00, 0x00, 0x00,
  0x00, 0x00, 0x00, 0x00, 0x0F, 0x80, 0x00, 0x00, 0x00, 0x3F, 0xFE, 0x00,
  0xFF, 0xE0, 0x3F, 0xFF, 0xE0, 0x3F, 0xF8, 0x3F, 0xFF, 0xFC, 0x0F, 0xFE,
  0x1F, 0xFF, 0xFF, 0x83, 0xFF, 0x8F, 0xFF, 0xFF, 0xF0, 0xFF, 0xE7, 0xFF,
  0xFF, 0xFE, 0x3F, 0xFB, 0xFF, 0xFF, 0xFF, 0xCF, 0xFF, 0xFF, 0xFF, 0xFF,
  0xF3, 0xFF, 0xFF, 0xFF, 0xFF, 0xFE, 0xFF, 0xFF, 0xC0, 0x7F, 0xFF, 0xBF,
  0xFF, 0xC0, 0x07, 0xFF, 0xEF, 0xFF, 0xE0, 0x00, 0xFF, 0xFF, 0xFF, 0xF0,
  0x00, 0x1F, 0xFF, 0xFF, 0xFC, 0x00, 0x03, 0xFF, 0xFF, 0xFE, 0x00, 0x00,
  0xFF, 0xFF, 0xFF, 0x80, 0x00, 0x3F, 0xFF, 0xFF, 0xC0, 0x00, 0x0F, 0xFF,
  0xFF, 0xF0, 0x00, 0x01, 0xFF, 0xFF, 0xFC, 0x00, 0x00, 0x7F, 0xFF, 0xFF,
  0x00, 0x00, 0x1F, 0xFF, 0xFF, 0xC0, 0x00, 0x07, 0xFF, 0xFF, 0xF0, 0x00,
  0x01, 0xFF, 0xFF, 0xFC, 0x00, 0x00, 0x7F, 0xFF, 0xFF, 0x00, 0x00, 0x1F,
  0xFF, 0xFF, 0xC0, 0x00, 0x07, 0xFF, 0xFF, 0xF0, 0x00, 0x01, 0xFF, 0xFF,
  0xFC, 0x00, 0x00, 0x7F, 0xFF, 0xFF, 0x00, 0x00, 0x1F, 0xFF, 0xFF, 0xC0,
  0x00, 0x07, 0xFF, 0xFF, 0xF0, 0x00, 0x01, 0xFF, 0xFF, 0xFC, 0x00, 0x00,
  0x7F, 0xFF, 0xFF, 0x00, 0x00, 0x1F, 0xFF, 0xFF, 0xC0, 0x00, 0x07, 0xFF,
  0xFF, 0xF0, 0x00, 0x01, 0xFF, 0xFF, 0xFC, 0x00, 0x00, 0x7F, 0xFF, 0xFF,
  0x00, 0x00, 0x1F, 0xFF, 0xFF, 0xC0, 0x00, 0x07, 0xFF, 0xFF, 0xF0, 0x00,
  0x01, 0xFF, 0xFF, 0xFC, 0x00, 0x00, 0x7F, 0xFF, 0xFF, 0x00, 0x00, 0x1F,
  0xFF, 0xFF, 0xC0, 0x00, 0x07, 0xFF, 0xFF, 0xF0, 0x00, 0x01, 0xFF, 0xFF,
  0xFC, 0x00, 0x00, 0x7F, 0xFF, 0xFF, 0x00, 0x00, 0x1F, 0xFF, 0xFF, 0xC0,
  0x00, 0x07, 0xFF, 0x00, 0x0F, 0xFE, 0x00, 0x00, 0x00, 0x00, 0x1F, 0xFC,
  0x00, 0x00, 0x00, 0x00, 0x1F, 0xFC, 0x00, 0x00, 0x00, 0x00, 0x1F, 0xF8,
  0x00, 0x00, 0x00, 0x00, 0x3F, 0xF0, 0x00, 0x00, 0x00, 0x00, 0x3F, 0xF0,
  0x00, 0x00, 0x00, 0x00, 0x7F, 0xE0, 0x00, 0x00, 0x00, 0x00, 0x7F, 0xE0,
  0x00, 0x00, 0x00, 0x00, 0xFF, 0xC0, 0x00, 0x00, 0x00, 0x00, 0xFF, 0xC0,
  0x00, 0x00, 0x00, 0x01, 0xFF, 0x80, 0x00, 0x00, 0x00, 0x01, 0xFF, 0x00,
  0x00, 0x00, 0x00, 0x01, 0xFF, 0x00, 0x00, 0x00, 0x00, 0x03, 0xFE, 0x00,
  0x00, 0x00, 0x00, 0x00, 0x00, 0x00, 0x00, 0x00, 0x00, 0x00, 0x00, 0x00,
  0x00, 0x00, 0x00, 0x00, 0x00, 0x00, 0x00, 0x00, 0x00, 0x00, 0x00, 0x00,
  0x00, 0x00, 0x00, 0x00, 0x00, 0x00, 0x00, 0x00, 0x00, 0x1C, 0x00, 0x00,
  0x00, 0x00, 0x1F, 0xFF, 0xE0, 0x00, 0x00, 0x00, 0xFF, 0xFF, 0xF8, 0x00,
  0x00, 0x07, 0xFF, 0xFF, 0xFC, 0x00, 0x00, 0x3F, 0xFF, 0xFF, 0xFC, 0x00,
  0x00, 0xFF, 0xFF, 0xFF, 0xFE, 0x00, 0x03, 0xFF, 0xFF, 0xFF, 0xFE, 0x00,
  0x0F, 0xFF, 0xFF, 0xFF, 0xFE, 0x00, 0x3F, 0xFF, 0xFF, 0xFF, 0xFE, 0x00,
  0xFF, 0xFF, 0xFF, 0xFF, 0xFE, 0x03, 0xFF, 0xFE, 0x03, 0xFF, 0xFC, 0x07,
  0xFF, 0xE0, 0x01, 0xFF, 0xFC, 0x1F, 0xFF, 0x80, 0x00, 0xFF, 0xFC, 0x3F,
  0xFE, 0x00, 0x00, 0xFF, 0xF8, 0xFF, 0xF8, 0x00, 0x00, 0xFF, 0xF1, 0xFF,
  0xE0, 0x00, 0x00, 0xFF, 0xF3, 0xFF, 0xC0, 0x00, 0x01, 0xFF, 0xEF, 0xFF,
  0x00, 0x00, 0x01, 0xFF, 0xDF, 0xFE, 0x00, 0x00, 0x03, 0xFF, 0xFF, 0xF8,
  0x00, 0x00, 0x07, 0xFF, 0xFF, 0xF0, 0x00, 0x00, 0x07, 0xFF, 0xFF, 0xE0,
  0x00, 0x00, 0x0F, 0xFF, 0xFF, 0xC0, 0x00, 0x00, 0x1F, 0xFF, 0xFF, 0x80,
  0x00, 0x00, 0x3F, 0xFF, 0xFF, 0x00, 0x00, 0x00, 0x7F, 0xFF, 0xFE, 0x00,
  0x00, 0x00, 0xFF, 0xFF, 0xFC, 0x00, 0x00, 0x01, 0xFF, 0xFF, 0xF8, 0x00,
  0x00, 0x03, 0xFF, 0xFF, 0xF0, 0x00, 0x00, 0x0F, 0xFF, 0xFF, 0xF0, 0x00,
  0x00, 0x1F, 0xFF, 0xFF, 0xE0, 0x00, 0x00, 0x3F, 0xF9, 0xFF, 0xE0, 0x00,
  0x00, 0xFF, 0xF3, 0xFF, 0xC0, 0x00, 0x03, 0xFF, 0xE7, 0xFF, 0xC0, 0x00,
  0x07, 0xFF, 0x87, 0xFF, 0xC0, 0x00, 0x1F, 0xFF, 0x0F, 0xFF, 0xC0, 0x00,
  0x7F, 0xFC, 0x0F, 0xFF, 0xE0, 0x03, 0xFF, 0xF8, 0x0F, 0xFF, 0xF8, 0x3F,
  0xFF, 0xE0, 0x1F, 0xFF, 0xFF, 0xFF, 0xFF, 0x80, 0x1F, 0xFF, 0xFF, 0xFF,
  0xFF, 0x00, 0x1F, 0xFF, 0xFF, 0xFF, 0xFC, 0x00, 0x1F, 0xFF, 0xFF, 0xFF,
  0xF0, 0x00, 0x1F, 0xFF, 0xFF, 0xFF, 0xC0, 0x00, 0x0F, 0xFF, 0xFF, 0xFE,
  0x00, 0x00, 0x0F, 0xFF, 0xFF, 0xF8, 0x00, 0x00, 0x07, 0xFF, 0xFF, 0xC0,
  0x00, 0x00, 0x01, 0xFF, 0xFC, 0x00, 0x00, 0x00, 0x00, 0x00, 0xFF, 0xE0,
  0x00, 0x00, 0x00, 0x01, 0xFF, 0x80, 0x00, 0x00, 0x00, 0x07, 0xFF, 0x00,
  0x00, 0x00, 0x00, 0x0F, 0xFC, 0x00, 0x00, 0x00, 0x00, 0x3F, 0xF8, 0x00,
  0x00, 0x00, 0x00, 0x7F, 0xE0, 0x00, 0x00, 0x00, 0x00, 0xFF, 0xC0, 0x00,
  0x00, 0x00, 0x03, 0xFF, 0x00, 0x00, 0x00, 0x00, 0x07, 0xFC, 0x00, 0x00,
  0x00, 0x00, 0x1F, 0xF8, 0x00, 0x00, 0x00, 0x00, 0x3F, 0xE0, 0x00, 0x00,
  0x00, 0x00, 0xFF, 0xC0, 0x00, 0x00, 0x00, 0x01, 0xFF, 0x00, 0x00, 0x00,
  0x00, 0x03, 0xFE, 0x00, 0x00, 0x00, 0x00, 0x00, 0x00, 0x00, 0x00, 0x00,
  0x00, 0x00, 0x00, 0x00, 0x00, 0x00, 0x00, 0x00, 0x00, 0x00, 0x00, 0x00,
  0x00, 0x00, 0x00, 0x00, 0x00, 0x00, 0x00, 0x00, 0x00, 0x00, 0x00, 0x00,
  0x00, 0x1C, 0x00, 0x00, 0x00, 0x00, 0x1F, 0xFF, 0xE0, 0x00, 0x00, 0x00,
  0xFF, 0xFF, 0xF8, 0x00, 0x00, 0x07, 0xFF, 0xFF, 0xFC, 0x00, 0x00, 0x3F,
  0xFF, 0xFF, 0xFC, 0x00, 0x00, 0xFF, 0xFF, 0xFF, 0xFE, 0x00, 0x03, 0xFF,
  0xFF, 0xFF, 0xFE, 0x00, 0x0F, 0xFF, 0xFF, 0xFF, 0xFE, 0x00, 0x3F, 0xFF,
  0xFF, 0xFF, 0xFE, 0x00, 0xFF, 0xFF, 0xFF, 0xFF, 0xFE, 0x03, 0xFF, 0xFE,
  0x03, 0xFF, 0xFC, 0x07, 0xFF, 0xE0, 0x01, 0xFF, 0xFC, 0x1F, 0xFF, 0x80,
  0x00, 0xFF, 0xFC, 0x3F, 0xFE, 0x00, 0x00, 0xFF, 0xF8, 0xFF, 0xF8, 0x00,
  0x00, 0xFF, 0xF1, 0xFF, 0xE0, 0x00, 0x00, 0xFF, 0xF3, 0xFF, 0xC0, 0x00,
  0x01, 0xFF, 0xEF, 0xFF, 0x00, 0x00, 0x01, 0xFF, 0xDF, 0xFE, 0x00, 0x00,
  0x03, 0xFF, 0xFF, 0xF8, 0x00, 0x00, 0x07, 0xFF, 0xFF, 0xF0, 0x00, 0x00,
  0x07, 0xFF, 0xFF, 0xE0, 0x00, 0x00, 0x0F, 0xFF, 0xFF, 0xC0, 0x00, 0x00,
  0x1F, 0xFF, 0xFF, 0x80, 0x00, 0x00, 0x3F, 0xFF, 0xFF, 0x00, 0x00, 0x00,
  0x7F, 0xFF, 0xFE, 0x00, 0x00, 0x00, 0xFF, 0xFF, 0xFC, 0x00, 0x00, 0x01,
  0xFF, 0xFF, 0xF8, 0x00, 0x00, 0x03, 0xFF, 0xFF, 0xF0, 0x00, 0x00, 0x0F,
  0xFF, 0xFF, 0xF0, 0x00, 0x00, 0x1F, 0xFF, 0xFF, 0xE0, 0x00, 0x00, 0x3F,
  0xF9, 0xFF, 0xE0, 0x00, 0x00, 0xFF, 0xF3, 0xFF, 0xC0, 0x00, 0x03, 0xFF,
  0xE7, 0xFF, 0xC0, 0x00, 0x07, 0xFF, 0x87, 0xFF, 0xC0, 0x00, 0x1F, 0xFF,
  0x0F, 0xFF, 0xC0, 0x00, 0x7F, 0xFC, 0x0F, 0xFF, 0xE0, 0x03, 0xFF, 0xF8,
  0x0F, 0xFF, 0xF8, 0x3F, 0xFF, 0xE0, 0x1F, 0xFF, 0xFF, 0xFF, 0xFF, 0x80,
  0x1F, 0xFF, 0xFF, 0xFF, 0xFF, 0x00, 0x1F, 0xFF, 0xFF, 0xFF, 0xFC, 0x00,
  0x1F, 0xFF, 0xFF, 0xFF, 0xF0, 0x00, 0x1F, 0xFF, 0xFF, 0xFF, 0xC0, 0x00,
  0x0F, 0xFF, 0xFF, 0xFE, 0x00, 0x00, 0x0F, 0xFF, 0xFF, 0xF8, 0x00, 0x00,
  0x07, 0xFF, 0xFF, 0xC0, 0x00, 0x00, 0x01, 0xFF, 0xFC, 0x00, 0x00, 0x00,
  0x00, 0x3F, 0xF8, 0x00, 0x00, 0x00, 0x00, 0xFF, 0xF0, 0x00, 0x00, 0x00,
  0x01, 0xFF, 0xF0, 0x00, 0x00, 0x00, 0x07, 0xFF, 0xF0, 0x00, 0x00, 0x00,
  0x1F, 0xFF, 0xF0, 0x00, 0x00, 0x00, 0x7F, 0xFF, 0xF0, 0x00, 0x00, 0x01,
  0xFF, 0xBF, 0xF0, 0x00, 0x00, 0x07, 0xFE, 0x3F, 0xE0, 0x00, 0x00, 0x0F,
  0xF8, 0x7F, 0xE0, 0x00, 0x00, 0x3F, 0xF0, 0x7F, 0xE0, 0x00, 0x00, 0xFF,
  0xC0, 0x7F, 0xE0, 0x00, 0x03, 0xFF, 0x00, 0x7F, 0xE0, 0x00, 0x0F, 0xFC,
  0x00, 0x7F, 0xE0, 0x00, 0x3F, 0xF0, 0x00, 0xFF, 0xE0, 0x00, 0x00, 0x00,
  0x00, 0x00, 0x00, 0x00, 0x00, 0x00, 0x00, 0x00, 0x00, 0x00, 0x00, 0x00,
  0x00, 0x00, 0x00, 0x00, 0x00, 0x00, 0x00, 0x00, 0x00, 0x00, 0x00, 0x00,
  0x00, 0x00, 0x00, 0x00, 0x00, 0x1C, 0x00, 0x00, 0x00, 0x00, 0x1F, 0xFF,
  0xE0, 0x00, 0x00, 0x00, 0xFF, 0xFF, 0xF8, 0x00, 0x00, 0x07, 0xFF, 0xFF,
  0xFC, 0x00, 0x00, 0x3F, 0xFF, 0xFF, 0xFC, 0x00, 0x00, 0xFF, 0xFF, 0xFF,
  0xFE, 0x00, 0x03, 0xFF, 0xFF, 0xFF, 0xFE, 0x00, 0x0F, 0xFF, 0xFF, 0xFF,
  0xFE, 0x00, 0x3F, 0xFF, 0xFF, 0xFF, 0xFE, 0x00, 0xFF, 0xFF, 0xFF, 0xFF,
  0xFE, 0x03, 0xFF, 0xFE, 0x03, 0xFF, 0xFC, 0x07, 0xFF, 0xE0, 0x01, 0xFF,
  0xFC, 0x1F, 0xFF, 0x80, 0x00, 0xFF, 0xFC, 0x3F, 0xFE, 0x00, 0x00, 0xFF,
  0xF8, 0xFF, 0xF8, 0x00, 0x00, 0xFF, 0xF1, 0xFF, 0xE0, 0x00, 0x00, 0xFF,
  0xF3, 0xFF, 0xC0, 0x00, 0x01, 0xFF, 0xEF, 0xFF, 0x00, 0x00, 0x01, 0xFF,
  0xDF, 0xFE, 0x00, 0x00, 0x03, 0xFF, 0xFF, 0xF8, 0x00, 0x00, 0x07, 0xFF,
  0xFF, 0xF0, 0x00, 0x00, 0x07, 0xFF, 0xFF, 0xE0, 0x00, 0x00, 0x0F, 0xFF,
  0xFF, 0xC0, 0x00, 0x00, 0x1F, 0xFF, 0xFF, 0x80, 0x00, 0x00, 0x3F, 0xFF,
  0xFF, 0x00, 0x00, 0x00, 0x7F, 0xFF, 0xFE, 0x00, 0x00, 0x00, 0xFF, 0xFF,
  0xFC, 0x00, 0x00, 0x01, 0xFF, 0xFF, 0xF8, 0x00, 0x00, 0x03, 0xFF, 0xFF,
  0xF0, 0x00, 0x00, 0x0F, 0xFF, 0xFF, 0xF0, 0x00, 0x00, 0x1F, 0xFF, 0xFF,
  0xE0, 0x00, 0x00, 0x3F, 0xF9, 0xFF, 0xE0, 0x00, 0x00, 0xFF, 0xF3, 0xFF,
  0xC0, 0x00, 0x03, 0xFF, 0xE7, 0xFF, 0xC0, 0x00, 0x07, 0xFF, 0x87, 0xFF,
  0xC0, 0x00, 0x1F, 0xFF, 0x0F, 0xFF, 0xC0, 0x00, 0x7F, 0xFC, 0x0F, 0xFF,
  0xE0, 0x03, 0xFF, 0xF8, 0x0F, 0xFF, 0xF8, 0x3F, 0xFF, 0xE0, 0x1F, 0xFF,
  0xFF, 0xFF, 0xFF, 0x80, 0x1F, 0xFF, 0xFF, 0xFF, 0xFF, 0x00, 0x1F, 0xFF,
  0xFF, 0xFF, 0xFC, 0x00, 0x1F, 0xFF, 0xFF, 0xFF, 0xF0, 0x00, 0x1F, 0xFF,
  0xFF, 0xFF, 0xC0, 0x00, 0x0F, 0xFF, 0xFF, 0xFE, 0x00, 0x00, 0x0F, 0xFF,
  0xFF, 0xF8, 0x00, 0x00, 0x07, 0xFF, 0xFF, 0xC0, 0x00, 0x00, 0x01, 0xFF,
  0xFC, 0x00, 0x00, 0x00, 0x03, 0xF0, 0x00, 0x00, 0x00, 0x00, 0x1F, 0xF8,
  0x01, 0xFC, 0x00, 0x00, 0x7F, 0xFC, 0x03, 0xF8, 0x00, 0x01, 0xFF, 0xFE,
  0x0F, 0xF0, 0x00, 0x07, 0xFF, 0xFE, 0x1F, 0xE0, 0x00, 0x0F, 0xFF, 0xFF,
  0xFF, 0xC0, 0x00, 0x3F, 0xFF, 0xFF, 0xFF, 0x00, 0x00, 0x7F, 0xFF, 0xFF,
  0xFE, 0x00, 0x00, 0xFF, 0x1F, 0xFF, 0xFC, 0x00, 0x01, 0xFC, 0x0F, 0xFF,
  0xF0, 0x00, 0x03, 0xF8, 0x07, 0xFF, 0xC0, 0x00, 0x07, 0xF0, 0x07, 0xFF,
  0x00, 0x00, 0x00, 0x00, 0x01, 0xF8, 0x00, 0x00, 0x00, 0x00, 0x00, 0x00,
  0x00, 0x00, 0x00, 0x00, 0x00, 0x00, 0x00, 0x00, 0x00, 0x00, 0x00, 0x00,
  0x00, 0x00, 0x00, 0x00, 0x00, 0x00, 0x00, 0x00, 0x00, 0x00, 0x00, 0x00,
  0x00, 0x00, 0x00, 0x0E, 0x00, 0x00, 0x00, 0x00, 0x0F, 0xFF, 0xF0, 0x00,
  0x00, 0x00, 0x7F, 0xFF, 0xFC, 0x00, 0x00, 0x03, 0xFF, 0xFF, 0xFE, 0x00,
  0x00, 0x1F, 0xFF, 0xFF, 0xFE, 0x00, 0x00, 0x7F, 0xFF, 0xFF, 0xFF, 0x00,
  0x01, 0xFF, 0xFF, 0xFF, 0xFF, 0x00, 0x07, 0xFF, 0xFF, 0xFF, 0xFF, 0x00,
  0x1F, 0xFF, 0xFF, 0xFF, 0xFF, 0x00, 0x7F, 0xFF, 0xFF, 0xFF, 0xFF, 0x01,
  0xFF, 0xFF, 0x01, 0xFF, 0xFE, 0x03, 0xFF, 0xF0, 0x00, 0xFF, 0xFE, 0x0F,
  0xFF, 0xC0, 0x00, 0x7F, 0xFE, 0x1F, 0xFF, 0x00, 0x00, 0x7F, 0xFC, 0x7F,
  0xFC, 0x00, 0x00, 0x7F, 0xF8, 0xFF, 0xF0, 0x00, 0x00, 0x7F, 0xF9, 0xFF,
  0xE0, 0x00, 0x00, 0xFF, 0xF7, 0xFF, 0x80, 0x00, 0x00, 0xFF, 0xEF, 0xFF,
  0x00, 0x00, 0x01, 0xFF, 0xFF, 0xFC, 0x00, 0x00, 0x03, 0xFF, 0xFF, 0xF8,
  0x00, 0x00, 0x03, 0xFF, 0xFF, 0xF0, 0x00, 0x00, 0x07, 0xFF, 0xFF, 0xE0,
  0x00, 0x00, 0x0F, 0xFF, 0xFF, 0xC0, 0x00, 0x00, 0x1F, 0xFF, 0xFF, 0x80,
  0x00, 0x00, 0x3F, 0xFF, 0xFF, 0x00, 0x00, 0x00, 0x7F, 0xFF, 0xFE, 0x00,
  0x00, 0x00, 0xFF, 0xFF, 0xFC, 0x00, 0x00, 0x01, 0xFF, 0xFF, 0xF8, 0x00,
  0x00, 0x07, 0xFF, 0xFF, 0xF8, 0x00, 0x00, 0x0F, 0xFF, 0xFF, 0xF0, 0x00,
  0x00, 0x1F, 0xFC, 0xFF, 0xF0, 0x00, 0x00, 0x7F, 0xF9, 0xFF, 0xE0, 0x00,
  0x01, 0xFF, 0xF3, 0xFF, 0xE0, 0x00, 0x03, 0xFF, 0xC3, 0xFF, 0xE0, 0x00,
  0x0F, 0xFF, 0x87, 0xFF, 0xE0, 0x00, 0x3F, 0xFE, 0x07, 0xFF, 0xF0, 0x01,
  0xFF, 0xFC, 0x07, 0xFF, 0xFC, 0x1F, 0xFF, 0xF0, 0x0F, 0xFF, 0xFF, 0xFF,
  0xFF, 0xC0, 0x0F, 0xFF, 0xFF, 0xFF, 0xFF, 0x80, 0x0F, 0xFF, 0xFF, 0xFF,
  0xFE, 0x00, 0x0F, 0xFF, 0xFF, 0xFF, 0xF8, 0x00, 0x0F, 0xFF, 0xFF, 0xFF,
  0xE0, 0x00, 0x07, 0xFF, 0xFF, 0xFF, 0x00, 0x00, 0x07, 0xFF, 0xFF, 0xFC,
  0x00, 0x00, 0x03, 0xFF, 0xFF, 0xE0, 0x00, 0x00, 0x00, 0xFF, 0xFE, 0x00,
  0x00, 0x00, 0x1F, 0x80, 0x03, 0xF0, 0x00, 0x00, 0x7F, 0x80, 0x1F, 0xF0,
  0x00, 0x01, 0xFF, 0x80, 0x3F, 0xF0, 0x00, 0x03, 0xFF, 0x80, 0xFF, 0xE0,
  0x00, 0x0F, 0xFF, 0x01, 0xFF, 0xE0, 0x00, 0x1F, 0xFE, 0x03, 0xFF, 0xC0,
  0x00, 0x3F, 0xFC, 0x07, 0xFF, 0x80, 0x00, 0x7F, 0xF8, 0x0F, 0xFE, 0x00,
  0x00, 0x7F, 0xF0, 0x1F, 0xFC, 0x00, 0x00, 0xFF, 0xC0, 0x1F, 0xF0, 0x00,
  0x00, 0xFF, 0x00, 0x1F, 0xC0, 0x00, 0x00, 0x78, 0x00, 0x0F, 0x00, 0x00,
  0x00, 0x00, 0x00, 0x00, 0x00, 0x00, 0x00, 0x00, 0x00, 0x00, 0x00, 0x00,
  0x00, 0x00, 0x00, 0x00, 0x00, 0x00, 0x00, 0x00, 0x00, 0x00, 0x00, 0x00,
  0x00, 0x00, 0x00, 0x00, 0x00, 0x00, 0x00, 0x00, 0x00, 0x00, 0x00, 0x00,
  0x00, 0x0E, 0x00, 0x00, 0x00, 0x00, 0x0F, 0xFF, 0xF0, 0x00, 0x00, 0x00,
  0x7F, 0xFF, 0xFC, 0x00, 0x00, 0x03, 0xFF, 0xFF, 0xFE, 0x00, 0x00, 0x1F,
  0xFF, 0xFF, 0xFE, 0x00, 0x00, 0x7F, 0xFF, 0xFF, 0xFF, 0x00, 0x01, 0xFF,
  0xFF, 0xFF, 0xFF, 0x00, 0x07, 0xFF, 0xFF, 0xFF, 0xFF, 0x00, 0x1F, 0xFF,
  0xFF, 0xFF, 0xFF, 0x00, 0x7F, 0xFF, 0xFF, 0xFF, 0xFF, 0x01, 0xFF, 0xFF,
  0x01, 0xFF, 0xFE, 0x03, 0xFF, 0xF0, 0x00, 0xFF, 0xFE, 0x0F, 0xFF, 0xC0,
  0x00, 0x7F, 0xFE, 0x1F, 0xFF, 0x00, 0x00, 0x7F, 0xFC, 0x7F, 0xFC, 0x00,
  0x00, 0x7F, 0xF8, 0xFF, 0xF0, 0x00, 0x00, 0x7F, 0xF9, 0xFF, 0xE0, 0x00,
  0x00, 0xFF, 0xF7, 0xFF, 0x80, 0x00, 0x00, 0xFF, 0xEF, 0xFF, 0x00, 0x00,
  0x01, 0xFF, 0xFF, 0xFC, 0x00, 0x00, 0x03, 0xFF, 0xFF, 0xF8, 0x00, 0x00,
  0x03, 0xFF, 0xFF, 0xF0, 0x00, 0x00, 0x07, 0xFF, 0xFF, 0xE0, 0x00, 0x00,
  0x0F, 0xFF, 0xFF, 0xC0, 0x00, 0x00, 0x1F, 0xFF, 0xFF, 0x80, 0x00, 0x00,
  0x3F, 0xFF, 0xFF, 0x00, 0x00, 0x00, 0x7F, 0xFF, 0xFE, 0x00, 0x00, 0x00,
  0xFF, 0xFF, 0xFC, 0x00, 0x00, 0x01, 0xFF, 0xFF, 0xF8, 0x00, 0x00, 0x07,
  0xFF, 0xFF, 0xF8, 0x00, 0x00, 0x0F, 0xFF, 0xFF, 0xF0, 0x00, 0x00, 0x1F,
  0xFC, 0xFF, 0xF0, 0x00, 0x00, 0x7F, 0xF9, 0xFF, 0xE0, 0x00, 0x01, 0xFF,
  0xF3, 0xFF, 0xE0, 0x00, 0x03, 0xFF, 0xC3, 0xFF, 0xE0, 0x00, 0x0F, 0xFF,
  0x87, 0xFF, 0xE0, 0x00, 0x3F, 0xFE, 0x07, 0xFF, 0xF0, 0x01, 0xFF, 0xFC,
  0x07, 0xFF, 0xFC, 0x1F, 0xFF, 0xF0, 0x0F, 0xFF, 0xFF, 0xFF, 0xFF, 0xC0,
  0x0F, 0xFF, 0xFF, 0xFF, 0xFF, 0x80, 0x0F, 0xFF, 0xFF, 0xFF, 0xFE, 0x00,
  0x0F, 0xFF, 0xFF, 0xFF, 0xF8, 0x00, 0x0F, 0xFF, 0xFF, 0xFF, 0xE0, 0x00,
  0x07, 0xFF, 0xFF, 0xFF, 0x00, 0x00, 0x07, 0xFF, 0xFF, 0xFC, 0x00, 0x00,
  0x03, 0xFF, 0xFF, 0xE0, 0x00, 0x00, 0x00, 0xFF, 0xFE, 0x00, 0x00, 0x00,
  0x00, 0x7E, 0x00, 0x00, 0x00, 0x00, 0xFF, 0x80, 0x00, 0x00, 0x01, 0xFF,
  0xC0, 0x00, 0x00, 0x03, 0xFF, 0xC0, 0x00, 0x00, 0x07, 0xFF, 0xE0, 0x00,
  0x00, 0x07, 0xFF, 0xE0, 0x00, 0x00, 0x07, 0xFF, 0xE0, 0x00, 0x00, 0x07,
  0xFF, 0xE0, 0x00, 0x00, 0x07, 0xFF, 0xE0, 0x00, 0x00, 0x03, 0xFF, 0xE0,
  0x00, 0x00, 0x03, 0xFF, 0xC0, 0x00, 0x00, 0x01, 0xFF, 0x80, 0x00, 0x00,
  0x00, 0xFF, 0x00, 0x00, 0x00, 0x00, 0x1C, 0x00, 0x00, 0x00, 0x00, 0x00,
  0x00, 0x00, 0x00, 0x00, 0x00, 0x00, 0x00, 0x00, 0x00, 0x00, 0x00, 0x00,
  0x00, 0x00, 0x00, 0x00, 0x00, 0xFF, 0xFF, 0xFF, 0xFF, 0xFF, 0xFF, 0xFF,
  0xFF, 0xFF, 0xFF, 0xFF, 0xFF, 0xFF, 0xFF, 0xFF, 0xFF, 0xFF, 0xFF, 0xFF,
  0xFF, 0xFF, 0xFF, 0xFF, 0xFF, 0xFF, 0xFF, 0xFF, 0xFF, 0xFF, 0xFF, 0xFF,
  0xFF, 0xFF, 0xFF, 0xFF, 0xFF, 0xFF, 0xFF, 0xFF, 0xFF, 0xFF, 0xFF, 0xFF,
  0xFF, 0xFF, 0xFF, 0xFF, 0xFF, 0xFF, 0xFF, 0x00, 0x00, 0x00, 0x00, 0x00,
  0x00, 0x00, 0x00, 0x00, 0x00, 0x00, 0x00, 0x00, 0x00, 0x00, 0x00, 0x00,
  0x00, 0x00, 0x00, 0x00, 0x00, 0x00, 0x00, 0x00, 0x00, 0x00, 0x7F, 0x00,
  0x00, 0x00, 0x01, 0xFF, 0x80, 0x00, 0x00, 0x03, 0xFF, 0xC0, 0x00, 0x00,
  0x03, 0xFF, 0xC0, 0x00, 0x00, 0x07, 0xFF, 0xE0, 0x00, 0x00, 0x07, 0xFF,
  0xE0, 0x00, 0x00, 0x07, 0xFF, 0xE0, 0x00, 0x00, 0x07, 0xFF, 0xE0, 0x00,
  0x00, 0x07, 0xFF, 0xE0, 0x00, 0x00, 0x03, 0xFF, 0xC0, 0x00, 0x00, 0x03,
  0xFF, 0xC0, 0x00, 0x00, 0x01, 0xFF, 0x80, 0x00, 0x00, 0x00, 0x7F, 0x00,
  0x00, 0x00, 0x00, 0x03, 0x80, 0x06, 0x00, 0x00, 0x03, 0xFF, 0xFC, 0x1F,
  0x00, 0x00, 0x1F, 0xFF, 0xFF, 0x3F, 0x00, 0x00, 0xFF, 0xFF, 0xFF, 0xFF,
  0x00, 0x07, 0xFF, 0xFF, 0xFF, 0xFC, 0x00, 0x1F, 0xFF, 0xFF, 0xFF, 0xF0,
  0x00, 0x7F, 0xFF, 0xFF, 0xFF, 0xC0, 0x01, 0xFF, 0xFF, 0xFF, 0xFF, 0xC0,
  0x07, 0xFF, 0xFF, 0xFF, 0xFF, 0xC0, 0x1F, 0xFF, 0xFF, 0xFF, 0xFF, 0xC0,
  0x7F, 0xFF, 0xC0, 0x7F, 0xFF, 0x80, 0xFF, 0xFC, 0x00, 0x7F, 0xFF, 0x83,
  0xFF, 0xF0, 0x00, 0xFF, 0xFF, 0x87, 0xFF, 0xC0, 0x03, 0xFF, 0xFF, 0x1F,
  0xFF, 0x00, 0x0F, 0xFF, 0xFE, 0x3F, 0xFC, 0x00, 0x1F, 0xDF, 0xFE, 0x7F,
  0xF0, 0x00, 0x7F, 0x3F, 0xFD, 0xFF, 0xE0, 0x01, 0xFE, 0x3F, 0xFB, 0xFF,
  0xC0, 0x07, 0xF8, 0x7F, 0xFF, 0xFF, 0x00, 0x0F, 0xE0, 0x7F, 0xFF, 0xFE,
  0x00, 0x3F, 0xC0, 0xFF, 0xFF, 0xFC, 0x00, 0xFF, 0x01, 0xFF, 0xFF, 0xF8,
  0x01, 0xFC, 0x03, 0xFF, 0xFF, 0xF0, 0x07, 0xF0, 0x07, 0xFF, 0xFF, 0xE0,
  0x1F, 0xE0, 0x0F, 0xFF, 0xFF, 0xC0, 0x7F, 0x80, 0x1F, 0xFF, 0xFF, 0x80,
  0xFE, 0x00, 0x3F, 0xFF, 0xFF, 0x03, 0xFC, 0x00, 0x7F, 0xFF, 0xFE, 0x0F,
  0xF0, 0x01, 0xFF, 0xFF, 0xFE, 0x1F, 0xC0, 0x03, 0xFF, 0xFF, 0xFC, 0x7F,
  0x00, 0x07, 0xFF, 0x3F, 0xFD, 0xFE, 0x00, 0x1F, 0xFE, 0x7F, 0xFF, 0xF8,
  0x00, 0x3F, 0xFC, 0xFF, 0xFF, 0xE0, 0x00, 0xFF, 0xF0, 0xFF, 0xFF, 0xC0,
  0x03, 0xFF, 0xE1, 0xFF, 0xFF, 0x00, 0x0F, 0xFF, 0x81, 0xFF, 0xFC, 0x00,
  0x7F, 0xFF, 0x01, 0xFF, 0xFE, 0x03, 0xFF, 0xFC, 0x03, 0xFF, 0xFF, 0xFF,
  0xFF, 0xF0, 0x03, 0xFF, 0xFF, 0xFF, 0xFF, 0xE0, 0x03, 0xFF, 0xFF, 0xFF,
  0xFF, 0x80, 0x07, 0xFF, 0xFF, 0xFF, 0xFE, 0x00, 0x1F, 0xFF, 0xFF, 0xFF,
  0xF8, 0x00, 0x7F, 0xFF, 0xFF, 0xFF, 0xC0, 0x00, 0xFF, 0xFF, 0xFF, 0xFF,
  0x00, 0x00, 0xFC, 0xFF, 0xFF, 0xF8, 0x00, 0x00, 0xF0, 0x3F, 0xFF, 0x80,
  0x00, 0x00, 0x40, 0x00, 0x00, 0x00, 0x00, 0x00, 0x7F, 0xF0, 0x00, 0x00,
  0x00, 0x0F, 0xFE, 0x00, 0x00, 0x00, 0x03, 0xFF, 0x80, 0x00, 0x00, 0x00,
  0x7F, 0xE0, 0x00, 0x00, 0x00, 0x1F, 0xFC, 0x00, 0x00, 0x00, 0x03, 0xFF,
  0x00, 0x00, 0x00, 0x00, 0x7F, 0xE0, 0x00, 0x00, 0x00, 0x1F, 0xF8, 0x00,
  0x00, 0x00, 0x03, 0xFE, 0x00, 0x00, 0x00, 0x00, 0xFF, 0xC0, 0x00, 0x00,
  0x00, 0x1F, 0xF0, 0x00, 0x00, 0x00, 0x07, 0xFE, 0x00, 0x00, 0x00, 0x00,
  0xFF, 0x80, 0x00, 0x00, 0x00, 0x3F, 0xF0, 0x00, 0x00, 0x00, 0x00, 0x00,
  0x00, 0x00, 0x00, 0x00, 0x00, 0x00, 0x00, 0x00, 0x00, 0x00, 0x00, 0x00,
  0x00, 0x00, 0x00, 0x00, 0x00, 0x00, 0x00, 0x00, 0x00, 0x00, 0x00, 0x00,
  0x00, 0x00, 0x00, 0x00, 0x00, 0x00, 0x00, 0x00, 0x00, 0x3F, 0xF8, 0x00,
  0x00, 0xFF, 0xFF, 0xFE, 0x00, 0x00, 0x3F, 0xFF, 0xFF, 0x80, 0x00, 0x0F,
  0xFF, 0xFF, 0xE0, 0x00, 0x03, 0xFF, 0xFF, 0xF8, 0x00, 0x00, 0xFF, 0xFF,
  0xFE, 0x00, 0x00, 0x3F, 0xFF, 0xFF, 0x80, 0x00, 0x0F, 0xFF, 0xFF, 0xE0,
  0x00, 0x03, 0xFF, 0xFF, 0xF8, 0x00, 0x00, 0xFF, 0xFF, 0xFE, 0x00, 0x00,
  0x3F, 0xFF, 0xFF, 0x80, 0x00, 0x0F, 0xFF, 0xFF, 0xE0, 0x00, 0x03, 0xFF,
  0xFF, 0xF8, 0x00, 0x00, 0xFF, 0xFF, 0xFE, 0x00, 0x00, 0x3F, 0xFF, 0xFF,
  0x80, 0x00, 0x0F, 0xFF, 0xFF, 0xE0, 0x00, 0x03, 0xFF, 0xFF, 0xF8, 0x00,
  0x00, 0xFF, 0xFF, 0xFE, 0x00, 0x00, 0x3F, 0xFF, 0xFF, 0x80, 0x00, 0x0F,
  0xFF, 0xFF, 0xE0, 0x00, 0x03, 0xFF, 0xFF, 0xF8, 0x00, 0x00, 0xFF, 0xFF,
  0xFE, 0x00, 0x00, 0x3F, 0xFF, 0xFF, 0x80, 0x00, 0x0F, 0xFF, 0xFF, 0xE0,
  0x00, 0x03, 0xFF, 0xFF, 0xF8, 0x00, 0x00, 0xFF, 0xFF, 0xFE, 0x00, 0x00,
  0x3F, 0xFF, 0xFF, 0x80, 0x00, 0x0F, 0xFF, 0xFF, 0xE0, 0x00, 0x03, 0xFF,
  0xFF, 0xF8, 0x00, 0x00, 0xFF, 0xFF, 0xFE, 0x00, 0x00, 0x7F, 0xFF, 0xFF,
  0xC0, 0x00, 0x1F, 0xFF, 0xFF, 0xF0, 0x00, 0x0F, 0xFF, 0xFF, 0xFC, 0x00,
  0x03, 0xFF, 0xFF, 0xFF, 0x80, 0x01, 0xFF, 0xFD, 0xFF, 0xF0, 0x00, 0xFF,
  0xFF, 0x7F, 0xFE, 0x00, 0xFF, 0xFF, 0xDF, 0xFF, 0xF9, 0xFF, 0xFF, 0xF3,
  0xFF, 0xFF, 0xFF, 0xFF, 0xFC, 0xFF, 0xFF, 0xFF, 0xF7, 0xFF, 0x1F, 0xFF,
  0xFF, 0xFD, 0xFF, 0xC3, 0xFF, 0xFF, 0xFE, 0x7F, 0xF0, 0x7F, 0xFF, 0xFF,
  0x1F, 0xFC, 0x0F, 0xFF, 0xFF, 0x07, 0xFF, 0x01, 0xFF, 0xFF, 0x81, 0xFF,
  0xC0, 0x0F, 0xFF, 0x00, 0x00, 0x00, 0x00, 0x00, 0x07, 0xFF, 0x80, 0x00,
  0x00, 0x01, 0xFF, 0xC0, 0x00, 0x00, 0x00, 0xFF, 0xE0, 0x00, 0x00, 0x00,
  0x3F, 0xF8, 0x00, 0x00, 0x00, 0x0F, 0xFC, 0x00, 0x00, 0x00, 0x07, 0xFE,
  0x00, 0x00, 0x00, 0x01, 0xFF, 0x80, 0x00, 0x00, 0x00, 0xFF, 0xC0, 0x00,
  0x00, 0x00, 0x3F, 0xF0, 0x00, 0x00, 0x00, 0x0F, 0xF8, 0x00, 0x00, 0x00,
  0x07, 0xFE, 0x00, 0x00, 0x00, 0x01, 0xFF, 0x00, 0x00, 0x00, 0x00, 0xFF,
  0xC0, 0x00, 0x00, 0x00, 0x3F, 0xE0, 0x00, 0x00, 0x00, 0x00, 0x00, 0x00,
  0x00, 0x00, 0x00, 0x00, 0x00, 0x00, 0x00, 0x00, 0x00, 0x00, 0x00, 0x00,
  0x00, 0x00, 0x00, 0x00, 0x00, 0x00, 0x00, 0x00, 0x00, 0x00, 0x00, 0x00,
  0x00, 0x00, 0x00, 0x00, 0x00, 0x00, 0x00, 0x00, 0x3F, 0xF8, 0x00, 0x00,
  0xFF, 0xFF, 0xFE, 0x00, 0x00, 0x3F, 0xFF, 0xFF, 0x80, 0x00, 0x0F, 0xFF,
  0xFF, 0xE0, 0x00, 0x03, 0xFF, 0xFF, 0xF8, 0x00, 0x00, 0xFF, 0xFF, 0xFE,
  0x00, 0x00, 0x3F, 0xFF, 0xFF, 0x80, 0x00, 0x0F, 0xFF, 0xFF, 0xE0, 0x00,
  0x03, 0xFF, 0xFF, 0xF8, 0x00, 0x00, 0xFF, 0xFF, 0xFE, 0x00, 0x00, 0x3F,
  0xFF, 0xFF, 0x80, 0x00, 0x0F, 0xFF, 0xFF, 0xE0, 0x00, 0x03, 0xFF, 0xFF,
  0xF8, 0x00, 0x00, 0xFF, 0xFF, 0xFE, 0x00, 0x00, 0x3F, 0xFF, 0xFF, 0x80,
  0x00, 0x0F, 0xFF, 0xFF, 0xE0, 0x00, 0x03, 0xFF, 0xFF, 0xF8, 0x00, 0x00,
  0xFF, 0xFF, 0xFE, 0x00, 0x00, 0x3F, 0xFF, 0xFF, 0x80, 0x00, 0x0F, 0xFF,
  0xFF, 0xE0, 0x00, 0x03, 0xFF, 0xFF, 0xF8, 0x00, 0x00, 0xFF, 0xFF, 0xFE,
  0x00, 0x00, 0x3F, 0xFF, 0xFF, 0x80, 0x00, 0x0F, 0xFF, 0xFF, 0xE0, 0x00,
  0x03, 0xFF, 0xFF, 0xF8, 0x00, 0x00, 0xFF, 0xFF, 0xFE, 0x00, 0x00, 0x3F,
  0xFF, 0xFF, 0x80, 0x00, 0x0F, 0xFF, 0xFF, 0xE0, 0x00, 0x03, 0xFF, 0xFF,
  0xF8, 0x00, 0x00, 0xFF, 0xFF, 0xFE, 0x00, 0x00, 0x7F, 0xFF, 0xFF, 0xC0,
  0x00, 0x1F, 0xFF, 0xFF, 0xF0, 0x00, 0x0F, 0xFF, 0xFF, 0xFC, 0x00, 0x03,
  0xFF, 0xFF, 0xFF, 0x80, 0x01, 0xFF, 0xFD, 0xFF, 0xF0, 0x00, 0xFF, 0xFF,
  0x7F, 0xFE, 0x00, 0xFF, 0xFF, 0xDF, 0xFF, 0xF9, 0xFF, 0xFF, 0xF3, 0xFF,
  0xFF, 0xFF, 0xFF, 0xFC, 0xFF, 0xFF, 0xFF, 0xF7, 0xFF, 0x1F, 0xFF, 0xFF,
  0xFD, 0xFF, 0xC3, 0xFF, 0xFF, 0xFE, 0x7F, 0xF0, 0x7F, 0xFF, 0xFF, 0x1F,
  0xFC, 0x0F, 0xFF, 0xFF, 0x07, 0xFF, 0x01, 0xFF, 0xFF, 0x81, 0xFF, 0xC0,
  0x0F, 0xFF, 0x00, 0x00, 0x00, 0x00, 0x00, 0xFF, 0xC0, 0x00, 0x00, 0x00,
  0x7F, 0xF8, 0x00, 0x00, 0x00, 0x3F, 0xFF, 0x00, 0x00, 0x00, 0x1F, 0xFF,
  0xC0, 0x00, 0x00, 0x0F, 0xFF, 0xF8, 0x00, 0x00, 0x07, 0xFF, 0xFF, 0x00,
  0x00, 0x01, 0xFF, 0x7F, 0xE0, 0x00, 0x00, 0xFF, 0xCF, 0xFC, 0x00, 0x00,
  0x7F, 0xE1, 0xFF, 0x80, 0x00, 0x3F, 0xF0, 0x7F, 0xE0, 0x00, 0x1F, 0xF8,
  0x0F, 0xFC, 0x00, 0x0F, 0xFC, 0x01, 0xFF, 0x80, 0x03, 0xFF, 0x00, 0x3F,
  0xF0, 0x03, 0xFF, 0x80, 0x07, 0xFE, 0x00, 0x00, 0x00, 0x00, 0x00, 0x00,
  0x00, 0x00, 0x00, 0x00, 0x00, 0x00, 0x00, 0x00, 0x00, 0x00, 0x00, 0x00,
  0x00, 0x00, 0x00, 0x00, 0x00, 0x00, 0x00, 0x00, 0x00, 0x00, 0x00, 0x00,
  0x00, 0x00, 0x00, 0x00, 0x00, 0x00, 0x00, 0x3F, 0xF8, 0x00, 0x00, 0xFF,
  0xFF, 0xFE, 0x00, 0x00, 0x3F, 0xFF, 0xFF, 0x80, 0x00, 0x0F, 0xFF, 0xFF,
  0xE0, 0x00, 0x03, 0xFF, 0xFF, 0xF8, 0x00, 0x00, 0xFF, 0xFF, 0xFE, 0x00,
  0x00, 0x3F, 0xFF, 0xFF, 0x80, 0x00, 0x0F, 0xFF, 0xFF, 0xE0, 0x00, 0x03,
  0xFF, 0xFF, 0xF8, 0x00, 0x00, 0xFF, 0xFF, 0xFE, 0x00, 0x00, 0x3F, 0xFF,
  0xFF, 0x80, 0x00, 0x0F, 0xFF, 0xFF, 0xE0, 0x00, 0x03, 0xFF, 0xFF, 0xF8,
  0x00, 0x00, 0xFF, 0xFF, 0xFE, 0x00, 0x00, 0x3F, 0xFF, 0xFF, 0x80, 0x00,
  0x0F, 0xFF, 0xFF, 0xE0, 0x00, 0x03, 0xFF, 0xFF, 0xF8, 0x00, 0x00, 0xFF,
  0xFF, 0xFE, 0x00, 0x00, 0x3F, 0xFF, 0xFF, 0x80, 0x00, 0x0F, 0xFF, 0xFF,
  0xE0, 0x00, 0x03, 0xFF, 0xFF, 0xF8, 0x00, 0x00, 0xFF, 0xFF, 0xFE, 0x00,
  0x00, 0x3F, 0xFF, 0xFF, 0x80, 0x00, 0x0F, 0xFF, 0xFF, 0xE0, 0x00, 0x03,
  0xFF, 0xFF, 0xF8, 0x00, 0x00, 0xFF, 0xFF, 0xFE, 0x00, 0x00, 0x3F, 0xFF,
  0xFF, 0x80, 0x00, 0x0F, 0xFF, 0xFF, 0xE0, 0x00, 0x03, 0xFF, 0xFF, 0xF8,
  0x00, 0x00, 0xFF, 0xFF, 0xFE, 0x00, 0x00, 0x7F, 0xFF, 0xFF, 0xC0, 0x00,
  0x1F, 0xFF, 0xFF, 0xF0, 0x00, 0x0F, 0xFF, 0xFF, 0xFC, 0x00, 0x03, 0xFF,
  0xFF, 0xFF, 0x80, 0x01, 0xFF, 0xFD, 0xFF, 0xF0, 0x00, 0xFF, 0xFF, 0x7F,
  0xFE, 0x00, 0xFF, 0xFF, 0xDF, 0xFF, 0xF9, 0xFF, 0xFF, 0xF3, 0xFF, 0xFF,
  0xFF, 0xFF, 0xFC, 0xFF, 0xFF, 0xFF, 0xF7, 0xFF, 0x1F, 0xFF, 0xFF, 0xFD,
  0xFF, 0xC3, 0xFF, 0xFF, 0xFE, 0x7F, 0xF0, 0x7F, 0xFF, 0xFF, 0x1F, 0xFC,
  0x0F, 0xFF, 0xFF, 0x07, 0xFF, 0x01, 0xFF, 0xFF, 0x81, 0xFF, 0xC0, 0x0F,
  0xFF, 0x00, 0x00, 0x00, 0x00, 0x7C, 0x00, 0x1F, 0x80, 0x00, 0x7F, 0xC0,
  0x0F, 0xF0, 0x00, 0x3F, 0xF0, 0x07, 0xFE, 0x00, 0x0F, 0xFE, 0x03, 0xFF,
  0xC0, 0x03, 0xFF, 0x80, 0xFF, 0xF0, 0x01, 0xFF, 0xE0, 0x3F, 0xFC, 0x00,
  0x7F, 0xF8, 0x0F, 0xFF, 0x00, 0x0F, 0xFE, 0x03, 0xFF, 0xC0, 0x03, 0xFF,
  0x80, 0x7F, 0xE0, 0x00, 0x7F, 0xC0, 0x1F, 0xF8, 0x00, 0x0F, 0xE0, 0x03,
  0xFC, 0x00, 0x01, 0xF0, 0x00, 0x18, 0x00, 0x00, 0x00, 0x00, 0x00, 0x00,
  0x00, 0x00, 0x00, 0x00, 0x00, 0x00, 0x00, 0x00, 0x00, 0x00, 0x00, 0x00,
  0x00, 0x00, 0x00, 0x00, 0x00, 0x00, 0x00, 0x00, 0x00, 0x00, 0x00, 0x00,
  0x00, 0x00, 0x00, 0x00, 0x00, 0x00, 0x00, 0x00, 0x00, 0x00, 0x00, 0x00,
  0x00, 0xFF, 0xE0, 0x00, 0x03, 0xFF, 0xFF, 0xF8, 0x00, 0x00, 0xFF, 0xFF,
  0xFE, 0x00, 0x00, 0x3F, 0xFF, 0xFF, 0x80, 0x00, 0x0F, 0xFF, 0xFF, 0xE0,
  0x00, 0x03, 0xFF, 0xFF, 0xF8, 0x00, 0x00, 0xFF, 0xFF, 0xFE, 0x00, 0x00,
  0x3F, 0xFF, 0xFF, 0x80, 0x00, 0x0F, 0xFF, 0xFF, 0xE0, 0x00, 0x03, 0xFF,
  0xFF, 0xF8, 0x00, 0x00, 0xFF, 0xFF, 0xFE, 0x00, 0x00, 0x3F, 0xFF, 0xFF,
  0x80, 0x00, 0x0F, 0xFF, 0xFF, 0xE0, 0x00, 0x03, 0xFF, 0xFF, 0xF8, 0x00,
  0x00, 0xFF, 0xFF, 0xFE, 0x00, 0x00, 0x3F, 0xFF, 0xFF, 0x80, 0x00, 0x0F,
  0xFF, 0xFF, 0xE0, 0x00, 0x03, 0xFF, 0xFF, 0xF8, 0x00, 0x00, 0xFF, 0xFF,
  0xFE, 0x00, 0x00, 0x3F, 0xFF, 0xFF, 0x80, 0x00, 0x0F, 0xFF, 0xFF, 0xE0,
  0x00, 0x03, 0xFF, 0xFF, 0xF8, 0x00, 0x00, 0xFF, 0xFF, 0xFE, 0x00, 0x00,
  0x3F, 0xFF, 0xFF, 0x80, 0x00, 0x0F, 0xFF, 0xFF, 0xE0, 0x00, 0x03, 0xFF,
  0xFF, 0xF8, 0x00, 0x00, 0xFF, 0xFF, 0xFE, 0x00, 0x00, 0x3F, 0xFF, 0xFF,
  0x80, 0x00, 0x0F, 0xFF, 0xFF, 0xE0, 0x00, 0x03, 0xFF, 0xFF, 0xF8, 0x00,
  0x01, 0xFF, 0xFF, 0xFF, 0x00, 0x00, 0x7F, 0xFF, 0xFF, 0xC0, 0x00, 0x3F,
  0xFF, 0xFF, 0xF0, 0x00, 0x0F, 0xFF, 0xFF, 0xFE, 0x00, 0x07, 0xFF, 0xF7,
  0xFF, 0xC0, 0x03, 0xFF, 0xFD, 0xFF, 0xF8, 0x03, 0xFF, 0xFF, 0x7F, 0xFF,
  0xE7, 0xFF, 0xFF, 0xCF, 0xFF, 0xFF, 0xFF, 0xFF, 0xF3, 0xFF, 0xFF, 0xFF,
  0xDF, 0xFC, 0x7F, 0xFF, 0xFF, 0xF7, 0xFF, 0x0F, 0xFF, 0xFF, 0xF9, 0xFF,
  0xC1, 0xFF, 0xFF, 0xFC, 0x7F, 0xF0, 0x3F, 0xFF, 0xFC, 0x1F, 0xFC, 0x07,
  0xFF, 0xFE, 0x07, 0xFF, 0x00, 0x3F, 0xFC, 0x00, 0x00, 0x00, 0x00, 0x00,
  0x00, 0xFF, 0xE0, 0x00, 0x00, 0x00, 0x01, 0xFF, 0xC0, 0x00, 0x00, 0x00,
  0x07, 0xFF, 0x00, 0x00, 0x00, 0x00, 0x0F, 0xFE, 0x00, 0x00, 0x00, 0x00,
  0x1F, 0xF8, 0x00, 0x00, 0x00, 0x00, 0x7F, 0xE0, 0x00, 0x00, 0x00, 0x00,
  0xFF, 0xC0, 0x00, 0x00, 0x00, 0x03, 0xFF, 0x00, 0x00, 0x00, 0x00, 0x07,
  0xFE, 0x00, 0x00, 0x00, 0x00, 0x0F, 0xF8, 0x00, 0x00, 0x00, 0x00, 0x3F,
  0xF0, 0x00, 0x00, 0x00, 0x00, 0x7F, 0xC0, 0x00, 0x00, 0x00, 0x01, 0xFF,
  0x00, 0x00, 0x00, 0x00, 0x03, 0xFE, 0x00, 0x00, 0x00, 0x00, 0x00, 0x00,
  0x00, 0x00, 0x00, 0x00, 0x00, 0x00, 0x00, 0x00, 0x00, 0x00, 0x00, 0x00,
  0x00, 0x00, 0x00, 0x00, 0x00, 0x00, 0x00, 0x00, 0x00, 0x00, 0x00, 0x00,
  0x00, 0x00, 0x00, 0x00, 0x00, 0x00, 0x00, 0x00, 0x00, 0x00, 0x00, 0x00,
  0x00, 0x1F, 0xFE, 0x00, 0x00, 0x03, 0xFF, 0xDF, 0xFE, 0x00, 0x00, 0x07,
  0xFF, 0x3F, 0xFC, 0x00, 0x00, 0x1F, 0xFE, 0x3F, 0xFC, 0x00, 0x00, 0x3F,
  0xF8, 0x7F, 0xF8, 0x00, 0x00, 0x7F, 0xF0, 0x7F, 0xF0, 0x00, 0x01, 0xFF,
  0xE0, 0xFF, 0xF0, 0x00, 0x03, 0xFF, 0x80, 0xFF, 0xE0, 0x00, 0x0F, 0xFF,
  0x01, 0xFF, 0xE0, 0x00, 0x1F, 0xFC, 0x03, 0xFF, 0xC0, 0x00, 0x3F, 0xF8,
  0x03, 0xFF, 0x80, 0x00, 0xFF, 0xE0, 0x07, 0xFF, 0x80, 0x01, 0xFF, 0xC0,
  0x07, 0xFF, 0x00, 0x07, 0xFF, 0x80, 0x0F, 0xFF, 0x00, 0x0F, 0xFE, 0x00,
  0x0F, 0xFE, 0x00, 0x1F, 0xFC, 0x00, 0x1F, 0xFC, 0x00, 0x7F, 0xF0, 0x00,
  0x3F, 0xFC, 0x00, 0xFF, 0xE0, 0x00, 0x3F, 0xF8, 0x03, 0xFF, 0x80, 0x00,
  0x7F, 0xF8, 0x07, 0xFF, 0x00, 0x00, 0x7F, 0xF0, 0x0F, 0xFE, 0x00, 0x00,
  0xFF, 0xF0, 0x3F, 0xF8, 0x00, 0x00, 0xFF, 0xE0, 0x7F, 0xF0, 0x00, 0x01,
  0xFF, 0xC1, 0xFF, 0xC0, 0x00, 0x01, 0xFF, 0xC3, 0xFF, 0x80, 0x00, 0x03,
  0xFF, 0x87, 0xFE, 0x00, 0x00, 0x07, 0xFF, 0x9F, 0xFC, 0x00, 0x00, 0x07,
  0xFF, 0x3F, 0xF8, 0x00, 0x00, 0x0F, 0xFE, 0x7F, 0xE0, 0x00, 0x00, 0x0F,
  0xFF, 0xFF, 0xC0, 0x00, 0x00, 0x1F, 0xFF, 0xFF, 0x00, 0x00, 0x00, 0x1F,
  0xFF, 0xFE, 0x00, 0x00, 0x00, 0x3F, 0xFF, 0xF8, 0x00, 0x00, 0x00, 0x3F,
  0xFF, 0xF0, 0x00, 0x00, 0x00, 0x7F, 0xFF, 0xE0, 0x00, 0x00, 0x00, 0xFF,
  0xFF, 0x80, 0x00, 0x00, 0x00, 0xFF, 0xFF, 0x00, 0x00, 0x00, 0x01, 0xFF,
  0xFC, 0x00, 0x00, 0x00, 0x01, 0xFF, 0xF8, 0x00, 0x00, 0x00, 0x03, 0xFF,
  0xE0, 0x00, 0x00, 0x00, 0x03, 0xFF, 0xC0, 0x00, 0x00, 0x00, 0x07, 0xFF,
  0x80, 0x00, 0x00, 0x00, 0x0F, 0xFE, 0x00, 0x00, 0x00, 0x00, 0x3F, 0xFC,
  0x00, 0x00, 0x00, 0x00, 0x7F, 0xF0, 0x00, 0x00, 0x00, 0x00, 0xFF, 0xE0,
  0x00, 0x00, 0x00, 0x03, 0xFF, 0x80, 0x00, 0x00, 0x00, 0x07, 0xFF, 0x00,
  0x00, 0x00, 0x00, 0x1F, 0xFE, 0x00, 0x00, 0x00, 0x00, 0x3F, 0xF8, 0x00,
  0x00, 0x00, 0x00, 0xFF, 0xF0, 0x00, 0x00, 0x00, 0x01, 0xFF, 0xC0, 0x00,
  0x00, 0x00, 0x07, 0xFF, 0x80, 0x00, 0x00, 0x00, 0x0F, 0xFE, 0x00, 0x00,
  0x00, 0x00, 0x3F, 0xFC, 0x00, 0x00, 0x00, 0x00, 0x7F, 0xF8, 0x00, 0x00,
  0x00, 0x01, 0xFF, 0xE0, 0x00, 0x00, 0x00, 0x03, 0xFF, 0xC0, 0x00, 0x00,
  0x00, 0x07, 0xFF, 0x00, 0x00, 0x00, 0x00, 0x1F, 0xFE, 0x00, 0x00, 0x00,
  0x00, 0x3F, 0xF8, 0x00, 0x00, 0x00, 0x00, 0xFF, 0xF0, 0x00, 0x00, 0x00,
  0x01, 0xFF, 0xE0, 0x00, 0x00, 0x00, 0x07, 0xFF, 0x80, 0x00, 0x00, 0x00,
  0xFF, 0xE0, 0x00, 0x00, 0x00, 0x01, 0xFF, 0xC0, 0x00, 0x00, 0x00, 0x03,
  0xFF, 0x80, 0x00, 0x00, 0x00, 0x07, 0xFF, 0x00, 0x00, 0x00, 0x00, 0x0F,
  0xFE, 0x00, 0x00, 0x00, 0x00, 0x1F, 0xFC, 0x00, 0x00, 0x00, 0x00, 0x3F,
  0xF8, 0x00, 0x00, 0x00, 0x00, 0x7F, 0xF0, 0x00, 0x00, 0x00, 0x00, 0xFF,
  0xE0, 0x00, 0x00, 0x00, 0x01, 0xFF, 0xC0, 0x00, 0x00, 0x00, 0x03, 0xFF,
  0x80, 0x00, 0x00, 0x00, 0x07, 0xFF, 0x00, 0x00, 0x00, 0x00, 0x0F, 0xFE,
  0x00, 0x00, 0x00, 0x00, 0x1F, 0xFC, 0x00, 0x00, 0x00, 0x00, 0x3F, 0xF8,
  0x00, 0x00, 0x00, 0x00, 0x7F, 0xF0, 0x00, 0x00, 0x00, 0x00, 0xFF, 0xE0,
  0x00, 0xF0, 0x00, 0x01, 0xFF, 0xC0, 0x1F, 0xFF, 0x00, 0x03, 0xFF, 0x81,
  0xFF, 0xFF, 0x80, 0x07, 0xFF, 0x07, 0xFF, 0xFF, 0xC0, 0x0F, 0xFE, 0x3F,
  0xFF, 0xFF, 0xE0, 0x1F, 0xFC, 0xFF, 0xFF, 0xFF, 0xE0, 0x3F, 0xF9, 0xFF,
  0xFF, 0xFF, 0xE0, 0x7F, 0xF7, 0xFF, 0xFF, 0xFF, 0xE0, 0xFF, 0xFF, 0xFF,
  0xFF, 0xFF, 0xC1, 0xFF, 0xFF, 0xFF, 0xFF, 0xFF, 0xC3, 0xFF, 0xFF, 0xC0,
  0x7F, 0xFF, 0xC7, 0xFF, 0xFE, 0x00, 0x3F, 0xFF, 0x8F, 0xFF, 0xF0, 0x00,
  0x1F, 0xFF, 0x9F, 0xFF, 0xC0, 0x00, 0x1F, 0xFF, 0x3F, 0xFF, 0x00, 0x00,
  0x1F, 0xFE, 0x7F, 0xFE, 0x00, 0x00, 0x3F, 0xFE, 0xFF, 0xF8, 0x00, 0x00,
  0x3F, 0xFD, 0xFF, 0xF0, 0x00, 0x00, 0x7F, 0xFB, 0xFF, 0xC0, 0x00, 0x00,
  0x7F, 0xF7, 0xFF, 0x80, 0x00, 0x00, 0xFF, 0xFF, 0xFF, 0x00, 0x00, 0x01,
  0xFF, 0xFF, 0xFE, 0x00, 0x00, 0x01, 0xFF, 0xFF, 0xF8, 0x00, 0x00, 0x03,
  0xFF, 0xFF, 0xF0, 0x00, 0x00, 0x07, 0xFF, 0xFF, 0xE0, 0x00, 0x00, 0x0F,
  0xFF, 0xFF, 0xC0, 0x00, 0x00, 0x1F, 0xFF, 0xFF, 0xC0, 0x00, 0x00, 0x7F,
  0xFF, 0xFF, 0x80, 0x00, 0x00, 0xFF, 0xFF, 0xFF, 0x00, 0x00, 0x01, 0xFF,
  0xFF, 0xFE, 0x00, 0x00, 0x03, 0xFF, 0xBF, 0xFE, 0x00, 0x00, 0x0F, 0xFF,
  0x7F, 0xFC, 0x00, 0x00, 0x1F, 0xFE, 0xFF, 0xFC, 0x00, 0x00, 0x7F, 0xFD,
  0xFF, 0xFC, 0x00, 0x01, 0xFF, 0xF3, 0xFF, 0xFC, 0x00, 0x03, 0xFF, 0xE7,
  0xFF, 0xFC, 0x00, 0x1F, 0xFF, 0x8F, 0xFF, 0xFC, 0x00, 0x7F, 0xFF, 0x1F,
  0xFF, 0xFF, 0x07, 0xFF, 0xFC, 0x3F, 0xFF, 0xFF, 0xFF, 0xFF, 0xF8, 0x7F,
  0xFF, 0xFF, 0xFF, 0xFF, 0xE0, 0xFF, 0xFF, 0xFF, 0xFF, 0xFF, 0x81, 0xFF,
  0xFF, 0xFF, 0xFF, 0xFE, 0x03, 0xFF, 0xDF, 0xFF, 0xFF, 0xF8, 0x07, 0xFF,
  0x9F, 0xFF, 0xFF, 0xE0, 0x0F, 0xFF, 0x0F, 0xFF, 0xFF, 0x80, 0x1F, 0xFE,
  0x0F, 0xFF, 0xFC, 0x00, 0x3F, 0xFC, 0x03, 0xFF, 0xE0, 0x00, 0x7F, 0xF8,
  0x00, 0x00, 0x00, 0x00, 0xFF, 0xF0, 0x00, 0x00, 0x00, 0x01, 0xFF, 0xE0,
  0x00, 0x00, 0x00, 0x03, 0xFF, 0xC0, 0x00, 0x00, 0x00, 0x07, 0xFF, 0x80,
  0x00, 0x00, 0x00, 0x0F, 0xFF, 0x00, 0x00, 0x00, 0x00, 0x1F, 0xFE, 0x00,
  0x00, 0x00, 0x00, 0x3F, 0xFC, 0x00, 0x00, 0x00, 0x00, 0x7F, 0xF8, 0x00,
  0x00, 0x00, 0x00, 0xFF, 0xF0, 0x00, 0x00, 0x00, 0x01, 0xFF, 0xE0, 0x00,
  0x00, 0x00, 0x03, 0xFF, 0xC0, 0x00, 0x00, 0x00, 0x07, 0xFF, 0x80, 0x00,
  0x00, 0x00, 0x0F, 0xFF, 0x00, 0x00, 0x00, 0x00, 0x1F, 0xFE, 0x00, 0x00,
  0x00, 0x00, 0x3F, 0xFC, 0x00, 0x00, 0x00, 0x00, 0x7F, 0xF8, 0x00, 0x00,
  0x00, 0x00, 0xFF, 0xF0, 0x00, 0x00, 0x00, 0x00, 0x00, 0x0F, 0x80, 0x03,
  0xF0, 0x00, 0x00, 0x7F, 0xC0, 0x0F, 0xF0, 0x00, 0x01, 0xFF, 0x80, 0x3F,
  0xF0, 0x00, 0x03, 0xFF, 0x80, 0xFF, 0xF0, 0x00, 0x0F, 0xFF, 0x01, 0xFF,
  0xE0, 0x00, 0x1F, 0xFE, 0x03, 0xFF, 0xC0, 0x00, 0x3F, 0xFC, 0x07, 0xFF,
  0x80, 0x00, 0x3F, 0xF8, 0x0F, 0xFF, 0x00, 0x00, 0x7F, 0xF0, 0x0F, 0xFC,
  0x00, 0x00, 0x7F, 0xC0, 0x1F, 0xF8, 0x00, 0x00, 0x7F, 0x00, 0x1F, 0xE0,
  0x00, 0x00, 0x7C, 0x00, 0x06, 0x00, 0x00, 0x00, 0x00, 0x00, 0x00, 0x00,
  0x00, 0x00, 0x00, 0x00, 0x00, 0x00, 0x00, 0x00, 0x00, 0x00, 0x00, 0x00,
  0x00, 0x00, 0x00, 0x00, 0x00, 0x00, 0x00, 0x00, 0x00, 0x00, 0x00, 0x00,
  0x00, 0x00, 0x00, 0x00, 0x00, 0x00, 0x00, 0x00, 0x00, 0x00, 0x00, 0x00,
  0x00, 0x00, 0x00, 0x00, 0x00, 0x0F, 0xFF, 0x00, 0x00, 0x01, 0xFF, 0xEF,
  0xFF, 0x00, 0x00, 0x03, 0xFF, 0x9F, 0xFE, 0x00, 0x00, 0x0F, 0xFF, 0x1F,
  0xFE, 0x00, 0x00, 0x1F, 0xFC, 0x3F, 0xFC, 0x00, 0x00, 0x3F, 0xF8, 0x3F,
  0xF8, 0x00, 0x00, 0xFF, 0xF0, 0x7F, 0xF8, 0x00, 0x01, 0xFF, 0xC0, 0x7F,
  0xF0, 0x00, 0x07, 0xFF, 0x80, 0xFF, 0xF0, 0x00, 0x0F, 0xFE, 0x01, 0xFF,
  0xE0, 0x00, 0x1F, 0xFC, 0x01, 0xFF, 0xC0, 0x00, 0x7F, 0xF0, 0x03, 0xFF,
  0xC0, 0x00, 0xFF, 0xE0, 0x03, 0xFF, 0x80, 0x03, 0xFF, 0xC0, 0x07, 0xFF,
  0x80, 0x07, 0xFF, 0x00, 0x07, 0xFF, 0x00, 0x0F, 0xFE, 0x00, 0x0F, 0xFE,
  0x00, 0x3F, 0xF8, 0x00, 0x1F, 0xFE, 0x00, 0x7F, 0xF0, 0x00, 0x1F, 0xFC,
  0x01, 0xFF, 0xC0, 0x00, 0x3F, 0xFC, 0x03, 0xFF, 0x80, 0x00, 0x3F, 0xF8,
  0x07, 0xFF, 0x00, 0x00, 0x7F, 0xF8, 0x1F, 0xFC, 0x00, 0x00, 0x7F, 0xF0,
  0x3F, 0xF8, 0x00, 0x00, 0xFF, 0xE0, 0xFF, 0xE0, 0x00, 0x00, 0xFF, 0xE1,
  0xFF, 0xC0, 0x00, 0x01, 0xFF, 0xC3, 0xFF, 0x00, 0x00, 0x03, 0xFF, 0xCF,
  0xFE, 0x00, 0x00, 0x03, 0xFF, 0x9F, 0xFC, 0x00, 0x00, 0x07, 0xFF, 0x3F,
  0xF0, 0x00, 0x00, 0x07, 0xFF, 0xFF, 0xE0, 0x00, 0x00, 0x0F, 0xFF, 0xFF,
  0x80, 0x00, 0x00, 0x0F, 0xFF, 0xFF, 0x00, 0x00, 0x00, 0x1F, 0xFF, 0xFC,
  0x00, 0x00, 0x00, 0x1F, 0xFF, 0xF8, 0x00, 0x00, 0x00, 0x3F, 0xFF, 0xF0,
  0x00, 0x00, 0x00, 0x7F, 0xFF, 0xC0, 0x00, 0x00, 0x00, 0x7F, 0xFF, 0x80,
  0x00, 0x00, 0x00, 0xFF, 0xFE, 0x00, 0x00, 0x00, 0x00, 0xFF, 0xFC, 0x00,
  0x00, 0x00, 0x01, 0xFF, 0xF0, 0x00, 0x00, 0x00, 0x01, 0xFF, 0xE0, 0x00,
  0x00, 0x00, 0x03, 0xFF, 0xC0, 0x00, 0x00, 0x00, 0x07, 0xFF, 0x00, 0x00,
  0x00, 0x00, 0x1F, 0xFE, 0x00, 0x00, 0x00, 0x00, 0x3F, 0xF8, 0x00, 0x00,
  0x00, 0x00, 0x7F, 0xF0, 0x00, 0x00, 0x00, 0x01, 0xFF, 0xC0, 0x00, 0x00,
  0x00, 0x03, 0xFF, 0x80, 0x00, 0x00, 0x00, 0x0F, 0xFF, 0x00, 0x00, 0x00,
  0x00, 0x1F, 0xFC, 0x00, 0x00, 0x00, 0x00, 0x7F, 0xF8, 0x00, 0x00, 0x00,
  0x00, 0xFF, 0xE0, 0x00, 0x00, 0x00, 0x03, 0xFF, 0xC0, 0x00, 0x00, 0x00,
  0x07, 0xFF, 0x00, 0x00, 0x00, 0x00, 0x1F, 0xFE, 0x00, 0x00, 0x00, 0x00,
  0x3F, 0xFC, 0x00, 0x00, 0x00, 0x00, 0xFF, 0xF0, 0x00, 0x00, 0x00, 0x01,
  0xFF, 0xE0, 0x00, 0x00, 0x00, 0x03, 0xFF, 0x80, 0x00, 0x00, 0x00, 0x0F,
  0xFF, 0x00, 0x00, 0x00, 0x00, 0x1F, 0xFC, 0x00, 0x00, 0x00, 0x00, 0x7F,
  0xF8, 0x00, 0x00, 0x00, 0x00, 0xFF, 0xF0, 0x00, 0x00, 0x00, 0x03, 0xFF
};

const WideGlyph GoogleSansFlex_SemiBoldWakeTitleGlyphs[] PROGMEM = {
  {     0,   1,   1,  19,    0,    0 },   // 0x20 ' '
  {     1,  14,  63,  30,    8,  -61 },   // 0x21 '!'
  {   112,  24,  23,  34,    5,  -61 },   // 0x22 '"'
  {   181,  53,  62,  57,    2,  -61 },   // 0x23 '#'
  {   592,  45,  76,  53,    4,  -68 },   // 0x24 '$'
  {  1020,  70,  66,  74,    2,  -63 },   // 0x25 '%'
  {  1598,  53,  65,  58,    4,  -62 },   // 0x26 '&'
  {  2029,  10,  23,  20,    5,  -61 },   // 0x27 '''
  {  2058,  25,  82,  30,    4,  -69 },   // 0x28 '('
  {  2315,  24,  82,  30,    2,  -69 },   // 0x29 ')'
  {  2561,  35,  34,  39,    2,  -63 },   // 0x2A '*'
  {  2710,  40,  40,  50,    5,  -46 },   // 0x2B '+'
  {  2910,  16,  25,  23,    3,  -13 },   // 0x2C ','
  {  2960,  26,   9,  29,    1,  -32 },   // 0x2D '-'
  {  2990,  15,  15,  23,    4,  -13 },   // 0x2E '.'
  {  3019,  30,  62,  31,    0,  -61 },   // 0x2F '/'
  {  3252,  49,  64,  56,    4,  -62 },   // 0x30 '0'
  {  3644,  26,  62,  35,    2,  -61 },   // 0x31 '1'
  {  3846,  41,  63,  48,    3,  -62 },   // 0x32 '2'
  {  4169,  43,  64,  48,    2,  -62 },   // 0x33 '3'
  {  4513,  46,  62,  52,    3,  -61 },   // 0x34 '4'
  {  4870,  43,  63,  50,    3,  -61 },   // 0x35 '5'
  {  5209,  45,  65,  50,    3,  -63 },   // 0x36 '6'
  {  5575,  41,  64,  44,    2,  -61 },   // 0x37 '7'
  {  5903,  43,  64,  50,    3,  -62 },   // 0x38 '8'
  {  6247,  45,  65,  50,    2,  -62 },   // 0x39 '9'
  {  6613,  15,  46,  23,    4,  -44 },   // 0x3A ':'
  {  6700,  17,  56,  23,    3,  -44 },   // 0x3B ';'
  {  6819,  39,  40,  50,    5,  -46 },   // 0x3C '<'
  {  7014,  40,  28,  50,    5,  -40 },   // 0x3D '='
  {  7154,  39,  40,  50,    6,  -46 },   // 0x3E '>'
  {  7349,  40,  64,  46,    3,  -62 },   // 0x3F '?'
  {  7669,  69,  66,  77,    4,  -58 },   // 0x40 '@'
  {  8239,  58,  62,  60,    1,  -61 },   // 0x41 'A'
  {  8689,  45,  62,  55,    7,  -61 },   // 0x42 'B'
  {  9038,  57,  64,  62,    3,  -62 },   // 0x43 'C'
  {  9494,  52,  62,  62,    7,  -61 },   // 0x44 'D'
  {  9897,  37,  62,  50,    7,  -61 },   // 0x45 'E'
  { 10184,  36,  62,  47,    7,  -61 },   // 0x46 'F'
  { 10463,  63,  64,  68,    3,  -62 },   // 0x47 'G'
  { 10967,  50,  62,  63,    7,  -61 },   // 0x48 'H'
  { 11355,  11,  62,  25,    7,  -61 },   // 0x49 'I'
  { 11441,  41,  63,  48,    1,  -61 },   // 0x4A 'J'
  { 11764,  51,  62,  58,    7,  -61 },   // 0x4B 'K'
  { 12160,  37,  62,  47,    7,  -61 },   // 0x4C 'L'
  { 12447,  66,  62,  79,    7,  -61 },   // 0x4D 'M'
  { 12959,  50,  62,  63,    7,  -61 },   // 0x4E 'N'
  { 13347,  64,  64,  70,    3,  -62 },   // 0x4F 'O'
  { 13859,  44,  62,  53,    7,  -61 },   // 0x50 'P'
  { 14200,  64,  70,  70,    3,  -62 },   // 0x51 'Q'
  { 14760,  47,  62,  55,    7,  -61 },   // 0x52 'R'
  { 15125,  45,  64,  50,    2,  -62 },   // 0x53 'S'
  { 15485,  45,  62,  49,    2,  -61 },   // 0x54 'T'
  { 15834,  48,  63,  58,    5,  -61 },   // 0x55 'U'
  { 16212,  56,  62,  58,    1,  -61 },   // 0x56 'V'
  { 16646,  83,  62,  85,    1,  -61 },   // 0x57 'W'
  { 17290,  56,  62,  58,    1,  -61 },   // 0x58 'X'
  { 17724,  54,  62,  56,    1,  -61 },   // 0x59 'Y'
  { 18143,  44,  62,  51,    3,  -61 },   // 0x5A 'Z'
  { 18484,  21,  79,  35,    9,  -67 },   // 0x5B '['
  { 18692,  32,  62,  32,    0,  -61 },   // 0x5C '\'
  { 18940,  21,  79,  35,    5,  -67 },   // 0x5D ']'
  { 19148,  41,  27,  43,    1,  -61 },   // 0x5E '^'
  { 19287,  43,   8,  48,    2,    8 },   // 0x5F '_'
  { 19330,  16,  14,  38,   11,  -64 },   // 0x60 '`'
  { 19358,  42,  47,  50,    3,  -45 },   // 0x61 'a'
  { 19605,  47,  63,  55,    5,  -61 },   // 0x62 'b'
  { 19976,  44,  47,  48,    3,  -45 },   // 0x63 'c'
  { 20235,  46,  63,  54,    3,  -61 },   // 0x64 'd'
  { 20598,  44,  47,  50,    3,  -45 },   // 0x65 'e'
  { 20857,  30,  63,  33,    2,  -62 },   // 0x66 'f'
  { 21094,  46,  65,  54,    3,  -44 },   // 0x67 'g'
  { 21468,  42,  62,  52,    5,  -61 },   // 0x68 'h'
  { 21794,  13,  65,  23,    5,  -64 },   // 0x69 'i'
  { 21900,  24,  85,  23,   -6,  -64 },   // 0x6A 'j'
  { 22155,  44,  62,  49,    5,  -61 },   // 0x6B 'k'
  { 22496,  12,  62,  22,    5,  -61 },   // 0x6C 'l'
  { 22589,  70,  46,  80,    5,  -45 },   // 0x6D 'm'
  { 22992,  42,  46,  52,    5,  -45 },   // 0x6E 'n'
  { 23234,  47,  47,  53,    3,  -45 },   // 0x6F 'o'
  { 23511,  47,  65,  55,    5,  -45 },   // 0x70 'p'
  { 23893,  46,  65,  54,    3,  -45 },   // 0x71 'q'
  { 24267,  29,  46,  36,    5,  -45 },   // 0x72 'r'
  { 24434,  39,  47,  43,    2,  -45 },   // 0x73 's'
  { 24664,  29,  57,  34,    2,  -55 },   // 0x74 't'
  { 24871,  42,  45,  52,    5,  -43 },   // 0x75 'u'
  { 25108,  47,  44,  47,    0,  -43 },   // 0x76 'v'
  { 25367,  69,  44,  69,    0,  -43 },   // 0x77 'w'
  { 25747,  45,  44,  45,    0,  -43 },   // 0x78 'x'
  { 25995,  47,  63,  47,    0,  -43 },   // 0x79 'y'
  { 26366,  37,  44,  43,    3,  -43 },   // 0x7A 'z'
  { 26570,  25,  79,  35,    4,  -67 },   // 0x7B '{'
  { 26817,  11,  87,  25,    7,  -67 },   // 0x7C '|'
  { 26937,  25,  79,  35,    5,  -67 },   // 0x7D '}'
  { 27184,  42,  15,  50,    4,  -34 },   // 0x7E '~'
  { 27263,  37,  62,  49,    6,  -61 },   // 0x7F
  { 27550,  37,  62,  49,    6,  -61 },   // 0x80
  { 27837,  37,  62,  49,    6,  -61 },   // 0x81
  { 28124,  37,  62,  49,    6,  -61 },   // 0x82
  { 28411,  37,  62,  49,    6,  -61 },   // 0x83
  { 28698,  37,  62,  49,    6,  -61 },   // 0x84
  { 28985,  37,  62,  49,    6,  -61 },   // 0x85
  { 29272,  37,  62,  49,    6,  -61 },   // 0x86
  { 29559,  37,  62,  49,    6,  -61 },   // 0x87
  { 29846,  37,  62,  49,    6,  -61 },   // 0x88
  { 30133,  37,  62,  49,    6,  -61 },   // 0x89
  { 30420,  37,  62,  49,    6,  -61 },   // 0x8A
  { 30707,  37,  62,  49,    6,  -61 },   // 0x8B
  { 30994,  37,  62,  49,    6,  -61 },   // 0x8C
  { 31281,  37,  62,  49,    6,  -61 },   // 0x8D
  { 31568,  37,  62,  49,    6,  -61 },   // 0x8E
  { 31855,  37,  62,  49,    6,  -61 },   // 0x8F
  { 32142,  37,  62,  49,    6,  -61 },   // 0x90
  { 32429,  37,  62,  49,    6,  -61 },   // 0x91
  { 32716,  37,  62,  49,    6,  -61 },   // 0x92
  { 33003,  37,  62,  49,    6,  -61 },   // 0x93
  { 33290,  37,  62,  49,    6,  -61 },   // 0x94
  { 33577,  37,  62,  49,    6,  -61 },   // 0x95
  { 33864,  37,  62,  49,    6,  -61 },   // 0x96
  { 34151,  37,  62,  49,    6,  -61 },   // 0x97
  { 34438,  37,  62,  49,    6,  -61 },   // 0x98
  { 34725,  37,  62,  49,    6,  -61 },   // 0x99
  { 35012,  37,  62,  49,    6,  -61 },   // 0x9A
  { 35299,  37,  62,  49,    6,  -61 },   // 0x9B
  { 35586,  37,  62,  49,    6,  -61 },   // 0x9C
  { 35873,  37,  62,  49,    6,  -61 },   // 0x9D
  { 36160,  37,  62,  49,    6,  -61 },   // 0x9E
  { 36447,  37,  62,  49,    6,  -61 },   // 0x9F
  { 36734,   1,   1,  19,    0,    0 },   // 0xA0
  { 36735,  14,  63,  30,    8,  -44 },   // 0xA1
  { 36846,  42,  59,  52,    6,  -58 },   // 0xA2
  { 37156,  44,  63,  50,    5,  -62 },   // 0xA3
  { 37503,  43,  42,  53,    5,  -44 },   // 0xA4
  { 37729,  54,  62,  56,    1,  -61 },   // 0xA5
  { 38148,  11,  75,  25,    7,  -64 },   // 0xA6
  { 38252,  43,  83,  50,    4,  -62 },   // 0xA7
  { 38699,  30,  12,  38,    4,  -63 },   // 0xA8
  { 38744,  65,  64,  72,    3,  -62 },   // 0xA9
  { 39264,  36,  40,  43,    3,  -62 },   // 0xAA
  { 39444,  41,  38,  48,    3,  -40 },   // 0xAB
  { 39639,  40,  26,  50,    5,  -31 },   // 0xAC
  { 39769,  26,   9,  29,    1,  -32 },   // 0xAD
  { 39799,  41,  40,  47,    3,  -62 },   // 0xAE
  { 40004,  27,   8,  38,    6,  -61 },   // 0xAF
  { 40031,  25,  24,  30,    2,  -62 },   // 0xB0
  { 40106,  40,  49,  50,    5,  -48 },   // 0xB1
  { 40351,  27,  38,  33,    3,  -78 },   // 0xB2
  { 40480,  28,  39,  33,    2,  -78 },   // 0xB3
  { 40617,  16,  14,  38,   11,  -64 },   // 0xB4
  { 40645,  51,  63,  58,    5,  -43 },   // 0xB5
  { 41047,  49,  81,  58,    2,  -61 },   // 0xB6
  { 41544,  15,  15,  23,    4,  -33 },   // 0xB7
  { 41573,  20,  22,  38,    9,    1 },   // 0xB8
  { 41628,  19,  37,  25,    1,  -77 },   // 0xB9
  { 41716,  39,  40,  47,    4,  -62 },   // 0xBA
  { 41911,  41,  38,  48,    4,  -40 },   // 0xBB
  { 42106,  72,  66,  75,    1,  -63 },   // 0xBC
  { 42700,  74,  66,  78,    1,  -63 },   // 0xBD
  { 43311,  78,  66,  82,    2,  -63 },   // 0xBE
  { 43955,  40,  64,  46,    3,  -44 },   // 0xBF
  { 44275,  58,  83,  60,    1,  -82 },   // 0xC0
  { 44877,  58,  83,  60,    1,  -82 },   // 0xC1
  { 45479,  58,  83,  60,    1,  -82 },   // 0xC2
  { 46081,  58,  82,  60,    1,  -81 },   // 0xC3
  { 46676,  58,  82,  60,    1,  -81 },   // 0xC4
  { 47271,  58,  88,  60,    1,  -87 },   // 0xC5
  { 47909,  80,  62,  86,    1,  -61 },   // 0xC6
  { 48529,  57,  85,  62,    3,  -62 },   // 0xC7
  { 49135,  37,  83,  50,    7,  -82 },   // 0xC8
  { 49519,  37,  83,  50,    7,  -82 },   // 0xC9
  { 49903,  37,  83,  50,    7,  -82 },   // 0xCA
  { 50287,  37,  82,  50,    7,  -81 },   // 0xCB
  { 50667,  17,  83,  25,    1,  -82 },   // 0xCC
  { 50844,  17,  83,  25,    7,  -82 },   // 0xCD
  { 51021,  33,  83,  25,   -4,  -82 },   // 0xCE
  { 51364,  31,  82,  25,   -3,  -81 },   // 0xCF
  { 51682,  59,  62,  62,    0,  -61 },   // 0xD0
  { 52140,  50,  82,  63,    7,  -81 },   // 0xD1
  { 52653,  64,  84,  70,    3,  -82 },   // 0xD2
  { 53325,  64,  84,  70,    3,  -82 },   // 0xD3
  { 53997,  64,  84,  70,    3,  -82 },   // 0xD4
  { 54669,  64,  83,  70,    3,  -81 },   // 0xD5
  { 55333,  64,  83,  70,    3,  -81 },   // 0xD6
  { 55997,  40,  39,  50,    5,  -45 },   // 0xD7
  { 56192,  64,  66,  70,    3,  -63 },   // 0xD8
  { 56720,  48,  84,  58,    5,  -82 },   // 0xD9
  { 57224,  48,  84,  58,    5,  -82 },   // 0xDA
  { 57728,  48,  84,  58,    5,  -82 },   // 0xDB
  { 58232,  48,  83,  58,    5,  -81 },   // 0xDC
  { 58730,  54,  83,  56,    1,  -82 },   // 0xDD
  { 59291,  44,  62,  53,    7,  -61 },   // 0xDE
  { 59632,  44,  64,  52,    5,  -62 },   // 0xDF
  { 59984,  42,  66,  49,    3,  -64 },   // 0xE0
  { 60331,  42,  66,  49,    3,  -64 },   // 0xE1
  { 60678,  42,  66,  49,    3,  -64 },   // 0xE2
  { 61025,  42,  65,  49,    3,  -63 },   // 0xE3
  { 61367,  42,  65,  49,    3,  -63 },   // 0xE4
  { 61709,  42,  71,  49,    3,  -69 },   // 0xE5
  { 62082,  75,  47,  81,    3,  -45 },   // 0xE6
  { 62523,  44,  68,  48,    3,  -45 },   // 0xE7
  { 62897,  44,  66,  50,    3,  -64 },   // 0xE8
  { 63260,  44,  66,  50,    3,  -64 },   // 0xE9
  { 63623,  44,  66,  50,    3,  -64 },   // 0xEA
  { 63986,  44,  65,  50,    3,  -63 },   // 0xEB
  { 64344,  17,  65,  23,    0,  -64 },   // 0xEC
  { 64483,  17,  65,  23,    6,  -64 },   // 0xED
  { 64622,  33,  65,  23,   -5,  -64 },   // 0xEE
  { 64891,  31,  64,  23,   -4,  -63 },   // 0xEF
  { 65139,  45,  64,  52,    3,  -62 },   // 0xF0
  { 65499,  42,  64,  52,    5,  -63 },   // 0xF1
  { 65835,  47,  66,  53,    3,  -64 },   // 0xF2
  { 66223,  47,  66,  53,    3,  -64 },   // 0xF3
  { 66611,  47,  66,  53,    3,  -64 },   // 0xF4
  { 66999,  47,  65,  53,    3,  -63 },   // 0xF5
  { 67381,  47,  65,  53,    3,  -63 },   // 0xF6
  { 67763,  40,  46,  50,    5,  -49 },   // 0xF7
  { 67993,  47,  48,  53,    3,  -45 },   // 0xF8
  { 68275,  42,  66,  52,    5,  -64 },   // 0xF9
  { 68622,  42,  66,  52,    5,  -64 },   // 0xFA
  { 68969,  42,  66,  52,    5,  -64 },   // 0xFB
  { 69316,  42,  65,  52,    5,  -63 },   // 0xFC
  { 69658,  47,  84,  47,    0,  -64 },   // 0xFD
  { 70152,  47,  81,  55,    5,  -61 },   // 0xFE
  { 70628,  47,  83,  47,    0,  -63 }   // 0xFF // 0xFF
};

const WideFont GoogleSansFlex_SemiBoldWakeTitle PROGMEM = {
  (uint8_t  *)GoogleSansFlex_SemiBoldWakeTitleBitmaps,
  (WideGlyph *)GoogleSansFlex_SemiBoldWakeTitleGlyphs,
  0x20, 0xFF, 108 };

// Approx. 72691 bytes
